x1,x2,x3,eta_V,g_pitch_stable,g_trim_on_nose,E_sg,sd_sg_plain,P_slow,P_cap,E_Qs,sd_Qs_plain,sd_Qs_infl,E_q_stag_max,sd_q_stag_max_plain,sd_q_stag_max_infl,Pexc_q_stag_max,E_q_shldr_max,sd_q_shldr_max_plain,sd_q_shldr_max_infl,Pexc_q_shldr_max,E_n_max,sd_n_max_plain,sd_n_max_infl,Pexc_n_max
0.0018545258767911096,0.22477169602691816,0.713639654083464,0.8177640579397517,-0.4997870565920409,-26.93982989773681,4794263.597158559,3806290.416835615,0.3843556543390032,0.9992741855075601,135853561.33301136,30259011.295483273,30896256.753773075,385071.5535617554,68446.02710085879,71112.33757489531,0.00013193996307050987,521141.3387075361,92779.37475138796,97683.1914727235,8.305500819614336e-05,3.5081648300369133,0.281783667776076,0.3106599205110207,0.006095977141255709
0.5524858348216707,0.008037395764817172,0.9088029222646323,0.6067437936564379,-0.49966968684370716,-4.274501231385324,5253427.631472721,4338315.525984345,0.38359739422755296,0.9998167815599185,88553037.64702436,18105778.090293765,18509397.64798711,237984.14809948715,43489.087058311954,45178.75895307732,1.555619346119313e-11,372231.39624288736,67260.03229907276,70817.10106370127,2.0734018737963853e-09,2.4325523139591443,0.32354391057065707,0.33606229956195555,0.001000890142230231
0.4208120879430578,0.9648564704601853,0.8626597184739246,0.8050157317148425,-0.4994752194210976,-3.715342350527688,4840869.714201452,3168076.7846211386,0.40600705366188106,0.9997430840862457,130673647.80371046,28853966.44286528,29393840.765704885,304110.3648103714,56915.96138917675,58796.76590977561,1.8974874716209228e-06,451112.4198901173,84321.99948685967,88129.83845996387,5.618562152619829e-06,2.6083289533073675,0.2540211882626167,0.2690877147162458,0.0006838153094885002
0.9682796490489871,0.8125264803611864,0.8998347614166117,0.7493245194190412,-0.499324712202608,7.920353364728787,5608642.628699315,4142268.991777743,0.43318884619229914,0.999877661534491,120755897.8486439,24857406.14865442,25487310.873314556,252112.0268556505,42335.79648945435,44569.71565202976,6.870681627510852e-09,403747.2667880237,67420.0533269495,71970.73406097316,3.5212271831759227e-07,2.1322591211068813,0.23664401798742116,0.25327236918416424,0.00020003234484612648
0.8429569385968639,0.3921907062860679,0.0066152122165690115,0.9222539860264656,0.49937374949860885,90.0,5898917.558388489,3613253.3426440815,0.5705840755933704,0.9953412250848112,216622413.12895316,50142274.97454233,51141820.29713342,392062.58181193087,68442.2669696004,71710.32154624861,0.003285666779692136,613893.4168552508,107532.18051136141,114218.224980811,0.01347929637531215,2.5531027173126977,0.19683292728077853,0.22228019555531794,0.0007066947364997507
0.5340912589376912,0.3373211934788816,0.3399313396924987,0.8610789098280317,-0.4995503260075611,-0.39490296306629735,5840034.910484364,3187994.928580102,0.48755740041365336,0.998190732913776,169450718.57338965,37335810.494008504,37939784.41469382,327921.90607971646,54855.23080489399,56654.63348638228,0.00029531155604996457,524458.4059663203,89873.91314837291,93957.12414329722,0.0024887069449794604,2.201418754685358,0.1817154790399787,0.19270301010350066,1.5576961283459874e-07
0.8015794172121482,0.128560080232019,0.23866286863949346,0.8640685315545248,-0.4976090802637031,9.189430959432704,6557091.403412882,3178731.395135569,0.5194109711889141,0.9979728164409559,193789070.58077,36771657.40543193,37609493.776688755,323356.9180297391,48031.03142368794,50318.286008788964,0.00027245423957320767,552399.5088355243,84248.65428025932,89514.18064395372,0.002636662030817151,1.918301843935033,0.13214508646569362,0.14610711788294467,1.255568354098599e-09
0.8530935887295006,0.6535329601117094,0.13567740808580778,0.9064778561013035,0.4969744372891768,90.0,5882245.492845846,3035903.998571525,0.5555713661374224,0.9971356342789542,200085483.59663323,47390708.23198363,48109287.94744154,370700.86163993203,60432.01480931174,62678.936117727775,0.0009620170053297754,599670.6196076601,95841.77185889379,101033.74514500692,0.005219945292589079,2.483194821217161,0.19709278682734624,0.21138041350137804,9.257336685304928e-05
0.4235592321335704,0.7953215601872171,0.8459681271209805,0.7865102506019707,-0.49955464462063537,-3.7677733457095752,4922891.337492046,3415936.4352282775,0.40474010431903523,0.9997264772900959,125661186.36664978,27595553.919310022,28066623.639665313,296972.8707362883,54692.991170598936,56327.859883135665,4.7416433155549574e-07,442599.56102539063,81574.96835907885,84980.29620468123,1.9935397939968213e-06,2.584896429351876,0.2644233701202073,0.2762977121362429,0.0008258655753059412
0.6924962771222505,0.8891748571774176,0.6506505467260011,0.8267995437592852,-0.4993106660772052,3.3885344979476804,5832909.035247218,4256928.255183474,0.45878973624382985,0.9995496985936175,142718132.770348,32109522.674171794,32669283.09058442,293507.2110101942,53449.88947579198,55193.53185658186,1.5404366836789531e-06,455059.31900756015,82535.06847745417,86338.10800472916,2.376146508760981e-05,2.326156124732635,0.23315446050212144,0.2455229195426477,0.0002387994380959979
0.7272358071753708,0.07063874029735656,0.6424456078228037,0.7248783344949848,-0.4996554442916762,0.4686389507256506,6272233.806612334,5740229.3991161585,0.44145613688047125,0.9995553534474761,113217853.85142638,22980040.160618722,23477125.94944843,252102.23591622018,42691.984231751325,44308.85684932253,8.445773137343701e-09,405008.0434932752,68316.78816390331,71963.70362775633,1.5749944503060071e-06,2.1994517394934237,0.23779973125567921,0.24919052132338027,0.00010848743594550461
0.6656807315743215,0.31154101297708414,0.8642938526122587,0.6831015061708574,-0.49943766375665954,-0.1053617877360209,5501641.9105409905,4526765.451441253,0.40592845816935413,0.9998052320988273,103336983.85597861,21299219.961536124,21701317.794027366,245851.82718445032,42681.302762150255,44098.35727113072,1.526115130340281e-12,386544.55981791933,67154.94865896426,70272.08541063363,1.187335430006289e-09,2.291355354607069,0.2813744547549129,0.290379765307585,0.00033939642076595404
0.47431113309398065,0.9271919055070735,0.6674503123385602,0.8366862618138631,-0.4994752194210976,-1.4791976498707964,5558011.709223509,3982252.3159931377,0.44163801521932444,0.9994683081407061,144264957.1171611,33228516.692472585,33786310.18142503,313511.1929829464,58553.04260969392,60354.46731944926,1.2722895957325305e-05,470511.8185260615,87621.93559318404,91426.12625354438,5.7968598822877696e-05,2.5303421536082236,0.25025761419912895,0.2634677357478348,0.0009129833469895955
0.558285137380752,0.5776909830408292,0.6174523406956169,0.8087876811130852,-0.4994091988526492,-1.1298296504268357,5901324.345538192,4791797.270875429,0.447056068501494,0.999408309136413,134990301.5015894,29685968.16656632,30175298.475440703,293923.61863854236,52987.96613093633,54491.95027737248,1.5541004206038493e-06,452281.1189905189,81436.91658964477,84781.0851306141,2.8687568186157573e-05,2.397992520755746,0.25048673744073185,0.26032839152354853,0.0004928683733976448
0.5193581103587529,0.7000733120591448,0.8082053365678644,0.7763644570401581,-0.49955464462063537,-1.9891981852125606,5203247.0763591975,3859873.1007765345,0.41512209847969894,0.9997129292367395,123194775.8805993,26813503.649951495,27265471.80042683,284014.2328331227,51630.05296215178,53116.571659614376,5.5576387315455566e-08,431194.8706354159,78382.58596869952,81586.09697361069,7.138325748043276e-07,2.4740974108363045,0.2644911412014728,0.27465284022794356,0.0006098782392690411
0.9912152242874218,0.08109581921853902,0.537639891577867,0.753587173533832,-0.4995041593214944,6.358489996236459,6354400.118017855,5136232.668283428,0.4785318462502197,0.9994894138175799,126676093.64107074,24641314.261201683,25406410.44330759,251792.7183111475,40073.60826105865,42308.45489261252,1.9645755790301712e-07,421828.94460493774,66884.51041484356,71837.8533402656,2.3681407110626585e-05,1.9447986909731863,0.17658745700747075,0.19488034379589672,8.84891371567217e-08
0.6997088511245041,0.9464124269407462,0.11900193023671751,0.9201859881012887,0.49887442550091954,90.0,5569816.8873203145,2823256.8639082885,0.5553050496133383,0.9964358998606839,207255919.64379546,50868876.25018475,51638866.505038366,396802.8637523971,67308.41922697381,69790.49210609197,0.002490320059328453,620505.0797346246,101394.11063121475,106968.96024417163,0.009712200856974818,2.6381117006746946,0.22863863407466947,0.24437768906872134,0.0007328611137181268
0.43622478144321114,0.6708435160204524,0.20509116857741103,0.9065962756214268,-0.4753357207949579,4.85144112849417,6170119.805051136,2703112.066741284,0.5134859172576959,0.9966494692010699,227019876.5006623,51123031.71398476,51897933.328766026,388795.06754064787,62965.81649204009,65053.67701187063,0.0026518996444409885,633076.630064314,98856.39110808696,103895.33357252082,0.011341275699199254,2.1845209691751255,0.1830419150472915,0.19346380933223312,5.797434278793837e-08
0.23606016781202138,0.5253227726565922,0.04601040105332298,0.9351411161085991,0.4958280415604269,90.0,5848436.058153054,2801500.352174651,0.5235595826390742,0.9927895108059372,249353583.28083956,61112668.76530559,61993138.842863664,474037.08858681755,80617.71339705276,83699.30927680834,0.03202974705856279,728190.3561850393,122685.33775236196,129183.25373887361,0.060370006647685236,2.75164773960133,0.23644174073199883,0.25243351477043185,0.0020172166523017366
0.5408397443992567,0.35866424065338603,0.49382605462836465,0.8220448303811394,-0.49956133259928703,-1.2598292302200786,5956747.433895196,4623517.846955948,0.4615390428168432,0.999016587190393,142834326.5928844,31271773.894303355,31815048.07072478,301650.18672928,53822.99761950009,55408.958554692734,1.964792095892536e-05,470202.7550927956,83897.43273225527,87472.50144525833,0.00033198749785371453,2.35077151362755,0.23758693660372668,0.2482741947452369,0.00011494231580449882
0.02763433859379291,0.6117852938030972,0.4680856901799048,0.8916742605906985,-0.49972632809345374,-22.461849848423668,5361225.070526905,3594892.610704147,0.43670611962230194,0.9981373025615686,179929197.27851135,44240740.933670074,44958536.94314913,426836.690320841,77210.66656478307,79947.89901486755,0.004389283413081871,592307.7251289423,108166.39830853509,113407.94923694116,0.004390853756730832,3.200614488967831,0.24007829931204394,0.2652235865588159,0.0018126598973491372
0.16000402089835117,0.884266481471802,0.3285832016092224,0.9084001902701468,-0.49959913344029017,-9.568983373291486,5604759.352019057,2573567.578260812,0.47728001526694613,0.9972167992066955,210289233.96568587,49636119.6827961,50425754.09402816,421417.7623985311,70597.05986546057,73274.63472655731,0.005475950513605331,629531.331185165,107236.04833629553,112791.95325372057,0.014400038237068409,2.5719223481996067,0.19217290521022426,0.20960255198348368,1.2582487368559878e-05
0.33201679448460214,0.2871614026785383,0.14123499989627775,0.9116699549120608,-0.4473677099074649,1.346489000555975,6318954.215571043,2782334.7019431754,0.5070529087069813,0.9953195026480328,239780457.47435138,54944194.74869698,55764541.71885358,405458.38356264716,68576.70168351247,70890.34253903707,0.006161588310507222,659305.7882607918,108708.25422490631,114064.8722170309,0.023412222056379384,2.244241220276555,0.19790015387165968,0.20938528640749438,0.0006816437281599103
0.5010184943384073,0.5094656456034682,0.6918545542740702,0.7844187469138614,-0.49948645798413505,-3.4795379132481403,5658064.968929348,4670840.987084381,0.42865198305955277,0.9995334144411059,125759775.89546442,27544693.096145738,27993241.711565275,288297.70295789203,52028.96029697747,53475.272836243916,2.840012051729715e-07,439086.41338416,79175.27008654828,82358.22801508693,4.8208172999928775e-06,2.4698377623840844,0.2755473079720782,0.2847768263893955,0.0010194643769367762
0.9532768047997295,0.04154658752747642,0.5965998800528001,0.7258547531866809,-0.4995601607875879,5.715050471255136,6442903.761814241,5601571.866640663,0.4644485661379075,0.9995804516570826,117485494.38060403,22636142.59700346,23348138.39896422,244188.40611128372,38822.59875500907,40927.918285387874,1.7515305568434986e-08,406291.5183629966,64186.28968755945,68869.43435738716,4.198579385766981e-06,2.00560886447912,0.19077112762458845,0.208073426425801,1.0767915093309561e-06
0.5811647537862487,0.6895149944146746,0.3897511492682142,0.8684364571882157,-0.49940486379643534,1.619221686430774,5914365.6175010735,3293539.397779401,0.49148082193699427,0.9985756288536766,173194751.6166099,38226014.51538802,38850125.47788775,330595.5030299506,55317.31907086705,57100.9621271299,0.00014022705869043723,524473.3867142672,88508.98543504578,92599.587674522,0.0017393733448090995,2.2035985241786764,0.19141040596505265,0.20198191579465977,4.288181627985317e-08
0.8761189262525232,0.8052752846291162,0.5883695788925127,0.8255832123777221,-0.499324712202608,7.180892378836284,6073024.582034324,4334676.477656937,0.4805267249709176,0.9995253421953458,145435463.80531046,31397057.763245925,32043376.989460163,285720.1846065302,49961.34468123355,51834.65852769172,1.0032405574692563e-06,456631.3609173348,79231.80254367342,83410.94621926056,3.338825186102003e-05,2.1545667572072977,0.199894911921418,0.21351490263349693,7.144835215869583e-08
0.9258294658218159,0.7645880531033694,0.8413096854973742,0.7580351747240904,-0.499324712202608,7.089167627877013,5680020.008848322,4304176.177382379,0.4390072248096208,0.9998377640320054,122741743.20499796,25747350.724538557,26291388.23707405,256172.46909817008,43937.72302825462,45808.540323417474,7.344729939328874e-10,408824.5948314939,69984.35961707213,73935.57842455177,1.2410917012214366e-07,2.1571786276472227,0.23219316780269747,0.24571819078621512,0.0001754009490638854
0.919283519082015,0.3620585554034108,0.9235601468054011,0.6547983383261291,-0.499227929714117,5.707374923757648,5741049.1628301805,4609291.905676293,0.4144372738132648,0.999883382236004,101327104.76032376,19818399.422319666,20270720.53602129,229163.35229994945,37023.41887406165,38895.34964016257,1.5717121178152674e-11,372145.4331512578,59998.76174967073,63951.52036481269,1.0223965345646417e-08,2.0844846524499525,0.2580727657288964,0.2692785865756688,0.00016795106866876878
0.36168344118017587,0.49728434693595147,0.37772357971305226,0.8712798615611488,-0.4996664703155559,-5.244742285362578,5648409.40487993,3275282.450072816,0.4727905234069244,0.9981297713393947,171467021.8060403,39317877.756053165,39914362.84048946,350279.54006997036,62082.052230998954,63899.97169441621,0.0005893324217676775,536791.3862942542,96939.39265436435,100934.54487248523,0.002900754848388878,2.4531745924990482,0.21851607822230354,0.2300983376739404,4.0307688052976586e-05
0.6278260872721716,0.18705514735118256,0.5098562811554286,0.7954550290091262,-0.49964094438472706,-0.8120759086431969,6064601.674985576,4972628.185651693,0.46040014209317087,0.9991595906072072,133473042.79299583,28233625.052043896,28775379.933143605,282716.9512627467,49524.70542771912,51139.627194129935,5.185445529447234e-06,448578.3671724811,78410.52343762378,82073.34485514871,0.00014707249170922842,2.259118458693411,0.2298249328663678,0.241040155573489,5.8005526277201524e-05
0.8281626923945056,0.020348778591814047,0.3248323281048878,0.8306491128060669,-0.4996335428093307,5.839582654538965,6239827.9253568705,3484501.119565672,0.5029956737506946,0.9985901488484926,162099412.04444346,32927668.167706758,33714356.43996494,294573.09715671727,44697.99370260921,47010.88880877906,6.705086240885081e-05,497635.5574532963,78958.36732388698,84117.08191583332,0.0012736397951051194,1.884715970725439,0.131187891553082,0.14827917026050952,4.629957043346028e-10
0.07661318512061328,0.1468685317946578,0.26419952135477043,0.9058290077754003,-0.4997870565920409,-18.139508803232445,5430168.656700303,2514247.9502263307,0.4632520541024223,0.9961782835001752,203630194.95392442,49469645.232294306,50285914.14616669,427582.21530666173,76434.90189604205,79344.04368407138,0.009118275823327483,636507.8163930664,116630.76165974692,122521.5323130551,0.020485903355732825,2.7902074498057243,0.1950845969709401,0.21778761654256873,0.00016884871168570755
0.2754017564688134,0.5027293750684184,0.4765943915460464,0.8566228395194344,-0.4996191207894135,-9.446662332307426,5670148.20998096,4123021.306032642,0.4496455144631424,0.9986077659799952,157778529.76304078,37200864.653913796,37771116.36410191,351309.7118784925,64635.50559465578,66458.91725420953,0.00032804761131389744,520274.04189754796,95872.25077588712,99768.7823512416,0.0012140210829938876,2.6885962940612016,0.25209603008935166,0.26531283306923775,0.0008181837166908426
0.9768976983388243,0.627217550843692,0.5295768772099406,0.8189518678968778,-0.4993664414488922,8.164305459052992,6166714.735251583,4272644.296525381,0.49345705678816987,0.999461529474785,147257335.26003504,30439225.87466215,31142338.70590345,279726.4262972637,47069.68059494749,49066.255685476106,1.1291713163367981e-06,458388.7956657664,76409.96592415436,80902.18519345018,5.7942657972367625e-05,2.0275632102044323,0.17456188668894415,0.18926550396647565,4.3481657120559824e-11
0.8861291453535538,0.2643021552308587,0.03286726244924639,0.913358330228211,0.4992032573597333,90.0,5867927.930185096,3334075.6701088194,0.5657210666290423,0.9959474032589779,203282302.1340893,46198526.201479666,47103834.107369155,375847.8874106583,63549.362375129225,66691.49201337295,0.001964828511478205,598739.4340041039,103617.91149450249,110019.18742964596,0.010485017323112036,2.459403005684335,0.1910006156473995,0.21315626378981542,0.00045950854974248577
0.7814302020663885,0.6421241457736262,0.23474339191037932,0.8898167491825585,-0.4850269440603133,12.372096184309534,6470622.327575464,3078075.111382804,0.5324615120074679,0.9978883964377938,213901210.9497785,44781618.40588309,45557680.32615168,351406.9795710178,54496.87513815606,56500.125122829384,0.00037015147168186695,590690.5663376274,88654.07362151418,93609.09406467958,0.0033011265890416654,2.1198200562975518,0.156461105817417,0.16766821021547845,1.1551666099945215e-13
0.5478535676197358,0.34233235200509343,0.7823315746613285,0.727445936944706,-0.4994826704408294,-2.7283495182082507,5516355.893033315,4630938.819380744,0.4124028181082283,0.999692117899039,110832949.44854754,23427467.0216669,23842988.582534052,265701.92852448643,47161.084185709886,48541.83179360638,9.606989724045739e-10,409709.22161139664,72606.98312554156,75662.78056290827,7.354034015106864e-08,2.40934142682095,0.28612512609398927,0.2947250980980627,0.0005631073795282982
0.12270675210231291,0.5734701159838521,0.33186288218225835,0.9015510914058926,-0.49961909219525635,-13.8643015985889,5416655.981559608,2687099.224986576,0.4658709549430089,0.997154392870993,199416411.52113423,47817356.247043975,48519946.98852436,416879.69062677014,73406.53811244444,75808.74244023206,0.005082117761939629,613961.4319752157,110759.03521152759,115724.03702033465,0.012275571998705253,2.736866858816758,0.20290104706895332,0.21998893646359138,9.955829806246613e-05
0.47978612753349464,0.15501984548767178,0.7744967842774603,0.7062378698311655,-0.4997128917175969,-5.598139765239697,5528337.779503746,4843986.246075042,0.40443848421919687,0.9996588224502062,105372684.87438601,22360398.209373523,22784374.79396417,265036.56433596567,47681.746233770275,49149.68730842682,3.5707801711223816e-09,406534.5546339865,72762.83561121156,75962.07363993076,1.2179713717751043e-07,2.481464251901711,0.30115094744558274,0.3111209141706243,0.001134508185929072
0.14369671260810185,0.1655828648866147,0.1273775699276796,0.9226416887935482,-0.47073184475047136,-7.8335199048353665,6351607.64199717,2749878.2448694888,0.49265311908833326,0.9941135622393175,255507889.44584954,58922751.92383291,59877907.31282351,449043.4644296093,77497.07527613592,80461.03645655274,0.01848635228457376,709193.8990299174,120732.48906350955,127133.74260084992,0.04848701180359064,2.3843194214007735,0.20961690846968017,0.223963754501461,0.0014273594654021938
0.8877673278800555,0.5935712098349452,0.015551294308765576,0.9240115935649506,0.499581866520854,90.0,5809904.554737469,3629621.250900683,0.577382170334883,0.9956749154115482,217324622.2967022,50752553.49020142,51682816.16091607,395102.1590335082,69983.30726523814,73167.16572112136,0.003174480787447533,610488.2848612596,107612.6780922486,114088.69055608347,0.01150478803403351,2.589342296893242,0.19631249055607036,0.22019995308248497,0.0006075075667568579
0.5093256080636146,0.10329518312180962,0.7514953145152674,0.703642360342303,-0.4997128917175969,-5.165281493499798,5688251.1391015025,5117014.282045397,0.40896107422024464,0.9996375970284678,105068181.0705956,22156550.09927461,22591033.395548314,261309.2137371282,46830.671383717236,48324.40808452379,3.18173248531277e-09,403790.79602733697,71961.28023347136,75232.03836645395,1.5441389733218008e-07,2.439350068809543,0.29689459005223484,0.3072280437242076,0.0009064196411427233
0.5846796256913819,0.2920187607932415,0.12036141329878162,0.905123124317162,0.31864263696935957,90.0,6220635.333382045,2925139.3421065523,0.5292678699654018,0.9960518731103061,221657591.66587457,49396702.67267752,50168297.5799225,377523.07500611397,61853.894861709065,64065.58913287155,0.002458006888703369,620726.8259709048,100940.85826746834,106031.27939087534,0.012189094671338425,2.3142772533307943,0.19709819546209875,0.20891352616764286,0.0005870826948899999
0.2958595257641499,0.2773059713413045,0.2936259146584662,0.8834983072482725,-0.4997518418288539,-8.020537065627666,5622502.564795325,2746056.3361757714,0.4770898320427017,0.9972461663905537,184048654.80733126,42869746.820855126,43509081.442130215,369028.09558953287,64679.22616527203,66746.61914179844,0.0017738248873665839,573686.1559636731,102637.7854218438,107171.5323544469,0.006614312824951405,2.4310542747879,0.18792268368591555,0.20144821857386883,8.96795469876981e-06
0.06853944370361816,0.9631934142954064,0.36807813789925425,0.9133700804331133,-0.49961075512300845,-15.17925126210536,5502461.24234345,2697472.1025122674,0.4659259588593486,0.9973698035853039,209147710.05287862,50354711.540578276,51231540.40764807,443752.21530888724,74676.89933674413,77988.00400281465,0.011499903929236173,639077.2860806228,110333.23148172062,116713.33203445579,0.017361281681692008,2.827614083477895,0.20335898174654052,0.2283281804769232,0.0001731601613745697
0.11115962429943882,0.933502400883475,0.4804235834316275,0.8936954454293684,-0.49961075512300845,-14.203218869520883,5531634.266660852,3452714.386783439,0.44865960133768396,0.998365985036135,182706421.12706175,44674234.88705603,45465663.818309516,409389.5565455373,73704.89087027262,76502.71922094653,0.0024626937876783606,580176.3637370345,105465.94824698544,110909.46636332343,0.0036084361323589138,2.9625968873270114,0.23177835874433086,0.2571870878553211,0.000975304133254766
0.34516046888548746,0.8444204458436448,0.24931768971791654,0.9086773888515809,-0.49352302138427595,0.30788669157170545,6014799.953371588,2559608.4313329924,0.5036257278651515,0.9968856601198968,225031323.3887635,50216951.195042625,51040310.9731374,398970.42040994775,64416.8318635607,66716.48838446636,0.0031530041065263833,635371.6675183261,100220.29553959993,105558.18054762142,0.012409552251017426,2.201273309870225,0.17911151147997828,0.19119773215137437,6.817369178464709e-13
0.5744826320870404,0.14072116205735768,0.551580688555081,0.7799323872888031,-0.49964094438472706,-2.860273899791618,6071125.933802995,5283669.8661546055,0.44823905792203833,0.9992469990999123,126762316.4526515,26875891.709836114,27386576.32755595,279741.3135022033,49467.08646819149,51071.735682340994,2.620842107975327e-06,439863.5548090852,77354.91825413384,80952.5139656827,6.444736808621888e-05,2.3307924420967283,0.24647945187123543,0.25752230752822,0.00021039118229540591
0.24220496698219024,0.879874603608424,0.6251920496588041,0.8557488466168574,-0.49959913344029017,-9.694559183514667,5436897.1977561135,3893199.2142155217,0.431604607336046,0.9991948592263394,151666354.36968935,35377809.39110407,35972065.10899715,354229.0048157109,66090.26477745081,68158.15553832865,0.00016276548183474302,509979.4538069173,95150.96981886779,99319.88745863331,0.0002862085061040223,2.8230662344694064,0.2529774845846878,0.2689055400076202,0.001790310951777836
0.23892066488497396,0.45031754790878137,0.34934308632141425,0.8829725604776383,-0.4996664703155559,-9.871847631412336,5490278.232209457,2967439.5758874184,0.46781378705565363,0.9976357431495526,181510174.4286018,42615066.79819445,43238009.09209927,377234.9558853019,67637.76362091521,69654.26303357596,0.0015949132101410574,567615.2713241349,104068.77228788682,108387.18758035293,0.005401401844663596,2.5966378090349327,0.21150141264942487,0.22527652633172435,8.10805137888303e-05
0.7699339658487983,0.7056674088284065,0.10846835531320383,0.9140618912911038,0.4965756110686143,90.0,5714052.433726601,2950864.575951899,0.5558096685900222,0.996550782543698,204653533.95261377,49246893.413158216,49956180.66897155,384174.7439253137,64487.33272532568,66734.72314466989,0.0017248673781813308,609327.6899515903,100207.58589478434,105310.43387592302,0.008183741366040187,2.527713086101873,0.21491279003339664,0.22829951291321374,0.0005871619958909376
0.31910725013743946,0.47422787057954535,0.6355814021164415,0.8104840798920272,-0.4996664703155559,-9.382801095999293,5596921.272088821,4642080.006895492,0.4248146842756345,0.9992909115484925,133170284.60254663,29890768.72793778,30371033.024014127,320100.76527587295,58712.77994364041,60337.772030105545,1.636555239663149e-05,472574.32089121034,86666.60356542545,90114.96266390968,5.9144182462769376e-05,2.7031253246276497,0.2754268800811272,0.2865481368982513,0.0018475234263196085
0.20270946346553165,0.5893553695057553,0.9472849318648688,0.7529112374636329,-0.49961909219525635,-13.496007474743218,4360184.776168077,2757033.550806159,0.3686275881149767,0.9997700434711657,118908917.71575528,26325843.16310866,26797592.23343076,318731.7659479735,56051.8974502626,58150.16315626397,3.376645819660182e-06,454792.11341007054,79819.26217155921,83874.98268210064,4.629176179201926e-06,2.8912948016876006,0.29477958203459675,0.3109585571980248,0.0023443112188157355
0.4195982458033855,0.7579258357290974,0.8716548044531988,0.7753210485045002,-0.49955464462063537,-4.759145780823899,4862793.996715091,3365292.8342921534,0.39929424254699575,0.9997524497710949,122878606.86377539,26842274.902163222,27294995.534348004,293585.5046262625,53657.41298339746,55286.685510816824,2.734716541527599e-07,437647.5455552965,80136.36339810697,83516.81302529977,1.241309395491047e-06,2.581243248773684,0.2712981562329905,0.28268805058669255,0.0008736380825905471
0.7856768199132363,0.9538947930647762,0.7377677218766007,0.8127372500510707,-0.4994041278027527,5.511071917857189,5634897.449372177,4019996.7117242203,0.451919730029357,0.999712799201431,136799532.97525442,30526583.659430955,31103480.938886773,281808.9182490525,51540.10592645259,53381.879121175625,1.9323814845327542e-07,439794.13517716754,79907.87468787446,83849.35302357585,4.204844742963375e-06,2.2920314988348,0.23266730102365274,0.24658740601685522,0.0002446845963273831
0.28389853149424976,0.1956142440358575,0.40418119745203723,0.8541844384217333,-0.4997870565920409,-10.072031552340178,5527158.388614399,3716051.3276135363,0.45478934210958444,0.9981762120839912,158742345.32475713,36905917.00509254,37471732.71159305,347189.8170212046,63893.11739502617,65849.85709042558,0.0006000416607056045,521136.5154888215,97470.34769296552,101614.76389741551,0.0022261163043323052,2.6261508214666702,0.2383517117583094,0.25244618014903636,0.0004433596624184224
0.17827194550660444,0.5142377470483193,0.9841003748742908,0.7336026282389614,-0.49961909219525635,-14.889917715712029,4247249.358559397,2586307.9289647425,0.35942519877397344,0.9997966985693152,115684015.12360369,25696442.683607385,26225836.339693848,318195.70110152283,54281.78803685023,56797.07984171597,4.163490945186344e-06,452242.53729240876,76448.11748602173,81232.35079901181,5.412988330243787e-06,2.9243595702782206,0.29660430090782763,0.3178279221452914,0.0024581974762128496
0.5688122506282582,0.2746576362637817,0.0804907395336943,0.9127490589131281,0.49688017231918713,90.0,6055891.745603058,2929584.3461189014,0.5347900548153073,0.9953600988404301,220412751.25452605,50698148.83717802,51462398.819119856,389793.84841552406,65609.55926027319,67984.6362809236,0.0037750415990454303,631275.7289182028,106108.9604258558,111385.85436215135,0.017371616345233175,2.42886664604814,0.2142530594581706,0.2266329221685317,0.0013527314282102852
0.6563355098470418,0.056956505500992724,0.6123948449666602,0.7402938752035789,-0.49964094438472706,-0.9213027938337299,6203772.280684763,5653118.367150206,0.44133330549663546,0.999459037398301,116185346.55230142,23936836.285320245,24435652.39279265,260326.8107451437,44972.842861308476,46592.65321769558,1.0092365772220717e-07,414657.3522644466,71279.59463133538,74912.93793062378,6.9212914541727895e-06,2.258100697255229,0.24506126414526583,0.2564563884703666,0.00018088332215736105
0.5441571090564888,0.9827231084913645,0.4533963316098283,0.8755475377867463,-0.49932901584229317,2.5948844782083027,5936242.100659924,3454588.513843687,0.4853298468112747,0.9988432206557273,173134501.37273648,39456259.42982633,40149543.02400683,336849.57417702646,57971.678921182785,60078.78928473494,0.00015247492688562066,522790.6990955344,90217.48547286788,94836.67149349478,0.001167820701252017,2.303607407751834,0.2046809058640116,0.2190302585653017,3.678425874502987e-06
0.7214868235247375,0.046500649567926544,0.22200356990096484,0.8670139446211127,-0.4930254837355764,7.525463196601108,6522608.334380866,3104565.0193846533,0.5143741540776858,0.9976564336683402,194533617.13989776,36833102.74730366,37698704.975363925,328219.10746110394,49491.64332324147,51871.87840910781,0.0004862396931596715,557873.652730896,86618.85563761755,92012.63183766147,0.003398434865254342,1.942837561038681,0.14213290505607223,0.1565100001028238,7.794061252879545e-08
0.34787906714585115,0.5543745883342751,0.6155471296038414,0.820851315321673,-0.49961909219525635,-7.683489339514539,5669670.051553892,4604982.559442037,0.4322178983528682,0.9992545045426063,137408381.77327973,31038665.663582556,31533815.520384334,321035.6044543904,59020.44179373785,60647.32523495896,2.1469353640176246e-05,476485.83348698996,87558.93734263472,91033.66248363719,8.968336415056596e-05,2.6519427831564464,0.26614645770599205,0.27729489657156225,0.0015289614839551376
0.0968326532961572,0.3552821884425672,0.5260486771234208,0.8566109280162445,-0.4996664703155559,-19.256098911350797,5437505.03722125,4287161.847146339,0.4250955712734094,0.9986199305113559,155653371.2182063,37084205.11629305,37699736.81329878,385393.6751196993,70318.4526207717,72564.8262916872,0.0006028657486851019,543737.9528143826,99034.15327546625,103508.63603355955,0.0009620550762498782,3.1327604475152295,0.2530401047161499,0.27305889197671507,0.00232049982188401
0.2539778632401833,0.620216226307197,0.05426376829380461,0.9345409609734714,0.4971327370133065,90.0,5786008.504856666,2773941.495869303,0.5259335295670259,0.993103958992421,247222037.47553083,60864353.904791445,61731754.46082305,470895.87337245466,79783.9893073604,82774.86246804462,0.029840746824647168,722132.2761694192,121254.21277023968,127589.70426427765,0.05660664860072974,2.7487521614803487,0.23095880738836871,0.2468180954290692,0.0019291647001072243
0.24589260698722565,0.22897496562131883,0.20085836704492865,0.9046061866438823,-0.49733710469422543,-6.068655682618421,6108748.699796394,2647807.4043532615,0.4886391020518896,0.9959092778433003,219150112.48223335,51512920.063990854,52276200.90328791,401585.36755620677,68980.50859706907,71343.59799177326,0.0053555281842779185,640881.5019615998,109014.01299201896,114341.67537688825,0.018605689354509142,2.257839603335859,0.1776429458928508,0.190812778719884,6.58045228119786e-05
0.5932222475851421,0.5057167550005585,0.21167672843462212,0.8942382602707275,-0.4921980955945613,7.056109089962065,6345404.348711385,2891271.244816091,0.5192642360733564,0.9972117085173472,216221904.41848603,46673494.25431669,47421199.39428864,362867.65831274725,57285.930791182844,59255.985192255364,0.001079668687892129,603326.2438935072,92796.34979325335,97603.22421099729,0.00599804612714547,2.095899415393569,0.17260795409712612,0.1824718943968759,2.9408640935414886e-08
0.49613313674445086,0.5304737806421275,0.9106164086550708,0.7217527089454105,-0.49948645798413505,-3.5359895208453413,4961586.800424589,3623413.5481261206,0.3923692928855492,0.9998056858604202,110803069.61076757,23730143.29090085,24135868.555298764,269414.2752754707,47748.021415730625,49288.90234450513,4.0415799132424006e-09,409748.60969917395,72727.78811600943,75979.7280770701,8.155073831185321e-08,2.4663178471848872,0.29254568493591393,0.3027128813906227,0.0008626863621848345
0.5308890605153449,0.568892978860162,0.7871029627898178,0.7628178584049997,-0.49948645798413505,-2.1807940066861606,5344221.464250625,4177716.8018285274,0.41614284600210466,0.999691708617414,119444149.1853684,25748500.839783914,26182200.13663071,278298.22271871124,50015.790891794284,51430.835087486616,1.4981084150951486e-08,424873.2807241816,76323.28250113195,79421.05956029815,3.7522229297795094e-07,2.447902427666407,0.27332901428298206,0.2824534899249259,0.0006330640940239678
0.8340608320476186,0.8383373135192974,0.5726643465534765,0.8333380298866911,-0.4994193309662889,6.60904168666718,6056571.600210194,4238163.701715612,0.4811683436923903,0.9994711032296648,148559994.46498054,32338695.66286264,32977108.82262147,291383.39254979824,51232.19922326587,53089.481523488015,2.2340609092425457e-06,463512.79043985833,80955.63449120622,85102.75620785906,5.5931434299444034e-05,2.173899184019895,0.2011399918218295,0.21433193079642654,8.424776435298144e-08
0.7031221358593414,0.861415076067943,0.5564507266594846,0.8428745764478492,-0.49941638952169287,3.9930278976178717,5998478.480175264,4179279.5502640936,0.47528542759183107,0.9993510417326015,151897607.2882561,33728995.501603566,34332730.4408836,302697.1545324409,53915.77761189321,55704.61257474738,7.895289253240234e-06,474038.28040851414,84198.04706656768,88172.81252436955,0.00011989799702664575,2.258897453740194,0.21175919968468196,0.22400668438324592,3.417318563583477e-06
0.9047578678584447,0.399931836880599,0.754092333944301,0.725482341610327,-0.499227929714117,5.389071327205351,6075862.2873864435,5164910.105811351,0.4431100202858552,0.9997647756410748,114023234.49120246,22856927.823352985,23352453.783326346,246963.9737191376,40606.815262764394,42237.09242398544,8.717789532086537e-12,399231.83730590437,65521.81364409736,69155.62473213357,1.601635508949956e-08,2.1102312102611775,0.22947061094646393,0.2402037382123681,4.539799479714353e-05
0.2504069957018161,0.7505096978076023,0.17383739076756102,0.9213961063935032,-0.2558768122659335,2.328882892338159,6004609.339717459,2568266.9753263183,0.507743689312516,0.9954814235889985,247632580.78303033,57844257.65903326,58715286.40418747,435253.2416145898,71075.41097205078,73585.50848150966,0.010888657490158668,688408.4587586336,109907.08828368846,115634.98332795546,0.03122879225932292,2.384104243067989,0.18758179000052147,0.20085567442686456,2.3317733571794313e-05
0.2144041490438799,0.717241305050439,0.36259964622387675,0.8941741502241516,-0.4996696738617702,-8.442868693296106,5547654.0084013725,2885267.972031722,0.470767253834868,0.9976897072492139,190342398.69564587,45012143.95823344,45678953.47065274,392612.8594010456,68811.03291234933,70992.10315799552,0.0020617211359944734,586268.8263127338,104597.64368130143,109219.073401033,0.006564008419106805,2.6047934365818084,0.2104527853533753,0.22480865132633535,6.624938300513462e-05
0.047564795681626956,0.26762353207681644,0.46484826017119407,0.8735154139711788,-0.4997518418288539,-22.939150123189332,5309535.91689108,3867000.324298006,0.4298498482003066,0.9981584731500659,167587123.90944543,40960968.70295138,41604310.48712217,407566.3511970557,74398.90247609625,76985.29747925981,0.0018967643964510174,570230.6220415141,104480.29455995253,109509.04204248064,0.0026102049015603638,3.194835985125549,0.2423564205596902,0.2659565626530182,0.0021857879770050192
0.6451030127873882,0.024321491554091336,0.12664283901545195,0.8930296615629323,-0.22821463518311613,11.163788437844726,6430914.088038908,2996621.39378074,0.52532980147754,0.9963750902494208,214013930.7350764,43127198.62771693,44037043.91748733,357555.8124787222,57178.232812595226,59758.27029762095,0.0016248869474219337,598349.4828898404,97799.32389705951,103467.06515522567,0.008930706795477056,2.197246031401568,0.17977772886398857,0.1948135267439078,0.00022509840437370224
0.7993644845482291,0.8588269107264851,0.6970163613337974,0.8098936432523374,-0.4994464611249855,5.07607830855542,5805272.418551321,4289507.76544621,0.4574642632715271,0.9996668137506436,136711821.30783775,30193714.72831932,30748451.82825863,280574.1369090959,50411.09729778219,52155.68801438854,1.4887361204306163e-07,440316.9015873478,78647.32301619095,82459.47492846558,4.886377895646004e-06,2.2595108341792076,0.23032441274653148,0.24269507044788607,0.00016778204657620397
0.9582795934780792,0.6821341900679734,0.7022041913591894,0.7814575479052372,-0.49930839006523264,7.344814251923597,6024007.412206171,4698607.909691197,0.46314516050353227,0.9997254061840765,129051207.95782919,27092672.73666236,27682362.615729503,263881.03845113935,44859.23007252287,46731.881624290705,5.990938525808831e-09,424762.3809503249,71734.26885293066,75824.27799998829,8.706455546194059e-07,2.130954039192366,0.20930437097083096,0.22296827315567244,3.0153202231431024e-05
0.5221486023989625,0.9068955378327854,0.9298389933232118,0.7763400527758695,-0.49945955323734703,-0.33093303938197943,4852483.271673731,3205891.151134548,0.40023563244537463,0.9998245056843487,123362765.62557511,26613073.48239586,27115934.864295673,284314.53929966,51386.08932295416,53306.714020094485,2.595658982223956e-07,429672.9292788351,77470.2834071836,81360.83202287632,1.7883772488824478e-06,2.487116381289063,0.2650644594571307,0.27931876672658534,0.0005971079784283399
0.6886705621003127,0.8971183728750196,0.663740276079751,0.8250657098847705,-0.4993106660772052,3.300459723215278,5790686.618818678,4221048.140331174,0.4564563652259124,0.9995709631225261,141794367.0083381,31947928.54947184,32505086.883636557,292734.5019692942,53454.77533665629,55197.041519064325,1.2813698170732595e-06,453233.95905954426,82407.50662114909,86196.6982618754,1.934716618210103e-05,2.3354124509711327,0.23607430060181686,0.24848602074296133,0.00029046018448714565
0.4598677320832877,0.5822476833214173,0.31985841021975203,0.8818260198335733,-0.49948645798413505,-0.6306372860834751,5852108.421166585,2858118.001459571,0.4923120906500128,0.9978849082442959,186623053.36442572,41720116.61784977,42368538.622714125,352266.0185145526,58491.80264275955,60352.419837554204,0.0006486679621066652,560103.9261326122,93684.63689513547,97965.3225881598,0.003983651791579111,2.203201004641811,0.18216208994767255,0.19266895222227828,7.52005871605044e-09
0.2189437684711915,0.23215166840543883,0.24607226303162852,0.8976591701237414,-0.49960702535083934,-10.76314416124967,5763695.197871841,2585162.5886170124,0.4787874459253444,0.9964461317075831,201056785.01324955,47945133.118618295,48653837.886227965,395292.4105615495,69055.72498523435,71382.96107034231,0.004130630143090065,616510.4722980525,108644.84343661845,113743.72958167836,0.013363748230815481,2.4245555164821755,0.17842692658832182,0.19346539774603308,2.3505666898137204e-05
0.8934135806247762,0.5432576852458657,0.5025597410489915,0.8203764944787104,-0.49911831154387865,6.645513697398097,6145361.147437588,4289516.037933176,0.4900077614826005,0.9993448925742894,148268820.64743316,30773982.138697933,31394267.16353104,283494.197694643,47810.52908812023,49575.52081069563,2.068638393229647e-06,462146.0238344302,77596.54560488407,81661.54605908108,0.00010428686177829861,2.056599629132701,0.1795195890541783,0.19144279086683427,1.124130025897328e-09
0.9278217832265022,0.31832851267133067,0.0580168831676705,0.9091936929276153,0.4994549202474731,90.0,5824442.44038134,3214984.442889637,0.5656934627239364,0.996454623017694,196123268.15571555,44620281.00358087,45457152.69413872,369230.62797189225,61424.42412035871,64360.24581984474,0.001384977157938236,590817.6073580742,100953.22206932798,106989.24431058008,0.008096568197732175,2.4338169450311216,0.18627513562423056,0.2063168647185075,0.00027140625199269285
0.08326663637710693,0.20881504629573422,0.08828794290612564,0.93469155755501,-0.3372802975596041,-8.48686150175507,6273396.943599878,2778279.471473704,0.49641186163395196,0.9928486818477754,267190957.25268993,62224674.22246503,63269310.8678895,485294.35988461185,82757.25238121649,86277.24176894428,0.039957427108220075,751674.1602411259,127367.67434073683,134613.73546115353,0.0730071994315482,2.6181943820948774,0.23333734462109282,0.2498312554398118,0.0019460623038083302
0.8330742754236614,0.7356064655616921,0.1482346832050832,0.9076046801302862,0.4978963551184707,90.0,5901168.990198561,3018898.6321947337,0.5540955308797127,0.997210558739626,202561062.6468924,48254807.016636595,48982709.01398013,372663.3369352319,60768.11588048194,63004.539421310525,0.00094532845685831,603307.3735357572,95319.88869176808,100563.47031549607,0.005065690044307593,2.504755163132553,0.20134991227702462,0.2155509239320688,6.0162588760375994e-05
0.025143478482820517,0.9715444384394747,0.5361349271188426,0.8960698470535239,-0.49961075512300845,-20.307954161191383,5386461.375855686,3499377.9202879923,0.4341366989229753,0.9985615270107248,180688459.58831084,43772667.209067084,44709755.82465601,429480.6055276711,77690.10035882119,81075.47906805635,0.005483436698654167,588540.8650597057,107352.33624866109,113516.702250958,0.003475985982606621,3.222306723554221,0.23410049886843945,0.2697933585780464,0.0018821384465662879
0.3281198141018946,0.830563182811298,0.4092803146375837,0.8842480403773172,-0.4996696738617702,-3.959335926470138,5705252.524548102,3227588.5807123045,0.47364275491520147,0.9982809454650888,179458683.4177019,42003678.939133435,42653035.480534054,366055.2761060668,64111.93577115203,66172.27504815182,0.0007236595435196375,553206.6332975029,97979.56671229759,102415.02889821708,0.002906463159174908,2.5011078937666227,0.22055129696170495,0.23380594181143188,6.600121438304123e-05
0.8184154605576128,0.512299569744212,0.9393398322786715,0.6872222052234592,-0.499405114941882,4.219883502072003,5445123.914972889,4148287.8151821583,0.4087449863741467,0.999877827040601,107114898.52332537,21775922.55911019,22214743.346208535,240321.30190467281,39761.0529716903,41532.059375382356,1.1701553613919434e-10,383314.9609387145,63292.65612809956,67043.89582752062,3.364266458560731e-08,2.1682225768231893,0.26420313770448833,0.2751566538566937,0.00025956175876254396
0.28685362390393565,0.3286542467633536,0.4999638697074416,0.8378604267551844,-0.4996664703155559,-10.972633613564087,5699962.010775741,4509087.85671997,0.4419406153862444,0.998746945822354,147461304.38140094,34302374.387302116,34847791.74386874,338252.1838657637,62280.01911903513,64067.62602971943,0.00017233973100491752,502636.84476286673,92234.53115361395,96056.68845634324,0.0007098395889561332,2.701056235720236,0.25820230009342526,0.27152567759023616,0.001033027030675934
0.10250706754288808,0.7728786569874563,0.6794334078194004,0.8521463905125716,-0.4996696738617702,-17.09916795627212,5032344.486574366,3563898.91554415,0.41025270675603226,0.9992483496012114,149163254.04894626,34150768.022800766,34785946.85759469,378726.50989179563,69607.66622703124,71941.87281113237,0.0002444453057496883,525128.2939063002,96569.62086787766,101056.29428741957,0.0002224327259391703,3.148672389718071,0.2649374152384536,0.28568768575601483,0.0033432177282825787
0.1652318384883276,0.36872133494265075,0.1512230717476596,0.9216813745669346,-0.47485112687437214,-7.468863808083083,6214671.557140833,2664656.7496722564,0.4953872699869486,0.9946945175049313,252530151.48058906,59296166.67216381,60179557.39652392,445093.0458676715,75386.71670445426,78023.70341094921,0.01577760818961361,702723.1485721212,117002.6759223455,122879.79635248304,0.04296120740865111,2.357971110630024,0.1945875932949145,0.20770931029786865,0.0006811605268814891
0.007566655095935338,0.7690960843380785,0.5493648294076007,0.8872903470119508,-0.4996696738617702,-22.521847233961054,5310501.039525695,3719181.6707964,0.42553690423316914,0.9986116256452943,172605952.0519338,41322751.363686025,42134511.13164249,427275.0508928478,77418.35020901384,80413.90432487766,0.0037145696468168883,582201.6337897474,106099.7200655439,111618.62545293341,0.002167687144669034,3.3250389520467483,0.24513192804132142,0.27519776801958035,0.0026447423054082315
0.19905787399944003,0.2221041091113883,0.7057974364070378,0.7782646670201104,-0.4997870565920409,-15.787391680632489,5214303.846988377,4417210.051607026,0.3986585080867642,0.9993927845646479,122761963.85616021,27298369.447520133,27769811.20592227,326192.3819434901,59248.09229732881,61067.52255542407,1.2099563275599048e-05,469164.5270083523,85148.87428369967,88852.14189385918,2.0262053811813414e-05,2.9547431158677675,0.29615623652943507,0.3102324388704437,0.003552537815113032
0.3824230364914941,0.6602322545192101,0.13302418453121925,0.9197734361758113,0.2672040784316558,90.0,5979149.780832432,2713334.34452581,0.5222155811691142,0.9953916258682368,237476842.65089625,57080791.51213983,57863918.17169928,417445.74709830567,69518.1055711024,71793.24332913932,0.007150000560857991,667434.2073413167,107680.99378150971,112986.1078941959,0.02408730398292587,2.4461303735941855,0.20250438782743016,0.214693847244869,0.0006916429229793431
0.4006572270024137,0.5451508093144746,0.5147520864179805,0.8411573006177537,-0.49961909219525635,-5.216275163181659,5829471.274618462,4446418.812821097,0.4529139480933663,0.9989486249862572,149360108.0260745,34130471.30905766,34679408.02586175,325346.0242474053,59386.686490653694,61047.009983397715,6.721975827866055e-05,492051.4869190159,89718.84999807255,93357.92209423686,0.0004680665593583332,2.527970530534824,0.2490177118490342,0.26052200390983676,0.0004914405490184137
0.6306267704969147,0.3784977274279003,0.770482470428971,0.7319577875251658,-0.49943766375665954,-0.5403656740327942,5665628.361295268,4777353.37706344,0.4209217087406926,0.9997044196835582,112550373.20390092,23552348.225904584,23974824.775016453,260988.66742993658,45670.67617683113,47043.89114633785,2.035411663333981e-10,407080.5597608987,71163.26351088264,74237.4740186539,4.628176153462473e-08,2.3266746949111776,0.27516172735382777,0.2834960996517889,0.00027082805870618307
0.8924260600657199,0.301139378931309,0.23315252996873742,0.8713828445469627,-0.4813363814117272,12.580889900522541,6638202.42379077,3245044.9263996594,0.5316358735968416,0.9981107064466335,202303788.5926133,39227690.653789796,40063470.74052835,328963.8158118006,49029.73992872855,51265.106773594314,0.00019462839258250453,563919.7036194908,84797.61462099504,90058.02230799802,0.0023906304435645175,2.0037731669303325,0.12979074818174163,0.14398203271001966,2.770381624057426e-11
0.3552191187280334,0.7859943368029021,0.6307370229988901,0.8384735230466172,-0.4996696738617702,-6.071329314657393,5576267.639859959,4189135.5478196032,0.43605172683392607,0.9993020740820838,144255001.9286796,33120212.98516262,33650026.03518217,328234.9236686492,60957.03723620688,62712.50820987551,3.749769821394826e-05,484773.5829717117,89990.40387736491,93680.79522808525,0.00012056719333774176,2.6497132993193846,0.25702103290022305,0.2693796878073372,0.0014100163373099977
0.45062004203733397,0.7104527902268184,0.884911512649608,0.7625372768097721,-0.49955464462063537,-3.5471273165861916,4893446.377318626,3434130.304883765,0.39800488590114835,0.9997731664777958,119890119.60584088,26037880.08113766,26475315.070580594,286042.4556228024,51798.58049038936,53390.726610957725,8.587975587686801e-08,429326.141696714,77924.73967781452,81248.10807449359,5.834903206697709e-07,2.5376792566419497,0.27595861700566465,0.2868079965818254,0.0008336803064844993
0.46531062815332075,0.4618226320681265,0.047823983861667974,0.9255691624906444,0.4973901717035871,90.0,5844713.799951739,2926879.8462379505,0.5381564168792368,0.9942256289879728,229003231.31199962,55679764.08217024,56459088.57994167,422906.0651765572,73265.60652794223,75825.49542518133,0.009122621922522106,664341.2536731024,113818.12793136475,119393.0884271783,0.029797411253846322,2.5891112140924375,0.23269614244113665,0.24619321622830648,0.0018373153149457797
0.6804943103911889,0.6022860423599994,0.8934201415230113,0.7270410555131881,-0.49934497792924903,1.6325226589253732,5294607.352173882,3997638.162939769,0.4093380379604747,0.9998291017352777,113766044.36046866,24025193.748051763,24450111.323976837,257089.82462454957,44695.697271589896,46216.628197462305,1.448800238877023e-10,400962.2507727377,69864.50821771174,73137.42028517349,2.2303458551139217e-08,2.297580177442204,0.2658874782986886,0.2757603669053957,0.00038841748869910625
0.2917392586310495,0.47801868683927257,0.5699159002272693,0.831300983610621,-0.4996664703155559,-9.902852678698704,5695128.1856294405,4641067.226408948,0.4341626443930235,0.9990524877057987,142179511.58852258,32583852.39900063,33107809.493824564,334073.3652435873,61464.5727711468,63181.12284320632,6.873115640718248e-05,492588.9258349787,90423.20626278971,94067.3332019315,0.000242340368510067,2.7267483706284925,0.26162910454576116,0.2741032045230923,0.001491675126121984
0.07925371282830085,0.6346430684546306,0.9540964377809229,0.7786317215957289,-0.49972632809345374,-19.46117040372492,4157122.5622410076,2459743.420562532,0.3606825477239116,0.999744382238921,127448310.61307451,28621636.154547945,29189730.014980447,351162.3133346554,60914.95110493563,63598.995695721394,2.191143685728837e-05,483508.96921960294,83587.06972473324,88467.42208321721,1.5712389770515805e-05,3.1684766829306206,0.2747572421020561,0.2991903554984519,0.002904312392310281
0.012306296547685492,0.8514482857563178,0.7227121012816697,0.8636628219077144,-0.4996735465559766,-23.091834219893222,4715011.236222588,3068586.9297886575,0.39896647265338464,0.9993032410404689,154530246.10657093,35358170.91638352,36167176.242909804,404767.2670243231,73883.33602242546,76874.079024225,0.0007537680889544611,544647.9535162266,99298.98234809865,104700.10987063582,0.0003264668121360197,3.392572230207591,0.2566212110511365,0.2909278238101563,0.0039018659371208787
0.046337438731301354,0.9112269165546373,0.8014498144625702,0.8486338994153902,-0.49959913344029017,-20.214799483846626,4485161.012085119,2738702.488110971,0.3897682072975481,0.9995092182480666,148189626.93308264,33751850.22624466,34505801.222356066,387068.38627053826,71121.99642199854,73985.34289498284,0.00024824886014235097,525425.905683202,96350.09099020838,101554.24853244271,0.0001279363258605038,3.290334029513301,0.2462690353049144,0.2794062578396121,0.0027459547796227467
0.9946370872593236,0.8363062416537149,0.9519729039179803,0.7392532351728642,-0.499324712202608,8.469778919593828,5524828.64959403,3959309.925001469,0.42676293422682393,0.99990371825994,118373895.73051234,23661891.498128753,24399105.915328342,248900.40155568765,40421.51983246751,43176.910621727395,4.17134543229377e-08,399975.2582851524,64058.587005054505,69525.57407577519,8.298837103658076e-07,2.123007153740317,0.24209479843007292,0.26232462006566193,0.00019062368828630472
0.4679710748664983,0.28363663610942114,0.6627100914880542,0.7677607874270453,-0.4996654163049842,-5.294442638065078,5811350.726965626,5124516.806310365,0.4255865198301548,0.9994580296464652,120603088.32712851,26197500.028442815,26637468.038621325,284677.3180852262,51266.29513681904,52743.16156068921,4.164212598683728e-07,434639.4552584242,78160.16288539328,81402.68677220013,6.7618787029304535e-06,2.48802763545088,0.28067502656629933,0.2902227628509724,0.0011016112120907496
0.15055728730644583,0.947361572560258,0.10645305206077929,0.9368725194322243,0.45973590806087944,90.0,5642741.552145948,2536302.7976587825,0.5178647811761112,0.9936567720006367,257089330.50020233,61780072.596927665,62863065.61557461,495776.82686512306,78773.63953417094,82516.42281454355,0.04416087869872501,748362.4679548,120648.54952033768,128169.6612942476,0.06603494564623935,2.8568365375743676,0.2034727289914445,0.2263344719168579,0.0010338687480907598
0.41433647645247956,0.4335903332294633,0.6080711828869793,0.8062415373408204,-0.4995503260075611,-6.042948819729513,5807543.797921683,4903165.01471996,0.43498527484037336,0.9992851609955749,132447056.23150343,29435603.41651829,29913645.121049643,305823.81798944937,55745.6936229574,57292.09300007211,7.190684238391391e-06,461564.4208678365,84009.62455679079,87378.08272932927,5.519381450673242e-05,2.5545383244098074,0.26608318640868245,0.2764302874489082,0.0011409842371733535
0.8052111993691697,0.3877097886398513,0.5785394116385902,0.785957390103748,-0.49946036840656083,3.872762810104881,6187597.725202714,5070024.772833832,0.46619923135414604,0.9994697036808534,131735721.28155649,27166461.23249622,27714556.98679195,270706.2620461316,46234.11666599489,47806.74364307234,1.5941240564224956e-07,435274.36057639885,73971.2771501297,77589.19932732226,1.6694991008907348e-05,2.14721420301196,0.21379792100842449,0.2242844606338629,7.589328123602296e-07
0.42818493045473494,0.8209567588635808,0.2856107822308853,0.8986412945154314,-0.49955464462063537,2.183637595734409,6000332.236866348,2648772.0282330676,0.5025195977992524,0.9975037457566959,209571246.98960835,46308189.55882444,47067197.07041441,376193.2651351343,60677.5929233452,62797.16312542735,0.0012932787707148287,601622.8653978081,95338.29972101773,100287.12009724995,0.0067265842011454795,2.144560061273005,0.17705475745574972,0.18815254057072367,8.299132260353919e-13
0.48927382814732423,0.9755087000100292,0.8327247117363656,0.8084528954259911,-0.4994752194210976,-1.024020351700044,5007651.601771032,3352899.965607919,0.4158958620112395,0.9997306471372586,132093714.12288447,29337263.40062624,29889083.602339827,298465.4286266874,56023.80239950422,57847.59574863199,1.1572014684113172e-06,447722.08903179073,83824.48882405092,87579.08618404751,5.009198088171058e-06,2.5405206021317412,0.24780003869271597,0.26271364231051425,0.0005554550024445326
0.7438213381721099,0.1785894774805689,0.7098712847964519,0.713780172009456,-0.4996554442916762,1.4062670276032176,6136577.660626885,5543934.932752935,0.4338601890220851,0.9996665369446723,109989830.37466776,22300695.736314885,22758436.99224766,248872.08613139723,42047.257111920924,43548.11214824003,1.0623110686890674e-10,397976.09493816353,67082.09621553158,70480.38102531452,8.077482789087929e-08,2.201843143629171,0.25038811407233835,0.2603402952350442,0.00011987546991839132
0.3876005052771212,0.983737310383538,0.5607626525251515,0.8648317857181634,-0.4995673833930999,-3.3922324646488344,5755121.43687425,3926516.2076889826,0.45542278701470307,0.9991075095232999,159760099.61483043,37580966.596916,38233031.59039563,340439.082904385,62833.72923566338,64912.71291488136,0.00014297771766163872,506930.1171143737,93665.81094892664,98000.56916005253,0.0004807694506722649,2.56687270569019,0.23111175965591085,0.24757013864944127,0.0004984052350465432
0.660928665620276,0.8655899544077407,0.18923883767077304,0.9084298589193661,-0.02292921536867054,14.335733290341826,6094929.771468705,2872142.799927119,0.537868514049773,0.9971551082211645,218367970.3408492,49852284.75200041,50641283.71017867,380054.38097595307,61038.77500096428,63245.50246813342,0.0012457254080825097,620005.2022695491,94558.67768978568,99905.28943286103,0.006584789893796721,2.398443183800375,0.20064344723041994,0.213197942514868,1.0452477765879241e-06
0.4111225032068152,0.675202262706341,0.3731825410397204,0.8785063544464926,-0.49960987582863947,-2.2413932704705877,5742453.661680435,3112591.6362295724,0.48182436665149864,0.9981880308815082,178221801.4751856,40565843.33773305,41192816.83979429,352045.1194968841,60537.757752926635,62398.16559457145,0.0005193769966152038,545396.9838255453,95054.39871805164,99203.05581344615,0.0029742913959064383,2.357261598491601,0.2064565020740384,0.21762906983370764,3.6437892173993247e-06
0.18311701496958147,0.741674825357809,0.15467841088809745,0.9263020474341535,0.057562295633522054,90.0,5962829.232946463,2559797.3729880154,0.5060576040999376,0.9948314514276755,256642226.2258666,60367502.20966704,61294092.02318171,458362.86180281366,74528.70375330151,77313.19381742825,0.020300576917670305,715557.0663281418,114970.8357007864,121113.20719886692,0.045517554122845146,2.4924198892838256,0.19038807229462287,0.20527813637122871,0.00020417873326922424
0.27189591453374895,0.5336580728784509,0.013248623361259157,0.9380346628286638,0.4964875314072128,90.0,5796367.777856674,2938731.700053185,0.5322561845754232,0.9921855090977664,248795880.5221436,61436309.10499825,62418437.06781334,478791.9206953794,82214.55584808171,85678.29504909455,0.03618945032543355,726552.8588743351,123688.09255684013,130831.56004021195,0.06153187432104355,2.8107548908869395,0.2378043693299925,0.25851379863269003,0.0022305823810452366
0.8484392898603941,0.8827610769802783,0.9408828404027342,0.7550669386491962,-0.49935587028255546,6.216722973223535,5317828.841888956,3735912.3423961652,0.4198231043436116,0.9998820084860987,121116053.63135366,25171140.761693817,25765757.971132893,258037.91858794488,44059.99551755103,46277.72836309233,3.3113291962471015e-08,407250.34813340305,68902.84462164348,73419.83962256988,7.652876998290102e-07,2.2224546955872957,0.24901267873282362,0.26524203785441713,0.0002768800719189347
0.32272397422685306,0.1757642641729709,0.5414117145741935,0.8095944697955144,-0.4997870565920409,-10.267390486712651,5768109.856307787,4943925.697565715,0.43343245980205575,0.9989766300714353,134768325.04153636,30434563.948626082,30956327.977775734,318731.86395306623,58304.98767109174,60072.968704057785,5.215469972977091e-05,477829.85704549635,86795.39634910505,90577.2878022743,0.00025262777978322335,2.6769372969153356,0.26442208451136745,0.27784118369400135,0.0011604530537036614
0.40405300895878793,0.21308164664387563,0.7287902228005081,0.7413655596215426,-0.4997870565920409,-7.817043901867083,5518647.855476385,4821429.383742127,0.4083846918635443,0.9995550864083486,113083553.45732775,24551206.12418215,24980305.70057172,282926.8964457892,51245.49311019643,52747.10477544893,1.5189340913162368e-07,426969.4543567454,77068.98361997539,80308.54731844748,1.5500815907536701e-06,2.580710511339327,0.2987507223830248,0.30898482793338644,0.0016794647396171554
0.4444349182048359,0.03232837648424733,0.5830373376408049,0.7673076117603516,-0.4997128917175969,-7.372515926479128,5944501.764103855,5384609.998466191,0.43107950206487167,0.9992381857926539,121098242.45193626,26131111.330436684,26632364.768062208,286267.4476128207,51598.62389552188,53323.80179353655,4.857260345743645e-06,440956.6397303264,78854.639324536,82598.01249551338,5.0206592106383624e-05,2.5051733730780663,0.26690181066193097,0.27966625256858935,0.0007654586231600411
0.4547724327974764,0.6684258574370887,0.5862097012211923,0.8312636518962473,-0.4996310202340908,-3.1205888692871238,5822463.0040482925,4539115.256708291,0.4475602780150856,0.9992511084273018,143037894.2531627,32309899.57447503,32828296.805112537,313847.6435273889,57444.61298646233,59059.50269272668,1.6520163795059335e-05,474862.0709845742,86847.2640636407,90367.68314934077,0.00012028209955936886,2.5005528882221038,0.24819779429642147,0.2591334393527827,0.0006518550381965703
0.7781530368847182,0.4816070138999833,0.44884590012676473,0.8329478708379926,-0.49946036840656083,4.891774635323958,6074886.4345887415,4025047.946939095,0.48961372098301087,0.9990840446419929,154295313.74374405,32566202.559137847,33163283.56976191,295289.684180091,49676.45360641995,51341.861806116234,1.070914276765103e-05,477966.4405720808,80817.94794533093,84689.289167321,0.000385261055749237,2.1072231194726654,0.1821686836171079,0.19319888314921146,3.072474390912772e-08
0.2113894926239535,0.48348695106628353,0.09990861813548663,0.9284305142531918,0.2442420341306647,90.0,6062378.866964484,2724250.7118441295,0.5109793009349066,0.9938956131524272,254497372.86769554,60604287.41646785,61475779.20124305,457193.6818326703,77053.80655913427,79751.17475164923,0.021331703870196988,717940.4084202285,118894.63072212388,124851.7814100075,0.05110629130842193,2.5479946871623675,0.21667443487773422,0.22998418955333091,0.001715952254681587
0.3973706034059033,0.726837299886367,0.8236498442269939,0.7848236121346868,-0.4996696738617702,-5.2827326229969955,4961674.881252599,3530385.3594909776,0.404978604566475,0.9996924026798492,124900661.61795148,27492502.54923628,27953979.43392253,299315.18530771625,54977.10193479643,56563.66149877784,5.643691469950627e-07,444702.14622185717,81699.93096316038,85029.4823687006,2.220995158589388e-06,2.6137172515846676,0.26899526623748565,0.2804668694037296,0.0010322197092949583
0.7193283720603141,0.5728958944967844,0.06382050977449544,0.9189043576655179,0.49919975868951194,90.0,5723112.869932842,3039048.141664529,0.5565566157984491,0.9957289652556006,211747498.29262275,50541948.57087827,51270070.798607245,393560.3241070594,67687.48442969416,70064.3823453344,0.0030555141451127942,617889.9192421087,105729.15052627119,110916.4392654868,0.013126814558334306,2.540201163768832,0.2187091790694354,0.2323944091133412,0.0011453281300948125
0.9447520009320403,0.42775400050497564,0.4418049310266636,0.8244387940051726,-0.499227929714117,7.643794406072421,6195418.504694427,3963829.5748605933,0.5014531249743429,0.9992107098806238,154922703.20472285,31821456.63403197,32483321.818872735,284799.9105615418,46354.20670010438,48281.89866803224,5.1878862197566e-06,473337.57706538617,77258.9393030199,81691.98800636707,0.00026161018967020853,1.962482181524873,0.15381346130478177,0.16728266735400651,2.801165192221874e-10
0.2782564498464601,0.1679548679047265,0.7481392056394213,0.7440288646511631,-0.4997870565920409,-12.790928638295457,5227729.441590136,4466229.264513056,0.3956288993022781,0.9995292633563586,113838030.96581781,25172926.354551293,25618619.137314625,301001.7502827543,54816.613516070895,56485.322225580305,1.2620276289919453e-06,442139.39806656813,80190.88165348765,83660.79246964493,3.64244769380717e-06,2.795546522734553,0.30569723343449096,0.3183449110796994,0.002832269084932983
0.40715807676386057,0.724674178705325,0.2794598717932518,0.8973803451340172,-0.4996342013731725,-0.3385884056454796,5970761.131723968,2648095.948377078,0.4995165678944293,0.9973920414748718,207327909.995765,46248189.318853565,46974718.06106825,375670.7866964453,61212.2413312844,63252.57211205962,0.0014445574106559866,600416.2147841835,96543.18474235613,101310.21058338635,0.0071227442858873575,2.159209988928364,0.17730996668338128,0.1879920837520641,9.90090691013592e-12
0.6200651328683552,0.7994823355544473,0.3538922077342341,0.8798304570304493,-0.4994430637611006,5.528394455233682,6023710.772340363,2992650.6377536254,0.5036300152363818,0.9984249128927489,186478758.87581,40685695.75243745,41367905.124607615,340203.04041381076,54903.86715212174,56830.14869283557,0.00020703964575418052,548200.5295866673,87917.86593144754,92425.55896790959,0.002312076712469482,2.095033536888055,0.17093118593554046,0.18175541414213434,8.482471183466985e-12
0.24958952377705984,0.9220260553919174,0.39649419065744745,0.8948995459344833,-0.49961075512300845,-6.171567867356906,5653760.571083204,3012630.351652172,0.4727118359097618,0.9980396160988915,188850656.48681808,44769932.28982283,45481249.3327842,387842.7810890197,67194.66733174249,69573.744243341,0.0014894029397019065,578762.8799234445,101562.73218093533,106539.7819303569,0.004812271057979681,2.5795661086115795,0.21427773027560482,0.23030008247032144,8.480241391107068e-05
0.10750972210499313,0.605598407024312,0.9319860983311128,0.7752382002695006,-0.49961909219525635,-18.06081609623431,4244021.380196501,2614831.3779247673,0.3653103068638749,0.9997289758972471,125657832.99421011,28043622.163992234,28561795.110913016,343969.6789626516,60497.105246349194,62849.45526396054,1.4172659170713434e-05,477754.89264782495,84006.34600680838,88383.45498646822,1.14445262793746e-05,3.1068679116728815,0.28135038062575884,0.30139111990768613,0.002947567360901707
0.5893971013246151,0.43169063751235776,0.47765100750199774,0.8298437123700543,-0.49943766375665954,0.909986673812573,5969862.0059734555,4392079.7484045215,0.46971295272799024,0.9990031918293424,147604793.70880818,32154203.404494077,32712973.042494763,302617.0441059783,53354.15631722636,54943.336653713755,2.0136736925690397e-05,475139.2929931068,84014.8705400939,87627.8813778596,0.00040797819980801765,2.2946083104694117,0.22546217565509705,0.23596119863171222,2.8877293252482815e-05
0.2580066351701329,0.6570279319330015,0.25315819152490043,0.9068306356027321,-0.4986405466482866,-4.731294937991152,5879630.991311481,2521704.120575789,0.4916293946947461,0.9966570544109372,218996180.48420104,50755642.80042931,51509505.87302749,405091.6621591799,67399.105826498,69625.68288919442,0.004376469132537082,635863.4857076477,104985.6627263184,110043.43580262181,0.014977216382444725,2.290760579753356,0.17787575021231689,0.19024636234134382,1.3879797590268752e-08
0.9615344703069262,0.05585696632548001,0.16196854376344236,0.8753880651923633,0.14858420423002078,90.0,6503800.60342981,3208758.4008305813,0.542784399902391,0.9976912558835386,191801392.66758615,35685766.74823125,36689101.77949158,330376.5508432327,49490.68087220238,52464.68279921501,0.0003737205897050569,563354.4235889922,89269.89898573338,95547.60940521375,0.003178617654534313,2.1513941494312787,0.13469732023766443,0.15653831026236975,5.212216746777242e-07
0.5716366732319688,0.5592014121449861,0.09406902437180784,0.9175391725766372,0.4954981836569204,90.0,5860970.901966482,2876437.0309644644,0.5401975224097898,0.9955846741654041,220201275.02711505,52927955.69675276,53651695.17784004,398576.54000292276,67348.21700330584,69564.00925342485,0.004040911680815106,635460.4110619788,105483.73212668253,110530.10258827412,0.016546914673633353,2.5023301667254345,0.21783904727147912,0.2298339727618525,0.0012981896430570561
0.014935926894495894,0.9063583515919074,0.5759215992664746,0.8898512972293936,-0.49959913344029017,-21.279434210907947,5277755.9251884185,3575494.7429083493,0.4250336715969932,0.9987568076363342,172147729.11111104,40881636.11898053,41741800.749822676,425109.1514075373,77411.17498434949,80622.2668201797,0.0037369084376625513,577989.5611316966,105840.97897917558,111658.95097265206,0.0019606807608807055,3.2996551196491684,0.24334192905783633,0.27544059609234256,0.0026323149054675713
0.6091309598497938,0.3824508640271752,0.037711318794279365,0.9218940483763083,0.497847447786203,90.0,5851526.438210707,3075916.451143079,0.5482177026146674,0.9947844635866165,219819089.83152667,52331407.774113156,53122320.43030145,403550.6915463698,69839.95453624876,72447.99523849998,0.005197665270050381,637078.8532467685,110157.14925830967,115754.77832616893,0.020649074445102618,2.549806073159657,0.2244326854649792,0.2393959973180549,0.0015674509646915163
0.05057363728023786,0.7607274614635935,0.02882966644283272,0.9478151455330596,0.4979455593727131,90.0,5692980.476348326,2761130.5683084344,0.5195018066239159,0.9909189936765143,272723881.24428385,66488143.27632794,67832296.672056,551954.2121500139,87689.46209241111,92926.61142667946,0.09589970428307455,801673.3422327301,129897.97392896963,139585.5641262111,0.10564330628638383,3.13411799065017,0.23316265145280587,0.26569147383097796,0.0022272149846135785
0.3123577262662512,0.9950189472550932,0.5435073267440625,0.8725611939038422,-0.4989721967494388,-5.378519653574849,5708821.834501068,3817576.796800652,0.45342808379646066,0.9989653938194389,164832098.15771812,39225172.44368887,39915740.74910916,355662.5919577229,65514.111570832545,67749.17339814427,0.00030956765539225095,523037.65573700727,96563.57432620139,101148.26150172006,0.0007929145266427118,2.6532887075713836,0.23221135534060552,0.25074879370850495,0.0006402915048841112
0.8588737832036666,0.216895466837909,0.9785156241615995,0.5994893319900887,-0.4996568153578831,3.7665993253561805,5503947.385402949,4271913.202099687,0.39762540205360625,0.9999005231560227,92161121.20335217,17647684.166918136,18118950.650428455,221527.38585153013,36673.046751326285,38809.62129540604,1.2430158104155807e-10,360639.37391642964,59022.02972837097,63503.909135273956,3.086878757779383e-08,2.1372070854107252,0.27561168187543417,0.28954479960659574,0.0001897877341507382
0.603685621005152,0.5834302640251046,0.8695144498818729,0.7357454443124685,-0.4993578043875172,-0.2738562094908438,5235384.267827249,3971311.5070530055,0.40766764009853795,0.9997955544878575,114568444.70843185,24395955.98565491,24814616.48180084,264378.32464958477,46727.75086796585,48181.96720376428,5.998387891739786e-10,408068.3229853994,72316.3482283913,75461.63021764775,3.565996249613243e-08,2.3699712537485103,0.2703793008101083,0.2798166223716754,0.0004809921119545834
0.7654343986372059,0.37556243657184857,0.1577362523531505,0.8949168624037358,0.2422807273970154,90.0,6295363.397179497,3046292.872981161,0.5379242789708919,0.9971292326172437,209584312.95186418,45180942.34629191,45934206.323978186,358156.57332918723,56093.91089139225,58226.23408903108,0.0009133196461043893,596570.7280334246,93283.81690352973,98287.26061766145,0.005322317156721676,2.269266659046367,0.17439835158598252,0.18681040833931462,1.4876976469357027e-05
0.20436225066584093,0.4051150490906384,0.6032525869884122,0.8262151765863983,-0.4996664703155559,-14.291165494221199,5518440.891568967,4582790.126027973,0.4206827165955675,0.9990901397624482,138862059.05332598,31596840.345567297,32123707.45786525,346096.6422088609,63398.06834517723,65241.31098224343,8.532015063847541e-05,499196.8148362203,91391.34756668561,95186.87646867902,0.0001780475812373371,2.915363681443966,0.27007009107972874,0.28405815009419116,0.0023728453121806947
0.22964780938433133,0.23472414526748775,0.8511701626233872,0.7239019105209819,-0.4997870565920409,-14.421666277373737,4746519.90313859,3634184.1825465793,0.3772654319447159,0.9996720313558772,110402689.577201,24517077.059614044,24940111.587413006,303810.5429018122,54868.91053838273,56628.479175837594,7.518763832671513e-07,439899.0033051138,79215.91185513517,82763.35422683226,1.3157844702621844e-06,2.8851501702486435,0.3169390827723624,0.3304098621926449,0.0033593163288148987
0.35096415134393666,0.11545981713103233,0.3932411344688867,0.8459860429461392,-0.4997870565920409,-8.477255437622423,5577686.115464515,3720943.8971623047,0.4593120485049584,0.9982259457753924,154769153.3629221,35289579.64020452,35859960.53278295,332665.7595294268,60521.958974193236,62478.72950312557,0.00043842878682362756,507999.0021865757,94419.55672542372,98590.16139458923,0.0020001839336775537,2.5227038027776185,0.23102196619079254,0.24493261771084474,0.0002250550071978188
0.8688970296116071,0.2989787010537088,0.8232886752114835,0.6832410441722979,-0.499227929714117,4.096669906738095,5965493.711498027,5112681.052553258,0.4262801139074898,0.999815342959733,105078076.85738866,20765865.948307946,21221718.703519344,236656.09223615634,38996.78666576009,40567.18018644824,7.322868809076097e-14,382443.0581834564,63066.57607113891,66543.27179781096,5.286641271263971e-10,2.1139378962019477,0.25061376519418904,0.26054784679548126,7.865404010533688e-05
0.5989513853732318,0.7369938514707347,0.5039256976092377,0.8475585994317155,-0.4994430637611006,1.7240479091342513,5964188.063169344,4128827.935612791,0.4738198598898148,0.9991079360398346,155342054.35289225,34553373.086643755,35137642.85067829,312446.18658493593,55309.33687992189,57000.26099041458,2.45907786956739e-05,486641.5849901879,86231.47051030865,90028.87996570654,0.0003507776348033924,2.3080597072809432,0.21905268082683987,0.23011600840620122,1.0109673497747397e-05
0.5297401966417544,0.7931130807226213,0.38306344621058136,0.8774781219146253,-0.49955464462063537,1.4834573418734547,5889117.921195001,3135307.4706132715,0.4917302670049124,0.9984559975575373,179186154.86103836,40016491.26819035,40666663.7573236,341826.10845005605,57064.835008258764,58962.33680952999,0.00024908099700850374,538728.7105167601,90447.28763115837,94756.73251064226,0.0021940668299416195,2.2299030527187185,0.19291600185208113,0.20403140685301507,6.848257292699691e-08
0.5112226571807135,0.41720804306049125,0.6047107162173405,0.798129812913357,-0.4995503260075611,-3.2003806128714825,5932079.563258543,5034609.07588604,0.44183979365942727,0.9993465066880647,130846067.613594,28588614.89465586,29064139.290789086,292821.4726107929,52738.89542549446,54231.588333456304,1.971476550542478e-06,449851.5317836454,80870.47976396386,84186.35278927282,3.328012367879401e-05,2.433854291700843,0.25796259669712257,0.26768695925879804,0.0006288799528919075
0.13623768796590657,0.1358701865652486,0.2433045180386066,0.9027541989895956,-0.49960702535083934,-14.40900033520321,5648461.849231204,2544545.8987230007,0.47084017776229187,0.9961073234978326,203782542.09955102,49240807.22895113,50018145.47022071,413596.5092289922,73382.09007063524,76073.02321946611,0.006585167521975047,632135.7067403641,113930.11358869933,119584.75939014796,0.018594547386566525,2.589809626952339,0.1844713035634926,0.2035857435037656,0.00010420600256373843
0.08727997087488681,0.15070236295049605,0.9996218541552581,0.6814314080218637,-0.4997870565920409,-22.21739784897925,4053148.0588185024,2462352.036330743,0.3427661465036107,0.9997901902190608,105352378.45829146,22863482.64242785,23556022.057794407,321944.0692435674,53019.64108630876,56594.74366863566,6.133626097092594e-06,450142.6687543284,72702.70282728168,79164.09783054283,5.835016516161289e-06,3.1279893898408164,0.3142787145267274,0.34945627842255095,0.004246191705249886
0.7413517430491784,0.19260650336119858,0.9052882400322244,0.6345714189891655,-0.4996554442916762,1.4483020960359336,5570376.122392121,4604920.563369234,0.40125556168453147,0.9998481074386343,95460138.4091167,19157496.753137916,19551483.022135913,231225.99615438993,39751.1523878159,41309.71181172632,4.979865585313307e-14,369534.4135370408,63381.98475581109,66757.43592328708,3.2456504816969934e-10,2.223045416056728,0.2851976849842017,0.29505507173782336,0.0003028969188036103
0.7328518414223224,0.8484223423076632,0.1993981977071995,0.9050170038786451,0.3699533984109889,90.0,6189345.472659656,2962015.3784692786,0.5407965525475386,0.9974549270255436,216300157.4393763,48685272.491144925,49478679.999106005,372122.8490788554,59396.30294695578,61582.11389979198,0.0008274032682333609,611780.9241506424,92737.94298974979,98071.87629289893,0.004903981609536623,2.3756239065619194,0.19482177875679374,0.2074634236382238,5.558394470714392e-08
0.6492813640046713,0.23898407950145734,0.7797776551683419,0.703431551152344,-0.49964094438472706,-0.6892343738905683,5762657.4381347755,5029030.881948337,0.4171122881232717,0.9997213436932264,106268390.56478257,21850553.0713642,22271614.835494313,251512.76163221896,43718.3512087151,45118.19804392436,1.945991653833449e-11,395493.34700398194,68612.74156897128,71747.49872560731,1.1007905297744515e-08,2.2971554881843383,0.27927733912644465,0.2879355335802299,0.00016462887255553366
0.7541428312189712,0.3333914892198175,0.9911628599486776,0.6312639264735931,-0.49946036840656083,2.275453216909962,5236677.214392231,3871375.220098068,0.39144882840222767,0.9998940462351331,96876701.5497932,19183444.58178244,19665536.049914226,232165.00088001924,38633.351606983095,40700.829580387785,4.779388239471555e-10,371239.3072776456,61097.215764836095,65448.55702869829,6.852982256413285e-08,2.208208501692601,0.27985850425658965,0.29458951979466336,0.0002805153645417498
0.03955014098224024,0.7453140742850138,0.48497735644745055,0.8927736853859671,-0.4996696738617702,-19.593490607370555,5406401.21033999,3584730.151966317,0.43806538380955895,0.99827433032456,180578941.28475726,44288203.65084496,45049153.37054043,424762.0834393137,76735.6483247417,79542.66969631499,0.004059899347417736,589819.5271633484,107520.95807527156,112876.19233533567,0.003964556880123764,3.170119718083818,0.23859744119581153,0.26513094028833123,0.0016570612890643213
0.749422357193252,0.437204566222713,0.5658095012132549,0.7979395150621316,-0.49946036840656083,2.989505527456633,6132379.555828225,4945851.4646409005,0.46577293675067094,0.9994074940867629,135086413.36306742,28305787.764542766,28842143.52600794,278157.3334794168,48209.550540582175,49747.17945547278,4.851913041763175e-07,443497.20895811036,76544.15579442099,80077.12825324712,3.15256775965643e-05,2.1904460635440364,0.21963255288233224,0.22965834667918064,1.8921628757717385e-06
0.2673943027864274,0.9424151583919337,0.659409931203852,0.8524780169574006,-0.49961075512300845,-8.221149439528293,5336919.931687475,3718846.6314389133,0.4291224786793827,0.9993154847480797,149786551.55762574,34915074.058335535,35527966.57682716,347495.9661319571,65203.869728838195,67298.79939902246,0.0001107577676280992,501546.21150140674,93927.36116548743,98140.3907513012,0.00019114598254244084,2.7966324023717544,0.254242502067231,0.2711393189748572,0.0017456525078252004
0.6240027166259318,0.07758951059177008,0.645565912487148,0.7324548838099609,-0.49964094438472706,-1.7664091471492873,6145076.849771381,5652811.851227395,0.43396642336461155,0.9995096121448409,113533219.93424979,23618185.08718189,24087096.69507802,260027.39784731864,45278.359083549854,46843.45337230035,3.475642653726648e-08,411094.63555025373,71303.83634986747,74800.07326807131,2.63227034413944e-06,2.2977033611564566,0.2576542710926918,0.26844621819037673,0.0003268980869665306
0.6952859528841837,0.5207845065808557,0.49188132692540837,0.8286173986623838,-0.49940615038480274,2.9290128578064905,6042085.366955521,4356998.813717194,0.4770979749538205,0.9991567465640626,148564104.7951881,31840699.936308865,32410768.492367808,296060.34566851094,51424.0145717377,53015.309343781,7.800293769574511e-06,470457.60683952936,81763.42574674457,85423.3340598799,0.0002311387705307919,2.20886918253005,0.20939727356079896,0.21982781438638413,1.3978772742470445e-06
0.11829490560221989,0.30694509338774156,0.14548920456048328,0.9248530926511968,-0.4704756557915345,-9.804583797823236,6239459.691585142,2673847.16685897,0.4913736659047537,0.9943394367788808,256992448.97325355,60225612.2306322,61158484.501011655,457838.7324018947,77836.21485493006,80716.33410136739,0.021953138147600085,716653.0289476935,120422.43720650912,126674.17452050323,0.05138697652162861,2.407415827759998,0.19794933703878054,0.21231918150399934,0.0009737342909105134
0.1899727789657099,0.45524859029608206,0.17815327085718935,0.9170013823414748,-0.4931279998204874,-5.366730965542268,6123755.833156704,2602082.5748222456,0.49468730149521845,0.9952961785375726,243880062.49994564,57579819.77624961,58416519.92617199,433676.0164877125,72940.40580936086,75412.41511794242,0.011301878655048449,685489.6821468968,113309.98940914086,118900.99989448779,0.03366755530493764,2.316899835759313,0.18510467905115055,0.19778009529964735,0.00011841892230480778
0.9866950550013501,0.423359166942989,0.21631579082477354,0.8789683444510631,-0.34544705904755,15.544029976076896,6614945.883715835,3316646.7209497057,0.544740497232908,0.9981680748906503,204243286.93220657,41256454.13886568,42137145.28405318,334658.764900237,50660.24459064309,53113.743412961274,0.00017832372202492464,572549.8522518275,86548.22714166134,92223.27153229923,0.0022611282358151533,2.174479839212794,0.13650982066953332,0.15429611140417315,9.184751244520915e-11
0.33936145540053214,0.9241471436065548,0.8809315564959653,0.8010690323913523,-0.49961075512300845,-5.961380177729562,4686152.759038059,3009297.6383867064,0.396518379218518,0.999739607682615,129761357.37125945,28594893.18853959,29117106.64471311,313016.88959206286,58177.74988489312,60105.73901354876,3.6016816655560734e-06,457582.7979629065,85033.56933837321,88877.77297106807,7.141642430663747e-06,2.7012173621845976,0.2613988613320336,0.2763733376008567,0.0009142570259352198
0.3956137127355715,0.20115693994882966,0.1816423073422811,0.8980990651816196,-0.4970621002204839,-1.6705042034196769,6341162.693198888,2799821.6588837598,0.5021247005952787,0.996210937531911,220150948.75437203,49064480.37741413,49845737.558228865,378250.18618303264,63012.07880691882,65244.93264038822,0.002973981443424939,621620.7515666918,101909.78662788325,107092.60023472132,0.012283120074929989,2.123189143871955,0.18076882460562038,0.19226877458033792,6.599036763599139e-05
0.6688582437285286,0.0742281058140551,0.32094848322182956,0.8430196743990341,-0.4996337709586586,1.9507251643972123,6022994.814040011,3320565.106756146,0.49361821409524903,0.998310142884691,162713429.67646593,34360601.03132223,35031861.25257018,308106.8461184323,48924.35220153175,50994.91261097841,0.00017245862141131426,507965.98495399184,83938.48999081313,88570.51304256014,0.0018952568055730095,2.0315178753013936,0.15039015747432535,0.16454913370908708,2.015103207454209e-08
0.28032865189519784,0.6773229661518284,0.3037998938733974,0.8980424376131247,-0.49971064372910234,-5.831994096366617,5711562.69408306,2619863.3583794073,0.48478484650673237,0.997297952867465,201350708.47705215,46651428.015979975,47345733.442567855,388671.75771907775,65794.55075275888,67902.25634414236,0.0022846843331358856,601369.321669223,102500.46529733781,107189.48057416531,0.008704869699988748,2.3701299274698386,0.18674303199657766,0.19922016238767187,2.7305611192493066e-07
0.1378603680709106,0.29600427292747883,0.8557623561173024,0.7489250533820337,-0.4996664703155559,-18.805493020721958,4542945.929143734,3301319.631140321,0.3720269253287112,0.9996444958319719,117545953.40403752,26412221.003557414,26864413.935636546,328455.7980609696,58750.49123446516,60733.39247607934,4.699472931782153e-06,463001.84768185974,82774.79087605554,86627.11681967713,4.6355814270434255e-06,3.086085799298583,0.3053369179637904,0.32149132081613635,0.004075749039456775
0.9309259481617691,0.8740117199958021,0.21835303207032658,0.8989511007146899,0.21468000082451227,90.0,6359132.351600369,3212928.0917924456,0.5523750600394671,0.998066369741603,211584160.3352354,46697260.44050529,47594027.96063872,358066.56848609954,57319.10864522768,59805.9305605108,0.0003261228486971673,597007.0747954379,90516.10061990668,96463.66762622517,0.0027987180992308934,2.4224809056433734,0.1852846884474878,0.20224290397451467,8.940370385202671e-11
0.063077775054259,0.8016407923593917,0.6721833755726084,0.8611145933031722,-0.4996696738617702,-19.566975498124474,5000824.965496851,3482815.7065658458,0.4095184350609435,0.9991931085227821,153292073.7303205,35140135.918053456,35836111.523864314,392649.46041501313,71978.09672663704,74558.76008906707,0.0004727686833722197,538098.3745373983,98739.6968258158,103581.13242826836,0.0003375866576879011,3.2442255765023065,0.26179632418058235,0.2862135920141383,0.0036201972235164054
0.4838447301378176,0.09046406733630309,0.19472117916318615,0.8866871133061869,-0.49605852202267897,-0.5732622403026356,6387388.871922358,2882353.5324440305,0.5032060078586864,0.9966968125294751,207441506.37716213,43918997.65166912,44721654.165602006,357732.1556240535,58176.34742477871,60481.98042431479,0.0016982149680601793,594485.477066155,96652.17192399083,101927.3569524414,0.007771763883909779,2.0621627735251824,0.17219418949842638,0.18469098534030579,1.757565358169419e-05
0.4981019479211926,0.03685770473016094,0.6560856203305262,0.7337728390073528,-0.4997128917175969,-5.51464437603826,5963500.50014435,5525074.224851108,0.4225161833539179,0.9994624318357348,112262757.89437157,23903370.92796949,24364593.782957137,269992.4497544843,48339.828337574974,49953.844715117506,2.0484326713097683e-07,418380.3164853484,74515.1667632493,78038.79504249558,4.477114563432098e-06,2.4393051835392727,0.27876048368157413,0.29028714987539583,0.0008058917063527922
0.7587825020643127,0.0017580550776694936,0.7842208023589926,0.6463021852768451,-0.4996554442916762,0.9031908483049709,6094960.083882035,5618047.1844284255,0.4178366354955181,0.999757293939716,96363854.22100383,18836068.154893458,19310859.55735474,231701.3304236154,39449.38081899643,41077.529752195995,4.835355189219589e-13,374121.4021136477,63375.23883038308,66990.135114626,1.4613294992572448e-09,2.1828466538500204,0.2673040439595051,0.2788148075489679,6.190154929489061e-05
0.15667538277368648,0.12439902356812764,0.3438488154876312,0.8787996615824976,-0.4997870565920409,-15.379852760652321,5276369.234939402,2994958.9198869052,0.4544641246681607,0.9973838147999142,176634800.37017956,41781355.76130621,42434054.54618356,385477.00829740404,70984.27767282212,73410.3454947775,0.0022825717364957586,568108.8799565326,107650.89659563701,112590.53034867017,0.005840701375473662,2.80840211364717,0.2106391806452206,0.23064082861549023,0.0003636080593602996
0.7115177029962608,0.9678011270262238,0.34006377136678967,0.8879132012530536,-0.4994510820708511,9.29788236027957,6208032.156261364,2921807.0449053077,0.517264573025847,0.9984857956629256,198024886.7147829,42208311.062270276,43002574.86509108,345145.62871584215,54767.633415943244,56979.85698598247,0.00020333151172705288,564251.3337712452,86673.71171059059,91918.63027959107,0.0022628619779527215,2.0211474182047087,0.15731756843265066,0.17011855420808866,1.2766448459366381e-15
0.49137443643456974,0.41241237410199355,0.813333312268429,0.7338472936288316,-0.4995503260075611,-4.4611415771303715,5283125.838961594,4241032.994399057,0.4051807075590125,0.999711079079334,111943364.51218097,23937860.573056966,24350643.541339412,272456.8469838766,48797.93794576034,50199.99350350543,3.973424008899932e-09,415254.3828462948,74336.1353365002,77392.47514457269,1.0930080662597043e-07,2.4793336860158246,0.2872580067415509,0.2963334117231986,0.0008824499803077564
0.15433883179508198,0.6085348271124682,0.9357547165768316,0.7665193909410859,-0.49961909219525635,-15.062960824570272,4308267.729156065,2693546.603558978,0.36780050584203844,0.9997461663801652,122741565.27617054,27292740.29556422,27783068.97121727,331810.28444884584,58534.96986254728,60722.1138645904,7.4621143371687805e-06,467059.66441742127,82352.66422905511,86509.1415092816,7.586108761446995e-06,2.996420903056405,0.2870971246109257,0.304680363849387,0.0026213484243258474
0.6792928817908823,0.40033199296812727,0.4182344004394374,0.8385462180834589,-0.4994264313998683,2.9407435266731685,5987236.239916229,3874068.9586947667,0.48577650215690266,0.9988538446429134,156007518.87763175,33430374.32892406,34013733.3205951,303228.5172519114,51210.460299854996,52871.92730818067,3.231195055263265e-05,486850.81629837333,83350.96002378252,87176.71702464437,0.0008041017634938046,2.1656069598247365,0.19091750604891397,0.20151130262605058,2.9137962770782544e-07
0.12790746536847983,0.8233499432123849,0.44659890132186464,0.8924721390284469,-0.4996696738617702,-14.297019529586553,5519350.147141901,3374488.337050091,0.4528141723286091,0.9981708288678619,182947902.33871222,44565861.61763315,45268007.53569005,405567.8787097471,72881.41568468,75395.63196419604,0.0022364001660903545,581004.9068693968,105659.39852100122,110682.4098349202,0.004237203186970145,2.898137365762428,0.23267571727339537,0.25283001384777115,0.0007715938369327762
0.1925853297652796,0.4925466555334617,0.858050068785011,0.7652233059530072,-0.4996664703155559,-14.206518362900571,4588635.913532645,3218433.223298097,0.379977970631116,0.9996671653014269,121257222.89354593,27026996.736212395,27472352.74934614,323796.51007044496,58425.26817438987,60236.74037959791,3.552279617011768e-06,461595.99433132116,83415.45707666334,87016.19095309226,4.3405732299317995e-06,2.9434143218423134,0.2924726831891901,0.30624992050265565,0.0027558107224811825
0.81279273205164,0.7544228340316007,0.4231877582378136,0.8581121089438937,-0.49950100111142315,7.984497103313074,6107985.049414323,3478863.2618677015,0.5039879895152255,0.9990197918559791,169661526.47064328,36123630.99124204,36778914.95451655,311066.7542858821,51439.701020141525,53300.052851542976,2.7339334394107606e-05,505991.698651851,83268.05126116151,87606.27822535038,0.000663644466678721,2.0558244142379363,0.16331625068266165,0.17533736420478668,6.270657975858263e-11
0.11392276946816499,0.16314632059948922,0.20928393569040393,0.9119725063293734,-0.4975126359226195,-15.652955512716296,5900121.984011372,2558795.964404372,0.4759497841296358,0.9954909168306788,221932260.49179435,53532972.14255465,54368080.35558147,431014.76399126,75429.31944796386,78258.6468787594,0.010975060134396713,664738.6712199898,116926.99104527192,122923.09965697788,0.02961616544528841,2.4849382935648756,0.1806952233500267,0.19859926642182205,0.000188439005682618
0.7046088243699207,0.06594428554314644,0.740588028224884,0.6838201346967262,-0.4996679820182366,0.10881703871260918,6078527.348781476,5594383.472971065,0.42310611207767623,0.9996930344615386,102935881.95846555,20703643.913569648,21162607.38879534,242722.67563081617,41530.73408021537,43072.33061391561,2.5167177327948657e-11,387777.51602877665,66088.16970685327,69541.31562630064,2.090831166932067e-08,2.228728512185396,0.26542063280968414,0.2761093092789375,0.00013688937737080275
0.4718552684094741,0.8291504855348726,0.2702400030268116,0.9001396968822898,-0.49955464462063537,4.3280211608353145,6100166.082493134,2678333.0793613973,0.508654232683123,0.9974678175852394,214194100.9021807,46641126.99661842,47421879.99470389,375144.0151485826,59883.542800564086,62005.755041950106,0.0012092629738654286,606169.7766463725,94128.14039201898,99169.461735427,0.0066328283149979924,2.10769899936435,0.17550319185425317,0.18627744350435269,5.632694679878459e-15
0.48273992358999834,0.003603087168610563,0.042221750934081245,0.9167673694870537,0.30108592672187917,90.0,6113028.926912754,2908837.8476653,0.5281178816016183,0.9942300663274805,223197045.09351587,50765814.640556775,51699672.37010306,400199.94329036906,68935.09134787062,72096.80032410478,0.005914121213433896,648256.8579758618,112136.1726408578,118762.7443152467,0.02530752432827217,2.4527645668473284,0.23211357237833913,0.2493363280539291,0.0017247116498615694
0.3656535171305063,0.15999701293480495,0.6203045596452819,0.7773339908441832,-0.4997870565920409,-8.907410264573171,5785866.884260558,5189208.759946964,0.42261926348917384,0.9992850457249762,122761301.49782284,26969280.976516455,27437221.487650342,299460.7048701116,54500.97816779053,56147.50284989341,5.756317867821355e-06,450972.30454506906,81755.58461951348,85285.48057818828,3.499875729466636e-05,2.6286454454455117,0.2790634884087974,0.290672540131814,0.0014337043655090547
0.5612679978929362,0.24843054457412847,0.4877308693828528,0.8126862280869394,-0.49966968684370716,-1.8854681411277998,5975375.563396108,4714219.319681229,0.46116151318800963,0.9990151517306706,139342258.2571141,30174176.835048176,30718391.33885107,295185.0111052675,52371.61060222822,53987.15373870325,1.69140868774344e-05,463236.9612960588,82224.55402384262,85865.23423612531,0.00031681785030066766,2.3229295353692847,0.23487807607505462,0.24598053561052088,0.00010395174772919065
0.14885783758258264,0.4594015057006173,0.981992095635708,0.7303838728510131,-0.4996664703155559,-16.437792274419124,4203723.942030364,2559601.4477246823,0.35658644101231374,0.9997884799134117,115111376.80109765,25603104.25339463,26137894.96575197,322598.25157606794,54803.394804104995,57416.25029372919,5.164052821388138e-06,455334.6320460086,76637.79572390062,81550.56668880809,5.8889880200548615e-06,2.988400550468401,0.29910394680227653,0.3214857496703178,0.0028382358169030055
0.1727615103050156,0.048518030943846824,0.5981355038112492,0.7999556182823705,-0.4997870565920409,-17.649662482403013,5482644.3479395425,4833605.036724764,0.4104326706973111,0.9990434846448771,130025757.48325673,29073974.605138145,29651791.149642702,340127.82635169395,61672.90338662402,63824.81416798302,7.634682573103164e-05,490771.8694785202,88559.80801136434,92894.37693364953,0.0001468766941273263,3.0229753132419157,0.2707780938771591,0.29056184877393143,0.0028088964097175615
0.9126595563383771,0.4647810839380645,0.6956902945941016,0.7546675655390037,-0.499227929714117,5.897022164681465,6146041.605392896,5132808.787879653,0.45540061080051186,0.9997045981776569,121732746.45209336,24824049.34913805,25359766.501016125,255861.2458940633,42516.973783849644,44192.89373658981,5.027153487085913e-10,413332.55864341033,68371.53353706334,72129.18276691563,2.7099719793092333e-07,2.1203287062132987,0.21584315717694733,0.22744353109120263,2.2107661240766142e-05
0.29919736914316836,0.44343733981387423,0.7434686615986902,0.7796080662827511,-0.4996664703155559,-10.33215634516091,5172586.175496639,4123983.167454491,0.404630473946978,0.9995296504553216,123060867.99261633,27349003.58070707,27796649.156477872,310152.7786686028,56518.65195975386,58099.967814411255,2.4056667945265772e-06,454646.83861079573,82742.67435148296,86065.51811969501,6.916070980903056e-06,2.7569810925626532,0.2907159085465045,0.3018873357061491,0.0023616675355742425
0.8081004986505662,0.6951838352697308,0.4725181530390674,0.8434432008144711,-0.49950100111142315,6.892512397072021,6083657.383296903,3901477.4790112167,0.4932594627636464,0.9991904071406827,158438680.49477157,33758481.797739945,34378929.52145822,300032.0511595385,50935.64855737474,52690.33339429683,1.0108528657968664e-05,483648.0410567205,81919.87086371073,85969.71596070759,0.00028620130491476394,2.11234861488141,0.1805211288293118,0.1921075862673743,4.811403525774009e-09
0.7880072497905366,0.9876594063285381,0.8922410467887638,0.7843459802226214,-0.49937992215236515,5.676511521036778,5287598.853820858,3663186.496698037,0.4265516662838279,0.9998464704332828,127768378.22515611,27534235.53586447,28130240.80950919,270029.525882792,48646.34696626059,50697.76750278617,6.139269099892679e-08,421231.181375662,75444.72800075066,79645.17458331113,1.2042992236867253e-06,2.298949230805475,0.2397175608559444,0.25602027601899147,0.00031039142582627125
0.8210307967930142,0.7202882071219748,0.3152275774174811,0.8771993278161999,-0.49946904514004564,10.590454021008458,6364403.399287656,3083751.585555452,0.5230134248632348,0.9985149563039349,196929064.1107716,41124079.18899108,41862255.43945219,332771.09504873934,52077.01539618954,54050.92352283059,0.00011040105259619487,557046.197648882,84796.02901295372,89624.41504262756,0.0019254846014499906,1.9579972249789466,0.1388795750075345,0.15022553223612012,3.408600778131501e-22
0.973356713946376,0.4092485773656245,0.8186057285417061,0.7012267121089856,-0.4992372643659956,6.607354670931728,6043539.488096487,5066566.591781558,0.4370685931192255,0.9998316603191146,109799298.34137952,21614451.468992077,22140855.739800386,238315.3063062148,38395.99634812099,40215.77375772991,8.474181403975098e-13,388146.83099450683,62562.580649060226,66485.20157617836,2.7808411168537744e-09,2.055196864903366,0.23183523030382314,0.24440087328406837,7.375660088414652e-05
0.34177139596696565,0.13326455080177507,0.8380739726798518,0.6937569925057139,-0.4997870565920409,-10.45517226027504,5047592.058936764,4142074.6773178815,0.38427574122889,0.9996937954017179,103012701.31678063,22390655.216795802,22808908.04578955,278299.68528187013,50713.91790467578,52337.75350591477,4.423579775392684e-08,415250.6667493694,75188.90533498047,78574.26454212556,2.3527582510165883e-07,2.68989450396741,0.32124638354496965,0.3335148074644442,0.002440371713054823
0.32407921803517714,0.41418992632700036,0.33481863309158155,0.8787110121559173,-0.4996664703155559,-7.140840954715884,5596885.260155234,2946092.0538926944,0.4754647390669354,0.9977092808011758,178886324.00521335,41252586.613738954,41867222.570401944,361081.7083923143,63551.26189264846,65466.266614421744,0.0010981901273797202,556185.5988012971,100047.08539453648,104251.34264455712,0.004592645030336719,2.446357278380035,0.20213080517058438,0.21444908683361014,1.2954719779106683e-05
0.8247231552305013,0.86968770140831,0.37574745522485264,0.8740722791175108,-0.4994113581311612,10.119896232569168,6211032.559560119,3132874.0544436933,0.51644809999665,0.9988313778220066,184916468.49392265,39184166.047370486,39909981.594810076,325621.98358646006,52500.40156778315,54566.58314702978,6.644898145971001e-05,535906.9470001725,84452.92261850425,89346.19786383462,0.0012229945334312124,1.990591930452708,0.1482475226619665,0.160986201096072,5.024127096266439e-15
0.18487660153156635,0.0607126892619024,0.8271457493167481,0.7136695735519533,-0.4997870565920409,-17.627099781594154,4791763.9407998845,3859027.850059159,0.3740106814234051,0.9996216474507837,108660461.01696374,24388936.77395721,24850592.377966978,308485.51592449244,55833.48578858765,57825.80950593108,1.6598406137588405e-06,443162.847780547,79695.94085961427,83626.98592069144,2.293936578287479e-06,3.0040919935148263,0.32196925649882463,0.33913708384655167,0.004297163757551347
0.7946202573469343,0.5531435333391634,0.400741800038142,0.8496043814090557,-0.49938373141727643,6.9205793896040255,6095464.514223686,3542244.535891656,0.501286835722346,0.9989104514137416,166299359.33315,35230589.03294854,35856457.845414914,306550.1673802848,50045.594158139844,51799.29526723207,2.730441464392552e-05,501426.9703224464,82316.5105522866,86434.96747013532,0.0008170954128117614,2.0407869165271455,0.16180684931276512,0.17288908144942983,6.413580581503008e-11
0.37338836635790484,0.9398171063465335,0.7993018713487234,0.8180627763908777,-0.49961075512300845,-4.590339746913511,4945449.605276156,3299736.6548086694,0.4127382114645696,0.999651101642135,134811403.69139102,30340710.202355288,30901317.1171843,314972.9053765497,59207.91625942955,61066.91876563492,5.84381741960511e-06,463536.65110561904,86831.31652185535,90635.29147146862,1.3765078835406257e-05,2.6651276998964457,0.2536486824386164,0.2693680243357071,0.0009393255300666395
0.041320142229653786,0.09529021311514577,0.26759394077453497,0.9080390542055643,-0.4997870565920409,-19.913077939740965,5344889.436472914,2504878.9128937866,0.4588275066407746,0.9960943243953964,204316178.93334576,49643363.95101618,50529985.80112398,436715.031280856,78364.84239117069,81572.14044052847,0.011875261461078207,641899.5255964849,118489.89332868702,124804.09074101884,0.022638705944867273,2.8971448666980373,0.20100553086766182,0.22791089451490823,0.00025702737276924305
0.1402105313205597,0.08424521506890803,0.2619009333137228,0.8970758556412154,-0.49960589765577756,-14.629410047687493,5505994.558114101,2574077.6987198587,0.4665096205142473,0.9963824725727481,194653785.6224571,46792786.83284841,47565429.47138323,405473.47360759776,72746.82218282005,75462.2873556098,0.005170298584957321,614691.1451761172,112825.74949919361,118448.04238623477,0.014287635486577611,2.6730002989505457,0.1896243089019257,0.21057120811966498,0.00012028445829286687
0.3838303840072828,0.028484486521951322,0.41243175877819943,0.8314328945783561,-0.4997870565920409,-7.606276543351159,5634836.380369945,4014852.481124606,0.45602760163159944,0.9984098485830293,147106286.94465882,33210499.115408707,33787177.948099546,320339.4627588351,58127.55601341827,60126.831816436315,0.0002694103182342396,491980.31756122614,90786.89502699248,95038.12304697034,0.0014216684532270215,2.495268113632452,0.23549372182378955,0.25020013661840457,0.00027207866992547374
0.003896866989386205,0.7886904455460787,0.4135484069114504,0.9082250783350136,-0.4996696738617702,-19.598017592226903,5354417.66841407,3039239.5362920263,0.4489535493702869,0.9976420971149322,198321622.73189923,48650417.68449939,49466454.17918749,450780.22784626816,79009.33530903104,82253.70932415513,0.014156582637472449,627896.4246494581,112643.2702479229,118703.050194352,0.013322694821151837,3.123452301584909,0.22272649943149803,0.25080215644839404,0.0009628094545744061
0.018505071959214938,0.663770907872501,0.7322372017428513,0.8465875990029793,-0.49972632809345374,-23.842483181384985,4690830.569519233,3237310.8368862914,0.3931781505455913,0.999334890030384,147166281.24129185,33375451.703033656,34055394.504477024,394665.6157793268,71348.9910602665,73981.03242073646,0.0002915523511979462,533231.479364361,96457.15717045819,101308.52957323335,0.0001574419887431846,3.4056217603460825,0.2663115026144147,0.29425555668816633,0.0044832140314974315
0.9647102955810575,0.11094156836718355,0.0261466106337705,0.908996494638639,0.4982473965977277,90.0,5927688.282399871,3404139.012364326,0.5684285056418666,0.9961601559901713,196826298.81505626,43461884.89101759,44634260.6001204,365614.75655614375,60826.77876475323,64770.301149472136,0.0015495237118458996,588707.7517865582,101626.14190350274,109302.80724060946,0.009174096839170818,2.3968626151681955,0.1781578903330248,0.21036286141724495,0.000244861160164788
0.6391766550938094,0.95182932865035,0.17175117507219453,0.9136885816772097,0.3678508489008021,90.0,5903982.547473603,2809095.053328443,0.5417281154642134,0.996891679432821,216129401.77712175,50793889.45009236,51600828.45603709,389570.69159150816,63468.34080457709,65844.73742979633,0.0017723880355815637,626483.482244629,96797.91784857218,102420.35374230272,0.008269654603694233,2.5229247474865737,0.2133519617198643,0.2277411508558149,3.12747456638071e-05
0.37190211373876864,0.598952427523914,0.9008736001920138,0.74754767124453,-0.49961909219525635,-6.202353933340433,4752473.580752626,3321410.7063806397,0.38741383673183455,0.9997687907057823,116095078.21523273,25265701.590276644,25687009.766238134,290503.0153592646,52262.370911492915,53884.59064858563,1.488839296826214e-07,430859.44256442966,77652.45395580179,80997.93227824432,6.423862563671861e-07,2.623361213527631,0.293394479123066,0.30442014820219104,0.0012866395652382577
0.4422291995432004,0.9568677893720848,0.9617418131152262,0.7814794844918004,-0.4994752194210976,-2.5197338933496476,4667605.594477904,2918650.2429864793,0.390896787985817,0.999831787331468,124028025.15705653,26768607.690305978,27319051.87779261,294530.4849709413,52898.2971908864,55142.53611847791,1.4174880276010174e-06,438863.5625639901,78240.38062089276,82667.5110512118,4.656304299159196e-06,2.5738636038073306,0.2672753854202095,0.2849362186094724,0.0007325396246885793
0.9397477279321017,0.9173679622786957,0.13972057424071202,0.9126965509593273,0.4993811258435943,90.0,5659584.374299591,3041820.036802431,0.5679589338795301,0.9974088804978452,194601425.6898257,47679518.814816035,48532466.21286042,376152.4008024332,63086.84804531958,65853.27243774646,0.0008520308911301713,598354.4225139915,96274.11242233402,102422.62660380905,0.004394167559928064,2.627845322207432,0.2121157109550406,0.23326119894153974,0.00011414483781084603
0.986511948772692,0.17083881139161078,0.590212300594451,0.745892218356673,-0.4995040687142188,6.542183722386985,6392529.0302350335,5372493.048154598,0.47131591232348446,0.9995840406994301,122931135.66087106,23910870.578146767,24629697.58413198,249826.03211331976,39905.068357394455,41977.00934549814,2.3523747937846044e-08,415115.7540410694,65865.09060018929,70477.94830562227,5.427155176439313e-06,1.9987548128854735,0.18622235600598397,0.20302145672776406,1.541825107186047e-07
0.031835470882823985,0.10838318325529743,0.07171622342957054,0.9396663592443243,0.47967133659931704,90.0,6295092.391620496,2810296.070618722,0.49296894313509937,0.992065650709389,271155886.0263482,63238302.64197002,64460330.434838496,503951.34446938254,86052.08326641258,90389.27429712586,0.0550227191103574,770818.9492224016,131702.53735877486,140176.0362099288,0.08656657993501385,2.7360567501527573,0.24687904156816368,0.2683076656199478,0.0022778485175775185
0.20896755899774522,0.914451239863695,0.9756939602393241,0.7921395237466413,-0.49961075512300845,-11.36207459538507,4321061.874687506,2499580.3320437507,0.3722916529921115,0.9997956685951963,129037781.8965895,28703682.2317698,29316941.353390034,331215.45732674433,58643.7596794145,61346.29819033906,1.4773038190371673e-05,470101.15066995495,82496.76908215522,87565.00651613579,1.5805764282552016e-05,2.8970694962362047,0.260279105949384,0.2841728571916015,0.0013995721825558313
0.6723438328312,0.38444769846596966,0.9866769356762894,0.6512270099129702,-0.4994264313998683,0.4851730443022543,5093316.275188149,3695133.242032529,0.3880173857848598,0.9998820751732597,99487516.42003837,20181331.886964016,20638774.092924204,240531.39128129304,40537.91266138941,42491.31147180387,6.668353471379636e-10,379268.13889698935,63325.783147148606,67427.17861091645,8.152805714673145e-08,2.2737776875560094,0.2870475626501176,0.3008744828709996,0.0003949590760068503
0.09371806774385158,0.7142338421629717,0.7643251547060046,0.8310057980690269,-0.4996696738617702,-17.97397822561207,4683277.224539742,3180562.4706125204,0.39415425514965335,0.9994597037454114,141082519.75956395,32126410.55529432,32725634.31657164,369172.5097615621,67369.67558949358,69635.04542524337,8.870398668194091e-05,509970.9455234795,93027.56770785314,97366.11176709433,6.922407359105905e-05,3.1904006047939184,0.2648038391711401,0.2867505949480399,0.003343681205444247
0.9430812501539915,0.13767271561221658,0.6823674905882696,0.7060580829436798,-0.4995601607875879,5.46980387407926,6431498.412318672,5765524.434887333,0.45134943379231063,0.9996993393202203,111066300.16220471,21492687.3035318,22086242.3800036,239659.51609844004,38079.21946529303,39980.48906249007,1.1709570219088992e-10,394820.9698421922,62451.430387835964,66684.43753128042,1.33888896451325e-07,2.0527972774760044,0.20506850900791027,0.21980054116118672,9.129400542142424e-06
0.06637021576682528,0.8553617996723297,0.9188247788547849,0.8166639271470181,-0.49959913344029017,-18.80022879470239,4216426.2545124935,2443645.175669264,0.37072954668159425,0.9997005160400843,137853155.59327072,30770656.528516725,31416109.021553997,367662.7063284878,66018.7216269656,68808.76256704476,6.017804982747455e-05,502160.3162044156,90092.25491568506,95089.33988821806,3.566655421703609e-05,3.2135429628415295,0.2526816392604762,0.2798963465750281,0.0022642615343388722
0.03583515522136284,0.9994925323515984,0.8348796794700426,0.85196419727045,-0.4989721967494388,-20.28636755210984,4382216.106177618,2546150.470624105,0.3857796138061899,0.999565578725861,149448386.3347016,33731022.39700328,34569155.1841372,390131.97457189707,71922.85736643068,75111.38953066824,0.0003072370994023859,527096.9430891535,96915.29647157334,102562.56472162125,0.0001348457324267208,3.3042977991467053,0.23831786356956877,0.2773113788793559,0.002279580038363144
0.814196115677948,0.2576963208883663,0.6750121955061373,0.7355117461068555,-0.4995984733507144,3.1467429179171598,6230169.25320233,5508010.517237499,0.4467259508049184,0.9996439148156074,116360256.04215218,23557303.36991689,24047302.19343762,252488.49019799387,42106.95702220118,43660.16412252087,5.591333651861429e-10,406604.01620709134,67604.84199432425,71139.8340932312,3.4255159257253213e-07,2.15529777986575,0.22911837993667789,0.23950131670535657,4.8270331283492253e-05
0.8535559179897658,0.24041133699018744,0.9568159792977845,0.6156164655693979,-0.499598990615596,3.7319137980459516,5567882.185956096,4406788.662210012,0.401435627787321,0.9998907254462256,94268598.07283495,18325772.143528063,18751583.61090958,223951.56240325043,37084.74138512724,39011.157302768734,2.4602922148858817e-11,363360.0875894691,59753.17542852064,63818.23535010376,1.3396571661465574e-08,2.1355900816964817,0.27462652651797953,0.2862206891725885,0.00020377536654205884
0.61529622182703,0.1805734636895314,0.002751113647591196,0.9233073846978145,0.4867600182932986,90.0,5939914.53338557,3234369.1105401767,0.5494910460036768,0.9941348470426024,221464095.31116307,51779992.76016931,52813704.12540896,405083.4301610605,70375.6992046713,73709.20430700312,0.005985999366999789,641780.476744662,111752.24757917148,118677.73971260732,0.023143685819678354,2.551084370512365,0.2242401068037882,0.2475639598983156,0.001538785165728149
0.3041203337602226,0.333204227481532,0.7595325248519372,0.7595886701567935,-0.4996664703155559,-10.712547509596533,5166853.307794193,4218355.768694481,0.39956383761838643,0.9995618258724506,117621248.51032294,26018886.83611398,26454364.710372344,302371.04289130605,54968.904766504194,56537.23140010964,9.894308540401594e-07,444905.93977354653,80697.07537703367,83994.91414042166,3.2528065309963926e-06,2.747724860027428,0.2981426062645179,0.3093018792016269,0.0024365689866276924
0.6754898835360976,0.4484337510068741,0.8867138630501639,0.7010594701639107,-0.4994264313998683,1.0039124024893384,5380629.090812386,4232413.017951921,0.4062757630308892,0.9998237335158234,107784900.06558226,22487945.203912515,22892880.971198473,250103.35056331844,43244.30077414317,44698.9529846039,9.172968186895024e-12,391882.4435600973,67905.34224217276,71072.31830397825,3.486011360513156e-09,2.2869122319983197,0.2745195806765773,0.2837338245766328,0.0003842414114774257
0.4625887059292894,0.2156323748295188,0.007412946350507419,0.9277513860587223,0.48671837666992523,90.0,5928070.088490981,3051496.50630144,0.5385805261498982,0.9933362186329223,229586046.24319944,54937809.775316924,55906087.819406115,426307.6787013812,74457.62066945812,77719.3784402585,0.010898366314868754,671184.014328952,116489.17186877053,123329.44102106398,0.033972483840034956,2.6057639769000227,0.23838594150314982,0.25852572179892375,0.0019977964370776306
0.9205386258980487,0.19938855296457322,0.5199486464820909,0.7779768300740787,-0.4995601607875879,6.015106886544223,6257350.492133127,4909436.442239047,0.4797342553661952,0.9994083251378206,133072768.47242625,26590324.71936115,27234339.973395016,262977.73587398604,43137.51749355309,45022.08552397069,4.902974062884193e-07,434690.38929910597,71122.16618685002,75414.4156474491,4.567357114939413e-05,2.0018611079754165,0.1831487465885252,0.19686855626794733,6.621456073632438e-08
0.08578282668430122,0.28285526264962624,0.16884023953645308,0.9235933206769396,-0.4921925069977745,-12.391434175371895,6146179.15185198,2613283.8469438083,0.48425087982341475,0.9946305575318034,250459610.26727596,59409110.21530215,60338406.48479334,458929.7630928554,78311.32891159349,81291.19692370525,0.02253372725305047,711020.825404407,120789.47994955724,127142.87131419424,0.04959281170442719,2.4317890592380618,0.18849647514973944,0.20449901853319977,0.0005419623652116235
0.9360618867061784,0.14614147959698154,0.4530691790953174,0.7947419722874421,-0.4995601607875879,6.865461876602932,6230624.984933571,4418082.175827439,0.49128524351833563,0.9992404894785427,141784841.25756603,28651957.557605106,29335000.577130936,269598.75395309954,43328.412491595765,45388.86778801233,3.021953839572867e-06,450501.47291187535,73172.97513567787,77822.06913055206,0.0001852864184205287,1.949868886820835,0.16186424080566758,0.1769841331091765,1.7810355299422354e-08
0.39136790811013694,0.6320967480335862,0.06308825372782562,0.9286386051141251,0.49804245542852926,90.0,5761068.910746048,2817619.8552504224,0.534639781016436,0.9941244781889631,234302662.43760347,57849694.44560879,58635197.2193243,438052.698086641,75275.43119448195,77851.49376569447,0.01340967822082703,681071.6381310452,115270.98986900135,120901.2416458684,0.03563693476781988,2.6431461181244114,0.2294552191388235,0.24316241360706073,0.0018198449960644518
0.739338437983315,0.7780974103898264,0.5331749233647536,0.8393531822881355,-0.49950100111142315,4.657116543233658,6038302.288051217,4197883.246438971,0.47977069802366956,0.9993153774527429,151896629.153041,33135395.7416917,33731727.28764607,299458.65071498964,52575.3807642078,54302.879104805885,6.336851777789539e-06,473435.00537268375,82860.44560591089,86763.04143269619,0.0001340423115539764,2.210680903648131,0.2054255114879087,0.21678768488675562,1.8732260932831902e-07
0.7265974018080996,0.8075479214046934,0.11591866800162352,0.9164065831329199,0.4988120312322219,90.0,5670232.896406647,2891282.6744781886,0.5540927770344949,0.9964942874150333,206892246.67272237,50364010.49879598,51086506.738556,389763.3235512082,65645.75307448964,67931.13317214696,0.002017740053497106,615530.4839481225,100582.57521812004,105794.677062589,0.008924941717784882,2.5676485766131427,0.22110844290311094,0.2348526404060716,0.0006607519910420231
0.90215459106065,0.35082631206316073,0.9722746007409807,0.6338087326822044,-0.499227929714117,5.354133798945901,5553706.9933232125,4270219.654469171,0.40488045811237816,0.9999024996351464,98202971.32321207,18956147.92160101,19435819.64453969,226371.19209692336,36367.975900599726,38530.311974539225,3.474284587556527e-10,368010.36073070706,58622.57235882609,63130.00562490598,5.311778971205067e-08,2.1026678155223175,0.2655086309439701,0.2787090580246202,0.00017352932757493887
0.3023991609749991,0.7309023454184254,0.25342489239464444,0.9066181771437705,-0.4959664034241291,-2.641761070371402,5943490.827916039,2543212.080124647,0.496758068026744,0.9968027921218108,220305163.26476794,50192837.51955693,50963744.035136804,399756.9105018898,65644.93159564165,67856.76411142963,0.003537971427615319,632465.4732951684,102382.1684079425,107473.78531309974,0.01308916802934301,2.2344396785560394,0.17820530730680978,0.19005166001910406,1.9813167835699744e-10
0.897064499338904,0.18343811621081288,0.7114602307163147,0.7045662816892314,-0.4995601607875879,4.326973073501436,6318335.148886507,5663499.589774223,0.4443168159662695,0.999718928490894,109692938.1587629,21472263.54475988,21996857.5720994,240794.9140540138,38896.69259475298,40615.84098307889,1.9483196176981674e-11,393081.2659300427,63301.41506715295,67160.49103023835,3.729010997111879e-08,2.0879195257085152,0.219665221988841,0.23195998850120716,2.2627456888084903e-05
0.33634115903794304,0.4215510015838679,0.4264720689636165,0.8579563511748535,-0.4996664703155559,-7.082826976024581,5664258.294006726,3812612.9716892526,0.460488681766377,0.9984121874149625,160370852.64587262,37122587.545087904,37687915.65357702,343205.735525653,62507.42734416454,64288.35870557372,0.0003685718960346464,518433.1366193064,95445.01513725726,99311.91454999134,0.001785990976953857,2.5513344337907515,0.2423181411207186,0.25424136550511345,0.0003282707489796337
0.8439969682572378,0.24641824766757844,0.4632329066453525,0.8051436531568732,-0.499598990615596,5.4083654984127945,6154595.417703141,4434594.034942373,0.485531536152502,0.9991949951511055,143119937.5396064,29419964.064193632,30024746.156064086,277559.83811954746,46025.74113262008,47790.39381533114,3.843532442908812e-06,455551.87555144465,76020.11094293765,80084.72338886981,0.00020356099234897937,2.0441468706363555,0.17782513014359136,0.19004758415097922,9.416506209747369e-08
0.5257885319148765,0.6920917325888569,0.30791134044000684,0.8862863798888884,-0.49955464462063537,3.509233904380712,6007787.574805254,2813415.809169195,0.5021437616837348,0.9979278964496704,195104739.69756243,42755418.79737196,43444818.52934991,353458.0116229918,56966.44980543952,58877.478726684036,0.0005453642794060112,570250.9331880881,91209.52631059453,95713.8422278961,0.003917010317516677,2.099921864338015,0.17231808432719076,0.1824551801496985,3.2285580892715473e-12
0.5393887645256622,0.5366798479393745,0.11327726942306797,0.9144686568411207,0.4644044566650938,90.0,5977157.355071402,2850090.891728368,0.5338249386569296,0.9957538675296949,224050746.169487,53286996.29949603,54021925.36558452,395646.247498043,66071.57083580771,68231.73447431234,0.003777079144955646,637376.0342239654,103962.50742057437,108984.95485962908,0.01584030531972312,2.4423809078980527,0.21039212932770354,0.22204092945242357,0.0009952224792707206
0.30670650328377724,0.8717005551315489,0.3586255951643837,0.8952640855959835,-0.49959913344029017,-4.444051082215172,5706116.4088629745,2818708.1265346436,0.48213325277618685,0.9978620969658623,193151531.8054806,44811270.12664973,45517023.29478512,381281.35857188836,64618.39826225182,66838.93295634165,0.0013542398150624773,582172.7566124281,99626.36948973217,104438.28723813388,0.005460500984378276,2.425516843880997,0.1999030789556269,0.21353160083180622,4.912688124840902e-06
0.9555684946234436,0.4887623739408835,0.8764698930114908,0.6972284479936495,-0.499227929714117,6.550250716723147,5845950.202733042,4712385.982236138,0.42803862132914106,0.9998641179487473,109494634.67280927,21758802.890934583,22266376.825723436,237827.43900570934,38560.630437817665,40406.72590789094,8.606162006035217e-12,385280.6843832627,62495.45401957796,66412.49840501747,8.934050475758326e-09,2.0734029839819397,0.24213640755417734,0.2544501977965643,0.0001409547652438563
0.10462887992026806,0.09982422676009649,0.9960635140636721,0.669588929064209,-0.4997870565920409,-21.49418701342162,4085530.978184047,2534008.0919420347,0.3432202853523123,0.9997912012919323,102276394.56693244,22046247.14479459,22713528.586738016,315225.8579202689,52375.552055873864,55853.59784906827,4.340182943205654e-06,443641.6376865629,72242.8593317175,78566.91567504455,4.580771186914509e-06,3.09555271711368,0.3221394961886161,0.3554052824785024,0.004351732852415252
0.5964242828722138,0.06947997383073791,0.4386020276984478,0.8098546591170561,-0.49964094438472706,-1.2228566559133873,5933620.168526091,4424328.950958889,0.46753379724127875,0.9988499099225933,139810764.4739549,29966490.879343063,30543826.626287848,290946.991560306,50586.764328016514,52392.91972184767,3.613948237299306e-05,463188.7977213268,81622.67252101902,85634.68204720384,0.0006036931502421952,2.2579796373464722,0.21437429979245598,0.22718815415067392,3.500957473512683e-05
0.1301660732669823,0.017777438224887615,0.5129217612559567,0.8318544936680098,-0.4997870565920409,-20.317656681236766,5415217.89524244,4465561.9171189945,0.42104784716857935,0.9986015576381181,144816122.32330206,33936574.737595774,34560126.815502875,363805.65724140225,66148.97568081667,68594.49871543683,0.0003919340946573224,521888.8355722042,94218.98607007858,99080.8360874203,0.0007567288504827406,3.0782659809397126,0.25103457053463707,0.27445365390622484,0.002240800584450073
0.22365295255000958,0.5621228629548417,0.4354887974162204,0.8733976827336437,-0.49961909219525635,-11.472941599815151,5568403.740923092,3649406.7870361563,0.45466434833603575,0.9982746285924716,169198568.7354753,40364430.74738743,40958239.320121065,371338.8573532329,67960.59551681718,69930.76871045845,0.0008173916543472507,546030.39417992,100862.47955001918,105016.01546978777,0.0024443676954324944,2.7299089740428473,0.24258927111049922,0.25667034188447974,0.0006467637625791777
0.6841422859769054,0.8904529098470798,0.7923875984193953,0.7970631289807396,-0.4993106660772052,2.8792060301909403,5395320.957328182,3874808.6782064647,0.43387904506585656,0.9997431845606226,130716026.69811307,28784327.674596056,29299542.45914761,280248.1874789294,51359.42520793058,53021.925324066164,6.95140783748805e-08,432845.9640286363,79065.2797968349,82623.00996297871,1.3953862437738694e-06,2.3591512751210084,0.24344529061145684,0.25557340292272,0.00032795978760685176
0.7626023485076615,0.26234655595186984,0.8795385057788102,0.6597329609135283,-0.4995984733507144,2.4163221358733806,5659317.098181929,4716086.769520933,0.4086944821109823,0.9998351261395515,100053828.8341468,20142825.64751659,20551076.299192254,235390.82883053808,40014.4815297018,41509.64421071696,4.952559745787602e-14,375947.97286655364,63926.163641705054,67204.55694006401,2.414872391258539e-10,2.200853950210131,0.2743863707744162,0.2837910472102934,0.000230930870094771
0.12538672917295876,0.2522889341192578,0.9220889746808971,0.7214443899689948,-0.4997518418288539,-19.916782302016298,4320498.523533796,2928322.0677617635,0.3596291852410303,0.9997243139338765,111477315.87977627,24667795.665698286,25135532.18073342,323219.1543458897,56524.96594312735,58801.810946938494,3.640704991275961e-06,454637.32638308476,79186.90593894187,83480.90944905201,3.665823737173136e-06,3.089132069300862,0.32067722740160964,0.3391593564299985,0.0044312786930904
0.9730883017296079,0.697374915595093,0.430635946541244,0.8484183540926081,-0.499324712202608,10.366011827048046,6216539.923665308,3552597.182034426,0.512746250621866,0.9991970785330011,167367648.562782,34683778.22441147,35408011.366911605,298535.56871021533,49044.21976721546,51152.21679658752,1.1478321862169384e-05,496054.09184585715,80512.98266979818,85352.41043420568,0.0003702318240465573,1.9546033382554733,0.1437449664316145,0.15881065414613943,5.439457998288536e-12
0.31580539669328983,0.6372490257845669,0.6837130645822321,0.8150051258378722,-0.49972632809345374,-8.580462824305432,5367736.4281802755,4167604.2693027053,0.4205988793076396,0.9994118146914261,134741086.36722147,30397846.501163326,30884014.765298907,322388.37850362464,59400.94354699017,61056.62839231258,1.3566957054902346e-05,472708.9807262778,87054.4915237401,90532.38219947561,3.7939556911556615e-05,2.723966723472158,0.27605903303483115,0.28759734975166834,0.0019762354149873954
0.8611369455276303,0.8406453163870797,0.30020382083622504,0.8852958670495601,-0.4993668715119448,13.041191501996867,6474680.266824051,3099959.976042066,0.5318536528737434,0.998487800919703,206626631.3121186,42691436.685094826,43510338.62683149,340267.0929051023,53588.320109924636,55752.297479993926,0.00013795217274209875,571806.5781087443,85989.03969831955,91295.23481579155,0.0020336055338951984,2.0090682354734457,0.14005026330888895,0.15299162235753852,2.0169684541948327e-24
0.3688651255940827,0.20653124995549296,0.2578494987030334,0.883436955368353,-0.49960589765577756,-4.019722242055674,5887844.141259924,2735051.1522060563,0.48676629735820715,0.9970729862644744,188300119.71542358,43062225.67170292,43730526.418160155,361648.7287625425,61412.687501660344,63521.61747812653,0.0016632833292683938,579154.162207941,99453.74968163468,104197.12972231503,0.006849731989617552,2.2423265014847558,0.1732298931597071,0.18605484887312412,2.356273910234235e-06
0.5786746836159051,0.08849834969484628,0.847869718111534,0.6514898615893855,-0.49964094438472706,-3.69516113439109,5508338.525111389,4753330.538526201,0.39727903781623186,0.9997719515903861,95787904.79454862,19668390.606990863,20085841.931840643,243978.4469271317,43669.7530073,45169.962539961096,8.890432875871178e-12,381739.1174857161,67942.2861227909,71203.99778248303,2.292687008459389e-09,2.3814259572974232,0.30399997971936693,0.3146951695629737,0.000623190657548761
0.7701444742568001,0.747878978624767,0.8145482469562072,0.7684058545785941,-0.49950100111142315,4.485019094419358,5528062.553915172,4177317.3359080437,0.43239683190258915,0.9997862402326539,123865036.05547775,26509928.833283804,26985974.779216573,265608.52516762266,46994.09369051961,48562.272598500145,1.5794392565571429e-09,416529.90603044664,73628.31288252091,77036.05218021454,1.4405614058177503e-07,2.2662752363363494,0.2441384455757796,0.25474291769200025,0.00022635447000952979
0.16911325771210534,0.9320805257306211,0.6490249888324849,0.861136752977008,-0.49961075512300845,-12.362855946559947,5247607.3596409345,3618900.176457624,0.4238857734684484,0.999208252439247,154170352.34462053,35977155.99717401,36641078.55622812,370378.9223336926,69067.83670573188,71426.18740202433,0.00028788479901698194,522530.8473792902,97396.24930510043,101984.62004670216,0.0003424700943347057,2.9720401556318445,0.2538241836969619,0.27406761089688214,0.0022104942408338623
0.7141893282463346,0.3202620835875125,0.10295488294557886,0.9050767421860479,0.4950201468610767,90.0,6053139.464572909,2991808.5303661395,0.5425174790540451,0.996292997531958,209114854.48964396,46978757.698100775,47720200.2076352,372369.1124539966,60795.05871724332,63066.10482246682,0.0017950580256382576,607257.383249884,99890.1231142749,104987.4893804045,0.009758959518901645,2.3892759115609707,0.19616517880563342,0.20893893369694827,0.0005195827303956681
0.8810861279765252,0.36391923629454953,0.09110573827662521,0.9050756062185507,0.4979227807814611,90.0,5885839.570963885,3090101.6394410576,0.5577690431393516,0.9967159242234297,195718850.86343262,44472855.2745669,45225721.593332954,366140.0693586824,59735.19605276096,62246.39079056928,0.0011783435469796201,591779.6369738133,98523.70404699341,103945.30588599973,0.006964958070837152,2.4195711202754193,0.18706462687519293,0.2029489532630344,0.00021420514953505136
0.7074282982258645,0.010440644130866147,0.27655808770164747,0.8502273744950689,-0.4996679820182366,3.8102796025215966,6251840.593133276,3173439.851454357,0.5026182312454013,0.9980727241884474,173528570.76723567,34748151.216524616,35526125.364752255,313158.1665747925,47800.64783009027,50119.86551893829,0.0002632983910650327,526406.6508883929,83700.65025209406,88884.57546466964,0.002364446071179862,1.9269838887021373,0.137406938168272,0.1528050667709708,8.531385059112815e-09
0.2607584034201844,0.4670929323580905,0.2870148537629767,0.8940339837497651,-0.4996664703155559,-7.80417126800144,5669851.899419428,2622653.8383202553,0.48077205210072427,0.9970695341583482,197142571.6808982,46239926.23606881,46909543.52386728,386515.2977487257,66761.4825001114,68844.66939180483,0.0025997653358557997,598781.7545511179,104598.67341770709,109217.18252747721,0.009229346900363831,2.412555541877361,0.18521538558908185,0.1981434760801629,2.0977814227369786e-06
0.8666572022747691,0.49509945050309007,0.28129404343747233,0.8711034984049831,-0.499227929714117,10.910816814978583,6518284.216681981,3194606.026977089,0.5263535650759689,0.9983870532525827,198564168.41165102,40336424.08549274,41099294.136507034,327786.5790420903,49963.70402413724,51978.588275242175,0.00011400819546973276,557334.1946678213,83849.00164088866,88751.34328259983,0.0020202626116325524,1.9418739067861015,0.12925100161224123,0.14143853072661255,4.0333895957389245e-18
0.6032799122547523,0.05036985416834711,0.429813758816574,0.8106404433411999,-0.49964094438472706,-1.382262569995727,5925919.802872793,4348899.806759598,0.46905631045506263,0.9988181887405022,140473751.8803584,30072412.359892916,30657420.491654336,290875.3240700826,50328.76165742151,52171.400250464634,4.123989825552214e-05,464216.9819042669,81673.41931483016,85754.67573208551,0.0006683805476665842,2.2456700154519487,0.20959060619224731,0.22271097257056485,2.5483187559475875e-05
0.056349737797431784,0.9017576793791017,0.6299715470503491,0.8748006982351603,-0.49959913344029017,-19.72057219342225,5161861.229457914,3531508.50807481,0.4186388349636177,0.9990382752142295,161444959.01879567,37608055.84052804,38374802.722278535,403684.1412686131,74256.0356441995,77104.12079610371,0.0011201237980617864,552897.0785045881,101930.33877177052,107195.8696136906,0.0007480577893529838,3.227358911647545,0.2519967883833195,0.278884102288584,0.003006247724917187
0.1743729454656105,0.12002402757347878,0.7684071199335469,0.7463247297153449,-0.4997870565920409,-17.858125103074187,4961784.899051273,4120690.713057069,0.38425649600243456,0.9995152891319804,115899429.77984065,26046392.037031848,26521958.506844234,320342.1746258832,57997.30415989878,59927.61624739898,5.11603970110139e-06,458223.9365725082,82644.11902413916,86493.85781133293,6.9075452830067724e-06,3.0249037251585897,0.3063710262816287,0.32290087561667014,0.0041034204494940635
0.908199493987101,0.5286533989335328,0.2238042937478867,0.8842869579876238,-0.33388621337311153,16.012678900382472,6567102.430755999,3236478.2792262807,0.5405535662723997,0.9980684485548602,209452238.16360125,43183631.31616367,43994153.03290705,341989.6681838367,52395.664658848465,54570.15720166204,0.00023089772950359749,581132.4323179194,87440.78786203271,92681.66857375207,0.002593440709633343,2.165534556815297,0.14519593692883231,0.15915780044055924,5.37291867403689e-12
0.2331909555778409,0.7746056608834788,0.45728637016011875,0.8788510688786935,-0.4996696738617702,-9.535267660009975,5630439.753472217,3603370.5214649234,0.45708022732914744,0.9984270848428619,173084682.93040937,41498646.24086732,42134820.94827427,374910.2743142309,67982.80185302197,70085.86800578609,0.0007938687453228589,550097.2456430161,100499.17613426015,104893.17796813471,0.002210060428850143,2.7174966588744542,0.23881114952238322,0.2542700701763815,0.0005696114595166107
0.5133693601567864,0.5485616616163537,0.5589113213313851,0.8234359564300141,-0.49948645798413505,-2.3807180615339205,5932079.102175753,4717877.428747125,0.4532601025927083,0.9992164381840005,141277447.70531288,31338829.39219092,31855535.27872727,304704.8376894094,55082.09963871329,56637.32766039871,9.564262927048743e-06,468026.8859917436,84447.32598364136,87908.77390967845,0.00012295639206598297,2.418248930133453,0.24421210816630037,0.2544738362245605,0.0002697723078961799
0.5636519972567036,0.6489522435499868,0.191852560371993,0.904025923061259,-0.418563738821947,10.041019269941721,6229215.8232110925,2833965.529618772,0.5245251652609749,0.9969004141574515,223169376.4257486,50018334.63732717,50777374.385330334,377373.95318031416,60403.858432163586,62433.85109374354,0.001618042672827337,620987.5800438273,95612.23153831871,100572.30963609042,0.008116422280382845,2.2224751247691703,0.18585927013537465,0.19631709764734687,7.708830934845594e-07
0.6170236899055215,0.47203250080480813,0.06942070684982334,0.917706160866259,0.497847447786203,90.0,5839520.604796143,2960782.987741095,0.5455372178823165,0.9953815529802619,217126882.61105946,51752309.8013547,52483799.74405374,397006.94544271304,67736.8086461971,70063.56048571879,0.0039906850812125305,630345.0405528838,106883.30827269264,112034.78359121626,0.016894701628069327,2.516888657961924,0.22046187450158602,0.2330983652097707,0.0014230976308200784
0.4388632027981379,0.03556308713918324,0.3661590549530766,0.8407940353275521,-0.4997128917175969,-5.4779993016956405,5644988.594870262,3559094.7706402545,0.46815323596908004,0.9982020587994016,153565786.68161696,34192404.536986195,34792653.47878143,320201.33689291845,56542.11675283505,58572.1169748433,0.0003577727072754918,500830.01194684353,91390.89605781628,95738.57888494199,0.002026007851506938,2.387542648294483,0.20812892850985684,0.2227456527867217,4.44156391119539e-05
0.7924747833726569,0.6445551861293101,0.3967956215223203,0.8568356577510104,-0.49955719841898505,6.955722929379751,6104457.084901079,3419234.880026426,0.5042884578239655,0.998889844031132,170770896.265698,36304963.00006014,36945030.83550173,311991.87311320245,50843.52577815529,52637.30360751344,3.483784212056207e-05,509999.06816018734,83135.09375787916,87359.08669852982,0.0009171116752607666,2.036361334596437,0.15995474740168034,0.1711244094360859,8.821021380375815e-12
0.6133311077316052,0.3453682322722101,0.310588795785221,0.8648532607467991,-0.49943766375665954,2.6909398795122366,6027958.501636873,3065046.8031227444,0.49870763543956437,0.9981320784384192,177562428.41646183,38302335.6175646,38939611.305509105,328040.40591014916,52528.03562329859,54375.85958491946,0.00027438193245496055,536682.437463049,87388.74134536416,91688.22649203835,0.0026537216457550136,2.055505737622415,0.15939036075123617,0.1701005570675622,5.142322602878672e-10
0.22288968107728582,0.8157051874201117,0.2284744632657881,0.9165889118033436,-0.4945296169704335,-2.05622676610026,5941765.169818486,2478884.9854708347,0.4977338232610581,0.9962000850499292,237980808.5718421,54512992.315608434,55389721.5229974,428169.60635216127,69428.75216733752,71983.97423851746,0.008227479016348236,670352.2812140568,107406.05174394028,113136.72169259407,0.024328122871797902,2.317708404634386,0.1800588112131529,0.1940324484341791,3.925328547707619e-09
0.5064189893056449,0.10604970635077995,0.9676161046939018,0.608095642935237,-0.4997128917175969,-5.197194807753828,4905491.053017498,3667019.6541724913,0.37345816591373293,0.9998480698615633,89701040.60562924,18432794.20287247,18849635.80592503,243946.88842398635,43846.65907614126,45763.58981101851,3.7850764145072714e-10,377911.14218005765,66885.75892118373,70840.95387884353,3.191683566002345e-08,2.4636095561251516,0.32662389477585796,0.3404241099389076,0.0010535655394630355
0.8781719365205364,0.5663813355661668,0.9664156857609766,0.6865430200359098,-0.49911831154387865,5.620045227419072,5440654.216048078,4035357.766883229,0.4096180397297768,0.999897306295727,107714481.55240363,21468064.576979134,21966981.01378559,238560.95435850366,38453.774648759536,40572.32312595779,1.902207332298705e-09,382949.5057419058,61278.507914910115,65677.45887512538,1.4187025509791096e-07,2.1337966814267504,0.2596449222081931,0.27298848785592833,0.00021312533336672663
0.7531942172518491,0.34968123820496566,0.7258877818554113,0.7349815818742239,-0.49946036840656083,2.126964422981186,5989061.366827586,5184714.758040232,0.436149997619179,0.9996899536391675,114833893.7410739,23607138.01143495,24056814.803676937,255245.12427778987,43422.98161733364,44862.70813395032,1.0183499448601894e-10,405578.8063460855,68876.93506998384,72141.48935588225,7.26755274929145e-08,2.214477058041333,0.2517739914995397,0.2607533200388451,0.00012563298830775956
0.059128448758737795,0.5912999894044766,0.03613499619066046,0.9456100461571456,0.4960132486328523,90.0,5820702.832909171,2767968.2370823766,0.5142554625198925,0.9912223143315052,270664584.255951,65840524.70071803,67011995.59986945,536959.0238786901,87166.0146413741,91688.91230583451,0.08265649698879338,794340.318896049,130239.76488813505,138920.20964339303,0.10124721255410397,3.035671468166017,0.23961516773216984,0.2649036590434867,0.0023845123515845008
0.022668875582501212,0.6261162466412367,0.18491766665691428,0.9314155983458328,-0.47635659067492375,-12.361237959243978,5935260.0796688385,2472420.0864654384,0.48599774215751057,0.9945992253633089,266043045.97987694,62483121.95259473,63559951.654415615,494214.4139062702,79506.70818363689,83005.62616559638,0.04352458760125545,746754.3594336652,121696.6998964236,128801.21450043596,0.06651735711414364,2.5703742031247727,0.18250742885203675,0.20270472941531215,0.00010829670556160072
0.8711186561386698,0.8198504200946716,0.019246266707786553,0.928248178147334,0.4997003045685193,90.0,5721465.815486091,3607132.064192857,0.5813985125531774,0.9956539446257473,222145106.77945703,52226943.56678811,53186074.68938659,404638.2093710881,73123.93036333556,76415.46712141334,0.004307763458255138,614270.1487423321,109316.49925181769,115933.86049858916,0.011547541389488405,2.6563022050330996,0.2035655838331708,0.22849676942044397,0.0007172000459067475
0.9801554479724037,0.3142249256670809,0.7948788146562497,0.6914729601687445,-0.49912950557948543,6.424882762370185,6172326.611907428,5320161.60931123,0.439155433312937,0.9998162382795686,107519753.1173341,20833920.735099953,21371895.860040832,235558.4757595848,37535.25122330851,39390.15546214842,5.927823981586912e-13,385716.7950635741,61433.86390330194,65454.545915409515,2.0929842631971295e-09,2.039109381108034,0.22638662856829436,0.2393320856802971,4.446081587572515e-05
0.7742657534888401,0.6165019925493573,0.07991761414335775,0.9162530748920861,0.49942411923700764,90.0,5697725.678090685,3013162.8923813156,0.5587936274874995,0.9961845447466847,206432508.46755078,49189968.44330317,49904810.817020305,386973.87983470724,65901.61024609927,68231.40225576943,0.0021578967629229716,609510.805676028,103027.78193117151,108163.88885677412,0.010014123759182135,2.523690777403366,0.215088649510258,0.22869697336333505,0.0008367300298510338
0.9487945861933649,0.3051173496819926,0.7168750575215035,0.7207310781558158,-0.499227929714117,5.7720618085605,6270438.197187877,5453395.040569582,0.4501292977469733,0.9997395494578696,113623190.70085491,22368088.15936541,22918062.728628706,244123.05377643023,39273.01790099452,41057.48871226513,2.8210612249783526e-11,398829.8816409905,63938.01663509656,67904.55531522211,4.419252610871986e-08,2.071433173648552,0.2123867419750977,0.22521184818098547,1.6983620269674812e-05
0.659837008900381,0.6508022512176114,0.084831666573362,0.9186727454751441,0.49701561046246445,90.0,5717709.387066679,2922735.1318151476,0.5506452877872525,0.9958059321643685,213483309.15496743,51604596.865699545,52318819.83261935,396395.97645020887,67628.23143471964,69895.403902215,0.003281486567795356,624303.4387571207,104892.27858439424,109964.57411143748,0.013588547588415585,2.5455299314216617,0.22191492106038496,0.23464709460557762,0.0012113015521323552
0.43109713210582074,0.7822757275140046,0.29722938616106265,0.8956294834024237,-0.49955464462063537,1.5957271921757137,5953530.945629694,2679109.4890703107,0.49961795882504234,0.9976199069264872,203816612.66412625,45286314.89576555,46014459.17656736,371045.8806134322,60256.804734607,62309.68364082624,0.0010967488428853982,591688.2340854906,95015.54342861431,99786.11738710971,0.005907621481076195,2.159088519764991,0.17795376133288823,0.18887451734530317,1.4973384053776142e-11
0.7338963867057018,0.8954418353508138,0.5213917206110253,0.8514384084301769,-0.4994464611249855,5.510253214788815,6030179.180735843,3952181.211265474,0.4845781565033908,0.9992774375179949,157801539.4593227,34855805.218224,35497406.56065828,306852.66752401687,53819.5598408102,55702.83678090018,1.4173719955845102e-05,484186.72864410206,84642.72410094015,88847.81893484209,0.00021373641696675866,2.213802792910274,0.19893550070337462,0.21183919733256443,3.2802373605042985e-07
0.4491685784477738,0.9798428908661386,0.16552580649554552,0.9200764574233485,0.4516345170081827,90.0,5837504.819636116,2634306.0571145974,0.529831042543711,0.9961567597307908,229505373.69820473,53941079.05822494,54804488.50293741,412744.24902083277,67261.98371675084,69827.55035386833,0.004954694351794602,655705.0944653928,102682.62416671948,108583.81026316111,0.016827630539306474,2.5317602359223774,0.20101791879745287,0.2166430982953902,5.2814423641971966e-05
0.3799474334540616,0.2558055034122286,0.6869759953133282,0.7637024477619324,-0.4997518418288539,-8.372775258146268,5606000.146074757,4909212.04053358,0.4148063194508283,0.9994599322498767,118988125.3034728,26068585.79735074,26505141.549801853,293327.5925549208,53279.805744427205,54811.52602086922,9.674605128017222e-07,440300.7059165716,79834.39574318347,83128.81403285012,6.888303003829523e-06,2.6118729009680774,0.2924103280593306,0.30267039051667294,0.0017181165557701935
0.09255731212901683,0.32415793778898017,0.7622949266034138,0.7918059831691563,-0.4996664703155559,-20.99746064523276,4766630.004348642,3669913.181111057,0.38484213956170765,0.999456795494199,128378315.30612671,29056139.731613725,29570366.160450835,352992.2560545895,63425.66802654847,65521.66982629019,2.832912860381422e-05,490673.7663077445,88192.50398949285,92251.75320894647,2.4584673638702234e-05,3.226777721999226,0.2886505796334901,0.30763021052457445,0.00459071887685581
0.26386608172594367,0.9901555024047969,0.07639445305982798,0.9363119480836821,0.4992252820055129,90.0,5507505.533036936,2612256.5720943525,0.5326301187386498,0.9936574236799116,242574954.18776685,60147354.97819646,61145040.12712088,477557.9613424474,78864.02475185748,82386.39123004576,0.03369996606254232,717758.4667362606,119177.38540355081,126303.95863824149,0.052196916844677504,2.8772025080049097,0.21186692485359063,0.2347660753415211,0.001468507433946449
0.9972063986634593,0.6838828969726582,0.02251823274768459,0.9233582081549733,0.4997143210643977,90.0,5754849.212785328,3652069.863443018,0.5860403810297625,0.996210476827856,212417854.86060655,49315491.17030286,50337587.23400104,390186.3925976815,69213.94686110147,72856.26384198178,0.0024657640852246434,601153.1584407425,105829.33679471024,112961.32042534192,0.008701473537932195,2.5817062128378327,0.1867945243164441,0.2162094874278634,0.00035438548547332195
0.6361685749363019,0.7067367477599896,0.6387120891341296,0.812507594991388,-0.4994430637611006,1.473282600418765,5879328.019868806,4583516.8061235845,0.45216540247978476,0.9994992394532152,137278612.71549618,30309704.849510193,30816344.413332462,290603.43851052655,52343.45056125359,53897.05157201468,8.086858726174244e-07,449898.4756905336,80864.91871693173,84314.96022237516,1.826656822789345e-05,2.345758283827969,0.2428805881008718,0.25320368256991654,0.0003292253537133308
0.6413405692435136,0.01547586769750507,0.3532480149677333,0.8304739053795391,-0.49964094438472706,0.6148380152872456,5916512.93185708,3594305.004387743,0.48433718173395646,0.9984674947087594,152724694.03311518,32557018.343836363,33207831.80235399,300273.1507997223,49259.433256204335,51322.15373396885,0.00012593605693643435,488871.5290840739,83575.12691879971,88108.3204301302,0.0014670974613520918,2.1231605220444734,0.16656589938957328,0.1815312611886442,4.573904869347268e-07
0.8371460473259291,0.1180940001899692,0.7363930805058911,0.6858424799726136,-0.499598990615596,3.0422519158625008,6247903.864549209,5688813.398346383,0.43423452327400053,0.9997290917911857,104876747.74383265,20544291.26493646,21033170.10698163,237789.86471723948,39047.79368001794,40685.27895316104,3.978978341658443e-12,386133.6688022859,63240.04585097171,66921.39905759813,1.064764785327025e-08,2.1220184340070256,0.23764241471068884,0.24900152736285408,4.091092898519632e-05
0.07097601170518567,0.39442348790496956,0.29320243040332616,0.9069223604307663,-0.4996664703155559,-16.229539015309033,5378730.389593181,2521778.2092827153,0.4642729490717534,0.9965411969806485,207804248.10110402,50446613.054901876,51213480.18713359,433878.07297762565,76436.80684706045,79122.24881294716,0.009981042864123522,638376.4021191172,115484.20913756288,120946.93966182224,0.0201941518146578,2.8046579422934164,0.1964169903879289,0.2165174799291868,0.00010842491459515333
0.5534596717065631,0.44146162485109425,0.9137180583947152,0.6994022033961976,-0.4994826704408294,-2.141642773271416,5086544.254537533,3835417.587686286,0.39347872784649907,0.9998197689863286,106445368.34224713,22537221.345885664,22932036.914232034,258388.19164047393,45385.39427680587,46899.58490827732,2.976720117972497e-10,397865.06818184926,69934.65042298079,73161.92970225855,1.8682429188508356e-08,2.4006916834425223,0.29375555045419044,0.30358718033274124,0.0007246307183114773
0.19340335998329347,0.6195411748456191,0.9452899846316044,0.7594546358153611,-0.49972632809345374,-13.098845253876329,4348342.167107701,2727962.186264138,0.3690674724934353,0.9997657770313209,120604191.1241185,26735270.635878317,27214424.499321643,322421.6842844076,56817.0451525514,58941.927212074064,4.442911880032816e-06,458610.3634046241,80687.0529290897,84776.65920028232,5.60889288799103e-06,2.911169273915848,0.2905088649475566,0.30706041982484683,0.0023086086814159907
0.9136739215421449,0.2716144522434903,0.806549992499201,0.6819151254394688,-0.49942539469305425,5.107411433617776,6091180.897128626,5287287.752150642,0.4314928659602007,0.9998117731586811,105049271.43087825,20488879.318036698,20972362.40494845,234897.75710999765,38116.60635599358,39787.40556252325,1.2399665202367188e-13,382228.28830754606,62028.97063807002,65711.49212488742,7.507458387429214e-10,2.0777038493384445,0.2410148488578663,0.2519206909448321,5.443320808902162e-05
0.3590132946023221,0.37319453460609314,0.38433502565221966,0.8632095647307348,-0.4996664703155559,-6.40337828694651,5625913.123568877,3443946.96069367,0.4681772426278676,0.9981742177501076,165479751.37436956,37886882.17072069,38465277.04514408,343920.7155232026,61726.42597240984,63538.22633829968,0.0005165548040115386,525993.2674214789,96337.46061350308,100290.85465414794,0.002534944159631595,2.480485512796285,0.22472233776398068,0.23661070125734845,9.071222232210259e-05
0.6527542137005685,0.5175942758784574,0.05027453003062839,0.9213001481130377,0.49859811201920484,90.0,5767334.772232744,3056507.5819136114,0.5527190951089495,0.9952151074332739,217173252.0964216,52049445.13578631,52802206.956382774,401101.99312238646,69436.07077630586,71891.11930302253,0.004363351014198539,629292.3455808109,108447.01189823968,113766.98990547945,0.01726348364885689,2.5577172017830625,0.22270684103798397,0.23676574707778725,0.0014280412741704165
