rn,rs,r_theta,gamma0_deg,V0,k_CD,k_CL,Qs,sg,q_stag_max,q_shldr_max,n_max,feasible,g_q_stag,g_q_shldr,g_n_max,g_pitch_stable,g_trim_on_nose
0.0749921189168665,0.8400330242024494,0.16123722692485357,-3.179564868377457,7816.528708530385,1.0105372899720508,1.015792092268935,147762556.4018925,2471752.175588823,798740.1697256888,1319970.7764864846,3.0354480575052487,0.0,0.14105738532241252,0.3199707764864846,-0.39291038849895027,-0.0004768270189048464,-1.5205708400709383
0.07870090036857517,0.9331254456986597,0.9543844490340183,-2.0549219343696743,7966.574808524234,1.0159594057988828,1.0794470909121026,164835204.2821303,1754193.7922059423,406933.7139401126,554246.4884034845,3.0291435831296947,1.0,-0.4186661229426963,-0.44575351159651555,-0.39417128337406104,-0.003785218168038317,-18.045962235386753
0.5274481982707864,0.4737272005757539,0.16963360420821796,-1.6374303900773954,7858.682112821545,0.9897720684232467,0.8638433034260051,270809515.06847656,14582122.503178185,421819.32487214124,719910.8699517656,2.414632930458034,0.0,-0.39740096446836964,-0.2800891300482344,-0.5170734139083932,-0.0009287931701589802,7.861790041184538
0.15864829392450464,0.06749765792755012,0.046307904457853814,-1.4374856125995776,7788.6679822322385,1.0548588857477696,1.0159202609985656,318207821.3699297,15957350.002335796,405157.5657876259,623786.5339048264,2.7462397720088236,0.0,-0.4212034774462487,-0.3762134660951736,-0.4507520455982353,1.0,90.0
0.7717801788556673,0.41414104753104775,0.7071312034471389,-1.4567862660442525,7856.634796323141,0.9378875221330014,0.922487945992866,146574276.1162533,2314017.4385935655,233779.88591736098,371544.7549518346,2.152812261792383,0.0,-0.66602873440377,-0.6284552450481653,-0.5694375476415234,-0.0031249792603661674,2.8251620327114075
0.3203643347403462,0.751910638868502,0.6137312580090353,-1.5363729446765146,7812.83139717331,1.0518372251309491,1.082970280833672,166368030.93352112,1983977.7060112793,278846.15737159277,409133.313093368,2.5945397379623767,1.0,-0.6016483466120104,-0.590866686906632,-0.4810920524075247,-0.0030832368935219978,-7.254491586110841
0.7851976965062158,0.9758251244397055,0.7434997568849133,-1.4512515045871965,7919.1563529700215,0.8932159680050231,0.9454275075780985,186524008.1600302,4612108.119548574,283653.0029018748,443221.3001458462,2.1406434176636973,0.0,-0.5947814244258932,-0.5567786998541537,-0.5718713164672605,-0.002749005020674607,5.512561695518407
0.744479727494676,0.4123432060170456,0.34334617520013255,-2.381728925288129,7807.625913422948,1.0095663626967426,0.9317342501024648,129932492.46494468,4248779.545189437,326971.1097566939,536188.1808363415,2.077479244426893,0.0,-0.5328984146332945,-0.46381181916365855,-0.5845041511146214,-0.002102564881489668,5.546737806642344
0.6733588952042242,0.7648501400394844,0.42697251542963505,-1.3932077321925762,7847.225309051115,1.089685568880826,1.07707220803699,201967957.6456177,5750232.584604983,294358.3193969352,469208.05936885526,2.154483678832087,0.0,-0.5794881151472354,-0.5307919406311447,-0.5691032642335826,-0.002178493360687471,4.671723943727045
0.9724820725306365,0.06655956532748325,0.947353383057856,-2.5768239371398707,7715.37378644367,1.0644857699988342,0.9610021131304645,48266489.88957292,2370008.6021198393,269622.5217125323,446890.3031417724,3.249153871120875,0.0,-0.6148249689820967,-0.5531096968582276,-0.350169225775825,-0.0034655757246510616,5.465558301796193
0.8623226209429681,0.30325608959168615,0.3809176734963083,-1.3702590448679093,7866.32886355778,0.9012320954340777,1.022318448638697,205972955.27784616,8240472.586289096,338674.2837052428,563257.22088743,1.8855933662204991,0.0,-0.516179594706796,-0.43674277911257,-0.6228813267559001,-0.0022385478435236862,6.78190026276722
0.42281554459043846,0.286257997799298,0.41738846819680603,-1.8469903980604865,7747.321431259111,0.9911369189476548,1.005171504541021,146266863.95462233,5748436.817852471,267176.3720424279,412258.0703704249,2.3451238053827552,1.0,-0.6183194685108173,-0.5877419296295752,-0.530975238923449,-0.0028753022041937415,-5.146227231123156
0.4073069380822239,0.81498094049116,0.8856937760780764,-1.6597076189520692,7868.380565687963,1.0132980486417527,1.0050673353110353,143015861.7961445,1685982.9175806665,295617.8114429565,439049.6036836143,2.605604229415329,1.0,-0.5776888407957764,-0.5609503963163857,-0.4788791541169342,-0.0034921992269376367,-4.234258680369194
0.7252917669472334,0.8715724478872404,0.16343157810767958,-2.171142545440149,7792.855897086908,0.9530262127663591,1.0388381814875978,176874284.56784576,5285018.329427056,321559.3953898559,493791.1645249752,2.2818610375970243,0.0,-0.5406294351573487,-0.5062088354750248,-0.5436277924805951,1.0,90.0
0.8949380393212638,0.7031599350348419,0.30810674565264573,-1.8833033933516332,7910.130411014015,0.8983852205977167,0.9857561540848401,246965777.2168213,7278838.329368934,356716.99265581515,605034.4099799934,1.8745472966104677,0.0,-0.49040429620597836,-0.39496559002000664,-0.6250905406779065,-0.0014658309728021086,12.096993948010633
0.362993669412319,0.566992740743689,0.14816464652819855,-1.2674537867703375,7792.042128813324,0.976651983420014,1.0706792972396721,338220895.6720485,3746080.0081047034,354970.22415558127,602304.5654112068,2.124436182982543,0.0,-0.4928996797777411,-0.3976954345887932,-0.5751127634034914,-0.0007332705632657402,5.671866891519173
0.06923471864281003,0.8034535821872538,0.4222111420626645,-1.4256663740593583,7772.590403182996,0.9808149981490623,0.9527572153207801,229848907.47325337,3170958.038089831,381787.44107539253,540765.9542336463,2.9406768734930244,1.0,-0.45458936989229637,-0.45923404576635374,-0.4118646253013951,-0.002490759373126679,-16.644468422908467
0.9501419353722967,0.6192055891606533,0.31146509055924365,-2.2399147261054035,7870.018738307323,0.9896063403403398,0.9909319062843329,187283184.6831038,14150688.061456293,339271.57788780885,578543.1550029324,1.9598862422983634,0.0,-0.5153263173031302,-0.4214568449970676,-0.6080227515403273,-0.0015193811992753386,12.384187174990686
0.32120578404929523,0.24394563158842433,0.9034298486838087,-1.1460831268388703,7832.04142478583,0.9695992081664343,1.0081823695268395,123505414.19639587,1701216.565965672,253991.27552159916,374964.23246088234,2.5907803367682503,1.0,-0.6371553206834297,-0.6250357675391177,-0.48184393264634995,-0.0043054018851265054,-10.769925622698352
0.7680924776692148,0.9320823086023889,0.8223520601870942,-1.6305378911539297,7869.605017324656,1.0485462759338915,1.0963123810524193,147774487.23441643,2015944.6308633157,251547.44919642745,391917.78361861536,2.1110576938568415,0.0,-0.6406465011479607,-0.6080822163813846,-0.5777884612286317,-0.0029344843394506033,4.988696742446081
0.5644839677409242,0.7786619387809312,0.7962361860696168,-1.7311054676893596,7837.692487876882,0.9700693094529046,1.0521394435841662,151956114.82319632,1553359.4390061027,278305.30455825716,424284.2844609727,2.3043591777253645,1.0,-0.6024209934882041,-0.5757157155390272,-0.5391281644549271,-0.0032098055333774807,-0.20743904903180876
0.5168533937443275,0.2821096205223331,0.03314541478175698,-1.893087657833982,7816.788616974839,1.0407843006767954,1.0474680909153746,235957361.30025867,1829594.9915624359,386256.1529133196,607253.2476512298,2.5552102952877305,0.0,-0.44820549583811486,-0.39274675234877016,-0.48895794094245393,1.0,90.0
0.654523187888558,0.7615737790799556,0.08879663011123665,-2.4590948979855902,7876.657427627761,0.9150601632082354,0.9935951476843882,199135919.81094837,5346221.343493117,381770.3282794563,587993.2035919544,2.3245507325486323,0.0,-0.4546138167436339,-0.41200679640804555,-0.5350898534902735,1.0,90.0
0.1493575527514367,0.01389965011305255,0.7123451917412005,-1.903584414490262,7825.393912975315,0.9839018377691131,1.0213196579502817,136691414.44611079,6457718.422541229,288041.72341631714,411235.26151548274,2.881858776088885,1.0,-0.5885118236909755,-0.5887647384845172,-0.423628244782223,-0.0044095937430143495,-19.65618581827258
0.7160701894252026,0.36438485539536974,0.29560699862527734,-2.9978403356769823,7806.800689067022,0.9415581590357253,1.053537722960249,110311535.46632417,2934074.21482795,472150.74971219443,779812.3180693949,2.063832609464088,0.0,-0.32549892898257937,-0.2201876819306051,-0.5872334781071824,-0.002001366608484616,5.60014995339268
0.35598367288167104,0.5488843600752313,0.1127206075869108,-2.173397060604996,7775.030378224112,0.9519463598231597,1.097554120432581,189938249.614558,4992427.970952829,371961.80073229305,568718.673298924,2.21428754037782,0.0,-0.4686259989538671,-0.431281326701076,-0.557142491924436,1.0,90.0
0.43144878311362883,0.7640763198221933,0.37222642974631964,-2.4835902359059694,7778.752223741479,0.9845455671123104,1.0732455112099868,124255006.35836138,3464056.894815485,420305.12437723397,650444.9333358533,2.200206898132513,1.0,-0.3995641080325229,-0.3495550666641467,-0.5599586203734974,-0.002174122293914657,-0.7670579650624276
0.9891696318218378,0.09948765533406917,0.7878588835049283,-2.7494184118133016,7843.465300111827,1.0364976675940312,1.0684637915029418,70248106.56456211,3163886.9519972545,267700.9203017486,443773.3694015021,1.9006296216732643,0.0,-0.6175701138546449,-0.556226630598498,-0.6198740756653471,-0.003216010771563951,5.934397936985889
0.0767791501102237,0.3712915213849528,0.8987830081244044,-1.918134106931512,7818.393802642747,0.9351738792567912,1.0508497336082159,141492570.0335202,5934561.143642716,301312.04772621737,417031.60600839416,2.878980658121919,1.0,-0.5695542175339752,-0.5829683939916058,-0.4242038683756162,-0.004450480974895559,-21.663370919686148
0.6925569951556839,0.23774990200233556,0.06712217455562869,-2.468970245753526,7753.884153995124,0.991946048191944,0.9488012584100497,126540253.35542673,3215227.0544116995,491016.05138132354,780941.2751700962,2.4279985017249404,0.0,-0.29854849802668065,-0.2190587248299038,-0.5144002996550119,1.0,90.0
0.13353910864314816,0.24521428541455043,0.675069162558522,-1.948175659872344,7878.738613171733,1.0214794707133883,0.9439340945392776,164895219.89162192,4626410.720875507,347635.0222893349,491610.20285799896,3.1594247723873763,1.0,-0.5033785395866645,-0.508389797142001,-0.3681150455225247,-0.004013410758531635,-18.990145576118216
0.9433294502699281,0.39382500352483324,0.16905254079051402,-2.4978411542089294,7850.640935198277,1.0537435997965356,1.084058718748996,140268564.43190742,4350829.518421864,347881.6612101909,553208.692270365,2.201261559823463,0.0,-0.5030261982711558,-0.44679130772963505,-0.5597476880353074,1.0,90.0
0.3719293858421951,0.7555778933693089,0.8750797171534089,-2.595555432390055,7824.524121921324,1.0370550137865286,1.0357879468110867,84768586.91777292,2865505.494937149,365291.5062691684,539814.0048840164,2.525252660339436,1.0,-0.47815499104404513,-0.4601859951159836,-0.4949494679321128,-0.0035816580737341682,-5.731483437298696
0.8375164707079492,0.46823075599262104,0.953712515500815,-2.2953587383500054,7836.447830416868,1.0576175431957482,0.987801507053147,87848585.64572033,4200825.161621062,218443.32842079105,349975.03096963075,2.090953504937576,0.0,-0.6879381022560127,-0.6500249690303693,-0.5818092990124848,-0.0033996657968164627,4.487266019869416
0.8067551196629051,0.6902452432549999,0.6974598170985958,-2.9068784913211445,7869.266782988479,0.9466459297810192,1.0642128037457106,92835331.28359169,3110538.694127651,368585.59753333917,582684.5905486698,2.0742318402157203,0.0,-0.47344914638094404,-0.4173154094513302,-0.585153631956856,-0.0028603816248181737,4.703921021324636
0.9051054701840399,0.7683042204735543,0.8572024687432568,-1.177913907347972,7793.821444600352,1.0519782060472591,0.9623213332633348,138186915.94145074,2477274.3085583816,193608.50953810837,309184.56102174404,2.228962228063504,0.0,-0.7234164149455595,-0.6908154389782559,-0.5542075543872992,-0.0029981464659982722,6.698063678687712
0.7653359058732543,0.6131711896904625,0.5064954216885152,-2.175852192930856,7865.933541671829,0.9686032005869668,1.0040301477353115,162484635.3352067,8850311.759108735,288339.6069573198,461645.095884586,2.065064052488508,0.0,-0.5880862757752575,-0.538354904115414,-0.5869871895022983,-0.0024942491624216304,4.732990505774467
0.35928453995173937,0.5098281312540022,0.3474912476449706,-2.561807371194588,7789.682663540671,1.0347869831951095,1.0172789222912846,112555639.66600889,3088825.5922958236,448803.0218463682,688782.8997656832,2.3567391594166427,1.0,-0.3588528259337597,-0.31121710023431676,-0.5286521681166715,-0.002411250021535814,-4.725106200646721
0.39886807095287796,0.7419142178584552,0.019082507665714604,-1.2244012807138736,7809.707526217719,0.9075312105317509,1.0078793305380152,340104848.48993,4095240.251499554,445957.9498339559,678568.105608981,2.5289126901695083,0.0,-0.36291721452292014,-0.321431894391019,-0.49421746196609834,1.0,90.0
0.6883860524035884,0.6162233438357587,0.2583627140246375,-1.8650864596078993,7843.827999653852,1.041532742942895,0.96989264859689,223976460.43988433,2384828.3889666568,262486.33452658873,438411.9238646701,2.0639110235328264,0.0,-0.6250195221048732,-0.5615880761353299,-0.5872177952934348,-0.0014395794652967068,8.5048609913562
0.15894232111544965,0.6527735435975941,0.2681823509264584,-2.259224650276506,7794.228631059666,1.0433869169545795,0.9941049346361559,160294548.1027624,4122645.961702011,409122.9352450423,615415.6164497616,2.6427734350929355,1.0,-0.4155386639356538,-0.38458438355023844,-0.4714453129814129,-0.0019761151982973088,-9.642266531231535
0.9684233284909943,0.6517010691271037,0.51175486695354,-2.0054886470179656,7934.876111352115,1.0587976062783,0.9921354434651275,163698214.07605815,1756980.4669041228,276393.2310355372,452053.6846352563,2.0483140204882004,0.0,-0.6051525270920897,-0.5479463153647437,-0.5903371959023599,-0.002306530006921698,8.683453860261194
0.4165935102239955,0.9251978389706084,0.14781079567403727,-0.9927812603879287,7821.921406399675,0.9757484285285843,1.0669511189255076,297467026.8917535,3859316.4297441477,387021.87900155043,583703.9155274532,2.4235057128805533,0.0,-0.44711160142635653,-0.41629608447254685,-0.5152988574238894,1.0,90.0
0.9104572440695985,0.19845796809412006,0.11494886685583136,-1.9617746658274475,7834.379567894685,0.9791991603332263,1.0109357958843808,202680498.1611509,2842264.5893893423,353225.77307727415,568040.545583711,2.3011080097348136,0.0,-0.49539175274675123,-0.43195945441628897,-0.5397783980530373,1.0,90.0
0.6866855400162535,0.6201502239100509,0.4501392440345514,-2.081844441388985,7821.378313877604,1.0230598293434008,1.0362962302486871,157991941.41815168,6964412.858158792,275631.642302495,439668.485207432,2.12221548893762,0.0,-0.6062405109964357,-0.560331514792568,-0.575556902212476,-0.00238482334962705,3.714315246943052
0.006160487666306946,0.46693534151298416,0.8047215384952193,-1.410396631357111,7911.325101376422,1.0852621750528924,1.0047533872351369,151276364.72052664,1773719.6093132158,369603.6617405352,497071.4291966423,3.6848166108498637,1.0,-0.47199476894209264,-0.5029285708033577,-0.26303667783002727,-0.0041001240062284085,-25.86410033478546
0.6075402465630353,0.9549997623795087,0.741948610794333,-1.753081244288265,7813.510649766641,1.0541715579477804,0.912844579151105,152810622.23640117,2542844.6090729423,301273.80700601125,460394.9570032447,2.6370383035418934,0.0,-0.5696088471342696,-0.5396050429967554,-0.4725923392916213,-0.0029066689131048715,1.8222828173124732
0.29634103384860966,0.1885247793364398,0.7492448691349688,-2.2142542165523333,7822.727962429864,1.0769349938479942,1.025525525932218,92399764.63419656,3666250.7402136913,268027.38106339826,394184.2630826597,2.8215689036165,1.0,-0.6171037413380025,-0.6058157369173404,-0.43568621927670004,-0.004094846839366117,-12.029178538754337
0.7136626233849804,0.28280994313826874,0.7098033290381297,-1.0323481404900798,7915.940246603125,1.0662102891252834,0.9284342100424595,129328853.18441056,2011859.313732363,231135.44503746752,366074.5796966833,2.3182097110830333,0.0,-0.6698065070893321,-0.6339254203033168,-0.5363580577833933,-0.0033040031497209347,0.9935613726727794
0.5001541521600605,0.028982913651225167,0.6005673013177528,-0.9801971671341225,7801.479565777433,0.9475620135868911,0.956290681620291,155954989.88350475,3277888.1375162946,234798.85799319128,364393.04210383387,2.3578267839990272,1.0,-0.6645730600097267,-0.6356069578961662,-0.5284346432001945,-0.0035910229891179955,-5.449112312610946
0.06335668817068017,0.2763989091840743,0.9851365104962249,-2.6424728078320907,7894.0313738851355,1.0134914962783312,1.042157901651071,86852775.66918798,2757634.9588771663,387032.5362988885,534265.0972218226,3.0791235730534408,1.0,-0.44709637671587354,-0.4657349027781774,-0.38417528538931184,-0.004765770927210998,-22.99236689186246
0.7814353344195776,0.4705836931116564,0.24817760635928418,-1.0064914768035251,7817.119103985779,0.9805374959471782,1.0018554135883901,270228863.4927794,3715164.3855437837,299207.8466237238,509534.3801595068,1.9089194708607315,0.0,-0.572560219108966,-0.4904656198404932,-0.6182161058278537,-0.0013952209084020701,9.909320384260411
0.7292081168382897,0.691071672149325,0.8425120667476919,-1.885897213332452,7791.470992078181,0.8744454402971992,0.9802520376533941,144507746.13879365,8447758.049502641,247974.96140971943,388465.76079702895,2.088091102178628,0.0,-0.6457500551289722,-0.6115342392029711,-0.5823817795642744,-0.0031944633168050057,3.0806777436446957
0.25610584800487174,0.6790732836320401,0.9140168714580785,-2.6039249660091883,7849.290033551015,1.023920836025442,1.0121493360026024,87224681.939994,2872213.9543767264,372024.0165371336,537438.1007428219,2.7209392172177123,1.0,-0.4685371192326663,-0.46256189925717806,-0.45581215655645757,-0.0038751500780937966,-10.461339995943849
0.028916492343723264,0.11687091811019805,0.5183189832519117,-2.2582705707584454,7751.423181080158,1.0564504973667592,0.9112188853462342,104382485.54374704,2897369.5908555165,472730.88654683105,657010.3238783506,3.442358018209244,1.0,-0.3246701620759556,-0.34298967612164943,-0.3115283963581512,-0.0035948347837574043,-25.250923185857523
0.3937940212006163,0.2917362957192984,0.4380393772082254,-2.3754137778633417,7847.4250857487605,0.955736839719015,0.9202506937395458,128319101.21453944,4110393.5990633992,327387.1956418604,499591.79122119123,2.5237437958211153,1.0,-0.5323040062259137,-0.5004082087788088,-0.49525124083577693,-0.002970525346620371,-6.287443447884311
0.19119919786618356,0.3613411873991865,0.2861611294253308,-2.2718246242520155,7815.228968394548,1.0129610209327597,1.0628738228535097,160542042.6331083,4461488.777110451,364023.7675176427,545999.9856953197,2.43578767681596,1.0,-0.4799660464033676,-0.4540000143046803,-0.5128424646368079,-0.002370028009799761,-11.387902814466354
0.8617601420490049,0.8469056576069962,0.1984126789738046,-2.850282244964677,7769.712361351036,1.0768639562453637,1.0387947259616253,97441099.13896275,2513930.0634565027,525773.6441107625,814009.9766113054,3.1340389608434984,0.0,-0.2488947941274821,-0.18599002338869464,-0.3731922078313003,1.0,90.0
0.04574567137824006,0.023664131366536983,0.23532218478557643,-2.249899957112568,7882.375149704726,0.9666892587197801,1.0480223252982717,227962676.13947457,6965973.225405809,431948.96767134016,638801.9305570744,2.5708912276682434,1.0,-0.3829300461837998,-0.36119806944292565,-0.48582175446635134,-0.002358622416458507,-20.30641895046363
0.5470042856267044,0.5860189343910354,0.060476356514142945,-1.7468577590923138,7751.340593427117,0.9710037257156956,1.0180633900027571,251495310.33874136,15303997.572256,367280.46078444296,569029.0587391703,2.4772313786140896,0.0,-0.47531362745079575,-0.4309709412608297,-0.504553724277182,1.0,90.0
0.9241678546939489,0.04637147407328634,0.9051938126382548,-1.8425771892447753,7831.9278518509955,0.9717099409719819,1.133629387228513,102118859.23050514,8171780.439932417,236681.2425933073,390117.9494984838,2.588008303159673,0.0,-0.6618839391524182,-0.6098820505015162,-0.4823983393680654,-0.0034959633542850383,4.42579435681818
0.7280633316194546,0.09865544847687986,0.9271309940489336,-1.6998391721363733,7809.7456435765525,1.0237942068974026,1.118754158269157,105363539.59038028,5117733.397074375,237585.31994791614,379752.82048757013,2.4768209424661514,0.0,-0.6605924000744056,-0.6202471795124299,-0.5046358115067697,-0.003790061623184898,0.39399428766517275
0.3526673160784507,0.05782523546920667,0.17410063698542713,-1.865768359156773,7889.225378458784,1.036376159708833,0.9398432739056681,231754614.26044738,2895083.772325997,319063.001964771,512460.59725792176,2.2740761938472054,1.0,-0.5441957114788986,-0.48753940274207824,-0.5451847612305589,-0.001937857770154546,-4.340014670907216
0.7022628779008961,0.9861293095283152,0.360913121496371,-2.0123865760055906,7750.9891663849085,0.954323491481854,0.9291998396523059,167932522.2085564,5615228.688112624,278632.5619231929,452018.68156201264,2.043490200494437,0.0,-0.6019534829668673,-0.5479813184379874,-0.5913019599011127,-0.0016661172629408366,8.63616540714294
0.42642486876196145,0.182159474143611,0.207982343634064,-2.140760948408304,7820.864257084575,0.9750127724449328,1.0049134324954694,197024468.34437132,7062570.563743962,336496.9850779532,542083.0311381134,2.0464971583766465,1.0,-0.5192900213172097,-0.45791696886188665,-0.5907005683246707,-0.0019818548737422915,-1.7859233550412483
0.0837021246988437,0.7330854302867533,0.896348617329575,-1.9357569692564067,7876.900231957138,0.9441914710627104,0.925411541772289,175854265.3760133,2717224.5884612375,374440.79257237585,515198.9250517017,3.159885201749333,1.0,-0.46508458203946307,-0.48480107494829827,-0.36802295965013343,-0.0039468234578669895,-18.809892823983976
0.937914919542336,0.7971849954227025,0.7656252989399336,-2.48411181945517,7837.797318014352,0.9929788562840955,1.0492641428769804,103696277.09573132,4038854.2598131993,284516.79421024874,453763.14025534666,1.989240374993862,0.0,-0.5935474368425018,-0.5462368597446533,-0.6021519250012275,-0.00280524610346686,7.294720539774753
0.4137414872562294,0.3794722291962731,0.8235965756071484,-2.39477373588008,7835.843926329832,0.9407441174457813,1.0328565601089574,96342207.47727993,3660518.987430726,287518.4062750987,431024.57114180084,2.3981827743565693,1.0,-0.5892594196070019,-0.5689754288581992,-0.5203634451286862,-0.0038535690556881783,-6.761528616401005
0.6320924888768087,0.7135117594417829,0.6942654510348276,-2.496926353541642,7804.939031173613,0.9358561083858179,1.0685359470917903,101651974.32142916,3512627.3150905035,330290.36292372865,509895.5369531183,2.1801461198193928,0.0,-0.5281566243946734,-0.4901044630468817,-0.5639707760361214,-0.0029997625548414493,1.1704151174927269
0.473141589598536,0.5368114930213825,0.8438324882812193,-1.5203428814394537,7802.668807526883,0.953172502114255,0.9930055629005873,139542574.13922292,1619359.542930683,269207.27612562303,406929.1461833408,2.428324848058533,1.0,-0.6154181769633956,-0.5930708538166591,-0.5143350303882934,-0.003638001652731321,-4.004625592627185
0.5752831925921238,0.5873580902810378,0.020306659196602354,-2.0135555357434445,7740.918190207628,0.9671823559682055,0.9870783625085767,183902555.33201677,4892831.0919553945,366708.40259557846,568395.5142802391,2.5521384423537645,0.0,-0.4761308534348879,-0.4316044857197609,-0.4895723115292471,1.0,90.0
0.5948174038016335,0.3016471847949131,0.6615922801797521,-2.9458865715646216,7851.864128020154,0.9756370928908107,1.0311757679007585,77885958.55414236,2615181.7181374594,380716.25614251377,592934.4904127811,2.4857701494357025,1.0,-0.4561196340821232,-0.4070655095872189,-0.5028459701128595,-0.0033394181036065086,-1.688625809732276
0.988644071832989,0.6892088042137642,0.40421687373637677,-2.6922479919542877,7860.188994344994,0.9647844727888624,0.9923407228453593,134678595.6998226,4322728.321387849,362007.34195973,603277.3158968961,1.7816849040228386,0.0,-0.4828466543432428,-0.39672268410310396,-0.6436630191954322,-0.0018755828062251342,10.949114178432497
0.9156196236013651,0.7258942966440088,0.7446986471541825,-0.9780662862628109,7880.120955614833,1.0403832566238669,1.039718307647513,163975165.6635121,5801233.619811157,247967.18554561172,396606.0751236438,2.1212645839545354,0.0,-0.645761163506269,-0.6033939248763562,-0.575747083209093,-0.002833049281528153,6.682721460549539
0.13856376424496838,0.3856597978335075,0.30390399808332047,-2.601323841361172,7823.622488035345,0.9449520894762133,1.0238813617635936,138960985.25247616,3265650.530468633,508401.1097320166,751101.1383118125,2.5535735853521953,1.0,-0.27371270038283346,-0.24889886168818745,-0.48928528292956097,-0.002437551443190221,-14.095046584222501
0.7328550855159291,0.6898157913239366,0.5105772440165854,-2.065677769527794,7841.17227120125,1.0213780148734948,1.03698583262588,161792118.3750347,9151163.406671299,283046.09931906906,450009.4843295051,2.145726346812667,0.0,-0.5956484295441871,-0.5499905156704948,-0.5708547306374666,-0.002468966684045011,4.410216192481986
0.511969341879553,0.17055010964140158,0.887872134188851,-1.8126529766907171,7900.723170241775,1.0059899168332382,1.0016162933973658,112495684.77458543,1969035.7738093052,288267.6826519774,443124.5765323762,2.394680656322038,1.0,-0.5881890247828894,-0.5568754234676238,-0.5210638687355924,-0.004031427404495981,-4.894163703567774
0.2056420186136188,0.1330326407425524,0.48802847042183095,-1.8538515029998897,7839.9829649551075,0.9085485671755738,0.984312116658985,185198924.41323972,2029077.1293487244,356370.1700109402,521597.26489739993,2.7112673828999494,1.0,-0.49089975712722833,-0.47840273510260006,-0.4577465234200101,-0.0034861778215337447,-15.087000203304566
0.6580305657754223,0.3401356359263544,0.5202189415773462,-1.8746656376577493,7884.826922254475,1.0161970459248029,1.022924254627818,156528299.5881549,1590637.1274079867,277907.5759121655,440454.94078708545,2.217146715690786,0.0,-0.602989177268335,-0.5595450592129145,-0.5565706568618428,-0.002879476660216574,0.8247319716017714
0.0627699846056211,0.17604083211434673,0.005984921514075332,-2.3102226029863115,7840.424842194014,1.0146785669504799,1.0441511877608165,226811586.2290165,4791472.571454429,458631.85717022803,689779.073254544,2.9105039884240167,0.0,-0.34481163261396,-0.3102209267454559,-0.41789920231519667,1.0,90.0
0.5299212631818995,0.8137598240768775,0.07060427543130493,-1.2276569546968688,7933.85582340434,1.0244748028540989,1.058377174933723,276849561.6562349,3805943.584933876,363213.80912557204,554087.1282473805,2.456510089431947,0.0,-0.4811231298206114,-0.4459128717526195,-0.5086979821136106,1.0,90.0
0.12693365035129783,0.7311597571851013,0.7538237735139117,-2.5601424276233224,7837.255158522457,1.0417426358079234,1.0101143892473903,98209422.72972754,2841246.643441046,432406.7366619676,602821.638230091,3.0014372448574984,1.0,-0.38227609048290345,-0.39717836176990906,-0.39971255102850034,-0.0036269694936672185,-16.29814594597783
0.6331411146742347,0.7392681895616104,0.9321727036978412,-2.3379398178281208,7814.476511583091,0.975992531250173,0.9965528854634405,96250226.44669557,3817657.368844717,271740.86618458165,419831.63028544013,2.264557329193919,0.0,-0.6117987625934548,-0.5801683697145599,-0.5470885341612162,-0.0033798406954275084,1.4610954843041988
0.1755662183802669,0.06892899460623916,0.9766439696118149,-1.9428947152177685,7845.32941939706,1.1014196849750686,0.978158273608302,100835513.41056523,5162658.119007787,228878.68878475594,328218.6670743527,3.0670000585808417,1.0,-0.6730304445932058,-0.6717813329256472,-0.3865999882838317,-0.004930571823161273,-18.123484855016255
0.13571369057024074,0.9608765309400668,0.9792291022333977,-1.8083220313466737,7868.527543002167,1.0488930042375428,0.9496054070968397,156428357.02799192,1719511.7642186915,366043.57823644206,506896.95040400524,3.1877809630669085,1.0,-0.4770806025193685,-0.49310304959599477,-0.3624438073866183,-0.0037453632671050306,-14.65167231449648
0.5897428947702283,0.3433201105696867,0.1439454280019485,-1.890863171357769,7888.785994439294,0.9969021186186647,1.0147021453356329,284078786.32507205,7534650.35364351,393419.77559672523,694604.6577541594,2.214793930366216,0.0,-0.4379717491475354,-0.3053953422458406,-0.5570412139267569,-0.0005579250674755133,11.65993345174877
0.5605223642800006,0.6383902332259058,0.7383578399758085,-2.6439738904891517,7838.299001018286,0.8995429281295726,1.082520926562467,100903733.88970175,3414514.1898153955,344806.7919733172,527066.6329361777,2.1586771699508662,1.0,-0.5074188686095469,-0.47293336706382233,-0.5682645660098268,-0.0032351325744116107,-1.0490705702423462
0.2280769856455879,0.02312222770521732,0.8559856907491485,-1.6108611498422674,7835.999753902076,1.007411614652389,1.0003233473712176,120934129.38810486,1871591.8799433503,316651.38720999536,459700.628404845,2.733262955505317,1.0,-0.5476408754142923,-0.540299371595155,-0.4533474088989366,-0.00466410611599446,-15.998974544842582
0.8554491844354858,0.15262543537641762,0.7592713386715585,-1.4777416903916538,7831.5224891521875,0.9832557717471135,0.945312092032624,119167171.66303442,1637720.7678644105,230201.6801052276,374040.41467427654,2.0950776938944404,0.0,-0.671140456992532,-0.6259595853257235,-0.5809844612211119,-0.0033091351949775766,3.487601233492473
0.04869121218884017,0.6588310897212477,0.10177476386481384,-2.2073983997927273,7861.482550659064,0.9820353698564468,0.994616111699407,265328683.19181657,7106403.53005348,511329.98651881673,748381.6258381892,2.7956782302256142,0.0,-0.26952859068740465,-0.2516183741618108,-0.44086435395487716,1.0,90.0
0.4339118807722539,0.6270755129512188,0.2031072034048132,-1.8259951581335485,7819.375891057091,0.9974250326926446,0.9863276466180253,254550649.77395952,2456713.027550141,297247.14829542884,489674.91704757855,2.091170843962249,0.0,-0.575361216720816,-0.5103250829524214,-0.5817658312075502,-0.001260203688607867,3.920322125588058
0.8054170391990383,0.8203874979884573,0.08394530332932292,-2.2214726088503216,7866.430286705521,0.9520609389993704,0.8647377523892468,214858091.70803407,7496048.967595989,400717.6407391443,620592.3552114255,2.6625713230664023,0.0,-0.42754622751550814,-0.3794076447885745,-0.46748573538671956,1.0,90.0
0.09204879653176094,0.6615851244241898,0.025255526762146,-2.2973037330801347,7816.185544182808,1.0490203575179,1.0174873552555692,202632973.82308915,4229102.272467207,491225.68538036983,723365.2920327655,3.16415414480306,0.0,-0.29824902088518596,-0.27663470796723455,-0.36716917103938795,1.0,90.0
0.48992455055996903,0.6943560445058905,0.06393860735620725,-3.192689209474663,7854.394392106698,1.0082417613598975,0.9643661123445653,119929272.40468216,2407683.537647995,679895.3083343959,1042870.4261651747,3.2462457142480603,0.0,-0.028720988093720184,0.04287042616517469,-0.35075085715038795,1.0,90.0
0.0002454985385314944,0.57225574413927,0.4679786124342546,-2.0308046695548376,7836.913799071423,0.9551918642810131,1.0891300115194147,206910231.81764773,6895983.863334759,419574.7700151098,577949.835031157,2.910825890161808,1.0,-0.400607471406986,-0.422050164968843,-0.41783482196763844,-0.002848092091502735,-23.6684677811235
0.8634617181459724,0.5801421368260403,0.5300564611542565,-2.2448459685913167,7790.980487804202,1.0644571795120945,1.057729269094464,114133559.69362618,4447503.307819157,265091.7664207804,428328.09715185536,2.0103513417365204,0.0,-0.6212974765417423,-0.5716719028481446,-0.5979297316526959,-0.002499380986466146,6.295605817151131
0.21155312890217434,0.8642047585117765,0.15322417223036455,-1.8278925354114564,7740.5010475185345,1.0037436796386485,1.0314337871514023,275005019.12278473,9190630.750969104,441237.50321154844,763930.6762055734,2.6210784844550523,0.0,-0.36966070969778797,-0.23606932379442663,-0.47578430310898956,1.0,90.0
0.12198407412401413,0.45995629123172105,0.2240236924398931,-2.2122348879421567,7858.137573123663,1.0817469006310445,1.0221845233317235,206753272.93140185,6172833.501240593,393806.9285107887,596742.2242751165,2.5189165252671772,1.0,-0.4374186735560161,-0.4032577757248835,-0.49621669494656456,-0.0019092575774825346,-11.909595485099707
0.27690285242296026,0.9400353955556712,0.8657670770940852,-1.6023897178510191,7796.144788869333,1.0069644633946455,1.0194101472519008,159077022.32758206,1569923.1675532132,313154.2582398249,451574.9542935062,2.7596294466250857,1.0,-0.5526367739431073,-0.5484250457064938,-0.4480741106749829,-0.00346392887863162,-8.060539758441127
0.6801631856155591,0.581956400689759,0.7118891965562713,-2.559309613652604,7768.7930818822715,0.9935484670493236,1.0093022526228534,80493848.63190673,2847157.0495766466,355340.0283490562,554770.1859182755,2.41560131671176,0.0,-0.49237138807277686,-0.4452298140817245,-0.516879736657648,-0.0030996450394284265,1.5669481371769471
0.6118152444434186,0.7142997878321996,0.18496172741327271,-1.9047919194734688,7886.065038092482,0.9936589096475097,1.0069486168522268,289158270.3043423,7515269.995250177,401235.1663705296,712567.6029358302,2.3875416181615994,0.0,-0.4268069051849577,-0.28743239706416973,-0.5224916763676801,1.0,90.0
0.957000675698462,0.9797170242769119,0.6862828632264406,-1.8969518688881193,7903.790284439022,1.0256881625015593,1.021426699527789,158414717.6511993,1773983.6461070818,266186.5937624605,423230.3459998123,2.1264556169940674,0.0,-0.6197334374821992,-0.5767696540001878,-0.5747088766011865,-0.0025126351991094386,8.511386770332175
0.27935555840307474,0.7623612802930093,0.10344168571880107,-1.4024783300857773,7770.522935105248,1.0117423498886484,0.9120665018043663,306402870.036214,13970418.721709985,402010.0342164597,604449.2443026081,2.853185640355746,0.0,-0.4256999511193433,-0.39555075569739195,-0.4293628719288508,1.0,90.0
0.20062941868997874,0.3577429418285133,0.42295966903757176,-2.7611475624796022,7853.416915421774,0.978290984516937,1.033364649917495,111704704.74089864,2881566.5677769445,483721.48322663817,709093.1659849244,2.5775522961109636,1.0,-0.3089693096762312,-0.2909068340150756,-0.48448954077780726,-0.0029934776996334298,-13.24275402848075
0.8402531196295634,0.48249998777337866,0.6370671393243422,-2.193222187633616,7732.700934302727,0.9494103024093401,1.0122816309377598,96616607.85856073,3747948.4421604364,290736.0137376567,466840.22667685203,2.06888340801176,0.0,-0.5846628375176333,-0.533159773323148,-0.586223318397648,-0.0028547652625251314,4.728311279340868
0.9173686625541762,0.7462340994973254,0.46227668916772513,-2.2173997889256167,7805.541981224104,0.9545928010699629,1.0718768794857314,154584986.82834175,6049137.528725134,259537.59455558434,423608.00391315104,1.8439496858951299,0.0,-0.6292320077777366,-0.5763919960868489,-0.631210062820974,-0.0021179060068868627,8.909169589459768
0.015956467526320108,0.049965215828237895,0.49785906770144533,-2.139353689910894,7848.898093604874,0.9142674385208185,1.0275885296787077,167045656.51561272,5004174.154882053,359814.3574318059,500905.77807583753,3.095367369034943,1.0,-0.4859794893831344,-0.4990942219241625,-0.38092652619301137,-0.003567116989080882,-26.383787806936745
0.8392414514827675,0.3313441667138178,0.915998168568265,-2.4607046300575965,7759.9119332263845,1.0338270079827843,0.991886910996885,64944202.59168792,2867802.532665234,278964.9887533461,449190.755976766,2.3339859120447795,0.0,-0.6014785874952199,-0.550809244023234,-0.5332028175910442,-0.0034459340725331578,3.8257594053404276
0.10308943764721298,0.12262771836691747,0.47557332629445487,-1.8069530372783151,7859.3561928563195,1.0243993082551397,0.9473488305984159,179026686.6293446,1621858.1204104102,378870.7800980497,540576.4692532562,3.2430984752878533,1.0,-0.45875602843135754,-0.4594235307467438,-0.35138030494242933,-0.0034758050358964683,-20.263803255070915
0.08996897786528342,0.5719543935763055,0.3652800383295946,-2.2290384169921937,7798.9729121780465,0.9626451364172072,0.9636650347132791,155348780.10850427,3998528.4875338725,411969.19296095456,592632.1278465012,2.9383488873922388,1.0,-0.4114725814843506,-0.4073678721534988,-0.41233022252155227,-0.0025083699845038308,-16.37253669359098
0.8484854765791313,0.3229490946213356,0.5074630342549128,-2.323779576055642,7808.220963752924,0.9653226024799874,0.9022369237675728,112965308.93672976,4256922.22313355,280185.9627502723,457018.00510644756,2.082766435285362,0.0,-0.5997343389281824,-0.5429819948935525,-0.5834467129429276,-0.0026565005143268866,5.089192112010018
0.6858218722769992,0.08247788596228701,0.6947836785706988,-1.8013946988010507,7762.316073811558,1.0385587978109656,0.9579366710387747,106995487.92918861,5935035.835604481,197408.419367187,314648.0965998517,2.2829513350593285,1.0,-0.71798797233259,-0.6853519034001483,-0.5434097329881343,-0.0034791139517352304,-0.475443230433072
0.055502701079882456,0.06124879016776178,0.7747957673768624,-1.8957886133927588,7868.971125065471,0.9991646221898282,0.903369241670162,162384087.46773648,5311705.377690901,343923.816298716,475491.3106052541,3.476460788846291,1.0,-0.5086802624304058,-0.5245086893947459,-0.3047078422307418,-0.0045820812151025365,-24.983853552724856
0.1201124992609098,0.7705481161442885,0.12624870133428498,-2.0446967845525457,7853.31900952112,1.0331256704073606,0.9764023348564548,262183013.29426342,5977228.526343465,491380.06203628785,723452.1266634434,2.9004454781377094,0.0,-0.2980284828053031,-0.2765478733365566,-0.41991090437245815,1.0,90.0
0.7238688375854525,0.42317100485864795,0.6563373294964475,-2.725246115044079,7906.269528643064,0.8846597231389467,1.0759643158474412,118370060.63834383,4412300.67100567,317395.52014824474,501822.13219469774,1.8761648351208442,0.0,-0.5465778283596504,-0.49817786780530227,-0.6247670329758311,-0.003065992144324281,1.9859214622845265
0.30365185331469946,0.9963473109897345,0.0029725726311305273,-3.0382375576485767,7883.149812603769,1.0347103841622958,0.9567059879736591,145173613.77251345,2651814.298139088,725155.8168063243,1077915.9021188102,2.8433867268554907,0.0,0.03593688115189184,0.07791590211881022,-0.43132265462890185,1.0,90.0
0.8525245568823829,0.7688142797545814,0.706481434391981,-1.7694776084589028,7834.992786599534,1.0010273685667543,1.0219915108311781,150611911.55778286,1516103.3489611207,266709.32841229334,422918.84484396566,2.1846432427772293,0.0,-0.6189866736967238,-0.5770811551560343,-0.5630713514445541,-0.0027806383203456183,5.850555970391543
0.16605821114018726,0.3923232297976069,0.032464210631370276,-1.4250800400599426,7821.114107846087,1.10132175899042,1.0112902033156717,305162344.6885146,4555044.69305097,438440.4422765772,663475.3212315568,2.999685742684854,0.0,-0.3736565110334612,-0.33652467876844316,-0.4000628514630292,1.0,90.0
0.4672170773983278,0.129009864025056,0.836415801799899,-2.2923043835354173,7860.954234785726,0.9095436321137047,0.9606062703683623,99879919.11439495,4384481.111849139,232759.94817021597,354690.0805865933,2.268440769120508,1.0,-0.667485788328263,-0.6453099194134067,-0.5463118461758983,-0.004064058929972204,-6.476128239921518
0.602917937472852,0.36900102694491804,0.3993086935346662,-1.46343057455065,7793.1104342354965,1.0901798534260156,0.9640023009069001,172448303.34389588,2632377.2751625143,239200.06356924982,381490.1086660076,2.311908619773617,0.0,-0.6582856234725003,-0.6185098913339924,-0.5376182760452766,-0.0025331924359924813,0.8232165647530536
0.501444603487461,0.1272988840405871,0.042781603224093856,-1.878396900393446,7734.649476508475,0.9840300105331968,1.0110668890400685,193490043.9236459,5946191.628360926,346004.1883645664,548628.5357620169,2.377998893235865,0.0,-0.5057083023363337,-0.45137146423798313,-0.5244002213528269,1.0,90.0
0.6907915002377222,0.006050677916474959,0.28022373263923234,-2.248799395902976,7778.956184104694,0.8457350389562291,1.0649279841935773,169781460.1208189,5985357.844261824,295092.8510544466,487695.49764060474,1.6469740687217245,0.0,-0.5784387842079335,-0.5123045023593953,-0.6706051862556551,-0.002357488862450026,2.771345655796509
0.7918929175772631,0.3410387137256973,0.7443737115598863,-1.9548242473991198,7821.031242388393,1.0390457216539284,0.9443150163871081,119043342.5803774,7026665.7838100875,218357.54517282613,349538.0845574749,2.263900712899144,0.0,-0.6880606497531055,-0.6504619154425252,-0.5472198574201712,-0.0032281787838063496,2.879045434404535
0.43691177800901204,0.21374590831173063,0.6868828812746872,-2.376091562882686,7859.270089826564,0.9538789051711928,0.9810448345900462,104182492.51578128,3987295.644909154,276151.97751614515,418493.49924840115,2.4093683760946516,1.0,-0.6054971749769354,-0.5815065007515988,-0.5181263247810697,-0.003705827064435165,-6.762875386941147
0.6125307284132682,0.2470977661479023,0.3569711243924751,-2.1414812012514695,7884.194301115216,0.9632416979169185,0.9934399330145806,170766345.44297072,9943609.566367093,369136.2309546346,593947.8280410515,2.269538190343186,0.0,-0.47266252720766483,-0.4060521719589485,-0.5460923619313628,-0.002478643437576667,0.9303081721840769
0.300381565965857,0.7565849828994874,0.3233561145861583,-1.9746658561132926,7771.916667208771,1.059574468180602,1.0020529809209122,169590520.12404746,5539299.033586072,316587.1786535725,484571.57193186163,2.4078796906576283,1.0,-0.5477326019234678,-0.5154284280681384,-0.5184240618684743,-0.002049928807603534,-4.211161391028529
0.35220580306524235,0.010111309948139316,0.49576169283580723,-1.6655540664099944,7864.751548297104,1.020085328213281,1.0784165872519098,154422603.08683366,1783591.153217892,288707.5945422299,437385.3593237379,2.4758760719925346,1.0,-0.5875605792253858,-0.5626146406762621,-0.5048247856014931,-0.003513827783740234,-9.881230618247983
0.035370069393220606,0.7061250352662981,0.43534699583627473,-2.243283049037254,7901.1264014529415,1.0605984379228892,1.0923980426774915,195411335.89924067,6325216.174463503,400853.6399351264,560784.0859620034,2.898510172188245,1.0,-0.42735194294981943,-0.43921591403799654,-0.420297965562351,-0.002621824411243549,-19.7639525753477
0.5438684038317402,0.3963485536822662,0.09240943400395175,-1.6424498041666318,7874.250641431077,0.9370178640693785,0.8739733109178298,283893815.6694559,17011677.699266072,368502.56694022065,576780.3967840908,2.599638828223672,0.0,-0.4735677615139705,-0.42321960321590923,-0.4800722343552656,1.0,90.0
0.8902574033362647,0.01983318684422136,0.4612663518068329,-1.548096222664833,7775.618639653714,1.011084337880271,1.0325644524643676,154583668.02706712,1747054.2603139356,223277.5255820953,372378.39064852707,1.8483466012871996,0.0,-0.6810321063112925,-0.6276216093514729,-0.6303306797425601,-0.002729648977366463,5.117354881484399
0.47168225560878074,0.5995736853756536,0.4817439897210058,-2.0728018231757956,7777.242938094717,0.9664990514160697,1.007039227232114,138201118.2570065,4901475.994597418,269665.7735157042,412962.5082859652,2.2512054407768973,1.0,-0.6147631806918511,-0.5870374917140349,-0.5497589118446206,-0.0027112781185775975,-2.3347969244406492
0.6093417071048558,0.822396007485234,0.9178001229717082,-1.6397985243741962,7818.8482828553215,0.9829793091892951,0.964610618057023,141242982.86276639,1560646.4996846162,273720.4012363185,420345.0583766954,2.412848457701281,0.0,-0.6089708553766878,-0.5796549416233047,-0.5174303084597438,-0.003310367080508252,1.2530574443140452
0.08212406811660032,0.4810222067979782,0.5391511888115338,-1.5833668566875587,7761.24788571817,0.9765514157370976,1.0835990762845302,197822172.55916756,1806748.2103860772,359636.61754336813,503166.1181240023,2.9514136594599334,1.0,-0.4862334035094741,-0.4968338818759977,-0.40971726810801334,-0.0032985406707182635,-19.661790605558664
0.5958090059836856,0.7587018961405038,0.10602550883456005,-1.8945949749984667,7902.102283747244,1.0289846431330611,1.0191478498830997,246022825.00889415,3451039.713478735,360236.8645766732,554714.7624071074,2.4925505230221847,0.0,-0.48537590774760975,-0.4452852375928926,-0.5014898953955631,1.0,90.0
0.268902508735838,0.9364808213488834,0.573525753970854,-1.2089527611030793,7842.425976869044,1.030962694390772,0.9642940574706472,206544419.87853664,4996124.260378876,334800.10376059875,486902.33228066866,2.7924017211529963,1.0,-0.521714137484859,-0.5130976677193313,-0.4415196557694007,-0.0028147525064337,-7.65067734622799
0.1258554870120426,0.22978527687505737,0.4516388424268648,-2.163088415730059,7822.579467723714,1.0723669410596892,0.9645029247579644,131063872.30475588,4066155.636653659,323593.95747337677,464419.18847020785,3.235758748099181,1.0,-0.537722917895176,-0.5355808115297922,-0.3528482503801638,-0.003263782813606673,-18.100577791529727
0.5210659038925569,0.2630993174249103,0.14601724371367567,-2.6049150882100145,7788.795046686583,1.0781169421693597,1.0052566388184019,140122146.93245846,3566839.844224702,455718.4578929889,778077.9982621544,2.307697635426813,0.0,-0.3489736315814444,-0.2219220017378456,-0.5384604729146374,-0.0009890303059363597,6.364026535861157
0.9225531958836801,0.17092414762736705,0.8733076390736774,-3.033403759614827,7895.076943716988,0.9573031278636138,0.9983938194372367,68015412.05887046,2849483.666748754,304573.21026403655,498516.41142471344,1.958291371683765,0.0,-0.5648954139085192,-0.5014835885752865,-0.608341725663247,-0.0033846874957681253,4.818890496498973
0.45127219017524406,0.38186000266332554,0.20400554253599035,-2.6168288303704452,7782.4312582490675,0.9819723870108402,0.9101140606008242,130144571.58459002,3232647.674113286,490499.65673563775,798181.9420569836,2.118589421967929,0.0,-0.29928620466337463,-0.2018180579430164,-0.5762821156064142,-0.0016230436755169716,1.2899430560216878
0.26218238357384815,0.2000879746029139,0.8839670108102421,-2.2684636296727163,7861.44538473552,1.035722532047833,1.0424084718064532,94017008.92436647,3863512.590729872,248903.48364576258,362526.2705664461,2.7449405975166887,1.0,-0.6444235947917678,-0.6374737294335538,-0.45101188049666224,-0.00442671166935457,-13.415195017492579
0.8868790410315649,0.588373375680376,0.1617223867009631,-2.821666165438879,7863.685932984714,1.012138133708376,1.008484000752326,123053005.8936203,3221148.58085502,460306.9400357557,723116.876905988,2.4543922634219286,0.0,-0.3424186570917776,-0.27688312309401203,-0.5091215473156143,1.0,90.0
0.27019449680383467,0.5364611206996429,0.47499102145115263,-2.7293507056662953,7930.662286437578,1.0251737277313313,1.0359965805295837,123100673.21220362,3494742.2242901023,404884.45065010653,596968.1093163893,2.728321975947166,1.0,-0.42159364192841925,-0.40303189068361067,-0.4543356048105668,-0.002938538677752875,-9.587877942825632
0.9604928501854509,0.8670723972862717,0.5323111158831969,-2.2616645333442804,7857.169524834884,1.0798517681414925,0.9470065306571427,136125157.4005403,5560957.269006617,245096.0532117768,397718.9263811068,2.2342770667641645,0.0,-0.6498627811260331,-0.6022810736188933,-0.5531445866471671,-0.002210767261851555,9.277774333315781
0.6712280793314492,0.7491492085853966,0.875719729396519,-0.7787465640303692,7830.522097749367,1.0459319736125765,0.943558903391798,152477808.21526983,3583465.451305282,236422.49288038182,367272.3372952444,2.4214860228956376,0.0,-0.6622535815994546,-0.6327276627047556,-0.5157027954208725,-0.0032544163128017138,2.224360702707841
0.31701816801431454,0.13813333068799266,0.36623803325742155,-2.2106644321219022,7829.0416633702025,1.0325989010470178,1.0676357175069815,143512459.79812908,4874634.567044931,287554.24913729914,437128.79702935275,2.3657201586302956,1.0,-0.5892082155181441,-0.5628712029706473,-0.5268559682739409,-0.002947036903136398,-9.20810962419397
0.992958339955652,0.44075342173753307,0.9738684340901488,-2.866582971554558,7809.944001566316,0.9790843407395804,1.0185380791598073,64863525.922583856,2651442.8075768813,307234.5812603992,502832.3526211106,2.3845254127371445,0.0,-0.5610934553422868,-0.49716764737888935,-0.5230949174525711,-0.0032704676734109563,7.24770406022663
0.3179306113098813,0.4004041831910882,0.7425752066962952,-2.4171509193302287,7835.366825817055,1.0237481581195076,0.9707003983998747,91968625.25029239,3236223.1833681925,327979.2796264552,482359.1714457019,2.816696747324099,1.0,-0.5314581719622068,-0.517640828554298,-0.4366606505351802,-0.0037973548717298135,-9.93187348424085
0.18896267930793276,0.7502842377786229,0.9752456043001669,-2.0739475114850783,7738.659075072361,0.8902017231766199,1.028386592406061,106025506.02078673,3614047.006586171,339070.7649786597,480268.4472386112,2.6837492181232623,1.0,-0.515613192887629,-0.5197315527613888,-0.46325015637534755,-0.003958873357045398,-13.105992077728644
0.8648559640035357,0.009628973677716259,0.8317178786704869,-1.42199608091093,7820.987553977281,0.9768221788767587,1.015215450644275,106415863.3508233,1546976.0631052668,220500.16599439055,360690.69373251987,1.9581968934415137,0.0,-0.6849997628651564,-0.6393093062674802,-0.6083606213116972,-0.0035057748759360213,3.097789133535798
0.5367216788178004,0.7594293918037444,0.8978526872241567,-1.9584644608843345,7855.599239927616,1.0103293697856899,1.0136539382657193,147578956.56956348,16636420.426053979,253783.23242752347,386513.43990496267,2.4115177547426208,1.0,-0.6374525251035379,-0.6134865600950373,-0.5176964490514758,-0.003420222786209015,-0.8418983069396404
0.3118889445489828,0.8980563090640569,0.0778951654076575,-1.432349541927916,7899.269776943777,1.1001671731189118,0.9936615275149112,279991669.7944634,4171053.4265427585,414630.03765139973,620203.629365924,2.989343995549829,0.0,-0.4076713747837147,-0.37979637063407595,-0.4021312008900342,1.0,90.0
0.774828529115721,0.4617916553227919,0.545092543102245,-2.0197257969674016,7877.299937452554,0.9603894588587693,1.047233630195416,158671699.67627656,2859672.0679272586,303106.40201857465,486151.7562415236,2.005653904981564,0.0,-0.5669908542591791,-0.5138482437584764,-0.5988692190036872,-0.0027166446972873605,3.86569925149929
0.40563085023602147,0.08538269055505111,0.9439986287712903,-2.845765406751824,7817.424616479538,1.0348947870097513,0.941659540843176,56116188.78223203,2210739.4565726444,342670.5283657678,517346.54491517413,3.5147709238592704,1.0,-0.5104706737631889,-0.4826534550848259,-0.29704581522814594,-0.004413481995654986,-8.679745791896586
0.36455847511039846,0.1795198588142267,0.9930703556470503,-2.194253816470744,7916.358953542463,0.9910077128936846,1.0931786362203042,113095351.82001406,6785972.971051485,218840.18391204215,327759.0239224121,2.3157056483266016,1.0,-0.6873711658399397,-0.6722409760775879,-0.5368588703346797,-0.004451421235780873,-9.416153436009093
0.45380812638673546,0.388024736227915,0.05382398105111715,-2.911063669575572,7902.82350974789,1.082468335692602,0.9152318741148198,135514848.91017735,3000073.876991999,558047.5295533161,867988.8969304337,2.847186129869767,0.0,-0.20278924349526276,-0.13201110306956632,-0.4305627740260466,1.0,90.0
0.32485722202808776,0.2040238495539383,0.5274914892958358,-2.3746987187007176,7760.056954161414,1.1065244048200438,1.0007190322750361,85854604.27216275,2878559.7071189703,381147.13965554966,570289.548614117,2.6489511441404323,1.0,-0.45550408620635763,-0.42971045138588304,-0.47020977117191354,-0.0034273277644425774,-9.992501737448077
0.3075270573093863,0.6375178621914882,0.5127965159287794,-1.1535124755267498,7811.195608634906,1.0025157955099502,0.8915851334637026,202316649.2240017,5093832.72771979,327322.2948607277,484790.58108897245,2.807528188837785,1.0,-0.5323967216275319,-0.5152094189110276,-0.438494362232443,-0.002921777353872773,-7.801900426815656
0.86981919090072,0.5895822088498811,0.8341314094039709,-2.758126023302599,7810.79613770339,1.0332441596161424,0.9696632476293577,71140648.66612516,2671877.7524227314,336790.02914665395,538184.2405649073,2.508848692896155,0.0,-0.5188713869333516,-0.4618157594350927,-0.498230261420769,-0.003118730662274005,5.330408806704444
0.8974078469058021,0.06406277723119462,0.4047307357376083,-2.7131056667359035,7789.61038087456,1.0071801070481776,1.0636030453984866,93427779.10240716,3200371.2117327563,350248.8096392151,586849.672603259,1.845991449678809,0.0,-0.4996445576582641,-0.413150327396741,-0.6308017100642382,-0.002504161962226444,6.015258420827067
0.66726824413369,0.7384157292750814,0.46836240527767303,-1.8113747573414312,7773.731217618027,0.9629983697004978,0.9354795591100246,177135676.16986495,9946343.281294748,296140.3849389765,468591.6539844352,2.2658941529650236,0.0,-0.5769423072300336,-0.5314083460155649,-0.5468211694069953,-0.0023530162029620884,3.7460155756889115
0.4027388763973554,0.09238716425374675,0.5498233919310939,-2.6833081896963957,7848.997461358735,1.041180681222171,1.0441196623534335,87020658.34569815,2904689.373762504,366272.1609350231,557439.5838616734,2.4824511226148043,1.0,-0.47675405580710983,-0.44256041613832664,-0.5035097754770391,-0.00352288395088602,-7.9811360303977175
0.3279867608178938,0.4071408304814919,0.8181461838768445,-2.0186686516443397,7811.124846538592,1.0463764934258606,1.0044429614756984,108290751.0435099,4685503.39224533,221385.16809827712,326843.258863842,2.6282747435782983,1.0,-0.6837354741453184,-0.673156741136158,-0.47434505128434035,-0.003938000089158024,-9.562558825873353
0.8973198860412934,0.514556670714701,0.6351260210527689,-1.599720819568545,7880.5961909054,1.0247298466838128,1.0959903329475829,155116753.03431088,2544304.5009014746,239132.02138979908,385808.45949827763,1.9688918568399434,0.0,-0.6583828265860013,-0.6141915405017224,-0.6062216286320113,-0.0027725075216044432,5.938117607940509
0.7143119926187437,0.6317579711212035,0.8260782402036069,-2.296318730251851,7782.312047584859,0.9800892708540075,1.0071624995064234,92006147.81563067,3666152.869209093,277759.9698052326,434368.2074410368,2.2398967646797554,0.0,-0.603200043135382,-0.5656317925589632,-0.552020647064049,-0.0032323009017810964,2.4671977139794805
0.6985283482474322,0.22095891039972068,0.9441481216632416,-2.1532026394165897,7833.4024822154,0.9950307780835578,0.9652977834374192,91385227.69770974,4807907.387581758,187392.7773661963,296603.06853676046,2.1489836570183334,0.0,-0.7322960323340053,-0.7033969314632394,-0.5702032685963333,-0.0037607331410673614,0.3214019204373386
0.12871359451393735,0.3900843464844391,0.8259096526641729,-2.7369815208154176,7814.688432237832,1.0648253943532713,1.017991814299485,76772575.77984981,2346276.3580392287,445191.1740389519,624482.381853162,3.406994401651433,1.0,-0.364012608515783,-0.37551761814683804,-0.3186011196697134,-0.004227372309263806,-18.571491263966625
0.5788054666135697,0.4762164358203346,0.47038559762840865,-1.9884279920355925,7842.354450967702,0.959730477345765,1.0287082085812598,168051608.00829723,12812161.279834416,334109.9879190689,524131.52911124064,2.1092732546893918,1.0,-0.522700017258473,-0.47586847088875933,-0.5781453490621217,-0.0026919914657738795,-0.0036259723780354136
0.27864962193402504,0.13255467901936135,0.4961670261158453,-1.5391926080756009,7821.55200972012,1.014817989170466,0.9261966365284215,159317189.0643058,1845074.7420272445,298460.8663699985,443750.13607644197,2.901262651032557,1.0,-0.573627333757145,-0.556249863923558,-0.41974746979348854,-0.0034559204173638465,-12.0015920800246
0.6392773301548155,0.15912490005000796,0.21049652504114894,-1.1206139096446917,7803.474086793529,1.0863069022999434,1.0120037401453859,234907839.5412416,3843401.9500994426,283111.79897501285,473651.8505342684,1.9681576006721824,0.0,-0.5955545728928388,-0.5263481494657316,-0.6063684798655635,-0.0017010110211824001,4.572244055900143
0.6848359327354009,0.07576062678054912,0.8886085411726742,-1.6564193495830453,7804.532140870526,1.0969355487957582,1.0631659677670047,104221552.23057514,4788625.368014477,238549.31432361252,378901.9722343322,2.5416245215416833,1.0,-0.6592152652519822,-0.6210980277656678,-0.49167509569166334,-0.003826517676882577,-0.7644602806628562
0.1150863719321226,0.6097821134155209,0.1315219857551204,-2.704976696290013,7758.316458128762,1.001118574414385,1.0304564470348752,160338425.69259292,3010107.7232020213,676223.4913804998,1125147.2316747445,2.372278099913131,0.0,-0.033966440885000296,0.1251472316747445,-0.5255443800173738,-0.0005298888037222868,-1.3775558443400229
0.2997865851865342,0.561537589567272,0.7863076036977109,-2.101887187674593,7727.711087408335,1.0188534154081208,1.0663166529491392,91537954.54008885,3346247.837783405,330677.9787875968,482726.5870521115,2.6200633924332477,1.0,-0.5276028874462902,-0.5172734129478885,-0.47598732151335044,-0.003730209379069693,-9.656633982832052
0.216741511447517,0.21951108988470427,0.2850613875049758,-2.2149379311214394,7727.996143683812,1.05083331958702,0.9560793461691499,119970852.73128603,3303092.2330043246,453954.19226304727,685928.6355423563,2.65257464524417,1.0,-0.3514940110527896,-0.3140713644576437,-0.469485070951166,-0.0025292959749987068,-11.38868925236752
0.6236767269878677,0.9076857428267564,0.5314188650683209,-1.7274423255678168,7847.087875434582,0.9455172760683425,0.9898928438128698,191646496.43400174,2528134.9367226344,255802.84872245212,396713.4707995377,2.173242291046136,0.0,-0.6345673589679255,-0.6032865292004623,-0.5653515417907727,-0.002427333287780352,3.0522768181696946
0.8472413092188582,0.9130505133250476,0.4436433919616791,-2.0683634624790215,7867.7166527280915,0.9921730568975008,1.059727280332743,180022763.95118713,4080627.258051492,341046.85268264386,553226.8239332667,1.9295639710663806,0.0,-0.5127902104533659,-0.44677317606673334,-0.6140872057867239,-0.001961347516735605,8.939625225996288
0.2823758514451742,0.20826798102133412,0.08566743793638676,-1.3752588087797877,7863.275057573934,1.0378248342733492,0.9573093305341173,328237654.6432793,3535024.8062525145,372873.1492312919,646664.0592506796,2.477455144372945,0.0,-0.46732407252672586,-0.35333594074932045,-0.5045089711254109,-0.0004370529381624557,4.185920406143996
0.35172420283822536,0.24954212468492268,0.18111378502286102,-2.515192125603205,7905.284851252807,0.9979405222905658,1.0524811345037346,200932356.65862367,6097975.413444866,360857.10642798507,578154.3522158981,1.9802845702316678,1.0,-0.4844898479600213,-0.4218456477841019,-0.6039430859536664,-0.0017299472756821537,-2.6794988930636237
0.37026206599088735,0.3455142944351107,0.18724623557613743,-2.59382158621847,7799.810842129687,1.0093937570246736,0.9914178653112932,141098995.71695945,3494438.2937016324,472468.4809280215,761195.248910254,2.1764357245808834,1.0,-0.32504502724568357,-0.23880475108974603,-0.5647128550838233,-0.0016253902522033517,-1.1936333406462722
0.8931156985989968,0.8520368636296008,0.8800226524749583,-1.4178638208550702,7738.199119744486,1.0077808815292717,1.0483311543939244,141552643.6627647,1481240.1782293492,239489.22892480128,380342.12996920716,2.1176110248845745,0.0,-0.6578725301074267,-0.6196578700307929,-0.576477795023085,-0.0029813773950311748,6.89536824883513
0.06067174082457622,0.5539716494440745,0.31611566082072545,-2.392429843067959,7787.736756623091,1.001331284043174,0.989613451510436,143305658.05972254,3345029.3325067447,514866.520463305,745253.5683519855,2.8417084613972796,1.0,-0.2644763993381357,-0.25474643164801447,-0.4316583077205441,-0.0022610613636267433,-17.130457037821152
0.4393764827953372,0.5273987037066299,0.13552337246434626,-2.445036496734591,7816.039295998844,1.047797955209818,0.9823302686202084,194439901.54305053,4914810.24670278,420449.8714200602,738934.1056745505,2.523370147033932,0.0,-0.3993573265427711,-0.26106589432544947,-0.4953259705932136,1.0,90.0
0.13688292043807473,0.5821869289223411,0.523616742787902,-2.9845440544362054,7836.777508240992,1.0116124411636973,0.8503745173607925,92138993.99102709,2230967.693816694,580899.6857743295,825143.5648085925,3.7258345304084535,1.0,-0.1701433060366722,-0.17485643519140745,-0.25483309391830933,-0.0031272743269059704,-15.788107904081535
0.4694743866134378,0.7876653802641329,0.7378493750000725,-1.8179853364621676,7860.69588700232,0.978137745209726,0.9946674492389237,156699859.08504212,1575734.0152619197,304960.5452205274,457944.5881904349,2.519075916664011,1.0,-0.5643420782563895,-0.5420554118095651,-0.4961848166671978,-0.003188696208741534,-2.645625161074257
0.6552704339833478,0.4560611628511318,0.48483008067906463,-2.104959065949891,7798.069380680361,0.9684738084527189,0.9978611116632243,139848684.26944798,5528856.992594852,241943.69124442528,382913.68807914224,2.1384785194638187,0.0,-0.6543661553651068,-0.6170863119208577,-0.5723042961072362,-0.0026759119844202333,1.6568145585811749
0.5485485053761597,0.4707850278151177,0.29046643549805057,-2.0899977692098237,7771.30279659005,1.0265399126383468,0.968938644492019,154985281.77649412,5159495.73783628,288037.04864771693,462971.54558803164,2.1209217502498174,0.0,-0.588518501931833,-0.5370284544119683,-0.5758156499500365,-0.0020512512736074913,2.1618974835148563
0.42490956335192764,0.04176256476150087,0.06319055794244624,-1.852674139626012,7788.436215107799,1.0295007108404755,0.9616363231015955,239280384.62231028,18566075.196518525,346774.96337105345,549035.0506008,2.564246662002676,0.0,-0.5046071951842094,-0.4509649493992,-0.4871506675994648,1.0,90.0
0.6612162608241448,0.2846193664595037,0.9292837076290702,-2.332307267378786,7851.109369923573,0.9162277161741599,1.0029168153721382,97079502.06471986,4553401.145281665,224472.00152595062,352525.26856307604,2.0343302410261788,1.0,-0.6793257121057849,-0.6474747314369239,-0.5931339517947642,-0.003743756275318761,-0.2731274279060152
0.43462060652617823,0.6712733874889084,0.7887773138073333,-1.4948705280446708,7803.072354791069,0.959179359900278,0.9880998438945036,150731457.65631497,1828530.170399171,266086.9560387338,397917.0597122823,2.481980365706745,1.0,-0.6198757770875231,-0.6020829402877176,-0.503603926858651,-0.0034473752045303995,-4.3893377192010234
0.24098812778298911,0.40458094399013367,0.9016500035674115,-1.5551689377436104,7787.9740131796225,1.0054227502392616,1.0409446275080927,137390707.7789476,1814363.19420161,304369.09136360197,440251.3767498684,2.691100922853838,1.0,-0.5651870123377115,-0.5597486232501316,-0.4617798154292324,-0.004224774028480639,-12.968462337386104
0.0069715801322972745,0.7343356053100373,0.26119567575692204,-1.544112068401812,7920.614364546578,1.009480847882249,0.9844818311964224,307401705.4932831,6818984.839074581,504835.5418662065,742657.2215024935,2.744181866286409,1.0,-0.27880636876256215,-0.25734277849750653,-0.4511636267427182,-0.001678707495794706,-16.568414627431736
0.8850437347418503,0.6327527623642871,0.6277441763481433,-2.6644261151095145,7823.805821502982,1.0626618972819453,0.9958220876507478,86260543.51266783,3062049.9843066405,339447.8183062652,544918.3388135823,2.2292587964037702,0.0,-0.515074545276764,-0.4550816611864177,-0.554148240719246,-0.0026828761801341756,6.204834326480576
0.3683306765047253,0.43271317173394996,0.8245114657347037,-2.634275793053392,7827.04450256378,1.012894413310292,1.019542660940122,78828995.9096726,2750367.1957886224,358784.77937278,532766.6149186105,2.488899359124235,1.0,-0.48745031518174287,-0.46723338508138945,-0.5022201281751529,-0.0038620983507139397,-7.965255134462989
0.26818299487546254,0.004344105776997395,0.1181417547244669,-1.2184473462776917,7852.790553664054,1.0105080951400716,1.0393852750572277,297769166.0156765,3534856.462150197,336055.251816673,546287.342765291,2.07531000194387,1.0,-0.5199210688333243,-0.453712657234709,-0.5849379996112261,-0.0014788017295041703,-5.243458222263541
0.41509355099011613,0.939638427590084,0.48242114270423236,-1.7711871074640575,7835.319723208935,0.8912261316794183,0.9899802124820984,213106533.92261147,2335632.984983352,277730.7531583511,419409.7267759441,2.2100180087878085,1.0,-0.6032417812023555,-0.5805902732240559,-0.5579963982424383,-0.002414452235658131,-1.6874397547925284
0.2907559005063647,0.5147234547402276,0.2962454524774306,-1.4499311801387456,7780.804116236186,1.0443568380195445,1.0692600790108249,229102749.32953873,4095622.326952634,326629.7709311331,500961.84842208424,2.339938399697399,1.0,-0.5333860415269527,-0.49903815157791576,-0.5320123200605202,-0.0022035853384760285,-6.1201449088836135
0.47067931984235817,0.5528452962120615,0.5001130507120212,-1.4670872755274296,7819.894043411054,1.027457756247077,1.0880392106645245,179428162.80464485,2911415.1070652087,251517.39126486157,385842.36991840776,2.275138629513574,1.0,-0.6406894410501978,-0.6141576300815923,-0.5449722740972852,-0.0028167676215266526,-2.8317855589033236
0.4854035195667587,0.9731520628254892,0.749342214713122,-1.5904268582138945,7797.514771651031,1.0465769644074716,0.9602593425688204,154448330.29636338,1615261.799881312,290665.52221572254,435818.7978626393,2.6890785257085694,1.0,-0.5847635396918249,-0.5641812021373607,-0.4621842948582861,-0.0030129835092563796,-1.079273366932675
0.6424063906511048,0.7750018583041228,0.9318797841788913,-1.6010980862516302,7855.933182905017,0.9234311566473175,1.0407471235820023,149678317.18924838,2018342.4045596318,247778.6146603312,382630.30862980074,2.049546904707531,0.0,-0.6460305504852412,-0.6173696913701991,-0.5900906190584938,-0.0033380874240010548,1.8209814046665649
0.9994523474766644,0.19244206824887253,0.16687377036967677,-2.3486624099413165,7854.644486769168,0.9458203031289802,1.0422763578253145,169495509.6059954,6026597.803246367,290980.88604732766,468597.8504722391,2.0929956153380056,0.0,-0.584313019932389,-0.5314021495277609,-0.5814008769323988,1.0,90.0
0.8171877629367544,0.73576575795963,0.5137438370091447,-1.833142768090821,7805.334490553741,0.9605552556893466,0.9905263423128554,168347917.36211905,5075847.0173659185,318922.9378757044,511685.9924667788,2.0615838319691084,0.0,-0.544395803034708,-0.48831400753322124,-0.5876832336061784,-0.002367975061777643,6.319683347689725
0.42250891733737617,0.6179766243719539,0.24281986072260187,-1.3661580787244723,7939.716915045182,0.9411738190774458,0.9975085621586441,276628653.93369716,3954978.8959003952,337014.27721444797,539478.2262891609,1.9381799585418098,0.0,-0.5185510325507886,-0.4605217737108391,-0.6123640082916381,-0.0016674967550510179,1.2505423130502216
0.11003309689129555,0.32184916809496245,0.7025582324233528,-1.2419389225675252,7778.242958701779,0.9774397300660888,1.081833399411388,163793132.10707632,2120013.6242197417,269560.443879639,378009.59760510386,2.9322111106523754,1.0,-0.6149136516005157,-0.6219904023948961,-0.4135577778695249,-0.004012115073130465,-19.887278950319615
0.07776826388309628,0.6219448226655802,0.5969001780828245,-2.22435232642671,7848.784753891486,0.905052143178511,1.009606854937466,154908753.83243144,4534060.35397946,329012.02228215046,455381.39740005555,2.9386446955935406,1.0,-0.5299828253112137,-0.5446186025999444,-0.4122710608812919,-0.0033326494203074347,-19.34271570217679
0.11708763165386693,0.8189583476304888,0.94139610000909,-2.6307171494139423,7869.1579417929925,1.0286038659444103,0.9712651050379506,94691687.70594068,2787423.036037275,422893.63802618993,585535.0857165871,3.0763083786225995,1.0,-0.39586623139115723,-0.41446491428341287,-0.3847383242754801,-0.0038888588642870493,-16.406597484989664
0.5374256137807374,0.20338554876063536,0.1553766281888191,-2.174455291953821,7813.93007471109,0.9737318268974325,1.0269450004735161,214377019.637289,7811961.7907631,353060.43573395826,598866.6387444348,2.071507461466546,0.0,-0.4956279489514882,-0.4011333612555652,-0.5856985077066909,-0.001199100299976805,5.105316435346342
0.25960678709327567,0.1163317998094247,0.7433082565562419,-2.8851303823421586,7933.093877558636,0.9944898531312787,0.9608780793901052,81510864.13600877,2639924.5060065347,388528.5761462479,567645.7490909349,2.7816628330913153,1.0,-0.44495917693393156,-0.43235425090906515,-0.4436674333817369,-0.004224143300423998,-13.943721029213233
0.73459837245908,0.5949840510700836,0.9100959944635926,-1.9142375697858665,7779.870837852822,1.0308531167698833,0.9743754140146698,108381380.54758868,5552003.470729685,198273.43768482085,312517.2617997249,2.25647562236399,0.0,-0.7167522318788273,-0.6874827382002751,-0.5487048755272019,-0.0033638711956978135,2.879011810530155
0.5770449102928589,0.5799975137584757,0.7971917979292032,-1.997511300605754,7877.70802840389,0.9343383728548993,0.9550491676493411,145317247.7827133,5387100.158092666,306319.693827516,470759.48201027256,2.258614009866528,1.0,-0.5624004373892628,-0.5292405179897275,-0.5482771980266944,-0.0033826513642941265,-0.9768061870029179
0.46816001972118687,0.8685610546743134,0.6525336157765631,-2.7591591601082355,7800.646525931224,1.008485656872687,0.97516686087299,86577392.63746132,2585500.178475931,440147.1220236801,661382.7771444266,2.8510492823890003,1.0,-0.3712183971090285,-0.3386172228555734,-0.4297901435221999,-0.0029191994077587442,-1.9678495332852535
0.4811429759571977,0.474260477748959,0.9481090629634863,-2.0977073439428535,7764.271024139466,1.0473169671866651,1.0786690566257884,86304200.12800518,3806704.208317697,243931.24818079948,370707.00411734486,2.3579940301416102,1.0,-0.6515267883131436,-0.6292929958826552,-0.528401193971678,-0.0038521138200974248,-3.9081438431087605
0.3231874034417147,0.776267021417479,0.6629800395912355,-2.2282012905490873,7886.776319602511,0.9678593371560729,1.0610899812478394,156251334.3571306,6353362.856791574,297403.5621331161,436135.6423522957,2.457195016875532,1.0,-0.5751377683812626,-0.5638643576477043,-0.5085609966248936,-0.0031821603930514324,-7.200587450781711
0.44170342386234923,0.1969463863175628,0.582123920984285,-2.2351180047472043,7866.237204595657,0.971306048016582,1.0013545023266566,128529491.17970914,5285887.275411848,241813.56134054903,369794.7338836593,2.3673179066362673,1.0,-0.6545520552277871,-0.6302052661163406,-0.5265364186727466,-0.0034496872772127748,-6.3045908957391354
0.8805216746288811,0.22300184389941372,0.7486013862925692,-2.1157418807642543,7947.001728974007,1.031713023326181,1.0373141289473458,121221274.10339272,2819420.5402017836,270304.7452085999,439831.90855066315,2.2425289976178058,0.0,-0.6138503639877144,-0.5601680914493369,-0.5514942004764388,-0.0032119923666421926,4.256273628201718
0.6476578416299542,0.8088059947617865,0.09600096073956553,-2.573652961667495,7869.397164628836,0.9729273003312808,1.0436934046915354,170943783.55617085,4305766.243242212,429271.9821795662,659353.7133244392,2.397738303767409,0.0,-0.3867543111720482,-0.34064628667556074,-0.5204523392465182,1.0,90.0
0.1303495379639428,0.8778022643995336,0.21561366427872186,-2.509927566479619,7819.777739833749,0.9044998970400763,0.9869109083667157,197936992.11112306,4229905.122575143,509255.2869755563,791812.3621385896,2.1792636664661256,1.0,-0.2724924471777767,-0.2081876378614104,-0.5641472667067748,-0.0012371617890693182,-5.572219457027256
0.6690854986301262,0.1445886650739203,0.6809836676186463,-1.8874307549785203,7825.797436702491,0.9820813531795793,1.0038694813206905,136314502.10324237,15275486.475034589,223656.9844137295,354610.4673663911,2.1942513086595383,1.0,-0.6804900222661007,-0.6453895326336089,-0.5611497382680923,-0.003421497032337677,-0.583279906848027
0.5034672428726628,0.27807258180841793,0.15801459254153305,-2.2647570328035167,7863.891575585152,1.025089142013191,1.0730059827382987,218281909.72146377,10675348.43228242,383277.331387482,646539.45428742,2.114434871661638,0.0,-0.45246095516074,-0.35346054571257995,-0.5771130256676724,-0.0011779591310356703,4.728015254022743
0.6977548502514277,0.257165556548279,0.40792611948430246,-1.6069173857056955,7877.866537401472,0.9984521393625666,1.0095525732102906,185451956.967495,3450139.536942706,254911.7605210218,413022.2399129288,2.058202021964064,0.0,-0.635840342112826,-0.5869777600870713,-0.5883595956071872,-0.0025714581649745783,2.4388698845604466
0.884375845388467,0.8834619818931686,0.6225102368082504,-1.2830164642880446,7863.474386238808,1.0675724773163948,0.9874818826067979,172085174.25836942,4164023.4744771277,258557.8367178692,411948.8280820592,2.2612352507267834,0.0,-0.6306316618316155,-0.5880511719179408,-0.5477529498546433,-0.002487666838905535,7.281098039914076
0.3434336223346225,0.6235255086547875,0.6111993714529826,-2.1508008956507,7824.208981189542,1.0069156249888955,1.0634292165473578,131651790.0379683,4838057.267926526,260664.30150971664,384937.7468395839,2.4428227793985746,1.0,-0.6276224264146905,-0.6150622531604162,-0.5114354441202851,-0.003191586781041994,-7.247772856775278
0.05424549897390713,0.044786871878137666,0.3560447530892527,-0.9103861574527907,7834.005671779393,0.9692013755396582,0.9725037631451651,245171297.5579014,4175817.274171374,390015.2014431745,559878.2924003584,3.107794550529857,1.0,-0.4428354265097507,-0.44012170759964164,-0.3784410898940286,-0.0030034712145307787,-22.229494291922546
0.2658918568242023,0.7121186565375629,0.4768161006081122,-2.0225258492147113,7860.9309317314455,0.9943130568300275,0.9839672934811156,197473183.14954984,15757297.435429908,331701.81519423285,488275.64534785453,2.70507419768695,1.0,-0.5261402640082388,-0.5117243546521455,-0.45898516046260995,-0.0027550488940066226,-8.53407578714609
0.797837518906239,0.19780361239288793,0.3853619439784985,-2.2471608736544324,7858.4109734034755,0.9816061985541196,0.9796061110462955,155298600.4985636,7012176.743181342,270750.7333947786,447236.3481744361,1.9551561710925,0.0,-0.6132132380074591,-0.552763651825564,-0.6089687657815,-0.0024281970701991087,4.7422543570786395
0.14575865596135976,0.33780734926316636,0.22351999258719685,-0.8346225304947748,7830.878960076993,0.9964053138001234,1.020722210979299,286242133.20006293,3573253.326000454,374639.0461036705,568909.8152571071,2.4050552054578453,1.0,-0.46480136270904215,-0.43109018474289285,-0.5189889589084309,-0.002078536072018578,-11.995799301327345
0.9899113959930267,0.7036778871222521,0.14976124458250825,-1.6152711882746063,7869.844905383838,0.95675448919206,1.0260897404069078,252519920.3891714,17231915.47515534,339694.59954277496,532570.0770035604,2.344030823267123,0.0,-0.5147220006531786,-0.4674299229964396,-0.5311938353465754,1.0,90.0
0.056304009104691764,0.8729311665707663,0.9595732616973996,-1.750434575653878,7793.285007109842,1.0764822652950918,0.9827642470501439,156381759.9713192,7790992.911384946,340437.27416458994,461514.5067974585,3.3197604146611623,1.0,-0.5136610369077287,-0.5384854932025415,-0.33604791706776754,-0.0038813963900590142,-19.86779874392846
0.16037840062787415,0.29540871172749733,0.406776215938424,-1.809644552308136,7851.761154047537,0.9239515566116071,0.9740277392731874,206200162.9141106,1815944.3377042632,348056.21998794534,506946.2161415538,2.770121690874311,1.0,-0.5027768285886495,-0.49305378385844617,-0.44597566182513776,-0.0030114440061105897,-15.39033043098435
0.8093777614764054,0.17770272957225117,0.0081799427236838,-2.5006713932166416,7896.801990973586,0.9642709779531509,1.0411455178742135,196806476.95127836,5710295.02071376,361016.54225328605,578125.7537949892,2.2811247465456876,0.0,-0.4842620824953056,-0.4218742462050108,-0.5437750506908625,1.0,90.0
0.07571286947547581,0.5704808114969796,0.9182320757019218,-1.2883850652001834,7788.892607685902,0.9592176830961194,0.9817327989858866,156355109.143705,1859348.414468671,300773.55455806834,414093.35143475945,3.186612366876263,1.0,-0.5703234934884738,-0.5859066485652406,-0.3626775266247474,-0.0042090829951621144,-20.335577832053986
0.7180360085616595,0.22413046141272988,0.4631431988170853,-1.5471229205378403,7823.361770811003,0.9372316616086804,1.1378568870036365,187770152.59292805,3741956.3746863697,234146.3552912094,378479.52562508476,1.8396874529393537,0.0,-0.6655052067268437,-0.6215204743749152,-0.6320625094121293,-0.002757065089364165,2.163946417089605
0.33918126282909233,0.4301522363592078,0.09819658101370882,-1.8826728142244287,7835.880850689136,1.0427267201443575,1.0380531047198003,244291022.23873502,1839678.7394437802,354279.2637834113,545057.7752072163,2.535416135062502,0.0,-0.49388676602369813,-0.45494222479278373,-0.4929167729874996,1.0,90.0
0.8127575988358302,0.48656909225936074,0.0074255471758980585,-2.3124346585223705,7810.15277578211,1.042143905882166,0.9568492538654854,161347311.51086932,4275395.327974488,388248.6380278005,611661.9554101471,2.77655461203293,0.0,-0.4453590885317136,-0.38833804458985294,-0.444689077593414,1.0,90.0
0.9743782496982274,0.8384844363477384,0.8091045035583382,-2.6000958934420657,7795.763005757911,0.9740454607423766,1.0155147513210743,86255191.97507773,3144212.4983789506,327899.3983487867,524380.63630322,2.087011260963022,0.0,-0.5315722880731618,-0.47561936369678004,-0.5825977478073956,-0.002823986657345374,8.01283229816225
0.32400433073065815,0.6253626452499869,0.048610835976346585,-1.7767134886756712,7829.89063963687,0.9581028256791343,0.9238391836016104,281939798.3476301,3527706.661523536,425562.39617459406,647823.804352711,2.6595054877208857,0.0,-0.3920537197505799,-0.352176195647289,-0.46809890245582286,1.0,90.0
0.9917898743548553,0.9181869473168957,0.3966431165789278,-1.4160973505244143,7885.018123114256,0.9471410283910309,0.9773264053323742,228424397.73786226,5239514.565052761,325602.3398819923,543046.3221748016,1.9013494496782026,0.0,-0.5348538001685824,-0.4569536778251984,-0.6197301100643594,-0.0016496414752083957,12.675672942073838
0.5433093842303752,0.9353034064710521,0.6847543701111615,-1.4809200719897815,7876.414602295367,0.9344874184227435,1.0278065631029099,186161317.866977,3526746.375216979,273319.57084145176,415008.46666721965,2.2510896436307744,0.0,-0.6095434702264975,-0.5849915333327803,-0.5497820712738452,-0.002861249736100483,0.3066983196076549
0.5091108450402261,0.7657875067781522,0.6701377707859666,-1.4536953796267458,7830.464217246669,1.0697469816698215,1.050612033096832,153598500.2928497,2160488.418129967,245989.10751301644,372191.8848880444,2.39926691748251,1.0,-0.6485869892671193,-0.6278081151119557,-0.520146616503498,-0.003021566618116671,-1.5265247106287632
0.5504542891390156,0.033507712762936515,0.45575377284773116,-1.18656868291137,7768.623217652713,1.0085865014769482,0.983276502439241,166294920.26111972,3362475.9453716804,239646.17898717,379133.82592770015,2.300050367466828,1.0,-0.6576483157326143,-0.6208661740722998,-0.5399899265066345,-0.0031199834016761995,-3.085996066701288
0.43313498712441384,0.7804085156571364,0.6378879751715955,-2.739209287966818,7766.741107582532,0.9951909142069947,1.045113357899112,84409085.66619252,2513915.7986408407,449508.44031879125,673207.9935956794,3.051166677721392,1.0,-0.35784508525886966,-0.3267920064043206,-0.38976666445572156,-0.0030056082053182007,-3.4718688796035657
0.6206166592357951,0.7314191990356641,0.23208774454682363,-1.889852775612082,7926.05021919122,1.055248147974806,0.9974377921928655,253462985.02752814,5394163.189978762,361255.44977545267,610350.5314821624,2.262694125760932,0.0,-0.4839207860350676,-0.3896494685178376,-0.5474611748478135,-0.0011043333931136062,9.694234900393838
0.156359452438091,0.4055410825161837,0.7840915669224917,-1.5932387876415282,7795.291571707004,1.0493735322368023,0.9478094379983591,148358425.1844113,1800556.2108447184,332831.50674263044,470594.50617732806,3.153590444956099,1.0,-0.5245264189390993,-0.529405493822672,-0.3692819110087802,-0.004084764957488531,-16.996491399939146
0.2990728510827349,0.3735254597810495,0.26016347238659465,-2.125931275521925,7826.02232664594,0.98317712898006,1.045840497426101,197467607.53873634,6866902.245455965,347806.9789590305,538909.6639692293,2.208145076571244,1.0,-0.503132887201385,-0.46109033603077065,-0.5583709846857512,-0.00223126267310138,-6.13979878284432
0.19061461692664627,0.6612412252847818,0.6654997800116763,-2.1287014704503413,7835.674101465432,0.9459725012844874,1.0468461379503193,145418803.30576974,5072008.351760529,290583.5703213966,414467.9659438297,2.624815385185546,1.0,-0.5848806138265763,-0.5855320340561704,-0.4750369229628908,-0.0034404590915074296,-13.401172653130367
0.5735295673750793,0.2405431550120132,0.1541155120513629,-2.4503591842447006,7797.618624491104,1.0170362074734312,1.0446503284533484,171236266.8866741,4786534.2944817,387037.70836489135,662600.6695728435,2.0405283090021413,0.0,-0.44708898805015523,-0.33739933042715653,-0.5918943381995717,-0.0010285033309489593,7.1900493882317456
0.8181327325526785,0.7711115043142499,0.4744398120006065,-1.8641253876846864,7843.9250357268875,1.1087659197003545,0.9769885231260542,164633462.62954986,1679602.692374944,297250.79927473236,478956.6299920616,2.332652179937598,0.0,-0.5753560010360966,-0.5210433700079384,-0.5334695640124804,-0.0022163977622553527,7.022150919668494
0.6772596186711105,0.3323696778960174,0.3872601591599476,-2.3610234826442,7836.633938785893,0.9097272183867731,1.081597726942994,158014618.92765132,5812163.565219933,289818.688379694,467357.5965391342,1.8283738093402389,0.0,-0.5859733023147229,-0.5326424034608659,-0.6343252381319522,-0.0024440823288372476,2.6485409736658667
0.26430439523871885,0.13958361112208595,0.6229453725715275,-2.5197019513538264,7708.873925086685,1.121975093145345,1.0243288741337861,69442146.967032,2338041.1892202883,419814.4356513326,617024.6338756083,3.688397288594177,1.0,-0.4002650919266677,-0.38297536612439165,-0.2623205422811646,-0.0038605767372787998,-13.259502917439086
0.9719522343040989,0.910252219702001,0.7608318567125631,-2.2413048686540566,7851.205635693809,1.0673871328535147,1.008970405849184,119894061.79260561,5315355.632941782,224727.65026115562,357881.65544004395,2.2025569315347617,0.0,-0.6789604996269205,-0.6421183445599561,-0.5594886136930477,-0.002695934969811417,8.26469289577296
0.911238764528131,0.09293661546942236,0.4781206296831742,-1.3339812734688328,7806.655424574876,0.9835699232671926,1.0371380671599009,170757721.83449572,4267545.821517762,227024.38398316383,378618.8041039664,1.8724504502546397,0.0,-0.6756794514526231,-0.6213811958960337,-0.6255099099490721,-0.0026928663841462976,5.698769454772908
0.09187092037241354,0.23805772338613562,0.43601872394572394,-2.0913453859333075,7908.340564731051,1.0736327035641193,1.0516851690271187,194130956.3003031,4362895.408691738,397311.2590803015,566959.6907672927,3.012715274462055,1.0,-0.4324124870281407,-0.43304030923270725,-0.397456945107589,-0.0031822233965716432,-19.759334395123883
0.6248589036292178,0.6754186428213168,0.2931521448576426,-2.3318281396663485,7826.5353524736565,1.0346366564039073,1.0609386607786944,168003914.8269204,5509508.89819426,315530.90416850185,514544.5000477136,1.9304553469487122,0.0,-0.5492415654735688,-0.48545549995228643,-0.6139089306102575,-0.001726074979816216,6.005031182434198
0.8175566877419758,0.5407159038303614,0.8673035139861694,-1.475743950532038,7767.320725835192,0.9297741851525193,1.036778594786809,137802176.15493366,1522742.2149211995,231911.45815341047,369151.4001642253,1.98470726878482,0.0,-0.6686979169236993,-0.6308485998357747,-0.603058546243036,-0.0032561177566858127,4.192923734088531
0.9834527836424518,0.10384205122196094,0.9774659245920468,-1.9210274417641722,7849.471142818814,0.9577317493337864,0.9714757893288019,103376684.03856939,16716855.702017592,201325.55959018503,333910.93957579264,2.019083691397068,0.0,-0.712392057728307,-0.6660890604242073,-0.5961832617205864,-0.0034642969685568757,5.843064306791394
0.908905053639836,0.892798970264019,0.861732670013142,-2.1639284641090852,7815.159033125896,0.960161777290858,0.9983195315794927,121223595.99053437,5350431.084756596,222843.65637149615,353204.30488666514,2.095647089326991,0.0,-0.6816519194692912,-0.6467956951133348,-0.5808705821346017,-0.0029151255773656247,7.280471283942839
0.621699855968325,0.6133838017832179,0.4552858441995916,-1.831900417965436,7865.692894994831,1.0440471152579547,0.9897160711170563,174176873.8893262,1775521.877159629,281944.25849011954,444396.683895263,2.291779529026843,0.0,-0.5972224878712578,-0.555603316104737,-0.5416440941946314,-0.0024702006105260473,2.069666113892101
0.531229199515465,0.39135144505965913,0.7553911657955483,-1.751789379897542,7835.543542686557,0.9648621706162854,0.9485230896852825,138511677.2698215,1842902.0940014308,289404.9504589294,443860.2197131728,2.42516027731579,1.0,-0.5865643564872437,-0.5561397802868271,-0.514967944536842,-0.003540891755949603,-3.152583739822319
0.40256875463048514,0.6180176938553255,0.8924896963789875,-1.6526298793992413,7855.669830853287,0.9760653191170258,0.9172655521411954,136143351.60139075,1633885.3368509053,301742.73172932625,449940.8433093355,2.6865737957743003,1.0,-0.5689389546723911,-0.5500591566906645,-0.46268524084513996,-0.003723781634110997,-5.576761408930192
0.4154052620891538,0.4747301498482799,0.5526508361375702,-2.174792107733001,7870.446049133645,1.0058128384083624,1.0262986360266546,149069368.47911593,6401654.184956321,281340.23891594296,425702.14501151146,2.421210734641669,1.0,-0.5980853729772243,-0.5742978549884886,-0.5157578530716662,-0.0031090075796218423,-5.407296852867127
0.6413268589100212,0.5417820034257981,0.010712547681762984,-1.9545949445298347,7789.3945837176525,0.96000486519963,0.9777886285119364,234693192.88168117,8538076.33889524,413595.78166680585,645855.3668868745,2.565372351089528,0.0,-0.4091488833331345,-0.35414463311312544,-0.48692552978209436,1.0,90.0
0.5888057708744334,0.6230754326810266,0.19009465945745255,-1.471098861580182,7914.477942792216,1.060252065389388,1.143616328636158,290187726.36094654,3673371.357453846,300493.27900428756,516562.3695906783,2.0395636513413744,0.0,-0.570723887136732,-0.4834376304093217,-0.5920872697317251,-0.000802466321875586,10.842016252866944
0.17512829211313866,0.839768388398264,0.04453968111877416,-1.4722321467617365,7831.777616633326,0.93566611656416,1.0226037805313852,341932871.84597445,3608068.9470127635,425608.0284559831,629883.5810415457,2.6697386097146016,0.0,-0.391988530777167,-0.37011641895845426,-0.46605227805707966,1.0,90.0
0.0973602992637154,0.8721309129111977,0.5983583834630596,-1.254073021290829,7833.877523252249,1.0467963094854826,0.913291586980784,196818515.42130277,3070440.6628897055,357195.15912977734,497272.7164698888,3.28634946455752,1.0,-0.48972120124317525,-0.5027272835301112,-0.342730107088496,-0.0030506293529129636,-16.37469772885305
0.6571571489529411,0.8460226802663142,0.06773545335629341,-1.1900473304193973,7899.695384879668,1.0329135019340727,0.940747869265244,264354571.2885989,3743005.9002856626,349751.24346167326,537828.6609127402,2.7053841303276736,0.0,-0.5003553664833239,-0.4621713390872598,-0.4589231739344653,1.0,90.0
0.4798595296236888,0.49905022907907753,0.5435205855264993,-2.479738922740384,7845.583419598081,1.0381895548605813,0.871818683304848,101602339.52514708,3342587.0023529762,347794.7206969958,531658.9311137612,2.7911178042898177,1.0,-0.5031503990042917,-0.46834106888623883,-0.44177643914203646,-0.0029878900743656968,-3.2296074803132946
0.8268195434673447,0.3532606762985757,0.004702712821630825,-2.6583997054941806,7849.851959755202,0.8900746972632494,1.039157100009926,170544564.63492718,4050060.7409611503,472645.263761939,750463.857061341,2.284937596880106,0.0,-0.3247924803400871,-0.24953614293865894,-0.5430124806239788,1.0,90.0
0.3268836194982557,0.12129166949195629,0.14877504237489397,-2.029302803892311,7823.907978661879,1.0361728702138309,0.9954886564480591,229710204.0875349,12202697.72653501,376044.09822593146,608678.8630015503,2.205226050790499,1.0,-0.46279414539152647,-0.39132113699844967,-0.5589547898419002,-0.001609663923397597,-3.4128362342522642
0.23001873084207053,0.07744150157181968,0.08732681008047036,-2.3799990042000863,7798.201636025004,0.9624902166938759,1.0638139595221803,210530402.70328134,4996742.223913805,439856.242885564,732473.7925176974,2.1466702875600947,1.0,-0.3716339387349086,-0.26752620748230255,-0.5706659424879811,-0.0009082495053838423,-2.517284410402315
0.8503512740612139,0.5809405508173604,0.8794080008708649,-2.3250246446008056,7844.151561839541,1.0439550850993258,0.9994135070420718,96438895.5007187,4344358.103262701,232334.79555682524,370413.34978815523,2.1067938871200504,0.0,-0.6680931492045353,-0.6295866502118448,-0.5786412225759899,-0.003210634626220548,5.006116569639019
0.5636648263430568,0.2772817841230784,0.894044316329976,-1.3571991674722503,7848.549197499398,0.960025809914195,0.8949477413935429,115354275.76820326,1662292.043960834,257426.37527811065,398013.4924657145,2.463217013432237,1.0,-0.6322480353169848,-0.6019865075342855,-0.5073565973135526,-0.003849108157066057,-2.8557870398680834
0.28536550946812245,0.5430092251899906,0.04396437150901111,-1.6849789245665825,7917.644528379426,0.9948850797116753,0.958930895974027,300705740.4447078,7600865.27044839,488219.0299217479,743167.1680461268,2.7614731774255485,0.0,-0.30254424296893156,-0.2568328319538732,-0.4477053645148903,1.0,90.0
0.5441074062138902,0.29350555154903935,0.7666858439467994,-2.357800432096863,7860.051900055567,1.0246955910194067,1.0456508653814578,97402094.23193151,4132399.198186237,247895.90050670382,381521.17049395374,2.2386069896694893,1.0,-0.6458629992761374,-0.6184788295060463,-0.5522786020661021,-0.0036401254958189867,-3.313270536825371
0.6179951242036418,0.49104300370031995,0.24247746506757842,-2.6981223477466663,7797.634711168855,0.9179329764056077,1.048882546448933,144569703.6613812,3799159.325286269,443759.9336890791,734432.5601475991,1.7887455314305782,0.0,-0.3660572375870299,-0.2655674398524009,-0.6422508937138843,-0.0015762671547130463,5.926839220385052
0.47592819660287783,0.5688432435982179,0.1411058567224153,-1.5180382899559417,7832.93121224325,1.0535407080641166,1.022474005937311,308445523.45879346,3872391.961004103,344655.23790887697,615755.4306782641,2.463534445015245,0.0,-0.50763537441589,-0.3842445693217359,-0.507293110996951,1.0,90.0
0.49330735390725255,0.4445775821295157,0.8641293331351816,-1.9773400251685656,7816.61540385678,0.9080409986904092,1.0102208827519104,129089222.66924126,6662783.094600684,235063.59206868918,357964.7970911857,2.2475972601023093,1.0,-0.6641948684733012,-0.6420352029088143,-0.5504805479795382,-0.003739336634394729,-3.926990759839061
0.08426275265467374,0.0005232995832175902,0.5362026385146654,-1.059280099351259,7753.039276025866,1.0104039734266892,0.94991062400165,175547307.86755338,2687092.947837231,319678.4605560223,453020.74171444256,3.2756626186782003,1.0,-0.5433164849199681,-0.5469792582855574,-0.34486747626435993,-0.003848492504261866,-22.57008032114321
0.04724639680419149,0.250217874828332,0.8588966398297183,-1.6947445542927735,7798.3182778234495,1.0096883434579353,1.0156557228217058,163586494.8613784,10317402.394662108,314048.0095077781,430782.7446522424,3.2944068826552706,1.0,-0.5513599864174599,-0.5692172553477576,-0.3411186234689459,-0.004543819872550337,-24.40955818603511
0.7879963161789783,0.21632565635083414,0.02684912304537822,-1.7629435188347362,7853.024959005937,1.035396365558452,1.0766609503218163,247448168.79309925,4398398.817941016,348670.46693432424,558014.0601345719,2.370736703943024,0.0,-0.5018993329509653,-0.4419859398654281,-0.5258526592113952,1.0,90.0
0.7894943108402512,0.614862861107182,0.670743302924086,-1.3026396624795518,7823.639687284805,1.0622720389822982,0.9625372153462072,146609492.325314,2499992.5360069494,212462.55649443445,336234.6850888407,2.2862405916039967,0.0,-0.6964820621508079,-0.6637653149111592,-0.5427518816792006,-0.002877469588520587,4.134424027238964
0.0941625281063518,0.7913853400666483,0.3730567953309452,-2.0473703403937846,7798.876366370772,1.0176281428433755,0.9392484721866867,174115872.5444563,4971988.035739321,363153.43220477697,523795.654013974,2.9292512671684605,1.0,-0.4812093825646043,-0.476204345986026,-0.4141497465663079,-0.0023044467763125246,-14.403594254289672
0.18464389267555656,0.08054599772332853,0.9804748118124093,-1.4762000710749932,7890.683773571855,1.039178092857584,1.0061177313301548,106974339.97254092,1958981.8472974086,337438.0904159574,484148.84481020377,2.784427600850616,1.0,-0.5179455851200608,-0.5158511551897962,-0.44311447982987684,-0.004905469183996565,-17.588560121043187
0.3306388055907978,0.0445945603054293,0.7869874805859114,-2.313743250239518,7782.959215612662,0.9499201326203275,1.0368942908989793,81701636.05357543,3175857.710657372,304027.1452235207,452151.0698780336,2.5148407851670327,1.0,-0.5656755068235418,-0.5478489301219664,-0.4970318429665935,-0.004302358280436059,-11.585480311373072
0.801165007077912,0.32380964324340283,0.7195056869822476,-1.9735699565964109,7809.153660901239,0.9376952799199341,0.9604889231247136,127335436.232602,7102505.2839988265,223914.4163994561,359355.9965411394,2.094270314018765,0.0,-0.6801222622864913,-0.6406440034588605,-0.581145937196247,-0.0031831955583949273,3.0548438313486876
0.0727635469104576,0.19542530679451064,0.585752918935065,-1.880870754534707,7774.125570542887,1.0178533740637137,0.9696010373164731,133831982.53964674,4668289.515294539,308960.9796381059,432537.07767108775,3.343080777755157,1.0,-0.558627171945563,-0.5674629223289122,-0.33138384444896857,-0.0037940431102046752,-22.394190134962578
0.5628602466177952,0.9954317969113915,0.5658993616399592,-2.419611312181239,7854.294254704615,0.9018637213031611,0.9234917333540821,139372209.07033938,4428925.528995596,331023.1236531628,506155.13272223494,2.26396862475395,0.0,-0.5271098233526246,-0.49384486727776505,-0.5472062750492099,-0.002492691371963779,1.8405899473312033
0.871199630888352,0.1449013598046033,0.42515629976005304,-2.2837552303156388,7729.2194249783,1.023955306408715,1.042677380293572,97099148.84243101,3595679.6077372576,312065.4634205401,518585.1769977382,1.9524071542235366,0.0,-0.5541921951135141,-0.4814148230022618,-0.6095185691552927,-0.0025363724989537362,5.586175291213362
0.8552048818974632,0.5710883198484517,0.6213226778352186,-1.8596913061858023,7794.095558808175,1.0228929118563341,1.1067642030874834,148542683.9656159,11538075.09577156,247004.9510284012,396667.75425466715,2.0210118510948387,0.0,-0.6471357842451412,-0.603332245745333,-0.5957976297810322,-0.0027397162568530936,5.442342413336885
0.7197077871490262,0.6786351533718598,0.8231701931677337,-1.7718937411362234,7911.992205519421,0.9939203984972298,1.0237915977554846,139313568.0826173,1724754.3703314841,276202.24392115424,431309.47837020457,2.1729084278873776,0.0,-0.6054253658269225,-0.5686905216297954,-0.5654183144225244,-0.0031835716906991616,2.801950419196217
0.37385497186609246,0.09711370317741436,0.2832497400290115,-0.9659655901092989,7813.39241788153,0.9812309761419049,1.0718222058071376,236338551.3749131,3777618.329022125,288207.802509386,450066.1431003392,2.130182345691299,1.0,-0.5882745678437343,-0.5499338568996608,-0.5739635308617401,-0.002553556692619394,-6.126171795495665
0.7583525357223837,0.4355414289044502,0.9464407140509972,-1.7775549299497722,7800.111733175758,1.0190179471256982,0.9841837411742534,124041690.81505087,13055189.157309111,205546.59693906055,326745.28729262995,2.1914789091321065,0.0,-0.7063620043727706,-0.67325471270737,-0.5617042181735787,-0.0035091326623909033,2.7130277271394228
0.7700485378541428,0.8787601554140744,0.514462656576378,-2.5052548042378078,7881.575252882469,1.0338845757870816,0.9584082142858525,128204143.95405136,4395467.756576572,314597.6466537164,498953.3765981602,2.203138471012673,0.0,-0.5505747904946908,-0.5010466234018398,-0.5593723057974654,-0.002287328527290316,6.168687449279382
0.9539740663976519,0.15082120553282052,0.93917332512473,-1.9836414722819882,7721.0669382731785,0.9438432455201865,0.9710144529152521,76965503.69853501,4153284.9201802206,193878.12996940486,319229.9154557111,1.8918367058472843,0.0,-0.7230312429008502,-0.6807700845442889,-0.6216326588305432,-0.003437422511272802,5.400256250965601
0.7624452259729475,0.6262804431824354,0.8440007468820753,-2.3114183796253838,7813.2509244556095,0.9822080595542401,0.9925686423151818,97580681.5811212,4035365.346699032,256163.90645453797,403061.88607239944,2.137599785214496,0.0,-0.6340515622078029,-0.5969381139276005,-0.5724800429571009,-0.003214410574573402,3.4508547937338605
0.10646688162225867,0.5463543179980507,0.32624836607809127,-2.389257648743182,7909.181143099808,1.0123306737421465,0.9620671640288532,185853784.46190184,5155125.499580576,374246.0661995134,547149.3501011921,2.7288130529014616,1.0,-0.4653627625721237,-0.45285064989880786,-0.4542373894197077,-0.002361315301349245,-14.891502776562781
0.7828777517472287,0.39785855587770014,0.4462697855016652,-1.8882865753275737,7831.4199531253,1.0216154963515165,1.1077416786694128,164009641.0964016,2849436.267316028,298498.2878714238,485224.9918974403,1.9514575922393114,0.0,-0.5735738744693946,-0.5147750081025597,-0.6097084815521377,-0.0024805465043186404,4.671380739825668
0.6143039290380623,0.894227613424795,0.3585900020166445,-2.587654284291021,7820.02943049964,1.0561435224768576,0.9832037533216743,123434469.53206775,3520820.930075146,404845.86432713683,648493.1336694931,2.282713041930379,0.0,-0.4216487652469474,-0.3515068663305069,-0.5434573916139243,-0.0017970027526063503,5.777441770486568
0.4285824703227087,0.532682981673056,0.9981191322903031,-2.470934189020159,7835.197176030874,0.9727710615347935,1.0878791830740968,88082868.42379335,3438338.032338068,289045.8726244116,435420.6838749486,2.299316937711684,1.0,-0.5870773248222692,-0.5645793161250513,-0.5401366124576632,-0.003928498015270759,-4.934522103705614
0.6781149617899364,0.49404393039459943,0.17869290149332137,-1.9470582840428565,7882.550983610993,1.0340700747170477,1.0456407646327444,270874409.9263468,4571850.741451449,337372.2736017786,595171.6109336742,2.227490235103498,0.0,-0.5180396091403163,-0.40482838906632584,-0.5545019529793004,-0.0006389657942385318,13.352161191879109
0.9550710083119334,0.07883062188250876,0.9562389199382964,-2.6385874301229806,7792.814259481831,1.0555664040234891,0.8873322489493014,52926103.623652086,2576878.2251471733,258527.74868655554,427170.3483375311,2.644329124147769,0.0,-0.6306746447334921,-0.5728296516624689,-0.4711341751704462,-0.003493639161468415,5.17972293702428
0.5696267664870258,0.16554710107778564,0.24112037769925035,-2.727345655893168,7825.055828599685,0.9623548494281875,1.0593997224513527,131925101.94623914,3671287.655303577,422413.963492291,689829.9545062095,1.9386360631769388,0.0,-0.3965514807252986,-0.3101700454937905,-0.6122727873646122,-0.002069995263868947,1.5402508026557022
0.5180918808547097,0.13439531844786162,0.8385678808748597,-2.2862669646975085,7825.224452773761,0.9744064784609135,1.0132078387922154,86810671.01087636,3856992.6364896847,237295.92175390408,365082.76460735855,2.2881710724037365,1.0,-0.6610058260658513,-0.6349172353926416,-0.5423657855192527,-0.003974054303384891,-4.918484353843507
0.3666593460993241,0.35424054044528946,0.08784557887402338,-1.3433775346337133,7806.108114002061,0.979460158783463,1.0606445217922136,290181445.6409271,3737722.179026116,349980.2094759014,542020.804099592,2.342340939979969,0.0,-0.5000282721772837,-0.457979195900408,-0.5315318120040062,1.0,90.0
0.9540292896267278,0.4845366636950586,0.9164558803946321,-2.043752043356048,7849.762623116226,0.9202391216496596,1.0671813355603486,126083580.23682123,13225102.772345254,229484.13149553386,372851.68652312655,1.830072684103604,0.0,-0.6721655264349516,-0.6271483134768735,-0.6339854631792792,-0.0032180296505476317,6.56046219050193
0.4940105788775111,0.3743200969198064,0.22538531693402933,-2.3815433451492716,7811.833634395949,0.9608571538095266,0.9813116778912493,166384614.32164258,4792756.485678216,365186.0413780997,592693.3868856818,1.932218979263712,0.0,-0.4783056551741433,-0.4073066131143182,-0.6135562041472575,-0.0017732128846910397,1.6752596380763833
0.08014570821744756,0.49592068953768703,0.41652267770867973,-1.686645714994051,7855.055193647431,0.9954859099735581,0.885924829751531,205180923.99950802,2121010.123227106,346449.87136813556,492027.7141138566,3.3010582588111195,1.0,-0.5050716123312349,-0.5079722858861434,-0.3397883482377761,-0.002808214335845392,-18.36464621326452
0.8250752149617284,0.9207460291661849,0.10244400781176984,-2.4819328942039234,7854.474289077726,0.979673830503318,1.0400734485184753,168782496.3933131,4495606.2339097755,394795.4708306868,607112.8852884701,2.3846513812816075,0.0,-0.436006470241876,-0.39288711471152993,-0.5230697237436785,1.0,90.0
0.6043579453076304,0.9696794896786538,0.6777834965019316,-2.895813929113122,7866.663532428891,1.0487382504166547,0.936900114696328,86813268.22128038,2640716.4853695757,422028.77944610134,645072.8336322145,2.5613764071381224,0.0,-0.39710174364842665,-0.35492716636778554,-0.48772471857237554,-0.002761712083057062,1.984696093764132
0.7708090098103445,0.29729678218162253,0.658516059892502,-1.8055374654678347,7817.2344420938925,1.0330717837622874,1.0699912432672831,133238824.16147757,5666890.7549608825,274689.1610270981,440089.25461839436,2.140822613956807,0.0,-0.6075869128184314,-0.5599107453816056,-0.5718354772086386,-0.0031166576591952055,2.481291331075745
0.7221166098619383,0.19958910553106388,0.2703254501134774,-2.8887698852450296,7813.033050674763,0.9307174569515961,0.987731149805757,115607375.00757506,3158888.506104082,449103.3849524496,747256.1873170711,1.8329171476169637,0.0,-0.35842373578221487,-0.2527438126829289,-0.6334165704766073,-0.002019051676460758,5.152925650779526
0.11642032802415808,0.04724657361547143,0.4003621437938644,-1.7041324500753108,7790.49922482032,1.0507105446143845,0.9960540443665011,192485986.85540244,3068127.5099408627,363668.24355022184,526852.5897463115,3.066323083184912,1.0,-0.4804739377853974,-0.47314741025368845,-0.3867353833630176,-0.0032598939311884755,-19.23800083189327
0.8146752703494584,0.24426994101682514,0.8022822804328389,-2.336471246398152,7861.189931658846,1.0229688028493313,0.9581526361267262,93425302.15014523,4448133.672992985,219739.55847123294,353188.232567051,2.1189420464100377,0.0,-0.6860863450410958,-0.646811767432949,-0.5762115907179924,-0.0033710590914214156,2.918208704798822
0.05467325427669577,0.09407639774649641,0.778667200454481,-2.6974975455700663,7880.441625240264,0.9928372983873511,1.008893120283922,89651367.5711998,2614192.2974454067,438096.9728569525,604529.4867977687,3.1312338544373297,1.0,-0.374147181632925,-0.39547051320223126,-0.37375322911253406,-0.004548090158272225,-24.843843622090706
0.7993642444402923,0.7522216687655076,0.311129791870893,-2.1700807604671315,7761.053018659534,0.9219623097560504,0.9432729877513009,168502206.07925457,5392120.583516572,311251.0495120795,519042.8345981893,1.8214571122436398,0.0,-0.5553556435541721,-0.4809571654018107,-0.6357085775512721,-0.0015473784116318166,10.333721531080485
0.1042479045479819,0.3497678601094575,0.5501261536461387,-1.929106918430405,7868.836767219447,0.9958801709796313,1.026586812775545,185918236.46411896,2290113.802935087,380676.1384753278,536799.4773567014,3.0161415625848322,1.0,-0.456176945035246,-0.4632005226432986,-0.39677168748303354,-0.0034906038736863543,-19.333998442030524
0.8925751330259495,0.5263583024443477,0.579439482651902,-2.0614184459217837,7813.77120617545,1.0455531801536122,0.9948100071438656,131426968.20352182,6248957.579747796,230182.9422688314,373318.29887933267,2.1384101247314993,0.0,-0.6711672253302409,-0.6266817011206673,-0.5723179750537002,-0.0026407654683020336,6.2217995356960465
0.2530303252756965,0.44159932143372005,0.3319344780413436,-2.358672399949969,7818.025950578334,0.9868515985488757,0.937153358413038,140227315.1314669,3860986.622410203,392348.37150782207,590656.6155077578,2.697003909404913,1.0,-0.43950232641739706,-0.4093433844922422,-0.4605992181190174,-0.0024928558819527213,-9.01041036898351
0.6404765966776957,0.05603034318087485,0.9915620403031117,-1.9330205584506328,7873.014138332438,1.0057765205828977,1.016253253727399,103725561.42601721,14096038.930060584,217223.99129560715,343080.23553773016,2.3076322598673262,1.0,-0.6896800124348469,-0.6569197644622699,-0.5384735480265348,-0.004059466719902648,-1.8936203501720357
0.78375670722085,0.6743220792160227,0.35015008761457767,-2.766199711014452,7827.196508596152,0.9517897584308765,0.9755717667505729,123475915.26862642,3485195.638623765,421185.4920277119,692514.235354045,1.98998914736519,0.0,-0.3983064399604116,-0.30748576464595495,-0.602002170526962,-0.0018658229527977572,8.138174264897916
0.04147501976670209,0.010781354707347294,0.5424735715474683,-2.428333573889235,7784.65982510381,0.9348279477037502,0.9275244792566635,106546212.14255136,2827514.1465935726,489517.50099259266,683115.8077195114,3.1596385582354265,1.0,-0.3006892842962962,-0.31688419228048853,-0.3680722883529147,-0.0038301261020526898,-25.23535599330215
0.9338411293741347,0.7289076610116672,0.1416485329017496,-2.074716894308369,7758.390526973308,1.0492795802565993,0.9430960033698901,145689698.78096414,4531537.265381148,323216.11513096653,504596.45921190706,2.6409726565810696,0.0,-0.5382626926700478,-0.49540354078809296,-0.4718054686837861,1.0,90.0
0.6902900754990012,0.387856923387864,0.38845425058122307,-2.0074049898430038,7792.712877782795,1.05335298829842,0.9945063265970246,150378772.15210736,6368108.900326923,261178.79208586298,422661.7533039623,2.165645834684333,0.0,-0.6268874398773386,-0.5773382466960377,-0.5668708330631335,-0.002380548871522948,3.282868222882545
0.7414986312129559,0.31309445116186296,0.18616167629958905,-2.081397336279363,7827.767745909215,0.9346813992042118,0.9079898843791256,216328931.07760572,16442298.974504318,392291.437454685,685068.1264783377,2.1274119255820865,0.0,-0.43958366077902145,-0.3149318735216623,-0.5745176148835827,-0.0009675202217284281,11.231463934568325
0.7786355702247825,0.13736608921353027,0.4571946179742074,-1.1694330756024915,7774.753092470953,0.9901423909084655,1.0064831290870704,178341655.13942567,5132115.273109793,246065.20227416308,402629.31867457635,2.0343177568949407,0.0,-0.6484782824654813,-0.5973706813254237,-0.5931364486210119,-0.0027484166423956966,3.2057107265784452
0.9390145282446327,0.23605274316451186,0.2944976802115743,-1.8496001208777464,7840.911403305318,1.059716687718969,0.9974039113030708,192257921.3221437,1912264.0425204234,246447.17985425214,421356.63790082565,1.8226945322328403,0.0,-0.6479326002082112,-0.5786433620991744,-0.6354610935534319,-0.0018249817942379174,9.840280709395575
0.06584841048494491,0.9373429061960451,0.7880637132218529,-2.227111246821816,7752.7611262271075,1.0235981311862068,1.0437792725104322,107715323.32461086,3114272.3025324214,434724.8378093287,593168.059414638,3.069635963109585,1.0,-0.37896451741524473,-0.40683194058536204,-0.386072807378083,-0.0034746722693920116,-18.376535953367306
0.6876451692018539,0.050625985369960685,0.2722635541945274,-1.9529923524222523,7688.114443858182,1.082225210358497,1.0872628585684856,119447154.96220772,4306804.3830623245,306082.7791808402,506841.7325550388,1.9895529284353948,0.0,-0.562738886884514,-0.49315826744496116,-0.602089414312921,-0.0022588807855379936,3.1500644061130885
0.27583228120828224,0.8098573263493967,0.4520452379755516,-2.2727875589080413,7842.554784783987,1.007984963230625,1.0305863544529366,151462743.74288478,4689360.320245272,319864.2705408289,472230.7889670159,2.477850046933107,1.0,-0.5430510420845301,-0.5277692110329841,-0.5044299906133787,-0.0025546033121230183,-7.106951553336145
0.4769203845051885,0.032370640316682055,0.7506248940942762,-2.4313609631946687,7845.035354642553,1.039596412984545,1.0445767605176068,81025085.6666145,3402603.24714003,266055.2904899932,407967.62494110136,2.4357637661429425,1.0,-0.619921013585724,-0.5920323750588987,-0.5128472467714115,-0.003978799964721256,-6.592410823783062
0.570418919067598,0.5247573445668259,0.9904648824782503,-1.8837357337513454,7890.255699151047,0.9620303848590526,1.0687787758227612,128558973.10053384,1900568.493931085,279023.7126209983,431192.1601938346,2.132124763069391,1.0,-0.6013946962557167,-0.5688078398061653,-0.5735750473861219,-0.0037273128811528273,-0.9781003521518983
0.6157848038179541,0.5155954292887924,0.2231652395475863,-2.486913968943901,7913.273613125886,0.9637499194369528,0.924184913923898,205884998.89587742,7509019.829163971,366530.87066651706,614494.3066949069,2.10235156040833,0.0,-0.4763844704764042,-0.3855056933050931,-0.579529687918334,-0.0013577942895589713,7.137148802252646
0.3149620434914603,0.5888208783107852,0.4791422174822304,-1.8418142899242709,7847.616836898995,1.1174664111912713,0.9754443880858928,170383114.193516,1796289.9653309872,341177.7485685553,508027.19024365576,2.8477489400589135,1.0,-0.5126032163306353,-0.4919728097563442,-0.4304502119882173,-0.002859340139424863,-7.542965392754379
0.9850181660861369,0.3562824884422438,0.027757779072369818,-1.8763566034159094,7748.677004946241,1.0634838721338569,0.944618735501322,174284136.80585003,5949148.023224406,333882.9575326439,534093.9044089128,2.5991693685023094,0.0,-0.5230243463819373,-0.46590609559108725,-0.48016612629953814,1.0,90.0
0.17251758775029694,0.593923732088655,0.6796230108052722,-1.690389240100308,7888.357899004835,0.9509536810432421,0.9752766920117772,168020734.34695202,1830248.8726813106,336360.9616221745,476504.7799828595,2.9807496725742055,1.0,-0.5194843405397508,-0.5234952200171406,-0.4038500654851589,-0.0035729867658291356,-14.763537053935494
0.1467083805214194,0.5513208225316617,0.2914228910254199,-1.4651280724205895,7864.571929317325,0.9751107217105579,1.036208782746971,274634272.4025118,15062119.67274027,409834.15269264195,609873.5079548314,2.513161922152889,1.0,-0.4145226390105115,-0.39012649204516864,-0.4973676155694222,-0.0021788862671363656,-11.93816212830502
0.24335835125983798,0.24230511566567725,0.038021411027701416,-2.4303633705025702,7865.318937463653,0.990535961807059,0.9190899071470702,197157321.09302387,4544197.282597056,439546.04428493103,676028.4615543078,2.784424642205913,0.0,-0.37207707959295566,-0.32397153844569215,-0.4431150715588174,1.0,90.0
0.16153014504232166,0.9849698498613139,0.22902421665473666,-2.472728948557998,7951.994867656546,1.0174537861249777,1.0140579694716554,255394802.61875933,12455106.253419382,457827.180640503,717425.3872144327,2.22597173667706,1.0,-0.3459611705135671,-0.2825746127855673,-0.5548056526645879,-0.0012005441850423287,-3.2809866397063274
0.3776890673287109,0.4148786688486173,0.44984366308748275,-2.2154555196858965,7811.973638129961,0.9856323639321167,0.934194922313937,129951462.36277062,4287837.030250773,305229.9112668297,462596.40937581146,2.567718575232887,1.0,-0.5639572696188148,-0.5374035906241885,-0.48645628495342264,-0.0028925838933526104,-6.17269782405646
0.39018973258366424,0.454339340175315,0.7135502251876411,-2.4013263814229138,7839.107298078198,1.0935644396210251,0.9512489793825237,89916938.37546945,3271666.926280062,314293.2216653399,468872.9388295783,2.855397322637729,1.0,-0.5510096833352287,-0.5311270611704217,-0.42892053547245423,-0.0035752440367062288,-7.008116988971683
0.1673727588330585,0.711177697545472,0.691064516321026,-2.395181762521743,7845.916448314903,0.9618269631234511,1.0106106796954186,118993194.85254133,3558851.1823239275,368235.903849694,519711.65007739054,2.9484937616227507,1.0,-0.4739487087861514,-0.48028834992260944,-0.41030124767544984,-0.003468192330285635,-14.247475511025076
0.1998165599140165,0.7779648823901886,0.5475852735285448,-1.5419610263928716,7826.2444562848905,0.9589234960935578,1.1107601943772203,201747514.02947825,2759668.419433154,298185.13551898894,428994.8923495777,2.474656210988879,1.0,-0.5740212349728729,-0.5710051076504222,-0.5050687578022243,-0.00295800206099829,-11.522345531818328
0.596914319989995,0.5740003927665726,0.2135993153975079,-3.002066035083286,7881.100282731249,1.0315780916671982,1.0261359362828266,142374927.21263897,3539514.961880816,497824.46564003715,836789.8994280265,2.0061184439946556,0.0,-0.28882219194280406,-0.1632101005719735,-0.5987763112010689,-0.0011935500366391824,7.964476807399958
0.03840259569159414,0.6933992275204408,0.2173230771192037,-2.3028387689160676,7753.134429205507,1.0004832611449208,1.0244682054629357,170670304.31538838,3668657.4228414334,546140.4402865459,826192.8212063502,2.5068775443492104,1.0,-0.21979937101922015,-0.17380717879364976,-0.49862449113015794,-0.0014310731847657983,-13.004862270576588
0.8231315286871709,0.9988320473018573,0.8178923419909855,-1.7813503927517202,7887.196380209452,1.0367199007689285,0.9312459565316418,144204119.6865868,1704626.067819949,275995.4553826258,431894.35965872434,2.450719616493688,0.0,-0.6057207780248203,-0.5681056403412756,-0.5098560767012624,-0.002833268666584522,6.2670342674916615
0.48309250934988035,0.22543395757562798,0.014436883567103247,-2.1616123730076318,7885.130386123502,1.041432348742893,0.9567167319823362,232626555.55409697,6272059.03510666,449450.58961023024,707422.6195101794,2.694778070152203,0.0,-0.3579277291282425,-0.2925773804898206,-0.4610443859695594,1.0,90.0
0.7938380261940438,0.3307396078211461,0.4139483885298169,-2.8938676986102054,7747.036430248102,1.0856241952018768,0.9486501542686088,76035484.82983325,2334067.576037943,446370.8065528545,731007.9245216345,3.390510777647288,0.0,-0.3623274192102079,-0.2689920754783655,-0.3218978444705424,-0.0024189979097945496,4.9660083772560135
0.02542887212847952,0.293123076921735,0.9405281435218971,-2.059313905226085,7778.444445531946,0.9886641517102701,1.0308468049040702,103881741.02915184,3546407.8044741643,329574.7320386966,448414.7809976033,3.3392224631558647,1.0,-0.5291789542304335,-0.5515852190023967,-0.33215550736882704,-0.004664833614727994,-25.550944769982507
0.5983414141579602,0.6476777212568317,0.01802353534182876,-1.850673565143934,7799.145958305747,1.0833977074331043,1.088369274287469,235479154.1024897,2872400.3836844424,399144.22661514,617972.2300545494,2.679473071444833,0.0,-0.42979396197837144,-0.38202776994545057,-0.46410538571103344,1.0,90.0
0.8508316635336399,0.7550265850443003,0.06629370121374817,-1.718039601045875,7831.001007361742,1.0722484481748247,0.9521226858210826,230204503.5329738,3424804.075302033,351155.13997025066,546936.0476789784,2.67615090024636,0.0,-0.49834980004249907,-0.4530639523210216,-0.464769819950728,1.0,90.0
0.977121087821913,0.44934485227177706,0.9330760407979215,-1.4893559381615897,7784.107459153362,1.052859684629709,1.0026752510818915,113850012.50070271,1583400.7041422862,233586.75693580526,381045.8869099618,2.0778143925518746,0.0,-0.6663046329488497,-0.6189541130900382,-0.5844371214896251,-0.003235936554336987,6.872893512830993
0.8294095403820135,0.5782292818762089,0.05205590395170895,-1.8740117733294395,7780.961744362566,0.9896991718665175,0.959105299687323,225806689.81949162,10915746.933400963,374055.6610649745,587543.9517107826,2.583832029308681,0.0,-0.4656347699071793,-0.4124560482892174,-0.48323359413826383,1.0,90.0
0.17043028822621303,0.6723888690489302,0.7337537820246028,-1.4313279584220693,7767.080514493643,0.9769685527021478,0.9648051972220791,165769813.63938352,1780978.341148979,311584.0447206007,440210.84823925386,3.029130885729673,1.0,-0.5548799361134276,-0.5597891517607462,-0.3941738228540654,-0.0036189951455850656,-14.455098188185136
0.8761153047878658,0.25269791815647247,0.5427836204451976,-2.942348387301436,7680.250666957793,0.9561902998449792,1.0346326627114382,66030845.18006985,2131653.8748618606,434748.4096245931,712822.2871305854,3.901959208848615,0.0,-0.3789308433934384,-0.28717771286941457,-0.219608158230277,-0.002772124030044641,5.1025623020443724
0.3396990524849832,0.42544726884838135,0.19084654242068477,-2.4096169211065854,7898.528066681434,0.9578316929519717,1.0300118642653626,224785884.39391547,7927855.715552085,398181.4053098749,639603.866864955,1.9373409160440822,1.0,-0.431169420985893,-0.3603961331350449,-0.6125318167911835,-0.0015777424413522378,-1.5639629020141967
0.7696539111748998,0.2312110033269354,0.5211747527110356,-1.5542539229395673,7832.352908061985,0.9536073033295929,0.9313375405985999,161809494.63965887,2516979.161820291,228539.8508734007,369340.053170049,2.105875681941479,0.0,-0.6735144987522848,-0.630659946829951,-0.5788248636117042,-0.0028523795088294134,2.9075572332529482
0.48819749049650546,0.42720084039534983,0.08962643601025395,-1.332339494655489,7845.1058780836565,0.9515774871455052,1.0473499213069886,287693148.40004086,3562797.5633161394,325364.0235736719,507162.390532792,2.2593111636786496,0.0,-0.5351942520376116,-0.492837609467208,-0.5481377672642701,1.0,90.0
0.4187972075283202,0.6242307346150839,0.988926829521876,-2.1178958765104863,7894.327707072778,0.9970694804157015,1.0036618678258131,134875918.9190725,8587284.3152971,252048.53103102886,378399.8169622195,2.4437233762874175,1.0,-0.639930669955673,-0.6216001830377804,-0.5112553247425164,-0.0038289816134938846,-4.796944729324434
0.09382817775775214,0.5665867093542579,0.6293107267668354,-1.65726037399167,7895.302313540981,1.0875940853281612,0.9583100771604626,159945318.8193308,1753474.499532103,371705.5442072552,516803.6817520697,3.4462906363088632,1.0,-0.46899207970392115,-0.4831963182479303,-0.31074187273822734,-0.0034992748312271437,-18.946069319380108
0.34596910660428776,0.39984549169297945,0.4289615448805965,-1.8364433544180803,7818.117922454616,0.9824393386876283,0.9828512651485666,184021286.3235889,3863997.915657621,347702.6725789496,526038.9075512293,2.5206634567900004,1.0,-0.5032818963157862,-0.47396109244877066,-0.4958673086419999,-0.002866847154072318,-7.155717994873694
0.7017175464925605,0.577863934046109,0.31846487524088146,-2.8785853771653764,7832.761618937387,1.0045080457788909,1.074940590546843,118389461.26296145,3280349.3286689306,440207.3082748448,720987.747897059,1.9272751419837386,0.0,-0.37113241675022174,-0.27901225210294106,-0.6145449716032523,-0.0019129402802552156,6.325570308270208
0.591692499139497,0.8614673718467305,0.5408960472340689,-1.9241296795093663,7943.328554780941,0.9811053409808012,0.9732986600691713,179360615.32912526,2112846.7828315995,311916.0618458371,481446.11717984104,2.254421021588738,0.0,-0.5544056259345185,-0.518553882820159,-0.5491157956822523,-0.002522708719358175,1.9233808610899068
0.8899727296461041,0.21434565400262232,0.6085426685727587,-2.084850880239586,7872.585377657224,0.9103479468607291,0.9749746305790956,137213899.88058734,13831106.463318218,292970.2069978358,480121.5997704261,2.241442164312006,0.0,-0.5814711328602346,-0.5198784002295739,-0.5517115671375988,-0.0029342075611502425,4.863099131994943
0.5327634447548572,0.4240767305108218,0.6922968901925912,-0.8833344441757622,7809.380565102084,1.045200412434304,0.9963144952321048,153008732.5692298,3188623.361885044,236611.69270295283,363498.6838141683,2.4358989137598774,1.0,-0.6619832961386388,-0.6365013161858317,-0.5128202172480245,-0.003373209924877051,-2.824147668023926
0.5975090613050116,0.3422088126649892,0.6981221100880958,-2.3905090593967877,7890.34733646601,1.043010626718387,0.915021171236705,102182015.81381708,4195215.505479715,253355.15914436715,393363.46388949815,2.438077847911075,1.0,-0.6380640583651898,-0.6066365361105018,-0.512384430417785,-0.003379226696161716,-1.5292911980384574
0.9264807895037805,0.5445138077905765,0.2495024606295907,-2.105239874892618,7853.211065788716,0.9946320815732707,1.0623642024469264,204290801.34383124,4267709.804430882,367344.95196391275,642755.4123138888,2.0277821925183224,0.0,-0.47522149719441037,-0.3572445876861112,-0.5944435614963355,-0.001051017057598553,14.512504094195686
0.8413606120492707,0.4198467881181084,0.0996214840109734,-2.5720361770013946,7744.674019223702,0.9862318550282606,1.1029324531299496,119138043.90779746,3075216.0996659137,489118.81498830963,774914.1607051681,2.2534537116974995,0.0,-0.3012588357309862,-0.22508583929483186,-0.5493092576605001,1.0,90.0
0.7176371869916455,0.32908429451773663,0.4868331748088431,-1.93939981050484,7833.147304607426,1.0076089718951224,1.0733526291680913,150560399.5288369,10276535.626195688,320548.3078035355,514963.1525697569,2.222423111984475,0.0,-0.5420738459949493,-0.4850368474302431,-0.555515377603105,-0.0027313437831056686,2.454449760379365
0.6819121557682162,0.5324188152841146,0.7950459551809385,-1.9253440351459958,7790.643499555191,0.9276890103512763,1.0140391261252455,130530605.845173,6785485.773170048,228266.85407804683,357085.815322249,2.129143966156239,0.0,-0.6739044941742187,-0.6429141846777511,-0.5741712067687522,-0.003297642961040767,1.2768175806012891
0.3160313334804591,0.28821046413974677,0.12419269408091776,-0.5970207028946988,7870.178436481506,0.9719131760821481,1.0425555392090984,49594829.42948006,6945465.247565481,54835.55223413938,90951.39049574565,0.007912032320592875,0.0,-0.9216634968083722,-0.9090486095042543,-0.9984175935358814,-0.0010129008301391486,0.6284788349269519
0.43600013923759795,0.5918488141966469,0.12759764891173053,-2.239398805114541,7780.393258303661,1.037689869910882,1.0013080656303868,157331567.12340724,4187147.923574403,396095.4871655793,608403.8778844007,2.627808820542814,0.0,-0.43414930404917246,-0.39159612211559935,-0.4744382358914372,1.0,90.0
0.9472615588694918,0.7732250022172277,0.8248692481060175,-2.7439830334445507,7844.765847156421,1.0066975235875781,0.9969004215561761,83626429.59245066,3068099.0492745107,328882.5626998918,525822.8995309497,2.176752473044179,0.0,-0.5301677675715831,-0.47417710046905037,-0.5646495053911642,-0.0029126015238495457,7.354034571424279
0.6987826777148819,0.027576134940268844,0.37361347807029205,-1.8245259463362185,7891.170758338555,0.9907713342133322,0.9092321101064182,171460670.04509264,2128343.9627623227,268236.8081132197,437798.9208936883,2.1185980351059106,0.0,-0.6168045598382575,-0.5622010791063118,-0.5762803929788178,-0.002668691382582796,1.634730033376762
0.20480624618246945,0.8126958417192323,0.6813829852178319,-1.5985314102718429,7834.937230499595,0.9869347126107573,0.9812477373293482,171788740.51672852,1900065.8240166407,313172.3782371293,445781.04887419683,2.932570525016327,1.0,-0.5526108882326725,-0.5542189511258032,-0.4134858949967346,-0.0032962987234763166,-11.754594488669586
0.8961274819954471,0.6570452547303351,0.7028224439946646,-1.9229365073795357,7783.810890126722,1.0569983204933533,0.936565079113898,120446188.24526949,5928387.370419897,219750.37134246452,352283.79451843153,2.2980622450230186,0.0,-0.6860708980821936,-0.6477162054815685,-0.5403875509953963,-0.00281614370775949,6.181953660793942
0.9351774451251208,0.052730634214562117,0.273146843797227,-2.265791026497987,7834.297954485807,1.0212993639718027,0.9387528784730007,159113987.62350917,6448378.552159137,262852.005564608,453444.11410476035,1.8339527220069736,0.0,-0.6244971349077029,-0.5465558858952396,-0.6332094555986053,-0.001864682052387481,9.135093926961268
0.5380130768592096,0.27779887783002505,0.5518239444821643,-1.5119671412318547,7853.788064520686,0.9110099214695087,0.9530316640894378,169507690.3354836,2699421.4077989804,243417.21977932152,377581.57656492473,2.2427137375202455,1.0,-0.6522611146009692,-0.6224184234350753,-0.5514572524959509,-0.00316305094487159,-2.8370217462518923
0.7097757817053079,0.2716765720699074,0.4351998662376863,-1.5258270898673023,7822.132134150776,0.9633168380800221,0.9474927765423186,181669166.96319208,3214728.0597058944,242363.16860386814,392019.74417633103,2.1265439930671906,0.0,-0.6537669019944742,-0.607980255823669,-0.5746912013865619,-0.0026359631777650937,2.4889966910376486
0.35115751787197913,0.576743842287744,0.25871245345618793,-1.6959264051862617,7824.6408343122,1.0060489142131395,0.9213617185808097,233867907.6782208,3117268.7560140323,325350.4042434971,511564.872170079,2.329063811022604,1.0,-0.5352137082235755,-0.48843512782992105,-0.5341872377954793,-0.0019225705636246432,-2.2477846333207836
0.8018964134115918,0.6677057658490493,0.05105343572763879,-1.6079678287423782,7782.809032026899,0.9887859541058744,0.9922725684168839,252176099.72996452,4165608.89804651,362672.22781214013,566480.2197210763,2.5145704004232807,0.0,-0.48189681741122836,-0.4335197802789237,-0.49708591991534384,1.0,90.0
0.7007811405893645,0.8595597240338347,0.2757279722162402,-2.298523546723387,7805.4139922344075,1.0528294362249406,1.082795192100587,177482467.60318244,5724938.985638708,319554.3347323688,535248.6384156409,1.9896430937753018,0.0,-0.5434938075251874,-0.4647513615843591,-0.6020713812449396,-0.0012355284902950598,10.84863083531587
0.9394742028046861,0.096263232674111,0.5551937592691691,-1.4695458316747994,7849.9395409813815,1.0909521395673687,0.9194738149837927,131462644.46996011,1975627.2380682365,228407.3544324909,379346.4227925911,2.115364369450162,0.0,-0.6737037793821559,-0.6206535772074089,-0.5769271261099675,-0.0028468839175056415,5.747996741505471
0.9821382478959645,0.2056895749890118,0.9587420329998493,-2.4452923430366127,7895.023756920783,0.9726440423605945,0.9687231744789672,90392725.63017017,4910925.2039952595,203423.88539194374,335196.1437499213,1.9076029563865124,0.0,-0.7093944494400803,-0.6648038562500787,-0.6184794087226975,-0.00339415565059787,6.1539012469609595
0.9382231808731434,0.7885659025952546,0.3741622162023058,-1.6917260338705558,7796.66387891788,1.0498429328283043,1.0298615767329884,200127108.13116342,2358035.6207845565,234749.42279235486,391371.47458799335,1.891127561355786,0.0,-0.6646436817252074,-0.6086285254120066,-0.6217744877288428,-0.0017313938030769516,11.442281811863502
0.03961252949809625,0.8003056136945731,0.5917201749634938,-1.4975551890343604,7803.628005375581,1.0521929568074948,1.0197548997001828,190176825.41585526,2055518.8118588745,333343.68351100455,455552.90361604263,3.3647125092611585,1.0,-0.523794737841422,-0.5444470963839574,-0.3270574981477683,-0.0030997045021922296,-20.43098786623703
0.22755807317015841,0.40195780680784987,0.15899744429168194,-1.9865698155196214,7826.949403052901,0.9700484708258046,0.9735218188173134,248288729.74589163,5724673.85835807,461186.0056768048,737001.8750464203,2.1539746385866616,1.0,-0.341162849033136,-0.2629981249535797,-0.5692050722826677,-0.001370977434006683,-4.479975116720578
0.4253763288541232,0.5398634219085217,0.29724199107073956,-1.9103754313835972,7759.235383493772,1.057465566996929,1.0046663460248393,169446849.24487686,6084215.107208912,301414.2523926456,474839.42723375786,2.282042301167157,1.0,-0.5694082108676491,-0.5251605727662421,-0.5435915397665686,-0.002105111090827164,-1.1398293988601793
0.383059653103654,0.35165365970537044,0.18374898277695023,-2.2808837850071138,7815.996153595485,1.016612536797455,1.0030287708706995,184607564.7211196,5358369.701126768,345597.4498956321,558806.1843077688,2.0480196163746163,1.0,-0.5062893572919541,-0.44119381569223115,-0.5903960767250768,-0.0015655666507105401,-0.4578240814148735
0.6636773726469561,0.32088355458179413,0.19347148095429778,-1.6889341156676767,7827.742594368294,1.052686560610053,0.9630451284081282,242794669.36341852,4655239.237702273,314910.67386039667,537965.8548645246,2.213591249607229,0.0,-0.5501276087708619,-0.4620341451354754,-0.5572817500785542,-0.0012322447453001672,8.097471574042832
0.9866322723420768,0.6364121918572777,0.7002538460559934,-2.8005869608676344,7821.822102424715,1.0581703535453706,1.0281869221513291,78021201.28164928,2814531.787396245,344930.9438478043,558147.4538888452,2.231335992522236,0.0,-0.507241508788851,-0.4418525461111548,-0.5537328014955528,-0.00274857851269305,7.640957529980431
0.031319389559688784,0.493367202609463,0.25623945268222514,-2.008766738744579,7829.150872292827,0.9670361792423795,0.9886073580346704,261364961.17212734,11230970.07348507,444869.6674840934,653895.3939186373,2.7020656345400464,1.0,-0.36447190359415227,-0.3461046060813627,-0.4595868730919907,-0.001969926174462711,-17.561358648244692
0.11834333088375924,0.3023677904654005,0.03190182821204011,-1.2798581786604353,7820.414441901192,0.9787715143869988,0.9297900425480028,331964346.7733495,3531860.842776723,460133.3235708228,695755.8598404059,2.8510016026288785,0.0,-0.34266668061311034,-0.3042441401595941,-0.4297996794742243,1.0,90.0
0.10395582999794312,0.8288793555284119,0.830717342573674,-2.1132014654762834,7865.309407520837,0.9806125643017805,1.0727708224495773,155400891.70317057,5835446.742127391,322207.0291814734,446173.4947671198,2.814679781055274,1.0,-0.5397042440264666,-0.5538265052328801,-0.43706404378894514,-0.003686257947637491,-16.900511613402085
0.9734717543320813,0.11131903044338563,0.06597402101203728,-2.78363892334214,7808.494571363784,1.0375353083587795,0.9971068715103386,111874756.6074368,2926153.282119993,482537.90069124335,780964.888365987,2.320084446841493,0.0,-0.31066014186965235,-0.219035111634013,-0.5359831106317013,1.0,90.0
0.6356582276679394,0.9502844905829233,0.8869291023974207,-2.0792239112762374,7828.445879268279,1.0313024576987557,1.0035640588549473,124906439.15600333,5658265.010771187,233692.35935893664,358822.5382973121,2.360407442236161,0.0,-0.6661537723443762,-0.6411774617026879,-0.5279185115527678,-0.0031289969359200925,2.388793511960696
0.6440826501163707,0.06940142280791488,0.07600713704607145,-1.5804778219775355,7775.096399657883,0.9367914749939446,1.0058755309449594,252016977.47581184,4373835.075440429,333143.000456265,533985.2202405165,2.2542589718518937,0.0,-0.5240814279196214,-0.4660147797594835,-0.5491482056296213,1.0,90.0
0.45511090914567764,0.9336876374170631,0.5660042471247078,-0.7416892048006396,7961.507545786064,1.0027037974860864,1.0481685161174792,204403700.9141726,5194377.862260016,349219.4078882774,526151.7558077165,2.445464657640261,1.0,-0.5011151315881752,-0.4738482441922835,-0.5109070684719478,-0.002641810043261105,-1.4063255626372921
0.41819975813655863,0.1572950433899849,0.8153936322715077,-2.2336672382930916,7836.031570995126,1.0368323510271553,0.9767206392960456,88694727.2755618,3842680.1027895603,237898.96379838279,358929.2050916761,2.6055392915980233,1.0,-0.6601443374308817,-0.6410707949083239,-0.47889214168039534,-0.004077428279007953,-7.880389741442386
0.48892221817554027,0.169204191832155,0.9724348472968503,-2.3157700976636013,7788.131709693391,1.0336505992603142,1.072274806386425,69569879.17918576,3195093.3607179406,252124.32506640156,386309.8244932529,2.305220894518356,1.0,-0.6398223927622835,-0.6136901755067471,-0.5389558210963288,-0.0042007716760265375,-5.46888704324909
0.9696148938052609,0.8855648223705898,0.9970595143497458,-1.8892232908424762,7826.895436465941,1.004852618789507,0.9996255309785594,137527425.4824568,16898229.593454693,235430.08899126464,375956.38331547746,2.1647665897527815,0.0,-0.6636713014410505,-0.6240436166845225,-0.5670466820494438,-0.0030441219878205358,8.111897394505354
0.8755037606027025,0.3169781156495167,0.01001682812920719,-1.9942829234470225,7812.174213229291,0.9680351492340237,1.0625656231900213,236788195.2837925,16625191.87836608,359096.69995930145,573155.9705170088,2.361752444366933,0.0,-0.48700471434385506,-0.4268440294829912,-0.5276495111266134,1.0,90.0
0.11209766929130041,0.7898999356378033,0.2619312748723919,-1.926148790234344,7917.053797537072,0.98519646863579,1.035633644570047,273896500.86354387,3253706.099523298,393056.5713633413,591116.8102122626,2.3411454589375977,1.0,-0.43849061233808384,-0.40888318978773747,-0.5317709082124804,-0.0017552656119705855,-10.199537045383082
0.8667643136046449,0.7669281795516948,0.37468251762235966,-1.4926595331795536,7802.085530136541,1.0354419783836983,1.0182174986018757,214167980.89958653,5263651.520492699,287031.55942854466,475092.05988723144,1.9725914804209665,0.0,-0.5899549151020791,-0.5249079401127685,-0.6054817039158067,-0.001788269740397121,9.904638211864828
0.5757094434803582,0.2545471344177822,0.28997534110241646,-1.830240232902975,7856.174044049094,1.0149617071181303,0.9055800426445177,196911167.78527474,2109854.3412989047,276379.1004431719,446612.46908839745,2.204757605228406,0.0,-0.6051727136526115,-0.5533875309116025,-0.5590484789543189,-0.0022680532881168966,1.2325969626551725
0.6888209435188598,0.10727765471375537,0.12890406456487802,-1.7352715223921011,7791.315104261622,0.9177149947351426,0.9775557015115313,293553352.0067111,5035311.874962499,327243.7235572094,591295.0510061664,2.0480513769112676,0.0,-0.5325089663468436,-0.40870494899383364,-0.5903897246177465,-0.0003822184240352438,14.03028110175224
0.3309576376221084,0.972173621119732,0.23137073915799866,-1.867806554442012,7853.931489942069,0.9817000170450038,0.9771419640008686,279802704.3372588,3586036.7528536133,357576.93141616276,580086.5942386405,2.162743948233002,0.0,-0.48917581226262463,-0.4199134057613595,-0.5674512103533995,-0.0011189685888482145,3.5808527610868275
0.6578423190064105,0.026344930604869365,0.503498958620847,-2.0882499161511636,7786.045445795786,1.0408411948944185,1.007501749811557,111170954.28903025,4792232.369015211,225081.34461034765,360439.62663987384,2.155683961264005,1.0,-0.6784552219852177,-0.6395603733601262,-0.568863207747199,-0.0031238520666026625,-0.5681698219372535
0.27119842788760545,0.4732719922510048,0.6125746513422621,-1.2479179575128188,7831.905762671888,0.935971697216565,0.9036905311748072,178817405.87363595,3000860.6016078177,295282.7069791071,432039.17411995644,2.7254512265831603,1.0,-0.5781675614584184,-0.5679608258800436,-0.4549097546833679,-0.003436465230799428,-10.923605677224245
0.16871220800948125,0.3821403831979899,0.8738663927661675,-3.098703084179388,7867.410474602258,1.0151829602631053,0.9675638712587823,71007256.92660329,2088293.6356690857,475373.13203613803,674651.825907981,3.893151386026133,1.0,-0.32089552566265994,-0.325348174092019,-0.22136972279477343,-0.004299037599872704,-16.512513487304346
0.4566560735134427,0.9629081206588846,0.42111872874660616,-1.2609645601439023,7814.119337742917,0.9847340762451859,1.01489331535211,230899386.66724524,8126872.068617868,363505.594213288,559887.1645178916,2.283424250719385,0.0,-0.48070629398101716,-0.4401128354821084,-0.5433151498561231,-0.0021382297743368006,0.685724506870514
0.8065146969241784,0.8698669629084709,0.7516851830909463,-1.69819426872008,7819.979809456983,0.9485301299024865,1.0556472397505647,160081222.64607596,1660564.3789171716,250932.7562009835,393850.927794613,2.044598095209633,0.0,-0.6415246339985949,-0.606149072205387,-0.5910803809580734,-0.0028302823711665957,5.383079132820949
0.3491051656973398,0.900706521805407,0.8722894083484034,-1.4115296568778792,7803.743733727001,1.0680973989850833,0.9613259208582738,143072459.91976663,1780374.1347244806,280330.5155648943,410696.87888110237,2.855509678134678,1.0,-0.5995278349072939,-0.5893031211188976,-0.42889806437306444,-0.003442537088193155,-5.658791360117132
0.1767332492368681,0.31005024088982364,0.6853999116732968,-1.6812416738414582,7726.301536593964,0.9873894996610293,1.0417302431051891,128595204.8269997,5342349.892734986,272173.1510971653,389207.4127609496,2.7797039308367193,1.0,-0.6111812127183353,-0.6107925872390504,-0.4440592138326561,-0.003929029254862243,-16.406348205079496
0.8536677696729809,0.18627780695687207,0.9363104940655176,-1.8623540535166676,7843.70131665246,1.0223439432928387,0.9270107630362447,108212842.9114502,13671573.2549486,219850.0368315728,356962.5456469959,2.1782077332833323,0.0,-0.6859285188120389,-0.6430374543530041,-0.5643584533433336,-0.0035495375992731244,3.5508249317660443
0.21065315767950843,0.36003572662820665,0.9078992730979315,-0.9143806278558098,7874.539764655777,0.9212128324659545,1.0079796445556317,152121905.01766345,2209162.0744594107,245327.9415888133,353033.75917450787,2.5960487711633706,1.0,-0.6495315120159809,-0.6469662408254921,-0.4807902457673259,-0.004338114314465749,-14.60775273661605
0.8689643627262761,0.6968782347621407,0.3021424625912253,-1.2698524478977888,7885.86764678443,0.9526606178437944,1.004565688566599,262810145.75338292,3530003.0826305384,269405.22821140103,454998.80319020315,1.8560931617140113,0.0,-0.6151353882694272,-0.5450011968097969,-0.6287813676571977,-0.0014588830797226107,11.72898464230034
0.9036385178802595,0.6642405927473133,0.4327819270936672,-1.112552824762256,7909.960416126389,1.028690040234096,0.9358543885329825,199972968.56675524,5403821.036511228,315375.62578355795,518380.46196894924,2.163910122792673,0.0,-0.5494633917377744,-0.4816195380310508,-0.5672179754414655,-0.0020929231637504507,8.700373455648043
0.7922376477620936,0.333555438789641,0.9487639652959663,-2.810110318471864,7834.726927164142,0.9028096392514093,1.0316502002289774,72864929.69827151,2954324.072655648,301748.4895116913,482837.17503815045,1.9393113715159345,0.0,-0.5689307292690124,-0.5171628249618495,-0.6121377256968131,-0.003545803533898873,2.9483931959663785
0.01728439222205631,0.9776543192994606,0.05664896531749251,-1.57373781083027,7893.264101833762,0.9785714825985949,1.053055964100041,359465135.8347003,3925229.6764978967,496572.1543113381,708292.6691808023,3.0837853603776137,0.0,-0.29061120812665986,-0.2917073308191977,-0.38324292792447723,1.0,90.0
0.3772324092191046,0.3493143290571887,0.7640891723356548,-1.7748215660552442,7779.132985475852,1.0956089972416512,0.9637360608880933,116295577.61027966,6045423.288791525,241754.89658276568,361020.18477083463,2.7103431453655573,1.0,-0.6546358620246204,-0.6389798152291654,-0.4579313709268885,-0.003820578807826023,-8.13150098425939
0.9651135078546648,0.27565257919510244,0.4854751613746739,-1.5021783140964748,7749.598047737081,0.9332602296980465,0.9251871114528049,167751880.45720628,1800607.4796532667,232725.52322881608,387481.9990549113,1.8985423406120496,0.0,-0.667534966815977,-0.6125180009450887,-0.6202915318775901,-0.0025159762513650734,7.391146227066926
0.9168740687835002,0.7833824569596696,0.5023401308741847,-2.92204328435851,7938.612064074944,0.984282022589127,1.0546093077586671,126183634.8343551,4132724.672750248,375211.819031518,608248.6141700465,1.8714854125917708,0.0,-0.46398311566926,-0.3917513858299535,-0.6257029174816459,-0.0022176284803223974,8.517482029547509
0.29819837478997707,0.4607548302207393,0.1919285353179743,-2.208546447790355,7869.654018865768,1.0270639667753154,1.0066338653035858,229798992.98797312,10460413.279021591,396585.1107502855,631939.5820307356,2.1825881285501056,1.0,-0.43344984178530643,-0.3680604179692644,-0.5634823742899788,-0.001578888358597285,-2.803235506052218
0.5710200965607503,0.06260800382773032,0.20829535709191052,-2.0360795470414765,7789.9760680627805,0.854074756491779,1.0507227794268195,212924276.62423837,9777984.048794536,349179.85132634087,577026.8974650705,1.6601919172250574,0.0,-0.5011716409623702,-0.42297310253492953,-0.6679616165549885,-0.0019316377368298202,1.7349198865437714
0.750457764435711,0.874773001151232,0.055021079420331444,-1.0855167392917315,7838.516574334978,1.0982399231163382,0.9956346749376743,258977970.3179372,3580310.97699035,355388.55009838566,547776.7596109008,2.7044494121841565,0.0,-0.4923020712880205,-0.4522232403890992,-0.4591101175631687,1.0,90.0
0.43789140313287483,0.2674177472432353,0.7717160896688743,-2.347022373590101,7786.142586650042,1.0883742284586768,1.0842751847375742,77752908.62345181,3114122.8450469724,297090.8040198742,449221.7441030693,2.481182606922464,1.0,-0.575584565685894,-0.5507782558969307,-0.5037634786155072,-0.0038360870180523298,-6.5985748302883
0.5513201925052084,0.128487540760942,0.5884112670521267,-2.959922444660682,7770.609435502024,0.9764440133870389,1.0403622506787262,69600477.7196544,2265268.4859719938,417614.1464041192,651856.9385857001,3.417020949626456,1.0,-0.4034083622798297,-0.3481430614142999,-0.31659581007470877,-0.0033872481054568124,-3.411189764202497
0.28731583711951014,0.08457325897653897,0.9911356607541417,-2.5284066818707878,7858.6376652296985,0.9884458765422013,1.0377482636103046,72960363.72723705,2962261.0601267945,291008.2494871214,428280.708076796,2.5836953152858273,1.0,-0.5842739293041123,-0.5717192919232039,-0.48326093694283456,-0.004724758625553473,-12.984109949227111
0.06844161113656105,0.736374947023719,0.023801588123728748,-2.5264185590541253,7803.8612058977715,1.0432509169670796,1.0208835324321381,174584648.36401162,3252870.390746837,662055.3210388942,967424.5086749777,3.0837982400281736,0.0,-0.05420668423015109,-0.032575491325022306,-0.3832403519943653,1.0,90.0
0.6184528878391536,0.9676919474834502,0.6544320448357932,-1.4998059704573468,7777.780111360499,1.0112325588577609,1.010811781483773,167132157.90305644,2118391.107940322,248369.27894180556,380781.54666491674,2.3215273577637867,0.0,-0.6451867443688492,-0.6192184533350833,-0.5356945284472426,-0.002697838957944976,2.3862779884377865
0.21283347603482222,0.4874792861233895,0.5113215560241019,-2.93312044350703,7796.4385775648225,0.9755722160014105,1.058169407668251,90890137.79048762,2332427.0111756884,536015.0639629696,778402.6798538247,3.4033332537378853,1.0,-0.2342641943386149,-0.22159732014617534,-0.31933334925242296,-0.0031567502919116024,-12.675342341401098
0.12255860519205813,0.8245987872374047,0.7910980875328943,-1.3204184949351667,7861.081531973697,0.8671639984836078,1.016865156625444,206387697.00597712,3585580.3250026703,337309.60014481156,469745.4441850755,2.690483107376982,1.0,-0.5181291426502692,-0.5302545558149244,-0.4619033785246036,-0.003598372591406265,-15.87491500158259
0.6164291596310881,0.9641671379363693,0.5628469865828838,-2.3071012793984607,7773.890902557764,0.9243610980165288,0.9300821504355267,117736122.1757243,3738495.7956866496,353269.7298306558,545383.2881640109,2.389079181809697,0.0,-0.49532895738477745,-0.4546167118359892,-0.5221841636380606,-0.002470877306184555,2.9315953359621005
0.6774117235116257,0.9382113346531273,0.8829363105731327,-1.9444261891196888,7841.4461131894595,1.0202000508144993,0.9326352430210203,148926821.63128975,12909343.049288997,250438.4123334989,386552.3860343745,2.4850212776814575,0.0,-0.642230839523573,-0.6134476139656255,-0.5029957444637085,-0.0030967020370289418,3.233122937385456
0.95067044453234,0.8535720221899542,0.6624070188278622,-1.6237076820364993,7810.865447589823,0.9960116479444893,0.9804684533992292,159906600.6633762,1986157.0155503983,236342.6084653141,378026.9031701299,2.102386499508345,0.0,-0.6623677021924085,-0.62197309682987,-0.579522700098331,-0.0025530890469483937,8.007411975788296
0.55513015523663,0.6859761657760727,0.5927039077452654,-2.142833184909104,7828.077456790316,0.9843697244062433,0.9790680261866334,136644073.24435425,5401860.253847503,252050.96923259235,387824.4011847553,2.3392722957847303,1.0,-0.6399271868105824,-0.6121755988152446,-0.532145540843054,-0.0028612957263238065,-0.4123365667844183
0.776831573597743,0.5944152836839743,0.8700833157274408,-2.1141478412575836,7828.277697620047,0.9350744662763025,1.1113903856399607,126752359.59211858,6679091.991969317,217988.22382984703,344970.4480966439,1.9274002603414102,0.0,-0.6885882516716471,-0.6550295519033561,-0.6145199479317179,-0.003263084547052967,3.6350844774053357
0.8234913843131614,0.8676898844223595,0.47336281110345785,-2.28163759508641,7849.551903728998,1.0140092422929068,0.9851688539822206,150575413.0617987,5754904.061203186,263929.78332225047,424001.4543607951,2.1127617202563176,0.0,-0.622957452396785,-0.5759985456392049,-0.5774476559487365,-0.0021257766794279933,7.695312396524567
0.09607173364993596,0.9710359691849015,0.8637153267096547,-2.0099491043237103,7940.856680666153,0.8251451028100801,0.9980730287311499,196187688.70278823,1712000.0630242566,387775.64685973636,532181.8555234444,2.856444857069878,1.0,-0.4460347902003766,-0.4678181444765556,-0.4287110285860244,-0.0035762615551123067,-16.499611126798598
0.17389886943331412,0.6632650619145215,0.5770951929427782,-3.2270114347394117,7852.225603584911,1.0277434443046003,1.0094103338359215,84897225.7907885,2075540.3372941688,581185.1959472139,828373.4534593496,3.9763243438517892,1.0,-0.16973543436112298,-0.17162654654065043,-0.20473513122964215,-0.00319477682153623,-13.756694543482393
0.18652360245182303,0.7252875967497606,0.5221763468384283,-2.2495660118678593,7922.712885372495,0.9791783230603875,1.010349732348353,194286777.59897715,9780284.155239075,356962.407493011,513028.42351262335,2.7571785459449316,1.0,-0.49005370358141287,-0.48697157648737666,-0.4485642908110137,-0.0029418349947671163,-12.304837693811653
0.6653592162488513,0.22154174107923863,0.15606171168128496,-1.3143745484161764,7900.326647780176,0.9891249405504716,1.0661898087946986,297036867.74376756,3526362.934500316,314947.2439546191,552058.8732310215,2.003484131688775,0.0,-0.5500753657791155,-0.44794112676897857,-0.5993031736622451,-0.0008532945357912394,10.25186239711875
0.1260864220391369,0.7849026304205533,0.3636515913923169,-0.8630534832801189,7730.14000326655,0.9616307503293635,1.0402258423181237,271092132.99085546,3416126.339937204,348855.02076672117,508203.4208053997,2.5147005803285087,1.0,-0.5016356846189698,-0.4917965791946003,-0.49705988393429823,-0.0022767849325705716,-12.556270166407707
0.08176139907168811,0.7410033492162852,0.590452498698999,-1.4571078605487764,7804.036025372386,1.0350443607944895,0.9804074351122409,184348530.05468145,2131063.41398446,316458.15588132944,439463.05141753936,3.2851170069172184,1.0,-0.5479169201695294,-0.5605369485824606,-0.3429765986165563,-0.00317365202638719,-18.209780230522327
0.23721862221512133,0.9296697819965745,0.5815592283278036,-1.8518358800345776,7841.948285498707,0.9656856849874834,0.9597208730488194,190754608.69170976,1677229.9923884203,360036.86875197326,519175.77357870765,2.826140989884455,1.0,-0.48566161606860964,-0.48082422642129236,-0.434771802023109,-0.0028686810191756095,-9.036449303327608
0.5009431232532974,0.5135081181379745,0.10577601982443403,-2.155146675417397,7786.528178436717,0.9069109125248297,1.0513624696086126,199954612.9197397,5641938.465002577,339673.5182193143,527371.2424099055,2.201602398832759,0.0,-0.514752116829551,-0.4726287575900945,-0.5596795202334481,1.0,90.0
0.5946666026396267,0.6598582269841936,0.7171402030834859,-1.7306277402320391,7865.175643193172,0.9512293930254395,1.0401765029693835,156254649.97529304,1811349.5725562645,265166.9372477692,407429.6272813988,2.1769828653592658,1.0,-0.6211900896460439,-0.5925703727186012,-0.5646034269281468,-0.003134441510649128,-0.04874919310772441
0.1309645967553264,0.32774036565643494,0.34956155207983813,-2.488894360341954,7765.692954460111,0.9158327653468075,0.9084393251095708,122463526.31671083,2939526.20977079,539434.5940061106,787911.1732424793,2.621781705908907,1.0,-0.22937915141984205,-0.21208882675752067,-0.47564365881821863,-0.0027285835489704465,-15.819748300481201
0.3031840380542786,0.7303546551435807,0.20399850257030674,-2.982816695429633,7862.6138177171215,1.1443007319499718,0.9199766631752867,124091138.49099964,2751079.047765835,580294.1521181137,932759.5774482834,2.4851617113212656,0.0,-0.17100835411698043,-0.06724042255171656,-0.5029676577357469,-0.0012706050909963526,0.4401885292109249
0.512209133068118,0.6980897608232725,0.3134275615860207,-1.6589281359225183,7892.123355213019,0.9386556411512322,0.9788106786416213,248415784.33181828,8724179.324044464,361546.34886767133,576484.163803414,2.051893682632756,0.0,-0.4835052159033267,-0.423515836196586,-0.5896212634734488,-0.0019356202850261874,2.507448446704718
0.7867502110672768,0.7338692453400391,0.2773457191409133,-1.9806792203072354,7864.018395974019,0.9907287911519305,0.9880052840656738,231516128.44258392,2100898.937342456,271219.76050574216,458301.73646326613,1.9830456105643637,0.0,-0.6125431992775112,-0.5416982635367338,-0.6033908778871273,-0.0013078905343437224,11.405379898869693
0.9296324199629746,0.3365429468063447,0.17727263062503004,-2.3529519581910936,7828.148562202575,1.0905526927364533,0.8991907571837561,128627773.74256751,4082411.9282370848,329610.4284598431,525652.3585211079,2.6781009237272513,0.0,-0.5291279593430813,-0.4743476414788921,-0.46437981525454974,1.0,90.0
0.24861934954856735,0.5502420217760068,0.8629142747029691,-2.1067905529106468,7838.128039939818,0.9892556906502348,0.9901646226916286,118949039.93835717,4729605.192207632,244275.545943991,353436.14786307287,2.687931369223121,1.0,-0.6510349343657271,-0.6465638521369272,-0.46241372615537585,-0.003959122992884315,-11.73146738438881
0.6561421614564636,0.530227590081376,0.2923203975957318,-2.2169006981006167,7862.108993736412,0.980937210910701,0.9649610264824872,194266992.31565526,9221318.97774716,339127.40620845626,556430.3168405471,1.9725060171583098,0.0,-0.5155322768450625,-0.4435696831594529,-0.605498796568338,-0.0018607367299773646,5.522798299467876
0.7458914522361298,0.2641770174353028,0.6153306261472166,-2.0553491176343823,7910.4477857405645,1.0006788160994327,0.9594181689810333,139437034.90712154,2850376.393550624,293234.5445238619,469563.8404402214,2.174609715897487,0.0,-0.5810935078230545,-0.5304361595597786,-0.5650780568205026,-0.0030784902249116897,1.9709192914584612
0.5908931295782516,0.20988979290624324,0.605227458333004,-1.7496752032109162,7840.108891129574,1.007948596306762,0.9123407852561479,139328641.81025654,1659674.9459213424,287063.6290878211,449546.5975752343,2.4774953681863634,1.0,-0.5899091013031127,-0.5504534024247657,-0.5045009263627274,-0.00329740175277501,-2.0125153358916954
0.6240626053451187,0.8607151541341795,0.14218647639041568,-1.4389027899486893,7871.825994474043,0.9034415871234899,1.0097840461781988,282052841.8843459,3744956.684930709,330999.82037043216,506721.13485241984,2.26590337407629,0.0,-0.5271431137565254,-0.4932788651475802,-0.546819325184742,1.0,90.0
0.8365142578166987,0.609020415751721,0.41976920115928396,-2.1194975493961428,7794.924201558833,1.0098505807051554,1.0985640420945535,155272018.8060688,6365428.831745283,250054.7631844581,409378.41995500715,1.8875628708158616,0.0,-0.6427789097364884,-0.5906215800449929,-0.6224874258368277,-0.0021486274996612292,7.30865146823168
0.8732549303012737,0.9638421225708933,0.00996135408521788,-2.21167258379823,7889.760289042407,1.0391477302824261,0.9953829880548812,236026868.9957466,14562383.507020898,410549.58447935164,631976.8347823424,2.8395917101426527,0.0,-0.4135005936009262,-0.3680231652176576,-0.43208165797146947,1.0,90.0
0.23201846737392176,0.09517580321122243,0.7597419131311134,-2.062488390853285,7860.363941505271,0.9845650714581344,0.9702633580765746,122238087.56621008,5505660.232997637,257567.094306794,374665.9268836032,2.7626324364399366,1.0,-0.6320470081331514,-0.6253340731163968,-0.4474735127120127,-0.004332976221544626,-15.293435442984425
0.8825022579743469,0.44289916260273465,0.6282916471172556,-1.4915870546324814,7804.6894467550965,0.9682938932259829,1.033043174476496,157621970.12174156,2540921.9714916437,209808.1946461154,339045.0482656628,1.9679284967189137,0.0,-0.7002740076484065,-0.6609549517343373,-0.6064143006562173,-0.002822463985837663,5.43048036613833
0.6448228894699343,0.8066590553450088,0.22253021643252408,-2.132723589346356,7814.597390033689,1.0252936992044914,1.049169942014672,221046358.44341195,9412430.658480916,369512.9101187732,637307.9619811716,2.1488471474852835,0.0,-0.47212441411603834,-0.3626920380188284,-0.5702305705029433,-0.0007992994770984565,12.803830851888748
0.29760084151434024,0.14361562204656797,0.8527837076290498,-2.229464359598936,7834.5899954674815,1.0207963161424418,0.9574012600998726,88402042.26564947,3637347.6424734243,256858.57076084404,377843.5978480993,2.838241679598419,1.0,-0.6330591846273657,-0.6221564021519007,-0.4323516640803162,-0.004377941878915055,-12.32876910520314
0.49661296875694977,0.4377525650046006,0.46973082924039866,-2.5545238162284476,7787.42651840244,1.0603367229112004,1.0439367979910434,94389902.48975551,2989058.3791179266,390433.6039519625,604062.5652796914,2.3102335817316373,1.0,-0.4422377086400536,-0.3959374347203086,-0.5379532836536726,-0.0028128619614085277,-2.488762277089318
0.14232464871881434,0.920432380520514,0.7455102201390352,-2.512525517244183,7807.292310951496,0.9557329999224687,1.0339207467037512,107096817.4665409,2964447.1919271667,449795.30220422783,628336.0430678728,2.7721756589651494,1.0,-0.3574352825653888,-0.3716639569321272,-0.4455648682069701,-0.00336866996888198,-14.09732503688494
0.10193045822037118,0.2206262489674845,0.9151243353562037,-2.3361121274372447,7744.281610391652,1.0031596559013156,1.031914646800303,78193048.40069997,2659887.890254854,390633.67976000987,545695.3551503709,2.964465869518543,1.0,-0.44195188605712876,-0.4543046448496291,-0.4071068260962914,-0.004682760679390033,-21.153740613127294
0.5412737544277626,0.8997383924595032,0.2002810463758159,-2.402980043854753,7782.624007786999,0.9931250855593541,0.9248516582549446,183036322.79736906,4556727.664366767,425777.1179094888,745535.5157519864,2.3254992887139716,0.0,-0.391746974415016,-0.2544644842480136,-0.5349001422572057,-0.0004360818658939037,15.03410258468763
0.12394387357760907,0.88769346940715,0.3222964549077147,-1.7124902100523927,7859.218596454952,1.0124356901118623,0.9561911354332094,247028404.63005334,3144487.4421623438,381689.11076735496,563698.5338549718,2.6166238021698702,1.0,-0.4547298417609215,-0.43630146614502824,-0.476675239566026,-0.0019521478516714738,-10.61125190713194
0.23162364047586034,0.2999798648590771,0.6901511771389185,-2.237632567282247,7800.922158887339,0.9483947260767747,1.0293540104773409,106437654.3096497,3648571.1875094776,320019.50638505054,463064.4418082061,2.756670427710794,1.0,-0.5428292765927849,-0.536935558191794,-0.4486659144578412,-0.0038969787388999713,-13.936441688547077
0.2535186703919488,0.7078019925476835,0.8403524363796976,-2.1590394366852337,7849.097184134219,1.0387072098388261,1.0019791042140518,119440848.47025435,4570104.080106026,248034.54661958266,356950.9751385313,2.7593523837398295,1.0,-0.6456649334005962,-0.6430490248614688,-0.4481295232520341,-0.003717598609818404,-10.490627511501586
0.48217387874703416,0.45744395017946793,0.279834855721368,-1.9819737253128835,7818.197098442864,1.0686369776508584,1.0782082186154665,198407439.2334811,12822450.053360766,324643.34726729494,518331.9985433881,2.149870550424101,0.0,-0.5362237896181501,-0.4816680014566119,-0.5700258899151798,-0.0020803638980595603,0.3624216973130352
0.9748194452690847,0.9043838677536199,0.4686978930079753,-1.0920346157563752,7806.313010709823,0.9728513957479288,0.9878735061967667,215332577.5235706,4183802.2823946946,277511.67874220473,454395.0252613614,1.9899117824041925,0.0,-0.6035547446539933,-0.5456049747386387,-0.6020176435191615,-0.0019686739199344916,10.636015534384292
0.9194144230033224,0.25509467231792793,0.453760111657185,-2.3303827759134124,7808.744329494193,0.9968199744193271,0.9900213453613332,120959674.73828962,4711315.000311822,271173.08223870286,450064.8046908109,1.908592808736732,0.0,-0.6126098825161388,-0.5499351953091891,-0.6182814382526536,-0.002485950927773581,6.744763089740154
0.41167610942573407,0.42335957013555153,0.4639040129725347,-1.9273709773458414,7873.832148054611,0.9906439405060091,0.9961413455857346,175720921.26590508,1593181.8813892396,326942.9589361327,498568.53409954335,2.490524509835632,1.0,-0.532938630091239,-0.5014314659004566,-0.5018950980328736,-0.002896577781472969,-5.1283453517575595
0.7969673991556585,0.3522348594970378,0.9548532966170502,-1.422634824320919,7733.874029244258,0.9467906039108676,1.0566384228942138,120090718.88648994,2508556.4333103355,234829.6592140337,376284.56569033966,1.9379791410889544,0.0,-0.6645290582656661,-0.6237154343096604,-0.6124041717822092,-0.0035332912664586182,3.1491345399924064
0.30462192343284133,0.2596004564549134,0.4376997059770421,-1.7755548397814223,7828.171747895518,1.081080270282621,1.0034046351701378,169670825.82049695,1708823.7816641214,331616.2381324068,497883.6198724162,2.7471832438371724,1.0,-0.5262625169537046,-0.5021163801275838,-0.4505633512325655,-0.003088788905844751,-9.696670869910925
0.2697737220716423,0.07401964283640285,0.3212626472521129,-1.7866051432718628,7763.5352950795495,1.102027481152826,1.0037146933418681,162694741.34376124,6729400.702698234,317131.64958188136,482376.202007413,2.656057769753494,1.0,-0.5469547863115981,-0.517623797992587,-0.4687884460493012,-0.0028599173389015917,-10.870790375017929
0.25486087214501896,0.46319709302512646,0.7740345984736843,-2.839002107797632,7785.455553095257,0.9914244654214459,1.0485652112925192,74902899.70506674,2284257.805035355,450862.06092986866,652928.698313058,3.5183166450691665,1.0,-0.35591134152875903,-0.347071301686942,-0.2963366709861667,-0.003877045697800781,-12.072060598353602
0.18299979029393793,0.3950310749391161,0.5851676655466588,-2.582665891961118,7824.686911289174,1.0751792874403598,0.9943942300171906,92983472.24965677,2748895.2684183763,431729.57312925335,619353.7562745088,2.891098486445275,1.0,-0.3832434669582095,-0.3806462437254912,-0.42178030271094497,-0.0035218287558646316,-15.156931579512325
0.3783108137384428,0.512757114029306,0.7332852844791924,-1.9166487914437307,7823.547866924314,0.9233513132618754,0.9969896994634638,156102631.7459632,9448580.400826491,277942.6613998938,413461.4588976233,2.476435173642227,1.0,-0.6029390551430088,-0.5865385411023768,-0.5047129652715545,-0.00357177991162533,-7.097027215183729
0.11889451566549754,0.22256896374202587,0.9671832863506741,-2.509078519270482,7814.237160066783,0.960988203809879,1.017666482768057,80512865.34937394,2704894.30208734,378179.1963647846,531455.238704485,2.808926091470137,1.0,-0.45974400519316483,-0.468544761295515,-0.4382147817059726,-0.004764146728152299,-20.081256724926885
0.9560974316682446,0.46461848562464675,0.8075122194111988,-2.405770897070774,7795.48128848817,1.0344766632021123,1.061736300975848,84084137.12915844,3634537.631341019,257879.93224918662,418221.79209656257,2.009141467383468,0.0,-0.6316000967868762,-0.5817782079034375,-0.5981717065233064,-0.003073223465975936,6.398819454747333
0.15529476458416228,0.5009936378159862,0.6515843280083325,-1.4618846428421286,7816.72223378085,1.0143065802639568,0.9845541394628332,162509953.6566825,1882591.671657178,308461.9603310454,436444.0378583465,3.1018534160614313,1.0,-0.5593400566699351,-0.5635559621416535,-0.3796293167877137,-0.003618356460821544,-16.14101738268761
0.0012353343088918384,0.7101319269376362,0.6965193261466793,-1.5043227457549637,7820.498313733181,1.0424647030834362,0.9638698145163288,178621509.88257146,1855867.7244904547,361237.2347846767,484527.2540897967,3.6853375079227857,1.0,-0.48394680745046187,-0.5154727459102033,-0.26293249841544286,-0.0034964811557145997,-24.334160166325123
0.48501621167613523,0.5391731458591379,0.2181576093850595,-1.1302080928824592,7820.105279532309,0.9192583968154874,0.9998850757983558,299922218.90435725,3731551.2232202673,335432.570503244,550028.6921153473,1.8712234127916327,0.0,-0.5208106135667943,-0.4499713078846527,-0.6257553174416735,-0.0014773200031103577,3.574014357876319
0.6458325724534686,0.7891585449343155,0.4113252154821373,-2.565214322844653,7748.974461262194,0.9858875420484299,0.9837265882376934,103618834.74778168,2980375.1597587476,440248.5567612379,700266.9228754102,2.3393707088008813,0.0,-0.3710734903410887,-0.2997330771245898,-0.5321258582398237,-0.0021189423086546933,4.479620721603183
0.23340010826788235,0.12397760202482874,0.45979027570156905,-1.930755658141471,7777.082533361228,0.9419692601809906,1.0233124111692484,149037107.531707,5455429.335544701,289715.3328288596,428775.0798025927,2.527320989944201,1.0,-0.5861209531016291,-0.5712249201974072,-0.4945358020111598,-0.0033764223972245913,-13.667256546644658
0.662235328558529,0.5297786095107904,0.17560186260007246,-2.1359200223252586,7850.14289801187,1.067021682684614,0.9737219618979556,210389368.67503124,12952603.152553039,439589.16707486514,778714.2428154774,2.2718400360469055,0.0,-0.3720154756073355,-0.22128575718452256,-0.5456319927906189,-0.0005260764783352439,14.2114107744471
0.8477569567512564,0.2720800325846053,0.8458940138558052,-1.3671177817150417,7823.767550797999,0.9302198746091657,0.9414077285069169,124372159.11426158,1840953.5252691912,217182.69683531948,350267.1717665077,1.9811907339793893,0.0,-0.6897390045209721,-0.6497328282334923,-0.6037618532041222,-0.0033776403783807316,3.6925259124880654
0.5999877263792115,0.6079335333308902,0.1823173386419833,-1.891679719118441,7882.511203694586,0.9859911813291604,0.9547974845436062,284039086.2107646,5861472.668189084,379748.6333070506,662079.783727995,2.2592793943733014,0.0,-0.4575019524184991,-0.33792021627200497,-0.5481441211253397,-0.0006697466651700557,12.111807445663
0.6716051542002535,0.5747773981210837,0.2780302346787342,-2.6688493272183837,7746.117253249132,0.9334587299378798,1.058894739995344,121134605.41085942,3191726.7407439435,464136.0545745054,766632.5595640898,1.9808458493947427,0.0,-0.3369484934649922,-0.23336744043591026,-0.6038308301210515,-0.0016826088402578545,6.796671259695081
0.72973246371675,0.07345086988369465,0.7957298868354337,-1.8347694241980381,7841.491597458845,1.1045579001793657,1.016436695415998,109490763.80899909,9518145.235351551,243963.57667559388,390572.76344074117,2.50208441142766,0.0,-0.6514806047491516,-0.6094272365592588,-0.499583117714468,-0.0036087082549116282,0.35305145753592626
0.9417528953173687,0.09791153714129386,0.7080875644109912,-1.4828663793021777,7774.253541413419,1.029847182831759,1.008085774236986,119111934.48144934,1513357.9789889895,227855.74909403914,376379.0702973469,2.0114632971888073,0.0,-0.6744917870085155,-0.623620929702653,-0.5977073405622385,-0.003145118898157064,5.169588509087564
0.4917759284907898,0.8922355392659247,0.6203218896807325,-2.624146643439164,7819.2919351453265,1.0127520518291482,0.9882246292444857,97093863.45075577,2979555.3622413357,400658.45680605026,605040.5400149042,2.463158486343299,1.0,-0.4276307759913568,-0.3949594599850958,-0.5073683027313403,-0.002795285774721749,-1.0169331084552056
0.8113354416500456,0.719162910678517,0.9816323342362671,-1.7126437799106446,7905.979052474411,0.9916482248722462,1.0497149903629848,132112409.40997806,1721091.5310114499,262206.6063907108,415286.29745901766,2.001910512598395,0.0,-0.625419133727556,-0.5847137025409823,-0.599617897480321,-0.003274364204469717,5.134824084767132
0.20680691182858568,0.4832059460002347,0.10811788413256689,-2.346738318051551,7889.262442449424,0.9901616510788717,1.0272465556432997,279598096.1357557,13391665.218743954,489140.385687654,844212.0227517971,2.3352228452769044,0.0,-0.30122802044620856,-0.1557879772482029,-0.5329554309446192,-0.00026437354534493624,5.047112802635738
0.48362788684511854,0.6672643206204093,0.07068796215505457,-2.1893223061805682,7784.845824947462,0.9471672852365048,0.9355838714362446,182984728.18554097,4681110.301280896,384023.0508345464,589091.9065278828,2.583184585271073,0.0,-0.45139564166493373,-0.4109080934721172,-0.4833630829457854,1.0,90.0
0.022392098955892958,0.5376830625448206,0.8914770251445597,-2.116460141097654,7771.581864863766,1.0546455180740326,0.9160045506744835,101212650.38813624,3223624.6169384704,379918.3402558107,513921.8347396693,3.6207258530284303,1.0,-0.4572595139202704,-0.4860781652603307,-0.27585482939431394,-0.004212919930025894,-24.15176562887567
0.36069024180518855,0.9191696409824959,0.39257588967445173,-1.9172108061105355,7825.416640307773,1.050440321786106,1.0284977133678843,195119942.46598095,8078855.705282469,382156.8083984012,581929.7199857155,2.3962247730631896,1.0,-0.4540617022879983,-0.41807028001428453,-0.5207550453873621,-0.0021458387841562956,-2.148980742371929
0.2375035127364661,0.9648819749947377,0.4863689863045342,-1.9463053340962335,7840.994684868923,0.9956140550074944,1.0134785788243152,198967819.2039838,7224990.950664134,389042.7656575115,567414.0935145736,2.6263377311867484,1.0,-0.4442246204892693,-0.43258590648542633,-0.47473245376265033,-0.002527734623617544,-7.8514050948534475
0.8035682620671402,0.26203723334624035,0.9254387260144067,-1.638787257346558,7764.517012415576,0.9579495516155726,0.9858014376561536,124265403.82468486,18602682.412674498,187102.60109676898,300784.9490706508,2.031801467575767,0.0,-0.7327105698617586,-0.6992150509293491,-0.5936397064848465,-0.00355325282626875,2.8157036259186192
0.19495452019111162,0.781394248820764,0.7140580590187854,-1.744638842930346,7908.713943504989,1.0033850486342308,1.0694657297783947,165826787.69846526,1806774.077179569,338649.5256359951,480357.9625723492,2.838133550398686,1.0,-0.5162149633771499,-0.5196420374276508,-0.43237328992026275,-0.003421856725072191,-12.500743382851972
0.9114858962513713,0.8339209593629534,0.4029588607195438,-2.4993673774806218,7883.912995341012,1.0182399417630243,1.0808155772813013,160485190.38883102,5936680.686771729,301618.1075153303,496932.5132518803,1.8262332031235502,0.0,-0.5691169892638138,-0.5030674867481197,-0.63475335937529,-0.0018092184132390812,10.493820451322463
0.2555951554075955,0.936747110141821,0.5163225134003785,-2.218940712720006,7864.1394405048195,1.0635598350087772,0.900500213738301,147350538.35150453,4811020.166991265,309370.558653706,451865.68112114444,2.9551785164994397,1.0,-0.5580420590661344,-0.5481343188788556,-0.40896429670011203,-0.0026478563660603483,-7.676660903605274
0.41959160681614494,0.38418989073753484,0.7106107524708788,-1.6905833262683911,7756.489073816132,1.0056842425271324,0.9368476178656927,131633719.22971338,7093270.5963533055,256165.68670417788,385715.0830839762,2.62153446863702,1.0,-0.6340490189940317,-0.6142849169160238,-0.47569310627259603,-0.00360463652617589,-6.441232727703252
0.7599624380375177,0.5559797347823829,0.9359287763577147,-2.1543296780480845,7837.943478178709,0.9554320612152735,0.9066432830580908,109179574.84853971,5250414.88157068,202118.24208530437,319398.9503059021,2.2201346154936745,0.0,-0.711259654163851,-0.6806010496940978,-0.5559730769012651,-0.003399962080433297,3.2955216452467653
0.38849634390248755,0.665967742139319,0.7996023691044679,-1.3052309587135658,7828.6857597188855,1.0998121693396559,1.0285710558021948,135796576.0046685,1827326.3513972664,257680.82732391183,381942.29423891485,2.6840290260998705,1.0,-0.6318845323944117,-0.6180577057610851,-0.4631941947800259,-0.0035288647452442227,-5.868526438079215
0.014285140543811314,0.687696472360393,0.31532736709757186,-2.224871039134151,7802.513583039575,1.0249086888803696,0.9849931319492863,170676774.99498194,4066699.549537322,439753.6514237508,630813.5017860873,3.045281716239011,1.0,-0.37178049796607027,-0.3691864982139127,-0.39094365675219783,-0.002038731231291728,-18.666968982598476
0.8123205448258952,0.6625824209178758,0.7406632628803012,-2.5489978130500797,7838.388048521095,0.93203405533038,1.1132406895453912,107509209.17031772,4091595.4503176315,297504.6653408716,470464.4319389929,1.8477994183044872,0.0,-0.5749933352273263,-0.5295355680610072,-0.6304401163391026,-0.002961071931621116,4.594162449954862
0.032135848406410386,0.6920595646590314,0.9859517866017264,-1.9452319323834997,7843.374160825778,0.9208338923235052,1.017156068449959,169731655.67953295,7826971.981731105,348512.69737218076,470593.7425759886,3.0697987394055684,1.0,-0.5021247180397418,-0.5294062574240114,-0.3860402521188863,-0.0041749506209002255,-22.670734209007282
0.8075606679002792,0.6699644754039907,0.7629452074960248,-2.156140985762942,7846.032416915684,1.0132267773714738,1.0001759689563896,124017480.43178464,5934023.536277625,223298.8738745571,353588.30759182264,2.1906011728946417,0.0,-0.6810016087506328,-0.6464116924081773,-0.5618797654210717,-0.0030011762382929612,4.506861492170035
0.33825072557951885,0.21560883198688977,0.48733979992854126,-2.1581919980451376,7742.631665162287,1.01452073379425,1.046497135109738,104264853.80635919,3530156.1006995956,345542.0731672059,520076.5590467894,2.558025030877535,1.0,-0.5063684669039915,-0.4799234409532106,-0.48839499382449303,-0.0032731883936693157,-9.140428243453574
0.8742575657643658,0.7265559110244402,0.5633781260594953,-1.8988357321389087,7824.831092661934,0.9535152556133413,1.0289234755153882,161647967.8722303,5081719.18667183,313277.8271462248,503539.5707232194,1.970133620572514,0.0,-0.5524602469339646,-0.4964604292767806,-0.6059732758854972,-0.002465777036989811,6.850793447332727
0.15980065911219116,0.6929737159822777,0.3370449918787539,-2.569942637747381,7907.58533780774,0.982412840050212,0.9811194570738444,166008263.8488267,4190460.3037205264,423936.730421372,624314.090514514,2.644050102949771,1.0,-0.39437609939804,-0.37568590948548597,-0.4711899794100458,-0.0022586609954433523,-11.130038414571505
0.49746217409237986,0.7906106646342517,0.059754924682202955,-2.076951486848241,7808.455462480999,0.9511425139378602,1.0539131540114732,231056583.6455161,7316682.649373057,410481.50973377464,627224.9212726153,2.428703854618128,0.0,-0.4135978432374648,-0.3727750787273847,-0.5142592290763744,1.0,90.0
0.28503818963781147,0.8269350574479308,0.8767280613894406,-1.7788099690336563,7773.237990107058,0.9860615387532133,0.9866273543473288,141360262.68754742,6635055.509744922,280439.5555190362,406863.88159377995,2.671738860521536,1.0,-0.599372063544234,-0.5931361184062202,-0.46565222789569277,-0.003604579110717456,-8.419185486399112
0.2571323345754222,0.9691029755416917,0.4668853292483459,-2.2519742974878536,7813.700353935629,0.9317537634131003,1.0304168030581298,156801218.72891748,4549087.592349363,345907.1980696087,507215.1035381817,2.398351317298575,1.0,-0.505846859900559,-0.49278489646181833,-0.520329736540285,-0.0024449387874383903,-6.7667747339473046
0.682527361721571,0.9083267449822483,0.9871201859540617,-1.4421974460232154,7795.736546516553,1.0398928044156495,1.0656635971558939,136163228.3725775,1770366.048017793,239273.265603113,369084.06517210917,2.2424722387956546,0.0,-0.65818104913841,-0.6309159348278909,-0.5515055522408691,-0.003250255082409435,3.0909285023169453
0.3289174999337799,0.5922796204067188,0.07420939287000168,-1.9016470960255045,7862.494060876169,0.9418646147671829,0.9680009846187354,278178553.0221982,3066062.067254686,395363.1567757044,603266.5880296901,2.4943305179017417,0.0,-0.43519549032042226,-0.3967334119703099,-0.5011338964196517,1.0,90.0
0.12971353581483464,0.45184423574229676,0.9286569216489806,-2.2038755674240917,7800.3715390401385,0.9576369671227687,1.0611846586432303,102581145.43476778,3556409.419172116,319336.3867041355,448116.85137696983,2.8885264069588605,1.0,-0.543805161851235,-0.5518831486230301,-0.42229471860822787,-0.0043508952039613,-17.9680719219856
0.3602656010440605,0.2171834568666229,0.07933011581607868,-1.8243258503475321,7817.617865992931,1.1029118753494558,1.0023673414568548,284758103.04098576,3177707.543692459,360106.81471926713,649172.3286552582,2.7190433051589187,0.0,-0.4855616932581898,-0.35082767134474185,-0.4561913389682163,1.0,90.0
0.7630833141710691,0.9024839121485548,0.0062115092948082365,-2.6674321737333186,7840.690562102848,1.0464861590472578,0.9026496694157815,140286858.37421152,3169548.9386918144,541885.9476244162,833027.6683997355,3.0020148169026357,0.0,-0.2258772176794054,-0.16697233160026453,-0.3995970366194729,1.0,90.0
0.3498014701066925,0.5037548934228159,0.7015173915253848,-1.7884604054349036,7872.355012592565,0.9276254655917973,0.9856697482254866,157489393.38308087,1627892.8120194674,312012.18635888904,461400.8362519555,2.5910381187830986,1.0,-0.5542683052015871,-0.5385991637480445,-0.4817923762433803,-0.0035441554746497277,-8.07444847495313
0.401550563731456,0.24189284582906623,0.7936087923029832,-1.969979178765849,7736.281333668282,0.948827414664535,0.9388627338583814,92078882.26047297,3847626.069522276,263643.1954867089,395986.0331473379,2.5982433844228128,1.0,-0.6233668635904158,-0.6040139668526622,-0.48035132311543743,-0.003965919502591799,-7.946236685708552
0.5287114438779015,0.06339376538022803,0.006767078263774412,-1.7521600853133483,7810.576671513873,1.0189754867940655,0.9736038859034613,248008157.28619564,2868651.7177406265,349919.94310026313,557752.2914634057,2.5146157144486794,0.0,-0.5001143669996241,-0.4422477085365943,-0.4970768571102641,1.0,90.0
0.7084786576210154,0.18669360723884892,0.09386690033466562,-2.0011607459106826,7814.408194770882,0.9929039340598229,1.0029441715687823,212815788.3813498,11066729.648709217,352671.45732184884,563213.4395034305,2.367085194167179,0.0,-0.4961836323973588,-0.4367865604965695,-0.5265829611665642,1.0,90.0
0.5617320799112758,0.7132572438944164,0.4482895924441409,-2.6367408459201918,7912.386489886395,1.049924438337384,0.9835518349039832,128472875.18283224,4060490.2762235664,352703.4051808751,549941.3851705213,2.322969444594591,0.0,-0.49613799259874986,-0.4500586148294787,-0.5354061110810818,-0.002404806624402767,1.286473909871237
0.42018489850702173,0.7982082439488296,0.2313285416140426,-1.5844253278430716,7852.373795672629,0.944107119295166,0.9482341739043807,274177186.0906283,8811093.428398525,435439.95965969213,708922.0423314323,2.114661183077178,0.0,-0.37794291477186837,-0.29107795766856764,-0.5770677633845643,-0.001296573141640456,4.08830034116351
0.3873450208696052,0.7811266601313864,0.6321724098278089,-2.5559262035719814,7821.196752439669,0.9910664854175869,1.0536873653539829,102510240.68970896,3165329.4970696885,385946.3076274548,573021.5354524219,2.4956213080207146,1.0,-0.44864813196077885,-0.42697846454757815,-0.5008757383958571,-0.003036099250691298,-4.864460402163431
0.09471559824311529,0.09081322205522438,0.33098450637130594,-2.0003521063575573,7720.559934937285,0.9522682945316392,1.0048479359681584,142253218.870485,3902298.368089848,420273.58093721466,612061.3384797127,2.8516907901173116,1.0,-0.3996091700896933,-0.3879386615202873,-0.4296618419765377,-0.0028832363592944206,-19.169054985186726
0.6109742275522408,0.41057081785425675,0.8197452846957335,-1.9222377197500422,7855.1647135436315,0.9425977602082923,1.0049931967779386,134778965.74483728,6363123.974892496,287957.86453164835,447195.76045712625,2.2896627101784888,1.0,-0.5886316220976452,-0.5528042395428738,-0.5420674579643022,-0.003534791417315406,-0.9936909919363366
0.7554516653494998,0.4215458776677193,0.3802243177745994,-2.09556088306691,7781.110204133731,1.0045563532793118,0.983858181474859,145624112.4730479,5543275.263741392,252387.708776558,411605.20380100474,2.0382399223213135,0.0,-0.6394461303192028,-0.5883947961989954,-0.5923520155357374,-0.0022442928672255892,5.141945607200416
0.5095457130470455,0.1644336388099828,0.5700131979730766,-2.1479430510615596,7854.97562211421,1.0388909135320505,1.0433592769261315,127127421.63389212,5854788.203575132,237253.31957404228,367972.7565866844,2.3265234536617747,1.0,-0.6610666863227967,-0.6320272434133156,-0.5346953092676451,-0.003360736999959627,-4.339839134303478
0.6397758011487636,0.3805419130872611,0.7982208545725971,-1.1019409721939541,7839.799008920591,0.9315256256332753,1.0151186936322067,147978228.4485663,2860996.437930082,209626.60889738592,327615.38203319936,2.134253445910518,1.0,-0.7005334158608773,-0.6723846179668007,-0.5731493108178964,-0.003485842403910961,-0.42969409881717624
0.6632205386586836,0.17268315124761538,0.7856163188466015,-1.711311396504624,7734.353168893211,1.0598064015653526,1.0074000209203515,100074375.9144662,5691327.709818278,184638.78617883896,291714.6466228419,2.2535886574878568,1.0,-0.7362303054588015,-0.708285353377158,-0.5492822685024287,-0.0036101920471024087,-0.8101840092446331
0.39325323884110586,0.19465092099185125,0.12159919586015097,-1.4061602897534158,7764.9711225336905,1.0881659401738062,1.0091704591923762,284539726.8871017,11606602.0135499,351617.0002724862,592916.328698737,2.330374233892949,0.0,-0.497689999610734,-0.40708367130126305,-0.5339251532214102,-0.0010202346323955897,2.5399257778624715
0.2266385669901728,0.732631704714798,0.14305837144654046,-2.1184841753615937,7934.496052407239,1.0830063283604736,0.9952500499418415,297675231.8912607,3061318.085679281,387990.49532300496,663244.5699797795,2.5387393899293005,0.0,-0.44572786382427865,-0.33675543002022046,-0.4922521220141399,-0.00039531449324905154,5.4857753599727666
0.3977011406523199,0.19344735825896267,0.05724706989248297,-2.384147558783465,7873.321026325459,0.9656302447580063,0.9670867162514926,205929162.45451286,5592463.353839222,378792.5791936084,594119.3830149857,2.42408135239463,0.0,-0.45886774400913083,-0.40588061698501426,-0.5151837295210739,1.0,90.0
0.038754445066211396,0.6950633319183056,0.47076467981613046,-1.4342282768483698,7822.704168639109,1.0551017798964475,0.9816756542074794,209299916.59965548,2721372.0624161875,367449.3661261498,511605.5402004595,3.2710496841821395,1.0,-0.4750723341055003,-0.48839445979954055,-0.3457900631635721,-0.0027783669246205637,-20.11934133749962
0.5112324360475073,0.6106346202221488,0.25237611600831034,-2.0478550729359015,7839.360372057239,0.9947867334144341,0.9549672911665203,210736249.05009902,14658120.807007805,382689.2917542621,621804.5052359476,2.0860790005651464,0.0,-0.45330101177962556,-0.37819549476405245,-0.5827841998869707,-0.0016446438419341642,3.6275633592130205
0.19252289800489106,0.140347831506633,0.3287865356805062,-2.083401035953589,7796.982014290604,1.047153500204686,0.965014159518454,147257038.20626828,4587242.751790611,304847.4219785342,453714.1791595371,2.809083544727193,1.0,-0.5645036828878083,-0.546285820840463,-0.43818329105456144,-0.002847277422569702,-13.857778833882257
0.8567430474797618,0.23460879011584385,0.5958286067573417,-1.8473190566221485,7781.8264048823685,0.9586831647910805,1.0057341090299918,139683884.12002334,9048844.329073688,235454.13764067728,384099.8565730227,1.9946682526797703,0.0,-0.6636369462276039,-0.6159001434269773,-0.6010663494640459,-0.0029295053764606892,4.326964169807351
0.2677967594208916,0.1612170882875203,0.39768864771464,-1.3456300762178062,7846.414035259919,0.9197008160470592,0.9663736885696359,220527605.69366762,5447010.083589701,337758.1359128436,506845.44098407245,2.5227938873757996,1.0,-0.5174883772673663,-0.49315455901592753,-0.4954412225248401,-0.003081270036647504,-11.368465646759155
0.8226309425915322,0.8392018140935894,0.5299565810713419,-0.9667413780746172,7789.049722870668,0.9881470727717082,0.9587999515984547,200018480.02982402,5004595.248431164,291827.0433611119,466153.4033740358,2.234939446202399,0.0,-0.5831042237698402,-0.5338465966259641,-0.5530121107595203,-0.002325732473116282,6.777030916363444
0.730362045015868,0.3247066747287739,0.5385645779002891,-1.6341919823439448,7859.740232190322,0.9923794993510567,1.0287885952025548,160811936.557729,2352281.089369499,243652.8793857445,389666.4768859267,2.059221437451889,0.0,-0.651924458020365,-0.6103335231140733,-0.5881557125096222,-0.002861139199181428,2.316080231640946
0.4574085721237681,0.7211228237035753,0.9975019129193952,-2.1908164822142258,7766.245820188443,0.9771831655513602,0.9676863726714655,89712814.7328637,3509489.2488788585,290880.92360699776,437588.27389294043,2.5151661388602577,1.0,-0.5844558234185746,-0.5624117261070595,-0.49696677222794844,-0.0036831254442032425,-3.182261616319341
0.5447715821552966,0.30492997187481924,0.9088538295428378,-1.6272867305531251,7894.665988563152,0.946396298277843,1.0032512044167698,119766497.04538791,1651293.3391707507,276683.01559120364,426119.45973620843,2.2823222065317186,1.0,-0.6047385491554234,-0.5738805402637915,-0.5435355586936563,-0.0038741518344086352,-3.198127155574465
0.7055785859361808,0.7793796103752116,0.25681417506948356,-1.8949638398149717,7857.793544473562,0.9675531821133619,1.0017664261747234,258199924.14307755,3758070.6566633014,303589.4467404875,514405.1970076962,1.9768878788648234,0.0,-0.5663007903707322,-0.4855948029923038,-0.6046224242270354,-0.0011628709867159536,11.101212843406344
0.8290531585712066,0.2871393669876333,0.7692287768928936,-2.1946712556602077,7805.6590566776185,1.109004125410701,0.934719377126336,84217784.73161393,3964874.8945961418,219286.3264788275,352775.8611308145,2.3183065949091874,0.0,-0.6867338193159607,-0.6472241388691855,-0.5363386810181625,-0.0032667962662710067,3.407739556915228
0.9409919108015312,0.7538472420873841,0.02184342852718687,-2.6564707666425784,7811.738773142106,1.0569250771684042,0.9667324741130214,128454569.87083974,3083804.479207422,520388.23006423935,811911.105636939,2.7152461149194504,0.0,-0.25658824276537234,-0.18808889436306095,-0.4569507770161099,1.0,90.0
0.766078634390579,0.1042001693310864,0.4936403569159251,-2.5846425406518403,7858.976409070444,1.012805757048025,0.9734127747539499,101473971.9574364,3776432.891471494,305311.2764941656,496584.68651795463,2.1101212523291526,0.0,-0.5638410335797635,-0.5034153134820454,-0.5779757495341695,-0.0028929916232288463,2.4737245862444617
0.7434379115518412,0.9856497463263901,0.8290703804327307,-1.5710929328492012,7842.061962337098,0.9204328418979615,1.097129918562596,172903754.08338326,2921082.272978093,229606.42587711944,355975.40163195995,2.0192155400004275,0.0,-0.6719908201755437,-0.64402459836804,-0.5961568919999145,-0.002921833806024416,4.777462461440116
0.844876328592725,0.9115941413099279,0.7545276614346891,-2.0077059913828834,7867.689315013147,1.0328653331200832,1.0031607118624324,144341950.94795072,8116556.758636785,305778.75884561095,481693.6473134332,2.25213554068432,0.0,-0.5631732016491272,-0.5183063526865668,-0.549572891863136,-0.002774254750007484,6.242207243342303
0.4037876125790272,0.15495934137992456,0.11385423908036613,-1.8103171785251662,7877.356906060467,0.9398842351432071,0.9611859703500484,299731284.2436758,9575029.047474591,414677.53181465383,704519.4341292868,2.2019552287128428,0.0,-0.40760352597906596,-0.2954805658707132,-0.5596089542574314,-0.0009489859462410569,3.205475595195331
0.8827220780516265,0.9159704647195878,0.4127490921024647,-1.8665235725918599,7865.76952936164,1.0036202266719456,1.097998466591359,210943115.28399283,2905557.603347118,247770.8567041767,405552.93857988145,1.8609819352905437,0.0,-0.6460416332797476,-0.5944470614201186,-0.6278036129418914,-0.0018046311790184343,10.287535353254665
0.9813467240702958,0.10558983983340377,0.02852540358848132,-2.7703043048845544,7872.192944483022,0.9711604163265742,0.9988603007392929,142157257.55706513,3640851.7530956217,454536.9025527787,735542.8843455119,2.4223952863145612,0.0,-0.3506615677817447,-0.2644571156544881,-0.5155209427370877,1.0,90.0
0.4627934970215188,0.7237057772037965,0.9028583675797441,-2.004375113662808,7847.196942405188,1.0249883232990389,1.0149583012857304,135093216.7537205,7562834.741955565,253554.48569437477,382037.1357769008,2.451919177409858,1.0,-0.6377793061508932,-0.6179628642230992,-0.5096161645180284,-0.0035490944444504444,-3.0550138383348724
0.9011182231740316,0.29918569902006786,0.3513638412158641,-2.5990169723291237,7845.6432325875085,1.0777277005412602,1.0115594476409582,119561127.24252647,4087415.89700811,332262.6498982115,557373.3210031675,1.8947335209353435,0.0,-0.5253390715739836,-0.44262667899683245,-0.6210532958129313,-0.0020925165008935783,8.132615849989861
0.20861616855956475,0.8846279406571734,0.6028114793962771,-1.0265806610723704,7795.060515374655,0.9834500938955684,0.9916466166128302,230121989.44674274,15095614.436830893,313708.60444449773,448976.10732796526,2.826855883536533,1.0,-0.5518448507935747,-0.5510238926720347,-0.4346288232926934,-0.0030002569302786455,-10.728507750287726
0.886149664324533,0.7071256826195859,0.8744172938667831,-2.2534811738864047,7873.12872780846,1.047567466117018,0.9909115535187991,113973514.32140909,5569579.39441225,207110.27145053574,330863.33365933195,2.1827276841823045,0.0,-0.7041281836420918,-0.669136666340668,-0.5634544631635391,-0.00308115710984107,6.160697175532285
0.2542080487678181,0.8829334699097173,0.9755676810748574,-1.6841704313873944,7954.844023771953,1.0028924775155235,1.0639008600414261,144889078.63754913,1772235.6519011876,343891.3811398511,492302.1089978446,2.737697597334467,1.0,-0.5087265983716412,-0.5076978910021553,-0.4524604805331066,-0.003718671635856425,-9.492024813694432
0.5877097783310401,0.2846798378110513,0.08256800803166356,-2.1796897001410267,7791.831248488858,1.0293048885793752,1.0012163857481133,168225890.11359382,4897663.241658357,333603.5856386829,525750.4930219791,2.3901476458779753,0.0,-0.5234234490875959,-0.4742495069780209,-0.521970470824405,1.0,90.0
0.0349121743251852,0.13719592508066092,0.45844342745973404,-1.3866998707357425,7889.910606233845,0.9584263816054803,0.9914548131044977,218434298.8590605,3284060.4580534096,384635.0933889442,540051.4690352873,3.0621120288456427,1.0,-0.45052129515865114,-0.4599485309647127,-0.38757759423087146,-0.0033340464340033413,-24.163961627750922
0.06446831730814477,0.17344991113690167,0.9042800396177065,-1.6361892042009594,7745.76946987882,1.1569297978064546,1.0740207384597236,110275357.85429123,5247648.2618037565,264991.1476572251,366612.69045285083,3.337755808241736,1.0,-0.6214412176325356,-0.6333873095471491,-0.33244883835165284,-0.004754910015461844,-23.768975617262043
0.9624461379242885,0.5343096111361473,0.6990258406110731,-2.0636180282089382,7783.209622399027,1.051748346173373,1.0003982057129959,108783641.48563305,5041434.827444755,207535.10566325503,336180.5871409475,2.095453661107075,0.0,-0.7035212776239214,-0.6638194128590524,-0.580909267778585,-0.0028322474222702027,6.906823468568819
0.9256372414749652,0.03050830572874655,0.2717506249942445,-2.0033803219576574,7887.284937456472,0.9738287571381621,0.9664873650474759,202396244.13604853,2069076.8137391603,249529.46154482936,428720.50945403153,1.7400745837634135,0.0,-0.6435293406502438,-0.5712794905459685,-0.6519850832473173,-0.0018945142075055313,8.806021363107067
0.34836105481334506,0.054611203643187424,0.5179904373649895,-1.2214890729932701,7863.01754781803,0.9883276405077295,0.9772290115166049,166112839.5025073,2791413.3009542986,262443.11397691944,397051.0038175588,2.5326135698838668,1.0,-0.625081265747258,-0.6029489961824412,-0.49347728602322666,-0.0035382061641123664,-9.91732120115875
0.696270909509783,0.4718619533450292,0.731465212293447,-1.859114587619871,7833.341814348991,0.8948484022939016,1.0128702222448724,147500164.03371674,3527815.720979606,289954.1434443027,455495.15235094016,2.0459986480897463,0.0,-0.5857797950795676,-0.5445048476490598,-0.5908002703820507,-0.0032132619327351624,1.380790113447702
0.37931662729472143,0.16985119765052442,0.610246754753243,-1.7728550320648166,7836.858579577686,0.9251161119855378,0.8594790651438712,152917058.90219727,1773037.8637486773,316171.45710226154,476493.31383171375,2.718384343224691,1.0,-0.5483264898539121,-0.5235066861682862,-0.45632313135506186,-0.00363907585706878,-8.658795647700959
0.8912453349916806,0.9463861941436016,0.6238011500907714,-2.2562264779100563,7858.538856776734,1.0305547400905506,1.0390458732647578,139488414.57717708,5965832.036248812,246308.82661528126,391958.73689732025,2.133907151192404,0.0,-0.6481302476924553,-0.6080412631026797,-0.5732185697615192,-0.002438999176904215,7.67217197955512
0.9071543128162498,0.7511767267478909,0.2440160384626595,-2.549568174567313,7853.711353250539,0.88195966832964,0.9787111388016518,212734077.99310693,6752867.4987214375,368172.60561049636,652561.7627935362,2.112584077356595,0.0,-0.47403913484214805,-0.34743823720646383,-0.577483184528681,-0.0006637188084078873,17.890093909286698
0.38712022311895156,0.04925474979097894,0.5587231754691843,-2.143180476140378,7880.26390205267,0.9903454000577124,1.0794663082903453,144876393.22405165,7587880.943377973,269653.09005039895,409910.6081804029,2.3620704645761355,1.0,-0.6147812999280015,-0.5900893918195971,-0.5275859070847729,-0.0036167666326147804,-8.800592082117298
0.8045610996687258,0.09884220101818564,0.9448941175459025,-2.6149396416913224,7741.872076343647,1.0343365684729846,1.0247494431592108,52742685.05660849,2455127.969512039,278801.4951752815,450738.2301247133,2.9957190046713094,0.0,-0.6017121497495979,-0.5492617698752867,-0.4008561990657381,-0.0036916575373253163,2.147866506976314
0.795521563131522,0.5954844302044184,0.0845464646572005,-1.8337433417475788,7788.22087457445,1.0441836562793139,1.0322235829048956,210332176.68310535,8427760.575098142,392536.7176596046,615072.1656901551,2.5016829932035076,0.0,-0.43923326048627914,-0.3849278343098449,-0.4996634013592985,1.0,90.0
0.16397513107833603,0.13637951132229165,0.025703413288717593,-0.6942682267155358,7937.336031568653,1.0296643094608346,0.9401263928588596,309592795.51447654,3789157.3824060936,459071.8848535349,705113.8341916061,2.77861373965333,0.0,-0.34418302163780723,-0.29488616580839383,-0.444277252069334,1.0,90.0
0.40917558837452594,0.18079332436556794,0.39526065185831727,-2.8158891983091587,7796.833210395126,1.0446283588812784,1.0328909189595779,89156465.34191695,2563984.0834589754,458117.2142694612,707288.2189633037,2.862651539252884,1.0,-0.34554683675791253,-0.29271178103669626,-0.42746969214942315,-0.0029248672858686754,-6.008817042498656
0.23966832672237812,0.9583143565662706,0.28732709271074364,-2.940044617998108,7775.957491555319,0.9660446687318818,0.9761527316757582,119006265.21287194,2517917.5781933754,639627.0912636297,982472.335219023,3.105002963036491,1.0,-0.08624701248052896,-0.017527664780976948,-0.3789994073927018,-0.0016889338191681184,-3.315065394190018
0.5387927296377871,0.957094547013977,0.5543613040306681,-0.8766102665706654,7870.574064289958,1.0351248187966964,1.0218249612774515,201192472.417039,4891998.530886606,321547.7660003217,491536.4682580507,2.4539854156235257,0.0,-0.540646048570969,-0.5084635317419494,-0.5092029168752948,-0.002516049563005121,1.0980259405911355
0.6012261157339913,0.49173392910827574,0.1576983142035738,-1.632104322269245,7941.978306238452,1.0787172061216905,1.0340007550015615,280101614.1146347,4589829.558602628,360919.0892285552,640441.4422071573,2.283767017659145,0.0,-0.484401301102064,-0.35955855779284274,-0.543246596468171,-0.00040599762521877146,13.98288403404014
0.5102651287253936,0.31664301731563094,0.2210483752191657,-2.6158037313706397,7888.595962939827,0.8888496154196761,0.9395683754948476,185232876.40678596,5260232.590308405,393781.92401887063,641314.7321035306,1.8789914108062926,0.0,-0.43745439425875626,-0.35868526789646943,-0.6242017178387415,-0.0017907034105112424,1.7802773425774383
0.6756739933061401,0.7673649847632945,0.3889361895312931,-2.322400384269315,7838.705473887846,0.9673077546340603,1.0166061706132208,162984759.35517362,5641757.897519118,297237.9653698044,476384.2897612101,1.9960550454762165,0.0,-0.5753743351859937,-0.5236157102387899,-0.6007889909047567,-0.00201968993266783,5.468696519465233
0.634876192707696,0.4083732084790245,0.6356708106617709,-2.1293383966333623,7751.995420924521,0.9808872313905064,1.0531335962321182,102187292.54363419,4046929.047471029,269308.3971824586,421063.8420380717,2.172027967255674,1.0,-0.6152737183107734,-0.5789361579619283,-0.5655944065488652,-0.0031339981347534686,-0.07147494835180623
0.7466783023169424,0.15172327809323238,0.6246708375420384,-2.2366671395802014,7795.425355169336,1.025467089138742,1.0602427021666392,98065363.29651976,4281287.824482938,237500.01675283175,381252.5400007598,2.0020339190529253,0.0,-0.6607142617816689,-0.6187474599992402,-0.599593216189415,-0.003190037383979402,1.4898645581405034
0.3402603602559347,0.5973890883633223,0.7709487704788464,-1.5310203788178396,7875.074692010769,1.0734132635168423,1.0419393748330916,137127404.01033187,1728119.7876480676,297251.8008897697,437020.8040307151,2.740513044468495,1.0,-0.5753545701574718,-0.562979195969285,-0.451897391106301,-0.0036068348216247797,-7.934013176079958
0.9474521978254361,0.0914518561304838,0.45774284900654927,-2.503965186438281,7841.283516506501,1.0222596513818722,0.9603715563273867,108274987.91757579,4211477.118353904,286019.41633978224,479273.44909142365,1.9113671486387995,0.0,-0.591400833800311,-0.5207265509085763,-0.6177265702722401,-0.0025970663612124214,6.608793443744457
0.5831138424665722,0.8553736089914464,0.678447121404881,-2.060693564403308,7854.126139841445,0.9433487295673113,0.970826250923741,163443228.78099513,9762180.769773386,288364.1074282135,441170.79832211294,2.351415516526358,0.0,-0.5880512751025521,-0.558829201677887,-0.5297168966947284,-0.002885062370182074,0.8343588874283157
0.2881443689773862,0.497881720221307,0.9950072557333561,-2.2416783815620276,7762.365034986907,0.9548148271977301,0.9859996543360671,84701134.01788963,3179536.630375373,319905.3069994223,468635.8782089978,2.592109995213384,1.0,-0.5429924185722538,-0.5313641217910022,-0.4815780009573232,-0.004177896028054479,-10.12223733837165
0.01508142228811849,0.9744826940263278,0.11250794780138565,-2.1787450617963113,7839.470248219322,1.0378916844749837,0.9932197843010759,240092518.80634475,5578614.865732066,502166.428196567,717181.2473892953,3.0698600956919067,0.0,-0.28261938829061856,-0.28281875261070477,-0.38602798086161866,1.0,90.0
0.45135655396791846,0.6062207752079051,0.5870233210700156,-1.9973920516517372,7897.334766052618,1.0607804392881592,0.941954482188905,157312017.64530376,2218856.223352451,330599.6517472266,500317.8968061941,2.6577073043379977,1.0,-0.5277147832182477,-0.4996821031938059,-0.46845853913240043,-0.0030305637189663084,-3.7226627735446094
0.505618103169192,0.46610299755094337,0.2995487798763087,-2.01532872554141,7756.737380964453,1.0683545756536867,0.9075981798706523,143446930.87274504,4796219.775980221,287110.535511123,457189.9455628084,2.362609144895523,0.0,-0.5898420921269671,-0.5428100544371915,-0.5274781710208953,-0.002135584402530322,0.6593735707500628
0.002581070311874604,0.08119275470707711,0.3967391118888681,-2.4761451143174327,7790.188557798958,1.0130170759524326,1.0820091355328707,122283628.45138517,2924152.1109370315,535547.7965496063,752046.7748662448,2.963653985508424,1.0,-0.2349317192148482,-0.24795322513375526,-0.4072692028983152,-0.0030525581431277227,-25.959329046797485
0.4789615447467991,0.07293968380634433,0.3598913386478804,-2.3492711543948093,7800.792841880811,0.9763080266191992,1.0374623487159298,123760260.33880681,4064095.3592147324,326016.63531133416,512887.9773070302,2.1903554246558476,1.0,-0.5342619495552369,-0.4871120226929698,-0.5619289150688305,-0.0028321604374408485,-4.0199832158170885
0.5252419900821225,0.39118886936965114,0.10044970199757836,-2.0735248393030457,7836.546420533528,1.068994486421742,1.039481405961894,214623511.34829992,9637644.660708237,372327.6615561445,582406.6154049946,2.5057426345965834,0.0,-0.4681033406340793,-0.41759338459500545,-0.49885147308068334,1.0,90.0
0.22562739552557,0.42841837621242546,0.4942149839368976,-2.1608276031836464,7787.22517354654,0.9650862256540678,1.124216969164193,134175386.91929312,4273308.675232801,318956.0081629795,465389.5836374939,2.4811077240159856,1.0,-0.5443485597671721,-0.5346104163625061,-0.5037784551968029,-0.0031568375878012066,-12.360267699410628
0.815712468331588,0.3149904479874928,0.8333654083249856,-2.0416261547701082,7918.717845637808,0.9364882943122393,0.959794595379454,125924261.92241815,2724357.035546786,274214.83847522136,440186.3742343942,2.174175663678848,0.0,-0.6082645164639695,-0.5598136257656058,-0.5651648672642304,-0.003368742017276746,3.200090745892364
0.9559718457131318,0.9169087737337692,0.26217586451700486,-2.4416588967977964,7808.614562498655,0.9279211739799699,0.9990584436245745,199863830.16587836,6040218.995948442,362784.51012951654,648016.0503217378,2.3375986855232234,0.0,-0.4817364141006907,-0.35198394967826224,-0.5324802628953553,1.0,90.0
0.9152132546067728,0.49609299598958856,0.961251438866466,-1.3767014159259505,7872.305440247666,1.05141530887648,1.002223043258037,114628870.11884928,1706530.2917192106,235942.64563737807,381399.4556964286,2.057906063721852,0.0,-0.6629390776608884,-0.6186005443035714,-0.5884187872556297,-0.003304055500407842,6.074336568639779
0.442127482538235,0.31387152630612625,0.5730491183773585,-2.306336606457746,7855.457306515111,0.8787163204956374,1.0183381210103544,137722312.3226372,5128047.585469555,272685.0268891236,414641.6379436031,2.198661447379747,1.0,-0.6104499615869663,-0.5853583620563969,-0.5602677105240506,-0.0033020899445953536,-5.6055517556435
0.6284029745777234,0.3869517799846044,0.9349102541721542,-2.010091469582171,7790.392852365848,1.0460259073840414,1.0564696669892173,96019452.22689094,4902558.006468313,184842.3622823328,288012.7239158944,2.1682836538923795,1.0,-0.7359394824538102,-0.7119872760841056,-0.5663432692215241,-0.0037082522341927325,-0.5226775791279117
0.43063969365976734,0.03612345440823553,0.4083157258789593,-1.680192563402943,7853.643478997574,0.9423279586441075,0.9929278772921861,180027774.76652884,2316318.100298046,266236.74076702003,412763.13489354705,2.238247614160534,1.0,-0.6196617989042571,-0.587236865106453,-0.5523504771678932,-0.0031073707616210595,-6.3115542650385095
0.01138767237463806,0.24922068324044264,0.8217037891184553,-2.651483072884725,7920.235874371667,1.061521085551401,0.9288295288741374,95633749.85160899,2738144.9659253983,430652.5213724797,582866.8471376119,3.6270114188138143,1.0,-0.384782112325029,-0.41713315286238806,-0.27459771623723717,-0.004439694576065347,-26.930647696262717
0.1193630158400044,0.2282435473708929,0.6269952414838695,-2.223280636122154,7833.707378991935,0.9777317173078922,0.9918095634924428,120222091.26552558,3857901.6055988637,322300.2652863292,454580.1446290343,3.1446814857431584,1.0,-0.5395710495909583,-0.5454198553709658,-0.3710637028513683,-0.0038928908639288234,-19.682951021912455
0.7650198139440872,0.8247232761796549,0.4999948514818958,-1.884882592208248,7832.659152405163,0.9614682911857024,1.0489333656214341,179770597.90357453,1869885.9023513221,304976.20929262764,485735.7045702369,2.0640958673678207,0.0,-0.564319701010532,-0.514264295429763,-0.5871808265264359,-0.0022938153084149718,5.939429199754027
0.45200631031164756,0.5623527502033941,0.03411883245684102,-1.290699805171811,7834.025505857794,1.0702888843806155,0.976478065231076,277353521.5450545,3630656.342415636,356848.1829384196,550774.0695801915,2.773302633657327,0.0,-0.49021688151654347,-0.44922593041980846,-0.44533947326853457,1.0,90.0
0.02834443538651757,0.8541153772919196,0.3286010411020492,-1.9906605047074444,7784.326230977065,0.9517382024626316,0.9321835883552567,206669112.16514498,5493576.67111022,420360.59324503574,605610.0424556531,2.7745254568132314,1.0,-0.3994848667928061,-0.3943899575443469,-0.44509490863735374,-0.001954478772068372,-16.514231085669017
0.8050495461789495,0.2808199305189165,0.1680024176776356,-2.578776137192886,7846.562346959912,0.9562638347160501,1.0202482576727967,203474411.86369056,6216554.837268929,377672.1832718261,680808.3904969713,2.101104144173353,0.0,-0.46046830961167695,-0.31919160950302866,-0.5797791711653294,-0.00045239991416224675,16.167330764451837
0.8603245456677446,0.17595044980176644,0.138834974477687,-1.487529680849098,7829.429527907807,0.9248219448551802,0.9967594910703504,233638427.6720543,12240726.141216855,382346.4754059784,614661.733562341,2.151939592289343,0.0,-0.4537907494200309,-0.38533826643765906,-0.5696120815421314,1.0,90.0
0.712234483430291,0.30990022605787365,0.0905269187188485,-1.9929250793668345,7891.420641547928,1.0758586383306725,0.9907616631039329,214706272.38601345,2027465.3413757274,309781.89312598243,490871.67763198784,2.504032101800983,0.0,-0.5574544383914537,-0.5091283223680122,-0.49919357963980343,1.0,90.0
0.9276653944396613,0.5272225294040223,0.040055655752264906,-1.838901843745153,7791.126526258487,0.939317624294759,1.0364167779037194,233353808.23324582,2399908.28155093,377158.6994755654,595961.1469152092,2.3677544359601668,0.0,-0.4612018578920494,-0.40403885308479076,-0.5264491128079667,1.0,90.0
0.38133948645912036,0.9808317348199577,0.06810400515109177,-1.8228338953420424,7858.799872529363,0.8809653052978199,1.0529438843101724,320008705.0829605,5837543.438568666,450918.44371036673,676084.0759527587,2.401419093487652,0.0,-0.3558307946994761,-0.32391592404724134,-0.5197161813024695,1.0,90.0
0.9077791869185855,0.8785955463770709,0.564847320922848,-2.1456278903961077,7756.965094269667,0.9430466327240641,0.9913298953148677,125123838.73575978,4584034.4196113255,276690.33385393565,443387.2188033433,1.9851978199758975,0.0,-0.6047280944943777,-0.5566127811966567,-0.6029604360048205,-0.0023292176888095343,8.11731480460772
0.2234706832558854,0.40487014657687914,0.03654863237322703,-1.7199745442677294,7799.3026670333375,1.1034789406677283,1.0162041119564333,260273621.59515023,2523056.675207206,391551.08019857085,597131.1244616859,2.8371455491523507,0.0,-0.44064131400204165,-0.40286887553831413,-0.4325708901695299,1.0,90.0
0.6526488729256458,0.6816302954265095,0.5692333862024204,-2.534054594601434,7844.464063211048,0.9828408576381469,1.0742380278989923,114864214.22896649,3921511.915941086,327309.9333226562,510652.48201982764,2.109799929370244,0.0,-0.532414380967634,-0.48934751798017234,-0.5780400141259512,-0.0027101359652808446,2.0868089520292123
0.593803537878614,0.6010157295836076,0.13516606374725534,-1.9674964447172067,7781.404437223127,1.0430685825510877,1.0659361641559972,192498795.60302037,6804632.400975669,343100.7236971272,532780.7802754228,2.406104851742491,0.0,-0.509856109004104,-0.46721921972457714,-0.5187790296515018,1.0,90.0
0.4240447873422849,0.72978572717473,0.15029269314605873,-2.486099153814418,7743.385977088904,0.9563733108056738,0.9334859248629639,150098863.1168876,3437036.529153886,528973.5586187149,902647.481615403,2.6378763389244115,0.0,-0.2443234876875501,-0.09735251838459703,-0.4724247322151177,1.0,90.0
0.37401800748977765,0.7155527381884701,0.8104094904126183,-0.2304885062543618,7800.291447361211,1.000900908103936,1.0005210449781359,180242334.5208991,6399934.909891401,304755.7636924365,450595.87551257864,2.5989205785623826,1.0,-0.5646346232965193,-0.5494041244874214,-0.4802158842875235,-0.0035124176857800893,-6.025432520443786
0.788164637091274,0.7532043045838008,0.31059734850555815,-2.582197493310324,7746.6959062139385,1.03179038414291,0.9578574033097257,111067156.93769239,3095825.854467594,447155.8962879588,745797.0367866289,2.172380895004474,0.0,-0.3612058624457732,-0.2542029632133711,-0.5655238209991051,-0.001555811735067927,10.110170614975967
0.293974147266915,0.4248881274895707,0.19422800794761436,-2.0931708969758973,7796.582175706017,0.9716284345104004,1.009728978505591,210693405.932499,6538541.8581579495,358242.4702541624,569140.713462587,2.1025440629577714,1.0,-0.48822504249405374,-0.430859286537413,-0.5794911874084457,-0.001659896025265594,-3.5207551241669215
0.8342193605674668,0.27088440230306127,0.25561148168908904,-0.48424302275444364,7927.030351077104,1.112514646315085,1.0398012381129196,226944413.55641386,3752798.656756087,294390.26698272844,500801.09366155585,1.9938145503871973,0.0,-0.5794424757389594,-0.49919890633844416,-0.6012370899225605,-0.0016369243210265598,8.994183634021233
0.18737216284579078,0.08169344136810351,0.6759177831790703,-2.4253702562934754,7835.125371160338,1.129806853952077,0.8970326339506923,83031626.88406143,2855369.595446664,358809.45474009967,516610.6601108139,3.272734153795717,1.0,-0.48741506465700046,-0.4833893398891861,-0.3454531692408566,-0.004176912972092663,-17.239336870782175
0.3691666704950573,0.3763944205693999,0.7849251197821909,-1.2466500693382194,7928.048026792332,0.9266547869958244,0.9904903396469827,149194068.88110405,2132917.409950057,266728.6316345446,396178.6149560989,2.3986884372417636,1.0,-0.6189590976649363,-0.6038213850439011,-0.5202623125516472,-0.0038458699886234527,-8.26825143788486
0.2930948424748371,0.5383761933948232,0.23580427773432716,-2.075835241921789,7750.048926508737,0.8973370795008309,1.0054516232847397,189118960.81335634,5255222.372068381,345349.0788340213,538655.8980861974,2.0087051341088653,1.0,-0.5066441730942552,-0.46134410191380254,-0.598258973178227,-0.0018590669427191657,-4.037408677902043
0.710181511039456,0.9947699105633128,0.6597741442579571,-1.0491702150559084,7780.254610479732,1.0072840984316895,1.0067610812424657,195521386.65960371,9374470.073538577,267397.80116956297,414911.17617483885,2.3324799006170545,0.0,-0.6180031411863386,-0.5850888238251613,-0.5335040198765891,-0.002615303076834783,4.444862711608039
0.7494664331219577,0.3678686101598279,0.08268338188315832,-1.76772877902,7838.60995398812,1.0333204178958786,0.9424732616690082,226845814.35392836,3066980.8783419025,325489.56190947944,515970.6614016606,2.5082280202478757,0.0,-0.5350149115578865,-0.4840293385983394,-0.49835439595042486,1.0,90.0
0.5824292314264953,0.5568923962718426,0.15693185960682607,-1.9514508234141306,7852.860164192196,0.9973752449903324,1.0009654023636985,289390620.32831,3624521.238043067,331830.7176927969,596107.0380541857,2.4674225988919547,0.0,-0.5259561175817187,-0.4038929619458143,-0.5065154802216091,1.0,90.0
0.5519452310513437,0.8049427772716876,0.9006355835517404,-1.0996050948630414,7922.394274971771,1.057365685602272,0.9705442066198035,142661592.351186,2199595.323491451,241074.4256784129,366716.4422676326,2.4346705035254965,1.0,-0.655607963316553,-0.6332835577323674,-0.5130658992949007,-0.0033627810961323755,-0.22246294805740519
0.987676279948088,0.45564187446772975,0.2813653349259506,-2.475471458170496,7826.783544359874,0.9559656705046322,0.9483973326790386,165101368.68626326,5397966.883922103,335886.315494898,580647.7882585976,1.9224672942331296,0.0,-0.52016240643586,-0.4193522117414024,-0.6155065411533741,-0.001397617397187612,13.085060513727292
0.283211910836408,0.8866342702432016,0.41424867210080335,-2.148957767772879,7732.947222541268,0.9885409433453651,0.9977263971919024,129662733.49757092,3697534.270456306,410473.5251077851,611982.9608449555,2.563104533658362,1.0,-0.41360924984602127,-0.3880170391550445,-0.4873790932683276,-0.0023238655555826654,-5.627629887807245
0.3551266949450761,0.3829664822069426,0.5218296627796519,-2.1681772621600097,7810.978402229193,1.0294029594382446,0.9627739441089822,119949742.51506972,4228426.889735377,282943.9033048984,423997.17409014236,2.677600582375963,1.0,-0.5957944238501451,-0.5760028259098576,-0.4644798835248074,-0.003180225913212373,-7.780044882920148
0.1962064302156812,0.8359161194315403,0.16032540871640952,-2.274439543864637,7754.939402561427,1.0233757128350531,0.9727377483782842,189398367.16053078,4231561.606892032,481772.04488813167,806605.851789196,2.6053501047269467,0.0,-0.31175422158838334,-0.19339414821080397,-0.47892997905461065,-0.0005284799334810757,3.4656132845829504
0.4048189719442535,0.054738501830757826,0.01978143201642559,-1.1755653593320503,7775.37595359707,1.0483013417443903,1.0133210376498203,282672815.6785587,3449482.093544453,353415.67908768175,558817.7267600992,2.5238582252341253,0.0,-0.4951204584461689,-0.44118227323990084,-0.49522835495317497,1.0,90.0
0.0736341991217913,0.2853645770099433,0.6999077030007764,-1.5663225551886164,7847.751752637787,0.9889819339618634,1.100397275578462,161108060.12034595,1740292.9826486604,342595.95451367175,474548.17123422987,3.101090875573608,1.0,-0.5105772078376117,-0.5254518287657702,-0.3797818248852784,-0.004061071471779458,-22.26834551832438
0.21411319053890046,0.7455115069928379,0.30668931098078783,-1.621528334766661,7779.183209206818,1.0749836689865209,1.0383681109330725,222208049.87424192,2093312.5758157978,318623.93922189955,480076.36780398886,2.5074140458489294,1.0,-0.5448229439687149,-0.5199236321960111,-0.4985171908302141,-0.002020821447321853,-7.3759477963408635
0.6083409683405213,0.7483631541388959,0.518969776668976,-1.8076728617769078,7802.854882834684,1.023206295398141,0.9209026335495326,166083377.56510782,9128597.7269443,325882.4786172261,507663.4121445746,2.4413095806012595,0.0,-0.5344536019753913,-0.4923365878554254,-0.5117380838797481,-0.0025510256673725086,1.848766079080935
0.5070925388441835,0.5966277913159278,0.5756209377974819,-1.978011170245187,7783.53468745143,0.9960953705467397,1.0902344885688446,139460037.62865242,5821658.360664463,247965.02987146936,379775.7866575036,2.243323868181592,1.0,-0.6457642430407581,-0.6202242133424964,-0.5513352263636816,-0.002951031738285985,-2.100660716570136
0.43507343125180276,0.2389964522112584,0.9495336323902288,-1.0645142012266886,7873.752286769118,1.0585066290303762,0.9339001495570235,103882172.71571068,1784640.467211172,266730.69515600585,403662.6058409236,2.671009126438796,1.0,-0.6189561497771345,-0.5963373941590764,-0.4657981747122408,-0.004187157728849703,-6.760056711134844
0.6724041212176066,0.7405585875691052,0.40611282672945065,-2.1827006191076763,7750.315005561593,1.0355552980135025,0.9576499644272424,121463150.84981327,3996585.8269090457,333017.54984885553,532301.8510433307,2.3065273761637144,0.0,-0.5242606430730635,-0.4676981489566693,-0.5386945247672571,-0.002122137135954831,4.856071785735438
0.9980371947429053,0.7571768104515681,0.7275927842002214,-1.5105153160018125,7862.043354569731,0.9754222276951321,1.001744586761816,159465760.21084964,2910298.6251471196,224245.07381835577,360617.952283168,2.0499267197566606,0.0,-0.679649894545206,-0.639382047716832,-0.5900146560486679,-0.0027157923190230006,8.153703900530807
0.555748429364915,0.5121987443520999,0.87196355131158,-2.168736116248542,7840.258631785065,0.9758201276205969,0.935045734936004,108367907.98392077,4800283.652931899,218980.0511505677,335616.91841562436,2.353287701956663,1.0,-0.687171355499189,-0.6643830815843755,-0.5293424596086674,-0.0035987862573216545,-1.822376472944498
0.23072039769728947,0.6794302611011546,0.6505741945846636,-2.8562399828052496,7793.570587416385,1.027346978134246,0.956442377921047,82457265.63007401,2282745.75726563,503080.15272498527,723687.0780163171,3.6026896494368117,1.0,-0.28131406753573535,-0.2763129219836829,-0.2794620701126377,-0.0033463794706747596,-11.430433964305255
0.7735726287753475,0.042446265072902084,0.3525266474847113,-1.5607231143109521,7814.78846265336,1.0048791901038925,1.0114123722650514,185679604.28289312,3372424.3253889997,232747.9697835594,386274.8776035696,1.9616104661227365,0.0,-0.6675029003092008,-0.6137251223964305,-0.6076779067754527,-0.0024671651283801606,3.819211965929174
0.07943500852478488,0.1014980005062371,0.13761521517891556,-1.633220317307604,7836.254684365803,1.0436726689689426,0.9801093549356565,296836053.93998617,5276542.351217333,442838.61815402005,690754.5034336684,2.5065438010083017,1.0,-0.3673734026371142,-0.3092454965663316,-0.4986912397983397,-0.0014994200242988997,-13.606580903213022
0.9029197108297192,0.8427535199069071,0.08110574132549664,-1.7895026169334713,7893.029239833392,1.0182884869322464,0.9928549019042849,250417572.1713872,5027455.7532116175,376662.1442653633,584594.8544974427,2.5522528753574187,0.0,-0.46191122247805244,-0.4154051455025573,-0.4895494249285163,1.0,90.0
0.4043379995620216,0.5438470810684767,0.5250312650445398,-1.1250269311105623,7863.744943493516,0.9107098847676033,0.8904170218065334,209357404.69967726,11369277.77140408,352344.8540327772,532152.6902555391,2.5184033096939418,1.0,-0.496650208524604,-0.46784730974446087,-0.49631933806121165,-0.002967819172581001,-5.146809802149928
0.8798860517538942,0.12510292792352967,0.9629045320429859,-2.0409573454952925,7916.644380225589,0.9849330852068734,1.02949848365106,103386861.0447401,5006844.879718748,246685.7825227829,403024.1449326386,2.700837860346652,0.0,-0.6475917392531673,-0.5969758550673614,-0.4598324279306696,-0.003582451306204092,3.873158208635182
0.3464822088138757,0.6975647585459768,0.23280191584220755,-1.5597580979025392,7813.9891144430285,0.9831020503043723,0.9690828310744516,276178039.1141501,7285333.852306169,378699.97253292537,603249.3659789813,2.174148113492088,1.0,-0.45900003923867805,-0.39675063402101873,-0.5651703773015824,-0.001553198346114087,-0.029854303630841628
0.33424694501496816,0.022353808973533434,0.2550728432696581,-2.232230067016216,7801.758779336887,0.9702354385777685,1.0062222888246577,154802357.318637,4695073.453597233,330671.7922850671,514936.8860566781,2.2145932224084683,1.0,-0.527611725307047,-0.4850631139433219,-0.5570813555183063,-0.002561800063161329,-7.5452116408154595
0.3026184198072045,0.19148917636948568,0.46402969627932855,-2.0316409755301716,7825.983068112846,1.1134527541546826,1.0275222089979315,136281599.9178942,5489836.190863302,275990.99235556275,414088.9433572959,2.659927723777156,1.0,-0.6057271537777675,-0.5859110566427042,-0.46801445524456875,-0.003257958227519133,-10.442694037891869
0.201839180863043,0.6495357875106181,0.7635981556994919,-2.198845410786435,7773.605571640538,1.0106284963017256,1.03265940903278,102481283.91106918,3412086.6121458393,349838.64870104805,498193.79065073846,2.8822496184720032,1.0,-0.5002305018556457,-0.5018062093492616,-0.4235500763055994,-0.003687785053732703,-13.158339190711892
0.24279150546857847,0.018211332460745654,0.6338692832889715,-1.6244721074175474,7811.657077336334,0.9227748725847623,0.9659445036284098,152027452.30809084,1589055.6068944123,316564.1067302807,463987.85521089646,2.776524288667482,1.0,-0.5477655618138847,-0.5360121447891035,-0.4446951422665036,-0.004065676488024271,-14.917805813810478
0.3899100548171891,0.9657754587639094,0.055875914433687855,-2.307497618418742,7845.431093224596,1.0256232078376741,0.986265217112646,198056593.96618968,4949045.577123324,388202.9928134058,583409.6410528629,2.7536667582429435,0.0,-0.4454242959808488,-0.41659035894713714,-0.4492666483514113,1.0,90.0
0.7375984158379848,0.6686080896498486,0.6162164782790004,-1.5880935924434865,7826.478965439337,1.0808745937090438,1.0454837815103302,150446007.9817869,1922957.4263504646,244973.55850967,385709.2893756899,2.2174786711806553,0.0,-0.6500377735576144,-0.6142907106243101,-0.5565042657638689,-0.0027599306087740714,3.575908184675569
0.2954764400545163,0.5579724353417825,0.5674085243000893,-2.1726812056281535,7850.023952885378,0.9825403589430493,0.9531056743111705,140945926.4083389,5047208.800694005,282610.51298271323,416363.1462956119,2.641663528415468,1.0,-0.5962706957389811,-0.583636853704388,-0.47166729431690635,-0.00318699857232388,-9.186576424478655
0.7801197954696582,0.7499715510257464,0.93696825867127,-1.5866384291463493,7749.732409348161,1.0436051176070458,1.0023026432744473,141220643.28416783,17375594.98707917,208311.36383333904,328512.5096039056,2.2277432537265156,0.0,-0.7024123373809442,-0.6714874903960943,-0.5544513492546969,-0.0032285709375646883,4.594154334128984
0.16864820082809445,0.8123487671174333,0.9072792862289164,-1.6624109249282153,7842.631533662541,1.0611755431972985,0.9893876889158304,148720661.2156248,1641084.4247898622,343868.38062911545,484036.4527082793,3.0627664078019734,1.0,-0.5087594562441208,-0.5159635472917207,-0.3874467184396053,-0.003796776203136805,-13.644993745687952
0.949616083187791,0.5319486055303263,0.22060721249088439,-2.17205533649953,7837.507282129623,1.032513878170515,0.9711460208475532,206724743.05937016,14100864.366020316,365143.3101775761,659353.2135163819,2.2645786458252357,0.0,-0.4783666997463199,-0.34064678648361807,-0.5470842708349528,-0.0005565976024430909,18.481988094571186
0.5620194896591926,0.828127571216818,0.2688849028951315,-1.2035107485329888,7782.019201760307,1.054334600710893,1.0145461295358895,257302539.9970226,3786977.557798653,304387.8641400387,499308.63086737087,2.0039444392340346,0.0,-0.565160194085659,-0.5006913691326291,-0.5992111121531931,-0.0014091876832893376,6.949150455236918
0.8714750977217309,0.30585746209291054,0.4092643134085158,-2.4267621947602946,7816.221281900306,1.0727557019351188,0.9694597208226842,111609356.87895744,4024062.7886003386,302724.5022122734,501150.4702822157,2.080483168541758,0.0,-0.567536425411038,-0.4988495297177843,-0.5839033662916484,-0.002341939200492597,6.55608062272076
0.7464519454633187,0.6288260100687746,0.6401630482578026,-2.4694740331195733,7884.155606847895,1.0290502709960399,0.9381050570730218,111196660.72800359,4212345.351480891,283179.18281802366,446116.4749705879,2.279025967407259,0.0,-0.5954583102599662,-0.5538835250294121,-0.5441948065185482,-0.0028397151932464124,3.4518950389016574
0.6301882672029907,0.44572200812598883,0.24699420645505302,-1.7808171592704574,7779.573501829693,1.0221333561476145,1.0803447298701268,204787704.20677143,3345832.063444308,344654.36498592916,570867.6865320627,1.8739280404096945,0.0,-0.5076366214486726,-0.4291323134679373,-0.625214391918061,-0.0016592233805325584,5.610805788388731
0.11083999893228604,0.30894165090141396,0.8691857939528782,-2.1670386281413183,7928.724330055114,0.9963700292072256,0.9674517203973705,147080323.9799487,7471189.435187917,306960.8602295802,429470.76138092444,3.0687495719595144,1.0,-0.561484485386314,-0.5705292386190757,-0.38625008560809715,-0.004450788806450804,-20.09114956084257
0.6210199179892567,0.33004343798007446,0.5806926195095484,-1.2859842411823765,7799.168412692562,0.9694232220004726,0.9525921594204003,160240143.1025164,2915101.010198538,228231.58985285665,358815.30640763085,2.275711235055266,1.0,-0.6739548716387762,-0.6411846935923691,-0.5448577529889468,-0.0030881318354435156,-0.5308528278219207
0.8706150279419236,0.866586879349395,0.45462799017748184,-1.6443646114781154,7808.099293220851,0.9879052366376718,0.9868415100176239,196970690.17488474,2955250.403166481,243417.84535095087,395884.2236477388,2.0428992883083743,0.0,-0.6522602209272131,-0.6041157763522612,-0.5914201423383252,-0.002025117270387277,8.87448750874323
0.25032978500198094,0.5520678971774327,0.18899004760888288,-2.3429606926161193,7723.603633133856,0.9723810584580135,0.9815641482496384,146671530.03156856,3445156.247289141,522603.1689066605,829175.0231403384,2.1210897829307083,1.0,-0.2534240444190564,-0.17082497685966164,-0.5757820434138583,-0.0014487690433832908,-3.383217109933433
0.4691115535203799,0.816079260803702,0.9845056976521357,-1.7292481028869184,7924.584142881615,0.9000967092176262,1.0084661109621516,150261494.12611133,1861982.6389934346,298124.1844284928,447061.46051499614,2.2297411140625054,1.0,-0.574108307959296,-0.5529385394850038,-0.5540517771874989,-0.0035541710388122282,-2.4409459944742515
0.30830031675104413,0.5087430183256723,0.9500856159626968,-1.9671935803443477,7868.817854730212,1.0091027632395135,0.8928216114014803,140884925.2778109,11009411.118991746,256764.1733873826,377400.697749774,2.8381241715150565,1.0,-0.6331940380180249,-0.6225993022502261,-0.4323751656969887,-0.0040710579708173895,-9.411463683645284
0.949245215389367,0.1091299498982611,0.8350614836285101,-2.254058903358964,7878.561904234168,0.9486357629981191,0.987409378491972,105592924.69776382,6443021.591536885,188956.11725915436,311881.5609874413,1.8820016975528826,0.0,-0.7300626896297795,-0.6881184390125586,-0.6235996604894234,-0.0033317409261052816,5.145611248970965
0.8994849810294876,0.05354221018552577,0.988308846438397,-0.993606336864342,7843.778330125159,1.087150233869689,0.9818221288455581,83778684.2781032,1890485.3037991845,220297.2968190233,361566.3685511586,2.084837832860212,0.0,-0.6852895759728238,-0.6384336314488415,-0.5830324334279575,-0.003623795464002281,4.007570800358572
0.05174876080415651,0.913808726195826,0.37161168501502734,-3.0123710875489955,7856.06809381638,0.8852042281075666,1.0258828027558151,136291617.61739737,2645700.4612496076,677382.8139111466,966273.9104717582,2.686983545725408,1.0,-0.03231026584121914,-0.03372608952824178,-0.46260329085491836,-0.002134769827327087,-15.666264802402146
0.7521307880799244,0.3157658126263544,0.05914388494593086,-2.4123978172121294,7883.591748100827,1.0224401233738403,1.0302955329765013,186610545.88428718,5709039.800636936,338185.7672624789,537657.1588291306,2.3574702580608595,0.0,-0.5168774753393158,-0.46234284117086943,-0.528505948387828,1.0,90.0
0.4486601323537746,0.6852597462220644,0.8652458326468462,-1.8355037007182209,7799.8755547883375,0.9043267325973677,1.0138002905659895,154394273.514192,10638832.826827757,262857.0273779664,394828.97680541885,2.3308706684237324,1.0,-0.6244899608886194,-0.6051710231945812,-0.5338258663152535,-0.003549123734369231,-3.7998831922263534
0.4997118631587369,0.18881611032658066,0.5890637428327313,-1.2948910706774415,7790.913141221195,1.091372210164337,0.9546185323656163,133451318.70015283,1840007.465606806,244857.2621428356,377696.7028010196,2.60686149511821,1.0,-0.6502039112245206,-0.6223032971989804,-0.47862770097635804,-0.0033990938613177595,-4.599665736398105
0.6519026381734081,0.8445547190867266,0.8980314100608426,-2.518127882998091,7861.667689869829,0.9866295535256338,0.953471748264158,97548701.59606507,3610611.011993978,302092.9441448437,465747.05682429584,2.403440058443609,0.0,-0.5684386512216518,-0.5342529431757043,-0.5193119883112782,-0.0032220203250178095,2.3047600797682506
0.3822532105128126,0.4484690143048908,0.5894370226203482,-1.6177319007502573,7785.097252798859,1.0758209986815315,0.8981865948708957,152865909.74443534,1947881.804913762,308226.8946033817,462045.7192845677,2.8875171708577816,1.0,-0.5596758648523119,-0.5379542807154323,-0.4224965658284437,-0.0032760074100659747,-6.869184304150831
0.04070170366830725,0.3036355304193248,0.2516979711474937,-1.8194588078455305,7836.490906379076,1.0845098312987413,1.1058870106497412,240381675.71249977,1839236.669299736,382282.0573099117,561556.5712757271,2.761078681141448,1.0,-0.4538827752715547,-0.4384434287242729,-0.4477842637717104,-0.0021492668582208316,-18.689619425026095
0.8564089593691498,0.9977499408519578,0.6647572443604147,-2.6499045049757264,7866.0173360571225,1.1116867002052544,0.9177331643762171,92910501.56062332,3173832.6288598166,345254.40076909546,543817.7676393053,2.5873667325479914,0.0,-0.5067794274727208,-0.45618223236069466,-0.4825266534904017,-0.0025193525429827697,7.096311504987746
0.34685858872742625,0.7600589208400633,0.07864460922542107,-1.8721225860160713,7854.86850849776,1.0120608306559087,1.0463008100891367,266920636.32273966,2936916.2031479445,379821.1988627631,575153.9749290735,2.5142053432248495,0.0,-0.4573982873389098,-0.4248460250709265,-0.4971589313550301,1.0,90.0
0.1899121932833932,0.6649835067369266,0.34694200439120654,-1.785577240734839,7836.3310328268935,0.970784879020097,0.975754636788659,224870748.23017618,2090906.0673008738,330976.8554620365,489973.29378395,2.5850494835586404,1.0,-0.5271759207685193,-0.5100267062160501,-0.4829901032882719,-0.002334285158221429,-10.183499002863865
0.9657131881708046,0.2023216185233534,0.13406577370814168,-1.5335557105975113,7724.900784293595,1.069514813159732,0.8890957881146817,188358196.36487758,4051120.0740929022,316397.9391956695,509639.55374751356,2.652972193295127,0.0,-0.5480029440061864,-0.4903604462524864,-0.46940556134097455,1.0,90.0
0.10495808554217198,0.7024919528676821,0.8056667722587549,-1.59163097639269,7939.870234523311,0.9636136101788425,0.9399430535522161,161642830.50801665,1836836.7706573869,360803.540093823,499294.78367835906,3.2667551540334485,1.0,-0.4845663712945386,-0.5007052163216409,-0.3466489691933103,-0.0037935192102004594,-17.740550242197724
0.8358015432318588,0.4402463330641117,0.7649417529830951,-2.1381757277051294,7824.399592364717,1.0300343112650954,0.945905389214107,106447434.57172179,5062226.425795915,204052.09942346765,326319.9670809983,2.2125604877575387,0.0,-0.7084970008236177,-0.6736800329190018,-0.5574879024484922,-0.003143327973320821,4.12360293056371
0.8788613145291252,0.9046839799979772,0.0036675722907960934,-2.178061108950082,7871.158899387346,0.9171213972093955,1.0190293630465315,240969628.02534312,9615626.846268876,476241.4333630017,735746.8095317498,2.49377533932032,0.0,-0.3196550951957119,-0.2642531904682502,-0.501244932135936,1.0,90.0
0.17797494233375682,0.19033671665435972,0.6936613848926961,-2.209506460440138,7807.840698185617,1.0396413549666446,0.9600066397768177,98282802.18284944,3436196.372512313,322106.9275123903,460960.0505056814,3.158598008819969,1.0,-0.539847246410871,-0.5390399494943185,-0.36828039823600617,-0.004100728642029835,-17.102026902029536
0.6061395042984026,0.450048207350676,0.723225848197351,-1.4301597893194047,7930.822896440563,1.0138366291519292,0.9979208343684087,138904261.55129462,1995837.3770232785,270666.99004162196,419074.54810476815,2.250476363117643,1.0,-0.6133328713691115,-0.5809254518952318,-0.5499047273764714,-0.0033233723121121584,-0.8400046983544911
0.2460760572413538,0.5165515637439374,0.5696065069368792,-1.7270585353013657,7816.977003305732,0.8959219835420338,1.0504851620536115,187089974.30995613,1580891.1244732144,324329.81048763625,471965.66848957626,2.53507516210506,1.0,-0.5366716993033768,-0.5280343315104237,-0.492984967578988,-0.0032848466599784956,-11.454334888019446
0.3106635545290408,0.6067700056808651,0.7583918858675865,-1.9875627046231223,7842.118113474975,1.0637005939307147,1.0585241919858297,139242823.61760044,6886181.400804241,273659.9798674628,400571.9633744846,2.6426156570433017,1.0,-0.6090571716179103,-0.5994280366255155,-0.47147686859133964,-0.0036055266686617236,-8.944965276693104
0.5398555256447839,0.46536922445487017,0.0546094498236321,-1.976564648295517,7829.287717882116,1.028518916455001,1.0100225384770674,229129326.93416506,5815261.582908822,424736.33367620775,662125.0413930715,2.574507279833966,0.0,-0.3932338090339889,-0.33787495860692845,-0.48509854403320685,1.0,90.0
0.9484320296210702,0.22768919355617318,0.93849055930512,-1.796739396731049,7897.098622183498,1.0051836139195467,1.017370804065718,106384267.7357608,1809711.6081398057,244382.4220818194,400860.9964039244,1.9491521138306132,0.0,-0.6508822541688295,-0.5991390035960755,-0.6101695772338773,-0.0034013306661773613,5.570330905249659
0.10776151713178073,0.3954373699625428,0.8852022097564684,-1.3545532989300808,7806.398750660102,0.9295181733388079,1.014803383792122,150907616.71174306,1779404.2583820678,303600.7847963331,423181.4450953312,3.002375432486025,1.0,-0.5662845931480955,-0.5768185549046688,-0.399524913502795,-0.004366310341509462,-19.668850535365138
0.08762878370678415,0.5245250773221575,0.0795871165658122,-2.547190041373679,7818.472560106769,1.031363503058249,1.0009114962516665,168839388.0256544,3359882.2194440044,599607.0719582218,889473.2825724196,2.924740550918643,0.0,-0.14341846863111166,-0.11052671742758038,-0.4150518898162714,1.0,90.0
0.14449972807350658,0.1471230769261555,0.3509821397296001,-1.6974045933311288,7810.420081002785,1.0510083509091281,1.0230720223559995,197224240.5729424,1656360.9384045943,351135.58103250933,515324.87436792155,2.8992787749204054,1.0,-0.49837774138212954,-0.48467512563207843,-0.4201442450159189,-0.0029406987136455357,-16.460256745418327
0.30516546996213756,0.4508469107064901,0.7818502733171613,-2.033774928139727,7772.092850204113,1.0586426879320787,1.0141756454327424,98892740.38281628,3916017.1391019933,266567.09871918004,390308.27260765806,2.792583112434655,1.0,-0.6191898589725999,-0.6096917273923419,-0.441483377513069,-0.0038437193924701833,-10.14399998658697
0.22944178463345402,0.5595327982299682,0.8865805157097958,-2.436244574049609,7901.543262584599,1.0158123241094026,1.0459329958579409,107408765.05386665,3831948.9723800994,296405.55314492335,425619.2827689608,2.7548418777019363,1.0,-0.5765634955072524,-0.5743807172310392,-0.44903162445961275,-0.004014334361812618,-12.448713906208873
0.36165322984375736,0.8659558668596546,0.05188523035183553,-2.0601500616690283,7974.1507497838475,1.0804571820428537,0.9359791714419002,253255758.88194305,2669490.4737414024,400956.06498316885,604514.2289871477,2.9653974791782582,0.0,-0.4272056214526159,-0.3954857710128523,-0.40692050416434833,1.0,90.0
0.9464580718931355,0.4788614317002472,0.1442544793800566,-1.9655583319091823,7856.351615015093,0.9653379752579421,0.9738328659328379,212630769.37559545,1587612.3302679458,320642.642582814,508124.8583162546,2.3560672544765855,0.0,-0.5419390820245514,-0.49187514168374535,-0.5287865491046829,1.0,90.0
0.008978645125038247,0.3258784242331003,0.6058016892516465,-2.201924867076367,7780.64819096026,0.925731595923932,1.1053782388593278,128632032.73780546,3513067.553060845,423145.2527760987,576519.692291529,3.1347895002280968,1.0,-0.3955067817484304,-0.42348030770847095,-0.37304209995438065,-0.0036637796400032967,-25.95598627252019
0.5142089596162497,0.27900627599098987,0.5777849065165325,-2.3862359409216793,7815.301877464085,1.0530383427963865,1.0681309721610093,97085985.69422646,3593593.9557606108,299719.5172388658,462483.8221146713,2.3935825262832897,1.0,-0.5718292610873346,-0.5375161778853287,-0.521283494743342,-0.003260284844800856,-3.651538276118174
0.7399539944853494,0.6473026411076841,0.8447170701032813,-2.6260538097701973,7867.55278202239,1.0401148121557593,1.0580125759934134,88636556.96727082,3452099.2518959064,297205.2731423329,465996.24799509055,2.217186526502633,0.0,-0.5754210383680959,-0.5340037520049095,-0.5565626946994734,-0.0032221754739784406,3.094783479457522
0.6510559743943979,0.32940490476670664,0.539838175719827,-2.4542135760977772,7785.869574422965,1.0625205348656488,0.9407251138867727,86953854.39690717,3095983.9227004987,339910.0947907965,537564.4393257105,2.4016805277794493,0.0,-0.5144141502988622,-0.4624355606742895,-0.5196638944441101,-0.0029492851943434422,0.4618540029291367
0.5236064737694289,0.11516300499092885,0.5640783753859216,-1.0365105355446258,7888.479520913465,1.0789590635881017,0.938377158008508,144294616.93250465,2365404.6941091744,227027.13823200137,353798.7398649251,2.4937218375876626,1.0,-0.6756755168114267,-0.6462012601350748,-0.5012556324824675,-0.003375825505217426,-4.148690688000521
0.46451750452349716,0.4969694967844879,0.6453557276663553,-1.9922432798771885,7904.4308324578,1.010719954229436,1.0037829086773833,151594008.77633032,1958242.2305214088,319246.64084183733,483962.2866725612,2.476753008296624,1.0,-0.5439333702259467,-0.5160377133274388,-0.5046493983406752,-0.0032760524018551097,-4.232783547709751
0.819513289666078,0.317630323535303,0.15375718320041412,-2.136887218356026,7785.76847970647,0.9972203487479181,1.1015452837747126,166040659.21057287,5602973.35010315,285033.8369839756,453103.48458834505,2.149517502946577,0.0,-0.5928088043086063,-0.546896515411655,-0.5700964994106845,1.0,90.0
0.1349800043230231,0.8199973569320753,0.709246199601353,-2.1808228282271873,7815.689737564427,0.9184361243501695,1.0146611827482133,137298201.96904528,4209651.54896678,325540.26658905775,454243.7526186633,2.8681671404292866,1.0,-0.5349424763013461,-0.5457562473813368,-0.4263665719141427,-0.0034066409557563845,-15.161827047827789
0.03381393393132897,0.4773021077072806,0.25317451124206625,-2.3793456967165505,7887.856731108707,0.9779550862308486,1.0251598532201933,214971299.44372705,5362809.66559052,413930.0701221005,609980.8320255075,2.520788909199562,1.0,-0.4086713283969993,-0.39001916797449254,-0.4958422181600876,-0.0019774936321884503,-17.482495324910566
0.2650526029207181,0.1254278898413006,0.16272063911426898,-2.0262225690852205,7828.986401753116,1.0591894104699502,1.0033234202905252,227869153.5396426,11757574.400483001,377503.7010743576,598947.1329681114,2.350430197701172,1.0,-0.4607089984652034,-0.4010528670318886,-0.5299139604597656,-0.0018083816713357285,-6.554514202156753
0.5286529020968038,0.9970267345492073,0.9622110059149951,-2.343775625694223,7772.342650010064,1.0081522371264493,0.9617861680501283,87911736.25547248,3156296.5515838712,336396.1938595439,505851.0898085125,2.5316605763970577,1.0,-0.5194340087720801,-0.49414891019148754,-0.4936678847205885,-0.0032841947059256173,-0.0832281447375749
0.7574984378815631,0.4778937926638049,0.5599951755999377,-2.801470160920497,7875.380029926387,1.0148975697075628,0.9846422176222852,94914306.72042242,3181214.966669453,360064.81630617473,574361.3693620063,2.265746725163978,0.0,-0.48562169099117897,-0.4256386306379937,-0.5468506549672044,-0.0027591179282279534,3.4634136901298476
0.6071670794349561,0.15579053326558326,0.26787522475504616,-1.8576740819280366,7904.074522346838,0.9524454915621908,0.937619701868425,218354638.7689227,3404237.358797138,289437.30302802986,473888.88542794157,2.026803314149301,0.0,-0.5865181385313859,-0.5261111145720584,-0.5946393371701398,-0.0022193855459954424,1.846644985217793
0.6665196797144629,0.006891999767522254,0.9011855140665319,-1.5683763731455125,7745.088034513936,0.9611798293981405,1.0791147590705423,113256270.70256023,12782682.926689796,181600.5989355658,288211.33706299326,2.002858295178996,1.0,-0.7405705729491917,-0.7117886629370067,-0.5994283409642007,-0.003934868199887135,-1.551882040531936
0.7492074354453507,0.4451527706960825,0.7570297347430233,-2.2630869890179848,7845.830249617267,1.0671980279897033,0.993896632380468,101075001.94695672,4532630.829866215,226330.11363465196,357768.5616724956,2.2158738168467083,0.0,-0.6766712662362114,-0.6422314383275043,-0.5568252366306583,-0.003222603248712417,2.384037172946247
0.7358678777354671,0.3836695879184804,0.7300420206755597,-1.329747879789012,7882.164776365743,1.022695021653324,1.006319700863273,135601592.5359822,2128486.192273092,235973.0490310065,373360.32108283363,2.1554776566487894,0.0,-0.6628956442414192,-0.6266396789171663,-0.5689044686702421,-0.003235550513980284,1.877354739700209
0.09545215848609886,0.7954990931521938,0.07137167274507838,-2.4678021585135497,7944.487570508149,1.0522858053383486,0.9403866464152221,247621104.04017663,6155983.417372346,506382.1707688428,742127.5725633188,3.0000517176747103,0.0,-0.2765968989016531,-0.2578724274366812,-0.3999896564650579,1.0,90.0
0.05671888724216516,0.05896464136476746,0.505538849483753,-1.8568199671405365,7924.325577751168,1.0019150354272386,1.1047054986958673,179192378.13738024,1742100.7281075602,391015.7625514559,549138.0761645881,3.114817875542993,1.0,-0.44140605349792017,-0.4508619238354119,-0.3770364248914014,-0.0036423300878846657,-23.680392283005105
0.5084315475157614,0.7009744492162884,0.8460528966867146,-2.3267374601981308,7854.792009366463,0.9573274205618159,0.8424335392867427,105232385.196778,3951801.398892943,276623.9061532178,418603.18109500373,2.665084622103069,1.0,-0.6048229912096889,-0.5813968189049963,-0.46698307557938623,-0.003431092500755638,-2.0501607017254564
0.08299492008702944,0.037052488724225605,0.9095612384588382,-1.338407274929365,7880.846018773599,0.9873239336527498,0.9991851664465161,123817570.21287158,1781781.3440939581,344177.07396863814,479255.33669418236,3.179323688747451,1.0,-0.5083184657590883,-0.5207446633058176,-0.36413526225050974,-0.004959508049426815,-23.495362159646827
0.7230232873261874,0.7999366165659046,0.42574737316206135,-2.6750856896571378,7865.022442460905,1.08423216027671,0.9959215886016974,115259792.80117792,3568469.629403423,373848.01226274675,598818.7638225236,2.312577928627023,0.0,-0.46593141105321895,-0.40118123617747636,-0.5374844142745954,-0.002096736074696805,6.0396340090623895
0.1792427646858752,0.7947235842125022,0.20083941180381176,-2.0700576991361324,7877.464839456729,1.0264548076492566,0.9875216068075916,262538688.37519476,1526368.7926355752,414707.57629660144,654723.9992294514,2.3359196799821347,1.0,-0.40756060529056937,-0.3452760007705486,-0.5328160640035731,-0.0012186926487564378,-3.6017899070692714
0.3130404596696126,0.9912861487349122,0.6145913146757184,-2.5407102647313726,7807.741929749983,0.9940608827725503,1.026888717399925,106667998.83117326,3065194.800492915,425733.9185216875,621681.3101438246,2.577586949226287,1.0,-0.3918086878261607,-0.37831868985617545,-0.4844826101547426,-0.002835917112323963,-5.867722057536707
0.9971583895985923,0.45698380953828777,0.37659588250324355,-1.6666166171668615,7767.72361304897,1.003938223417391,0.9595685245703724,180675493.02323157,1622376.7124140754,280658.44775605755,473786.1340523973,1.9385302441092733,0.0,-0.5990593603484892,-0.5262138659476028,-0.6122939511781453,-0.0019495066685941925,10.407345609105027
0.6557580776564915,0.49254594203764873,0.769930620341194,-2.0989637981675187,7822.340946246498,1.0174972459351297,1.061377401362327,116433826.95420444,5520621.5154091995,208417.3342031953,325390.2258863207,2.1869415994632244,0.0,-0.7022609511382925,-0.6746097741136793,-0.5626116801073551,-0.0033168453031844625,0.5003592265950196
0.5579195229313202,0.4899196151279724,0.712779043991225,-2.121653768575232,7840.065663209189,0.9782727553035232,1.070827658212948,130286499.0157725,6063249.663278754,235380.73776732694,362222.9799291179,2.210258854398679,1.0,-0.6637418031895329,-0.637777020070882,-0.5579482291202642,-0.003323830254390463,-1.8552060715690573
0.3852132640956171,0.9752590358827201,0.7794461147627627,-2.070621554531147,7814.869858112048,0.9667524958219816,0.9722561963474818,135433987.22880602,5167657.009556644,263567.2076639163,389174.698686031,2.513680553364147,1.0,-0.6234754176229768,-0.6108253013139691,-0.49726388932717064,-0.0031632455820771194,-3.9790266771609772
0.0880259926489309,0.2695105147939976,0.9812846917415584,-1.2164440090066293,7849.421849349352,0.9503860186847415,0.9890830717598824,135397525.72729033,1716207.6818796245,306986.8810094871,427049.6741212686,3.124485310879981,1.0,-0.5614473128435898,-0.5729503258787314,-0.37510293782400383,-0.004750094387756225,-21.516447492136766
0.6685765149430067,0.6225696508036241,0.16526812111423267,-1.8608978970225858,7890.028070961417,1.072856111056268,0.945796338769644,211918339.46871638,2649079.582348737,307585.72742639075,479108.9998498989,2.5602634111793114,0.0,-0.560591817962299,-0.520891000150101,-0.4879473177641377,1.0,90.0
0.8876796364556804,0.28929605481279647,0.4101367214537317,-1.8515505975185231,7838.77144829911,0.9946631897815682,0.8693030074370259,167661201.88178974,1540084.059115732,284661.9187227571,473071.0898302335,2.1859977442066336,0.0,-0.593340116110347,-0.5269289101697665,-0.5628004511586733,-0.0023418632903571077,6.795376474021033
0.28439283926071574,0.2658698169758949,0.6192713158508544,-1.674271949013575,7864.814985318721,1.0449640257972244,0.953661166038742,143384415.32149816,1660230.906803453,325502.4850487799,478899.96310959605,2.9295541894696098,1.0,-0.5349964499303144,-0.521100036890404,-0.41408916210607805,-0.003677839430981867,-11.684985681336318
0.4529539023811435,0.9474812785009084,0.1776114949880458,-1.960500126169503,7904.941285522373,1.0064691353889599,1.0573910647891314,244850888.2249114,2851229.5776662673,341153.0609504838,515481.2353798528,2.4148789207342416,0.0,-0.5126384843564518,-0.4845187646201472,-0.5170242158531517,1.0,90.0
0.38917491976954377,0.5181313981197303,0.5263236941510238,-1.8203287571426978,7802.196352997059,0.9310255771003448,1.1122644786961304,174180366.97488365,8262749.203118064,345972.4730668334,521196.95733995916,2.186389660385083,1.0,-0.5057536099045237,-0.4788030426600408,-0.5627220679229834,-0.0030142318713481326,-5.813639888364346
0.7536098180980275,0.8227281789086383,0.9962164648932972,-1.90798876281543,7804.293147017792,1.064161818097955,1.0129867149088732,120119751.32202302,6831660.225331391,220214.55568174573,344980.68664795416,2.281874718931131,0.0,-0.685407777597506,-0.6550193133520459,-0.5436250562137739,-0.003265443401652737,4.285776795774559
0.8412555605780181,0.5648703494559545,0.8824730706897557,-1.4145457263110959,7757.539716227385,0.9771253463298272,0.9489965220515275,129836467.21727744,1528270.3553500741,237667.1482042703,379251.7548464529,2.1965800228269527,0.0,-0.6604755025653282,-0.620748245153547,-0.5606839954346095,-0.003235748168702125,4.775431005470548
0.06613999390434168,0.038958401192289,0.8509728770724064,-2.2129926046122237,7953.678617375545,1.0944917727189538,0.9405617153820183,127478031.45246662,5770539.23812983,295417.36378892016,410001.82314828486,3.50544696587045,1.0,-0.5779751945872569,-0.5899981768517152,-0.29891060682591003,-0.004823013824205762,-24.526094169934595
0.5732390974229429,0.3813152519369836,0.11135012220609762,-2.3718445066455534,7983.079206581294,1.0024491396116144,0.9656658946868663,222303791.79717338,1756647.4371656768,400818.67184843833,628693.0656257689,2.546649748052704,0.0,-0.42740189735937384,-0.3713069343742311,-0.49067005038945916,1.0,90.0
0.29264642802357227,0.07063212870235101,0.8550276542675239,-1.871143445808025,7788.313922110012,1.074643021177626,0.9362714826600234,94343518.37471081,4614037.25687503,208351.90789999187,307417.24727531226,2.895055806777283,1.0,-0.7023544172857259,-0.6925827527246878,-0.4209888386445434,-0.004484643236203682,-12.967291121852526
0.12470840863461796,0.3649723734365322,0.5786718433511909,-1.8683930357675143,7872.4501240904365,0.9288310538519009,0.9321191869328413,182344049.6951851,1616176.1973979503,377285.1602770912,533537.5443789815,3.0905759993768367,1.0,-0.46102119960415544,-0.4664624556210185,-0.38188480012463266,-0.0035672979894628147,-18.282107419237423
0.24152270604270207,0.2474528871629125,0.6714537936066066,-2.448307344385514,7905.441048929492,1.0262557670687547,0.9525009057525283,106710660.5370174,3675194.6449090303,308974.87493916426,448690.5959880152,3.0169078140245262,1.0,-0.5586073215154796,-0.5513094040119848,-0.39661843719509476,-0.003897729356818322,-13.767320129534617
0.19670466248487317,0.11402071567579573,0.28578156703057866,-2.0499800643615242,7836.166470840332,0.9289553697378052,1.0300695872985417,215111477.71808285,9435352.539118007,375919.71423449845,566142.5208282624,2.4149347833560846,1.0,-0.46297183680785936,-0.43385747917173756,-0.5170130433287831,-0.002662583717639646,-13.10546048217116
0.516194436086422,0.5543277302260061,0.7473474917567332,-2.2698061767949675,7801.430153843235,0.9119128986218281,0.975922950280395,106836193.92280021,3969272.911459249,284752.5890051539,433105.5712016142,2.323846390462658,1.0,-0.5932105871354943,-0.5668944287983858,-0.5352307219074685,-0.0033851144768807665,-2.6892160295077083
0.012272467146416832,0.19306664655965813,0.11664416296305169,-1.9473144096773412,7884.634306427284,1.0192905601810334,1.0270500348261056,327481383.43267363,3440309.623490696,457721.5745699941,739508.9333418328,2.6293313249421324,1.0,-0.34611203632857984,-0.2604910666581672,-0.4741337350115735,-0.0008149584043790842,-12.249013453318511
0.6741807016252951,0.5293248885510295,0.32423430832363004,-2.7726017676078167,7773.168988755838,0.9148984625915759,1.0327548151300643,114551716.92961186,3075466.7746033906,459086.775189266,748142.1032631256,2.0332031189835615,0.0,-0.34416174972962,-0.25185789673687436,-0.5933593762032877,-0.0020115085771557654,5.1307535870804415
0.6338233415730329,0.9062162744584817,0.06400545341147285,-1.5726239739894172,7784.9237577037175,0.9793261014986512,0.9894947774130797,271822086.0019207,5319730.504588309,398206.1592518966,609161.8576073953,2.601091670658883,0.0,-0.4311340582115763,-0.3908381423926047,-0.4797816658682234,1.0,90.0
0.03443433582812017,0.02829521374885813,0.8696291125601122,-2.5221757233051165,7762.106136766699,0.9688418314181464,0.9411465515768945,77791065.17729834,2382857.3905006587,452958.3916337732,621267.3153801615,3.526691105707158,1.0,-0.35291658338032394,-0.3787326846198385,-0.29466177885856837,-0.004893080454038981,-26.706674227796807
0.20255808387443805,0.03484139469233154,0.8041979557379694,-1.909672452302467,7838.055862205225,1.04228374698063,0.930372476776646,118801554.43556523,6093578.2497560335,261379.13853317391,377552.60515318555,2.982522420039586,1.0,-0.6266012306668943,-0.6224473948468144,-0.4034955159920828,-0.004566962877111339,-17.063059226647088
0.05015240386745835,0.2805194572382169,0.6319548436636389,-2.0877928383522932,7831.0677278007015,0.8675741022982298,0.9881165356146792,155488065.031779,4920975.706281192,333020.1896932842,460597.6737069483,3.021386040236176,1.0,-0.5242568718667369,-0.5394023262930517,-0.39572279195276483,-0.0038451159024190597,-23.537499331018502
0.9190708491180455,0.9232551758618147,0.5244821578694449,-2.709343506357213,7804.384791175095,1.005870424211983,0.9448747293669953,96819008.19636874,2992450.5577001018,399661.7264963072,644086.6173460898,2.142105673051144,0.0,-0.42905467643384687,-0.3559133826539102,-0.5715788653897712,-0.0021730792575962382,8.9720076323622
0.019322020238307414,0.5677318340520382,0.49509288168074483,-1.3591429173045455,7838.8892102999025,1.0155225385366404,0.8978932665141209,212854827.04522243,2991362.969777479,393287.8336739294,542950.7447445225,3.518303587626425,1.0,-0.4381602376086723,-0.4570492552554775,-0.296339282474715,-0.0029911318885899223,-22.67269631882819
0.3017825129611003,0.8017429601211146,0.37930650221630235,-2.1338841739445193,7825.848824407082,1.1401806351487884,0.9831342324381963,152255451.47770584,5035066.828668739,302740.1208552072,457288.1146179152,2.638713342816163,1.0,-0.5675141130639897,-0.5427118853820849,-0.4722573314367674,-0.0022639752560190633,-5.011383134283289
0.7423766828342702,0.6508975235896172,0.893783859711462,-2.2546206919430936,7852.627132961245,1.0116432981831174,1.02479305285566,109994051.55656493,5054508.523657496,219856.97032154832,345081.36946287274,2.1545913383082116,0.0,-0.6859186138263595,-0.6549186305371273,-0.5690817323383577,-0.0032883823872867533,3.264899318746888
0.6429555593702546,0.5401319075254645,0.24031659826792745,-3.2941758158074395,7895.609053953127,1.0657980799379911,1.0406217401394169,115913223.85724929,2822630.168241996,539323.3651355616,899304.9506539861,2.061059550162572,0.0,-0.22953804980634063,-0.10069504934601392,-0.5877880899674855,-0.0014468908027297652,7.290174118263376
0.6053820919995374,0.21748616757791644,0.18829509557163396,-1.8266798035818301,7796.726445354131,1.0423584094864775,0.9920967748714922,210948810.43031102,2324891.3586501186,343436.3685752047,578235.2854603113,2.0086950959019756,0.0,-0.5093766163211362,-0.42176471453968867,-0.5982609808196049,-0.0014467865445123005,5.277752487820987
0.5366108598954219,0.003020862599460585,0.38397702584276894,-1.6541538546858725,7793.843995861403,1.0234442614415982,0.9463800795031301,164610824.66414547,1524083.7061189269,286554.25695024536,455378.0229871258,2.4055738013666685,1.0,-0.5906367757853638,-0.5446219770128742,-0.5188852397266663,-0.002933424095258556,-2.9872479735932735
0.021362895841652782,0.6059692298457294,0.10319463848375394,-2.197259615093144,7779.410468192428,0.9996479904461746,0.9130577039489961,195598778.81625783,4045144.02310588,525127.9506235659,765323.4493140104,3.249134594455955,0.0,-0.2498172133949058,-0.23467655068598955,-0.350173081108809,1.0,90.0
0.8752114076412243,0.1947591632968581,0.45072821912158495,-1.519739422174942,7826.577610852896,0.9855636778337039,1.069744932277591,179022847.65635356,3732398.0443140883,227366.2905063859,376902.69743782777,1.8574672532851766,0.0,-0.6751910135623058,-0.6230973025621723,-0.6285065493429647,-0.002571423787526197,5.618749145702726
0.6955159666140963,0.6120977093667107,0.7244930425424403,-2.4625973122380866,7889.568951337866,1.0110145879841341,0.9950890980857503,110783056.1028027,4390619.962061173,270317.5548568493,421824.9858145392,2.2054808359790186,0.0,-0.6138320644902153,-0.5781750141854608,-0.5589038328041963,-0.003084537238010684,2.0231014090723534
0.9320697469866679,0.6845992391087381,0.5464604041419762,-2.0373575434095996,7827.531449868496,1.0870290326094718,1.0174644102683534,144610018.92421097,7708177.939593624,255530.3706427852,414972.67677799583,2.149314070153484,0.0,-0.6349566133674497,-0.5850273232220041,-0.5701371859693032,-0.0024068468271761945,7.840175712384518
0.8207605195748159,0.014872741919046393,0.3860443664094684,-3.08127531675619,7908.1149525863275,1.0157451948556837,1.0259747330968083,98687531.58476299,3194594.8731264877,393956.6578609524,654807.3150807691,1.9956645410322285,0.0,-0.43720477448435374,-0.3451926849192309,-0.6008670917935544,-0.0025727008148488093,4.323457172968659
0.3574342072197977,0.6031926013672176,0.09438769173753293,-1.8275119224033634,7789.109152511544,0.9976617386916556,0.9575142439557645,242744201.16198283,5347834.028846625,430779.307694298,657903.5449473814,2.688661179479536,0.0,-0.38460098900814577,-0.34209645505261865,-0.4622677641040928,1.0,90.0
0.08067405998740702,0.07619800782440256,0.28347072962503467,-2.823193088176274,7853.553950692348,0.9635835217843559,0.9671136332743805,127358880.46636376,2778539.9672543034,588255.4446862661,862889.6277788606,2.6490794783561116,1.0,-0.15963507901961982,-0.13711037222113936,-0.47018410432877766,-0.0026334258784728843,-19.158515957364685
0.7132781099212193,0.7926974990680827,0.96763303652107,-2.045575792543967,7823.026078581995,1.0621834305320323,0.9600640666639871,111395565.92335115,5461666.029483886,210699.97462044537,329168.64488642116,2.358062468354216,0.0,-0.6990000362565065,-0.6708313551135788,-0.5283875063291568,-0.003295431865471106,3.413433656456185
0.34523093364624563,0.7962842184535058,0.9507230749995415,-1.9316734422435633,7905.644349017505,0.92226723634091,1.0181600723130528,153247210.9681527,1648360.351121812,322235.03260928974,473140.3793562292,2.4927581400539807,1.0,-0.539664239129586,-0.5268596206437708,-0.5014483719892039,-0.003680172556661766,-6.421873031120718
0.6309703449334371,0.9940045858145027,0.15938164550174544,-1.8144469215670678,7831.650759401228,0.9445789779627727,0.951632022055217,243083065.99112165,2761428.248293999,338032.1439959969,514774.55329699215,2.463991096114965,0.0,-0.5170969371485759,-0.4852254467030079,-0.5072017807770071,1.0,90.0
0.5463352187836616,0.0020219446869091545,0.09748844570768514,-1.9268161792751395,7870.932165588272,1.0180197070872163,0.9927491009415148,280171811.5542102,4418373.714364744,346261.2285864887,617141.0266367876,2.226020436491714,0.0,-0.5053411020193018,-0.38285897336321245,-0.5547959127016572,-0.0004856160313504911,9.840615455907852
0.04316349545224438,0.020601006526265883,0.8273151783540894,-1.9400962690949501,7895.983249693332,1.042616465841604,0.9162353570795351,153218022.54252467,3934189.1655283524,349546.77388732706,481249.40237445256,3.5134032495446017,1.0,-0.5006474658752471,-0.5187505976255474,-0.2973193500910797,-0.004790198792096511,-26.126185853870584
0.20298569971466318,0.40216335936551073,0.017246158755166847,-2.300991025553558,7776.823517951843,0.9668861025262339,1.086649608596409,190468556.49766505,4104040.5890709767,503601.71332094684,764822.4755973066,2.635502276152581,0.0,-0.28056898097007593,-0.23517752440269338,-0.4728995447694838,1.0,90.0
0.2525320538419542,0.9406841161909941,0.27079533001183653,-2.077242280150265,7798.441970406408,0.8926750884246119,0.9994969400496988,232504013.39111495,7282389.157041621,391772.00813209766,608231.3182096899,2.0683151098934283,1.0,-0.4403257026684319,-0.39176868179031005,-0.5863369780213143,-0.0015880433130456733,-2.3293005244545846
0.3257844896164842,0.25737155580811844,0.5750150804892795,-2.3519396537611676,7829.242668937892,0.9976378208945601,1.0413838367553927,108147692.14506441,3703482.5741015496,316381.7265545778,470794.8568839693,2.613912482361327,1.0,-0.5480261049220316,-0.5292051431160307,-0.4772175035277346,-0.0035094040846589906,-9.924741704652192
0.47449737739725273,0.6431033277800808,0.723818552654747,-2.017736697100202,7815.895884640643,1.008068686531014,0.9294295170674695,125496513.6115706,5393861.494758969,247997.44730448612,374759.88845256617,2.546356143454407,1.0,-0.6457179324221627,-0.6252401115474338,-0.4907287713091186,-0.003298096484643076,-3.3288346117337646
0.14753659787177104,0.5910840919594991,0.9742814589020077,-2.5457641161984355,7826.681684252555,1.0088040435079064,1.0347930007207133,86553486.51112,2780688.93470185,390318.4301495656,549335.8453609737,2.8012443413571453,1.0,-0.44240224264347766,-0.45066415463902626,-0.43975113172857094,-0.004215750405944591,-16.07841982733306
0.5402530892873803,0.13899699308807742,0.9343648734302865,-1.30118396604581,7762.722256232789,1.133016910461342,0.9930593548047787,96637752.10733823,1927033.5446582395,255037.1153758793,394624.1863444917,2.524020145740856,1.0,-0.6356612637487438,-0.6053758136555082,-0.4951959708518288,-0.004085498553759029,-4.212979012068853
0.9577651489718824,0.718510922639903,0.14727043066872025,-1.4611867114384287,7835.72605389379,1.0579650800970721,0.9273938714203487,243429747.84617364,15151209.831104986,310052.7146472345,485234.27713737165,2.670995520995029,0.0,-0.5570675505039507,-0.5147657228626283,-0.4658008958009942,1.0,90.0
0.3222005167060833,0.4206560575783235,0.7048443869036944,-1.535776085492427,7765.899024442268,0.9492369955018265,1.0550210627968102,156485508.86840552,1596758.2329970242,296818.08416111575,437434.3431645891,2.529739260079168,1.0,-0.5759741654841204,-0.5625656568354109,-0.49405214798416636,-0.003679987370271737,-9.580892634941588
0.3414973134434089,0.9087959704244172,0.8515722379316393,-2.245679286973433,7856.702272663424,0.9505569988964524,0.9925147272798583,129628329.79596993,4747589.210313528,267385.7808183213,390664.4525619706,2.482629825035068,1.0,-0.6180203131166839,-0.6093355474380294,-0.5034740349929864,-0.0034078453014453245,-5.856076166830732
0.009365096417220409,0.48041170562442326,0.459027446405844,-1.5239071906694077,7871.045238605507,1.038383521719899,0.9631834977803106,208152409.3998524,2431913.414015782,370034.2672920532,512830.9066091194,3.4723782935161176,1.0,-0.4713796181542097,-0.4871690933908806,-0.30552434129677647,-0.0029240068791131922,-23.57535067165618
0.55647399962154,0.24332650055026184,0.6590414461939279,-1.6167399334294177,7761.384143919853,1.0258148756653966,0.9440696095865236,147050367.77619547,16747734.570031509,221468.79888898745,343675.31917750044,2.458833244482121,1.0,-0.6836160015871607,-0.6563246808224995,-0.5082333511035758,-0.0034399192250634918,-2.988018217614286
0.02300067376326465,0.5483574001330511,0.6299757731832545,-2.1496199024544933,7932.676801005128,0.9661542415741665,1.0192748356557595,201558732.37891608,3776700.429944037,419920.3187550807,571682.0391474636,3.2021387358298283,1.0,-0.40011383034988474,-0.4283179608525364,-0.3595722528340343,-0.003502372131626194,-23.603702570845993
0.3365600046231241,0.20515123270606178,0.30439373755657434,-2.301636492193178,7865.434025491711,0.9403240180024804,0.9654639717418398,174167993.03001738,5684011.48069852,317196.28101162385,490317.8482291569,2.2925789987986,1.0,-0.5468624556976802,-0.5096821517708431,-0.54148420024028,-0.0025778069116618183,-7.068721170019764
0.9905297957838637,0.4077572251346148,0.41580846230927515,-1.4352740304150322,7881.9546570827015,1.0178279695602273,0.8815327534972964,191400528.38484517,5988893.543566777,284230.9532564393,477069.3284278095,2.0733844457387036,0.0,-0.5939557810622296,-0.5229306715721905,-0.5853231108522593,-0.00215729292247105,9.285819101426377
0.16726107015774305,0.9820824735715481,0.1269281080653655,-2.096132430195628,7879.70794232058,1.0022731639889977,0.9634583187373258,267121265.50989756,1916788.7535386998,469321.23106121324,687576.3458227098,2.9180396820502366,0.0,-0.3295410984839811,-0.3124236541772902,-0.4163920635899527,1.0,90.0
0.5260110774185325,0.39426442973382275,0.2649232170346445,-1.8310404622611993,7861.795055895336,1.0032970593353927,0.9185658873505055,216730534.29637772,2641396.878833972,280029.2556274894,452966.37741971965,2.171577857666165,0.0,-0.5999582062464437,-0.5470336225802803,-0.565684428466767,-0.0020091773957762963,1.5351765977256413
0.7544240714208207,0.6354633261991813,0.33502494792470294,-2.4918031873061213,7874.113545339137,1.0652873741232591,0.9991072222154184,150904846.40826315,5065765.962584088,321555.82767634414,528242.3070885584,2.0102343638031273,0.0,-0.5406345318909369,-0.47175769291144154,-0.5979531272393745,-0.001877856968680401,7.578043717434852
0.4954511028277627,0.7396885414131177,0.030173889718923975,-1.813596994043486,7771.745107855935,1.0216994247470657,0.9695464063052466,254119121.6952436,14303113.173034715,394039.0251576682,603495.8208127553,2.7854318118031602,0.0,-0.4370871069176168,-0.39650417918724473,-0.442913637639368,1.0,90.0
0.9342250065286561,0.3610689164192183,0.3399392877897778,-1.7347509260829053,7824.752573848794,0.9686671094919065,1.0757708411214837,213506546.86268222,3573041.4940418736,239229.56473869336,404660.10917094233,1.7013622594628781,0.0,-0.6582434789447238,-0.5953398908290577,-0.6597275481074243,-0.0019913371925393683,9.41059856596598
0.432511539389587,0.881706295664605,0.12101676899925919,-2.4795640892765602,7837.03731740043,0.971439468452917,0.9553292422277796,166712020.22108424,3973615.0892580105,452695.73583732004,683907.5093319794,2.7181951088131058,0.0,-0.35329180594668563,-0.3160924906680206,-0.45636097823737887,1.0,90.0
0.9318567157334664,0.6351592539332281,0.4657839555531076,-1.7375200953222414,7879.498902340815,0.9759494468148799,1.073762243889359,195922339.8378033,3714166.608556927,252882.50013621827,415629.07847751596,1.8485717951940457,0.0,-0.6387392855196882,-0.584370921522484,-0.6302856409611909,-0.002207815718000372,8.549757747928366
0.33496821940764493,0.7226070592940076,0.30306205710019957,-2.993382981413335,7803.351939051598,1.0965595139308597,0.9876772367745981,101259198.35458311,2415618.717855757,570499.4315445567,882473.4822821948,3.205052127337064,1.0,-0.18500081207920466,-0.11752651771780523,-0.35898957453258723,-0.001985618170880381,-2.693377918368178
0.5655453851276508,0.1407757344347047,0.7509893236821839,-2.2895835831271483,7876.2608697289415,0.9645924268603995,1.0122186114655785,108164141.23668605,5039260.57796856,218225.9334058117,338764.55747420026,2.208728833690914,1.0,-0.6882486665631262,-0.6612354425257997,-0.5582542332618172,-0.003723413201493988,-3.458662991680008
0.04203334706521765,0.08750966541337665,0.6394733943159338,-2.370443819212924,7801.105941881682,0.9730425834399725,1.0104281520417744,104127581.42416324,2985889.5870675896,433618.8371792807,599462.1055859867,3.2113756066769037,1.0,-0.3805445183153133,-0.4005378944140133,-0.3577248786646193,-0.004104668874202946,-25.297309632464152
0.21990990908447575,0.35499636892363384,0.20930965608845747,-1.3280111038902054,7892.7263308207785,0.918989304646338,1.015319349419303,293655320.70966125,3776377.311712612,344770.76800440956,533055.6212805134,2.109484717394098,1.0,-0.507470331422272,-0.46694437871948663,-0.5781030565211804,-0.0019428969762758338,-7.982345034738227
0.6022209293664212,0.379116577708707,0.5567467981222831,-2.350139702582177,7885.352001354458,0.9384382557715566,1.0167085878199087,140022522.4589554,5763404.115112705,253209.751808497,395678.32752473425,2.1282605292441166,1.0,-0.6382717831307185,-0.6043216724752658,-0.5743478941511767,-0.0030035198581879552,-0.6249736430726642
0.15257947310540362,0.3072837142986676,0.3050696852076278,-2.8492782646731305,7784.079184589102,1.003851386706204,0.9528752558366811,106919166.91601698,2438483.927324442,604405.6564481112,896060.8306888568,3.328487130448951,1.0,-0.13656334793126976,-0.10393916931114322,-0.3343025739102098,-0.0025380590065500084,-14.070792624120799
0.6272278429980072,0.30096670459323954,0.08037761090731825,-1.5486983830391354,7786.321443996317,1.0100236981971116,0.9233353259462873,242913856.97339785,4460747.638752834,357374.2869891715,565172.8152220414,2.561785696666954,0.0,-0.4894653043011835,-0.43482718477795856,-0.4876428606666092,1.0,90.0
0.9873177862166044,0.5031710480094899,0.20589803529770032,-0.8406961949431069,7864.959984646284,0.9436550303728026,0.9497678942055922,270986834.25764674,7087764.607314021,379195.7683685749,628622.1759248937,2.29561947278236,0.0,-0.4582917594734644,-0.3713778240751063,-0.540876105443528,1.0,90.0
0.6052142948678422,0.8306756823290555,0.33361315533990127,-2.4038465474507817,7890.588373460346,1.0278711425449476,1.059813179728289,182760682.69122162,6751207.573695098,320520.05467013665,517214.2916080192,1.9622729541694048,0.0,-0.5421142076140905,-0.4827857083919808,-0.607545409166119,-0.001797423361286026,5.6914852728078955
0.800147567519422,0.5050764490882721,0.7058794085533705,-2.506731227386838,7825.065954710657,0.9851298308045717,0.9258592503170233,90288040.6739366,3400585.7782111154,303835.75991616945,483312.1397705618,2.3161788963657353,0.0,-0.5659489144054722,-0.5166878602294382,-0.5367642207268529,-0.003022755919283371,3.7798523327553966
0.41310955702488394,0.7768694520371312,0.13305816343004714,-2.368984157461154,7868.043777941628,0.9304478754388407,1.0296504933429174,211959824.41352403,5880501.935563373,380772.0747688001,579048.5542970875,2.3289870861636026,0.0,-0.45603989318742844,-0.42095144570291254,-0.5342025827672795,1.0,90.0
0.011326543691046244,0.1542963330081341,0.8576589169712242,-2.273555667725822,7802.572548792899,1.0700622823029418,0.9553993146713536,91003691.55565053,2925171.792648577,387051.9760369413,524954.2894219427,3.599023339746739,1.0,-0.44706860566151246,-0.47504571057805733,-0.28019533205065217,-0.004668378565173836,-27.56288526074804
0.1848790738276429,0.9846480536324929,0.7600742282223485,-2.4474616302572674,7740.1830911603065,0.9741221832564232,0.9806020390206844,95010741.32426956,2703098.6301536574,472093.5385408603,666586.2401721765,2.931268499201568,1.0,-0.3255806592273424,-0.3334137598278235,-0.41374630015968644,-0.0032959502127346114,-11.54835677454664
0.6863588161586297,0.14909268211498833,0.5171406612476205,-1.9285243585800091,7855.823601918479,1.078333533300879,0.9708636057763715,141100872.89478266,5374438.238606239,293252.8418444236,470256.6487602417,2.2548837570253335,0.0,-0.5810673687936806,-0.5297433512397584,-0.5490232485949333,-0.0030112676347471036,0.6240077749406048
0.22210014807203077,0.5591566518668388,0.444466626216594,-1.5293297456724617,7716.556529952372,1.095034525351081,1.0312589292951073,174740897.80168045,9004230.890726374,326679.21028372954,479207.3826611821,2.7987621784076,1.0,-0.5333154138803864,-0.5207926173388179,-0.44024756431847994,-0.0028374400978040224,-11.11151771962826
0.9420729669200548,0.4623534687067585,0.04730120744480841,-0.9295513896975858,7776.281735169656,0.9789693583603245,1.0085711856659527,284171819.5814719,4953631.413635069,360833.4287610235,572720.2137930181,2.4277040405673374,0.0,-0.48452367319853784,-0.42727978620698187,-0.5144591918865326,1.0,90.0
0.7212521813405032,0.8628308135416619,0.11578289968748184,-1.8704058927787834,7878.337691705701,0.9603548099294303,1.0527515616989118,256506022.10185277,3929644.676188946,358766.8590504086,552482.0289357154,2.3487052150860688,0.0,-0.48747591564227344,-0.44751797106428454,-0.5302589569827862,1.0,90.0
0.09979699646368241,0.6704698326439648,0.5960181860799633,-2.28485896090621,7830.320430090497,0.9560698311047385,0.9884641292024472,133334833.98083666,3790433.373596507,374232.50241765694,521435.3496123772,3.1166030601384263,1.0,-0.4653821394033472,-0.4785646503876228,-0.37667938797231476,-0.003273128076529112,-17.702829894816336
0.7430094796764539,0.7367360804322769,0.20147031902905976,-1.9123297469123344,7798.810009358418,0.9447453165550008,0.9052538396564533,247449856.66155905,2470904.38819023,385130.58989732707,696378.5037029106,2.5633263226367196,0.0,-0.4498134430038185,-0.3036214962970894,-0.4873347354726561,1.0,90.0
0.2788081776946852,0.23014863806241928,0.7291293595480037,-1.1363108204962518,7839.690356547264,0.9683744006676852,0.9434740179310654,144022808.26214826,2004049.8759132894,241985.14844498408,353988.8121394891,2.754251814543344,1.0,-0.6543069307928798,-0.6460111878605109,-0.4491496370913312,-0.004020993695838764,-12.451777128071065
0.1401170405310061,0.7636725791952271,0.0932171289972621,-1.3980370420038206,7903.661660215819,1.0054974577238045,1.044892622492721,315116367.7979949,3811636.3491565175,402262.43280420103,593577.6160513494,2.714325131282884,0.0,-0.4253393817082842,-0.40642238394865055,-0.45713497374342316,1.0,90.0
0.5271649205588376,0.11764709910855464,0.5016789862530148,-1.9492348934676067,7838.151677345165,0.9228255949693626,0.9821273486728491,161019199.03330836,14650352.65180961,294163.7982984661,460215.0159122722,2.2470700883137926,1.0,-0.5797660024307627,-0.5397849840877277,-0.5505859823372414,-0.0031974534088305305,-3.6572113451819703
0.8106754770732357,0.7422536927280181,0.07691894267198873,-1.9708092024142012,7800.689638314544,1.0387817308124299,0.9451485950897146,205096913.65832195,7919513.113566161,376504.57380541164,585720.4375610023,2.6725305216410744,0.0,-0.46213632313512626,-0.41427956243899766,-0.4654938956717851,1.0,90.0
0.19463167150794133,0.003954951311951402,0.2417985411271314,-2.0166730564497914,7710.887491124142,1.0001748873955572,1.0034751856830832,139196990.75478256,3912527.1906024856,413080.56926644,627888.6134583706,2.598677018079327,1.0,-0.40988490104794284,-0.37211138654162945,-0.48026459638413466,-0.0025546903314930354,-13.092545335331273
0.5783681193353883,0.6047138629892264,0.1992986848555884,-2.8262969888393794,7855.911030198507,1.0184348086994481,0.8996072316479138,146433326.31894505,3559022.288100757,488964.81370621757,829744.8010254522,2.3217699423578226,0.0,-0.30147883756254634,-0.1702551989745478,-0.5356460115284355,-0.0009965912577421443,9.044329502430983
0.16418453304302127,0.3775857686112112,0.5978372433312371,-3.436082769740815,7750.630052219251,1.1196566641516243,0.934000923095862,64616155.13064532,1660674.934498893,597521.5004522644,853103.974588358,5.841890406615251,0.0,-0.14639785649676507,-0.14689602541164204,0.1683780813230502,-0.0035963213234375497,-16.254205173123356
0.18138844783408745,0.35374608139240227,0.2247759268683393,-1.913075373211366,7856.587118340644,0.9966274428914141,1.040790207801251,243994452.2158579,1910808.8129620682,349674.52782424603,533619.6368461433,2.342422071660855,1.0,-0.5004649602510771,-0.4663803631538567,-0.531515585667829,-0.0020730736634246905,-10.226879394333508
0.14181759175251857,0.9816221722765875,0.8594816875711132,-2.2014830872962072,7770.321023412071,0.9862993050670726,1.0200613467476314,109882066.77974951,3395377.321071824,381448.3057904691,530917.8694101301,2.970980269594379,1.0,-0.4550738488707584,-0.4690821305898699,-0.40580394608112413,-0.003527307862254354,-13.881185346958919
0.7254242463315116,0.7664280879591631,0.17385916937064114,-1.9117338024918475,7826.159989717317,0.9752722386205264,0.9797021246948356,216365331.4532263,1916821.3005472105,362078.24135538854,560215.7630627832,2.4974187115328697,0.0,-0.48274536949230207,-0.43978423693721685,-0.5005162576934261,1.0,90.0
0.9528970823263171,0.18157308659064617,0.4193019294830122,-1.3871469585705145,7844.920574890194,0.9588361837038082,0.9902546325729012,190156021.2454058,7572176.068810482,275582.1832292843,463342.6892865726,1.8281999805504128,0.0,-0.6063111668153082,-0.5366573107134274,-0.6343600038899174,-0.002393733823824407,7.493260948631196
0.2202654343463646,0.9120384557652966,0.3778356876500862,-1.763444820039705,7840.493721707559,0.919510203576561,1.0331892758794288,243175377.349813,2881392.946540693,331287.9932940373,492311.7567303848,2.299342196212498,1.0,-0.5267314381513752,-0.5076882432696153,-0.5401315607575004,-0.002177940619507367,-7.255489780076243
0.5489151632095631,0.5447222314328545,0.7724099810228754,-1.7360791151416772,7879.410759975394,1.011327464239158,1.0107081377914975,136772969.92334175,1625127.6164187582,285386.6754249748,436644.9179227311,2.431354690772835,1.0,-0.5923047493928931,-0.563355082077269,-0.513729061845433,-0.0034036600842356195,-1.8843228091231694
0.26012074142654884,0.6300690626880049,0.7899677133095656,-2.4429042491940756,7857.2406419226745,1.0413145621309998,0.986696517201609,98699239.21223506,3316842.3124116384,336894.43644946686,486433.95180328534,2.9312444179451087,1.0,-0.5187222336436188,-0.5135660481967147,-0.4137511164109783,-0.003704464669723466,-10.77915820616597
0.7338045897988064,0.29450424216579346,0.06139421721931895,-1.8007589241740594,7837.303585197827,0.9801711482425823,1.0308088520911554,245384936.09062147,3406793.235383063,329966.90575197386,524747.3917123238,2.3220372905370645,0.0,-0.5286187060686087,-0.47525260828767624,-0.5355925418925871,1.0,90.0
0.7482663413022137,0.6325843445382724,0.05841227295863025,-1.3516317912844789,7921.681975967029,0.966942441776792,0.9972227068881251,273734117.9600208,3764879.954837832,338166.27285613865,526847.7934501015,2.3812758134254004,0.0,-0.5169053244912305,-0.4731522065498985,-0.5237448373149199,1.0,90.0
0.3124853483902945,0.8573369420200012,0.9780798578724469,-2.5390680611354264,7885.3841390816715,1.0231586189377089,1.0621227817192636,100150031.20559186,3454648.8364726626,325149.252802572,472201.9345380115,2.668358081969294,1.0,-0.5355010674248972,-0.5277980654619886,-0.4663283836061412,-0.0036850768518353234,-7.342535999012174
0.4634327551677393,0.21059382867699325,0.987745680074915,-3.0588308794526564,7747.802040130406,1.004249117064597,1.0562749776930938,51356685.072692975,1941044.5203094475,373610.9401607054,569942.8623218451,4.310773641221753,1.0,-0.46627008548470655,-0.43005713767815484,-0.13784527175564937,-0.00422232960607969,-5.953039534056401
0.931039245141917,0.9897848295235426,0.7974092568394511,-1.6819388623939244,7847.927169013144,0.9292087772493202,0.9760718812819978,163934798.18137124,2266988.6230876353,237383.27281376123,375419.91668886796,2.067673253997119,0.0,-0.660881038837484,-0.624580083311132,-0.5864653492005762,-0.0027320418899724795,7.963218294252172
0.7890298083640646,0.951490256471364,0.479611683651175,-2.110725191228782,7830.110555064424,0.9613733674839386,1.0245214815004742,174143737.72388187,8059067.485161425,300483.8765242198,480692.9849897597,2.016320458350787,0.0,-0.5707373192511146,-0.5193070150102403,-0.5967359083298426,-0.0020997698772950895,7.451795986864731
0.05973158980755437,0.5992742564660692,0.6840957539325137,-2.1246801102980077,7804.879312494353,1.016426166983984,1.0267752449705327,126284545.72617745,3890076.4535769257,339639.35591616144,465631.06964571384,3.305012287268058,1.0,-0.5148009201197694,-0.5343689303542862,-0.3389975425463884,-0.0036250515852957787,-21.018143794701768
0.4216795472385235,0.7086181378502732,0.6536814765375217,-0.8003478259702286,7837.818189896677,0.966177556880897,1.0342535886526087,195004132.81189483,6268079.877937157,321772.51584602764,481415.0006210335,2.4307036317069435,1.0,-0.5403249773628177,-0.5185849993789665,-0.5138592736586113,-0.0031296764767830415,-4.324279266111091
0.38663666124873225,0.8711210964243146,0.3707349107176834,-2.8176885134171314,7844.508025560519,0.9914716649213241,1.0376844915085972,121611891.48347944,3081283.0672527915,483830.75983458076,743111.1934104209,2.259556585361972,1.0,-0.3088132002363132,-0.2568888065895791,-0.5480886829276056,-0.0020848560130585156,-1.2469952240694937
0.9331040618577681,0.9097783804056873,0.9584640422661942,-1.7396894874884419,7826.121945019654,0.9680552794435485,1.0549025014998368,142163044.61734676,1532666.3627091825,254781.3797016748,404803.55302416615,2.062134068270886,0.0,-0.6360266004261789,-0.5951964469758338,-0.5875731863458228,-0.0030122095852611374,7.650345806804571
0.3096200747340841,0.1563340027390873,0.0010791022896089579,-0.5143069048777282,7816.378284420692,0.9115605206918257,1.0780166400276103,46336326.57826294,7842180.401654316,36912.03805596563,57359.292072120974,0.003144158281925651,0.0,-0.9472685170629062,-0.942640707927879,-0.9993711683436148,1.0,90.0
0.2747652485153419,0.2683545003143027,0.28410832231017724,-0.8964777556021313,7719.540698565196,0.9949001153452024,1.0442888115515057,248581218.52792448,3568036.6577562764,297358.11193929036,454941.17857903487,2.320913802552479,1.0,-0.5752026972295852,-0.5450588214209652,-0.5358172394895042,-0.0024352830854457493,-8.54687067863993
0.8277309332604912,0.2730990654889152,0.3378824992036253,-2.59067903130241,7760.49043592584,0.9944037440922243,0.9720980308774885,102627259.48840342,3167376.282505381,394159.0719574914,656972.9473654544,1.9961428391394953,0.0,-0.43691561148929803,-0.3430270526345456,-0.6007714321721009,-0.002154037005967911,6.661036071043135
0.5839549365254109,0.32628552650279474,0.8410957985747471,-2.7041437795163477,7832.142709703562,0.9607500423973855,0.9115165140305669,72730093.39937577,2720175.2040492184,334372.8661382515,517943.98537077487,2.42380322003209,1.0,-0.522324476945355,-0.48205601462922515,-0.5152393559935821,-0.003686310541921102,-2.10397234647586
0.8739025946945889,0.534982230000665,0.17285479204083254,-1.6706475542113093,7776.935722851521,0.9371146740726963,1.0631210350682574,224466659.52430004,2427389.030517166,269508.375525047,425309.5577853954,2.117970872639056,0.0,-0.6149880349642185,-0.5746904422146046,-0.5764058254721889,1.0,90.0
0.3195801435746996,0.9833205651599632,0.580419819174902,-3.0902363754053193,7784.385071065561,0.9264557062778029,0.9819462985553004,89028251.64852814,2185637.4369486272,573546.3528846947,841418.6629641771,3.7885183519113013,1.0,-0.18064806730757899,-0.15858133703582292,-0.24229632961773975,-0.0027437242080148886,-5.47174974501235
0.25155215594233993,0.9837360505356546,0.28837369391137874,-2.8573040231346014,7819.635966144289,0.9330811438500777,0.976044891072639,137120590.57791618,2958550.8934171307,583993.6212371831,899499.2959920757,2.1987371291240727,1.0,-0.16572339823259558,-0.1005007040079243,-0.5602525741751855,-0.0016535429601211337,-2.556005857843161
0.48680725210074866,0.8325636951198373,0.33855274435647026,-2.130195675711818,7854.165741490673,1.0245185776844608,1.0256640636883538,200817235.202088,10643300.941886364,344918.348806794,544602.4740386826,2.1795264621621038,0.0,-0.50725950170458,-0.45539752596131733,-0.5640947075675793,-0.0018816574637729139,2.3192788109291342
0.3314883333287942,0.36538662967053276,0.7165571601442348,-1.723194124041,7843.32497189367,0.9806619050842245,1.0318526088258135,146382569.0093535,1610974.90016744,309332.98288111563,457162.6734211609,2.5987086262787105,1.0,-0.5580957387412634,-0.5428373265788391,-0.4802582747442579,-0.003758970234047534,-9.590584429675197
0.9146278219061473,0.9301221066344387,0.7036219554618942,-2.0529392149494687,7808.9728905671955,0.9437495461703187,0.9833563633648081,142801439.1644387,6558460.950657145,247314.84314590355,392930.8651535621,2.1167780720014817,0.0,-0.6466930812201378,-0.607069134846438,-0.5766443855997037,-0.0026120202419421716,7.584656500955752
0.3958373124920639,0.6733021282285552,0.8189663960811002,-1.9303939550989941,7807.4658203326835,0.9567042940643053,1.0556986677774516,140789997.52902323,6849214.419679561,260927.50919138698,388062.78264929407,2.3864762583389827,1.0,-0.6272464154408758,-0.6119372173507059,-0.5227047483322035,-0.003547980683393598,-5.573377075435431
0.963231263366517,0.9620664814636519,0.43206312984458917,-1.6990331360081337,7891.005346011558,0.9878433132380015,1.0233919831039744,215448233.3809526,5524358.566465855,307645.78448530316,506958.37230170134,1.8834991274100823,0.0,-0.5605060221638526,-0.4930416276982987,-0.6233001745179836,-0.0017861105812260773,11.54484706138799
0.21217627001042028,0.15734432505765314,0.6531296920558882,-2.453153543999866,7883.026785501486,0.8875025750080654,0.9712193439252854,116436314.56143555,3757015.282892787,332991.79339423607,481523.4293677119,2.7809979541171685,1.0,-0.5242974380082341,-0.5184765706322881,-0.44380040917656627,-0.003987183233843963,-15.551966340106851
0.8332543838271566,0.3629045300876401,0.22650377988521803,-1.9751795758751987,7797.406366722137,0.9931988003683275,1.0109677598771643,204558896.79171032,17622330.532789424,334147.7700812987,578987.2764764507,2.027486038488557,0.0,-0.5226460427410018,-0.4210127235235493,-0.5945027923022886,-0.0012172717075183853,11.40459066777684
0.12420302137976429,0.4266178322787498,0.6344383877855994,-1.7258399074679316,7698.290024149911,0.9489003787147146,0.9557318456236008,124720966.07605442,4341011.283199024,312218.06418020744,439185.1067362705,3.1061016584041967,1.0,-0.5539741940282751,-0.5608148932637296,-0.37877966831916066,-0.0036718100691717176,-18.19284859039328
0.013561577882201853,0.6800420458967263,0.6426095858626276,-2.111323299885117,7844.942618644492,1.0288592370431844,1.020945324151418,152207235.4019965,4680719.394023906,345126.4853017962,467694.7808451635,3.4331084677967167,1.0,-0.5069621638545769,-0.5323052191548365,-0.3133783064406567,-0.003379739959537221,-23.416596707776527
0.5063654721839415,0.31403588669536886,0.43729748139161956,-1.622702077100025,7767.977994726191,1.0380570315634507,0.9949974439944664,167789273.84605604,2226935.3320885496,301306.07929332816,470188.3113540715,2.416726852413293,1.0,-0.569562743866674,-0.5298116886459285,-0.5166546295173414,-0.002824827459206878,-2.6202419606769887
0.46769637313749163,0.33283479455539955,0.15101349476240744,-1.6741309479057822,7850.464722437632,0.9770617413564936,1.0344409604275089,283485476.67364216,17216085.972146753,389652.42225411354,658346.857879429,2.126266424488922,0.0,-0.4433536824941235,-0.341653142120571,-0.5747467151022156,-0.0010541643361431621,4.896901133433516
0.9200982915025564,0.4870646350306592,0.2577959652881329,-2.7873910409262015,7792.213808211442,1.0242191806553975,0.9766162184850076,120062888.82481778,3295755.661303434,437775.4098285383,758518.625489043,2.1417825579302723,0.0,-0.3746065573878024,-0.24148137451095705,-0.5716434884139455,-0.0012359284714077781,13.081103376015111
0.8426497046047297,0.6310051255744583,0.4726798587796211,-2.7310650206857616,7816.829724526454,0.8870181124237071,0.942723307042104,110594782.14857097,3340607.3010625355,394413.9001155047,639317.2284419168,2.021847172427913,0.0,-0.43655157126356475,-0.36068277155808326,-0.5956305655144174,-0.002308560302143335,6.7676484902853
0.1387242868746043,0.2293328211767056,0.13731208053543617,-2.412924129430702,7931.348243036219,0.9388198524518321,0.9493062670187891,269072725.8499652,12830078.08450291,470729.6488571896,744801.5634322071,2.2548646534854977,1.0,-0.32752907306115775,-0.2551984365677929,-0.5490270693029005,-0.0013844541332950462,-9.226590304745862
0.22329427069175456,0.5787605937437452,0.8277571434325562,-2.362322989969961,7752.273499949229,0.9381932904964612,1.0254171224919622,90007324.65071698,2908778.0012192107,394560.4031556705,565772.7032734534,2.5552436813597805,1.0,-0.436342281206185,-0.4342272967265466,-0.4889512637280439,-0.0038874237022933976,-12.670544314697317
0.9591492588881121,0.8475047997719865,0.8017746735906406,-1.5029642770341094,7815.541004853001,0.9122689262644882,1.0501368703835505,167581982.53138304,3075533.82638675,207930.09427874204,332293.9483051683,1.9406292754415433,0.0,-0.7029570081732257,-0.6677060516948317,-0.6118741449116913,-0.00281733947349662,7.811608979843438
0.7530780053107201,0.2895349153607248,0.8034048646984953,-1.5144110650388758,7907.405596988858,0.9761661062842081,1.0428077035453258,126596612.49789211,1826810.4355711213,255324.32050751374,406087.45352513384,1.976699640798927,0.0,-0.6352509707035519,-0.5939125464748661,-0.6046600718402146,-0.003419526317721126,1.7725321557699374
0.615214957289534,0.0478643367468933,0.5125339754123425,-2.3204990089742346,7914.067941698635,1.059261513597776,1.044826402296292,131404993.1949721,6533827.108963434,244652.53021000428,389399.05056813546,2.1927113230770914,1.0,-0.6504963854142796,-0.6106009494318645,-0.5614577353845818,-0.0031830740114162487,-1.6355799490619738
0.3667037818711895,0.7202936371886688,0.11678622222568434,-2.872604888009625,7828.559884649531,0.9474399357761999,0.9713535281713372,137177217.19878554,2864009.105793653,613034.8449420269,930409.8752341979,2.416939588546552,0.0,-0.12423593579710444,-0.06959012476580206,-0.5166120822906896,1.0,90.0
0.6138737040841288,0.6500908067236582,0.20713443294992143,-1.156836555951309,7957.7323037155675,0.962876487051728,0.9981312843276536,297576876.1797935,3640234.6439924105,354589.4139902211,606902.6851267335,2.1740499138558698,0.0,-0.49344369429968415,-0.3930973148732665,-0.565190017228826,-0.0009474036358889949,10.334821233449308
0.5842532705798129,0.6438556321737113,0.6389914431421834,-1.3840832538360934,7831.726384059863,0.9706487745131689,0.9782497295269905,167156343.4226082,2906986.415419368,241977.74293738967,373382.449579457,2.3129605394530928,1.0,-0.6543175100894434,-0.6266175504205429,-0.5374078921093814,-0.002985041090618269,-0.1449607729141391
0.5794977330244114,0.6372156454453479,0.7293572399432089,-2.27579002175501,7881.998713958838,1.0102547746692552,0.9518439736577748,123019949.0490435,5177202.564320974,234769.04937783853,360889.96045658685,2.405585742014206,1.0,-0.664615643745945,-0.639110039543413,-0.5188828515971589,-0.0031969895957506345,-0.5630641176463484
0.046100701822062023,0.008197725505916804,0.3388308402821126,-2.192218119944049,7907.824640099903,1.0160381572044468,1.0175834921854894,218251228.88603827,10498846.172671935,400336.0138256884,576238.2529095934,3.0164001298199916,1.0,-0.42809140882044516,-0.4237617470904066,-0.3967199740360017,-0.002946844399703909,-22.706463607909043
0.6898105640434529,0.5212715600051029,0.8891164184566919,-1.8395490206683847,7872.681925556793,1.016506993214663,0.9216624812034377,125501427.39419748,2015764.7607781417,281862.63886874984,441670.3074511083,2.346491559385073,0.0,-0.5973390873303573,-0.5583296925488918,-0.5307016881229855,-0.00344687071104687,1.4927542445602704
0.15324496257902723,0.17511036612540673,0.050155108744755046,-1.8815738732323857,7842.988347060245,0.9997290137603357,0.9891900622654173,280564083.92232084,2414547.2418152047,400967.8483860927,613721.6840214845,2.6694874214614224,0.0,-0.4271887880198676,-0.38627831597851553,-0.46610251570771555,1.0,90.0
0.11455243659453852,0.7579505717394762,0.6674615099601087,-1.7565081395190922,7867.169273866297,1.0505582508799385,1.0626806546854373,171761806.2213412,1675802.8896017147,362677.22992399096,504869.66315363854,3.0961924863221526,1.0,-0.4818896715371558,-0.4951303368463615,-0.38076150273556947,-0.003379543969635906,-16.589352789152983
0.9687116473289152,0.3003931034743022,0.12252318113955528,-1.8458151418989832,7846.703620379361,0.9420897479129458,0.9505917663765585,222891086.58171812,2780128.707353261,289700.6368380552,464649.09139548364,2.2725879894757566,0.0,-0.5861419473742069,-0.5353509086045164,-0.5454824021048487,1.0,90.0
0.1807432664595838,0.8319620501253595,0.9991020196788406,-2.304308798450876,7843.617643163299,1.105449703451172,0.8387920992090476,94110069.29096027,3241839.694351039,331806.6145064004,467081.9185725762,3.4691296481058567,1.0,-0.5259905507051422,-0.5329180814274237,-0.30617407037882866,-0.0038949446765718706,-13.110344725209995
0.7381298213350602,0.8561790959326563,0.5841587162978348,-1.4743935029850395,7893.454920992608,0.9571240409332137,1.0591712497609997,194244366.77503017,5189526.9272538815,288739.75227806193,453924.7973342758,2.0457794214269165,0.0,-0.5875146396027686,-0.5460752026657242,-0.5908441157146167,-0.002524915336286157,4.732631132626793
0.4390127868887777,0.4848641000685265,0.3591305817308411,-1.2659175069571924,7808.702952712813,0.9640216186830971,1.0349380272518454,225152467.669498,12942059.778156921,362913.67277312273,564777.5482218311,2.168402825244138,1.0,-0.4815518960383961,-0.43522245177816893,-0.5663194349511724,-0.002419462937007711,-2.4741679904418206
0.24675637251733532,0.012808041972366522,0.04537191331944904,-2.7212703133211784,7819.536310536239,1.0849338636615724,0.9503649361191583,135814880.28738213,2923607.515812693,591669.5944161977,922846.5975629523,2.696946074213807,0.0,-0.15475772226257467,-0.07715340243704769,-0.4606107851572386,1.0,90.0
0.306822962136522,0.5755144348338972,0.7738736766071781,-2.2056551793796246,7796.172334803152,0.9778265954940596,0.9793181760055303,103775105.2646229,3697388.2786881025,305750.3670954635,446675.44390072074,2.755360259674615,1.0,-0.563213761292195,-0.5533245560992793,-0.44892794806507696,-0.003679118558986341,-9.29698167624274
0.27228715469589054,0.8412828174700103,0.927388614979699,-1.7140684258751018,7858.268167337896,0.9744510456696271,1.0525636663133182,153103618.52017313,1630341.8463774426,315214.60707478796,454812.64674193424,2.655014135111635,1.0,-0.5496934184645886,-0.5451873532580658,-0.46899717297767296,-0.003681150638142918,-8.89042261390659
0.05080130444917717,0.7583101743679657,0.6087780991683914,-2.794159502638766,7794.522242404718,1.0114015704842507,1.0799513377748604,98761157.88006534,2386606.9274535277,572745.3434735441,785306.9066861006,3.419890251891426,1.0,-0.18179236646636557,-0.21469309331389935,-0.3160219496217148,-0.0032061449206810377,-20.11609761479916
0.10808744701564259,0.9544282391982104,0.08821800634348098,-2.5274322330369188,7821.471317922244,0.9401277788765349,0.9952138920971206,186518374.5953187,3589590.506902839,598979.9286621475,870502.9766550112,2.8754127077022997,0.0,-0.14431438762550358,-0.12949702334498883,-0.42491745845954004,1.0,90.0
0.03057887532093675,0.5426336873019112,0.004151019076849422,-2.024488752811564,7831.220514520485,1.0368733674123265,1.0015850997089657,312337010.3656749,14050550.611852659,538480.1081152983,790123.695821234,3.234324951630213,0.0,-0.23074270269243097,-0.209876304178766,-0.35313500967395745,1.0,90.0
0.8885213703397802,0.8990632209953101,0.27434031703247863,-1.7217692177539161,7945.227601272217,1.060904235945016,0.9821897360416965,232423876.17341122,10707193.097673845,420837.58458519675,733103.1020378676,2.1885504365077835,0.0,-0.3988034505925761,-0.26689689796213234,-0.5622899126984433,-0.0008798698109530033,16.45987562846996
0.9933703134795492,0.5848146703271083,0.8483008073464621,-1.2983348750853727,7774.331065649844,1.00752383098695,1.1309444906107042,139860876.79022932,2462928.2986954576,186953.84602208095,302699.97869856085,1.8592256995387813,0.0,-0.7329230771113129,-0.6973000213014392,-0.6281548600922437,-0.003028044789471541,7.43938515812874
0.39146082260070597,0.7178339255813653,0.19594273805137394,-2.3875165434301877,7792.376774087335,0.992061494078962,0.9220791862746457,172162015.93519396,4318457.430765535,423764.45651448215,697825.8811500327,2.225164441084832,0.0,-0.3946222049793112,-0.30217411884996725,-0.5549671117830336,-0.0010839149212590225,4.384447615212501
0.7118300185628673,0.5842695193014925,0.8117758798244996,-1.5382957168167302,7735.87281886307,1.0150835057522527,1.025287068719711,145434292.03906906,16514750.996841678,214393.19516762908,335992.2068375744,2.206817247768194,0.0,-0.6937240069033871,-0.6640077931624255,-0.5586365504463612,-0.003250228027229624,2.1808375430697033
0.8986744133414191,0.44696515018244654,0.19295447152919729,-1.6690394830475086,7820.560089084526,0.995454685187737,0.982685022036507,269135135.90666735,15931529.577105114,359936.45669050666,660708.4910477578,2.398890802828935,0.0,-0.48580506187070477,-0.3392915089522422,-0.520221839434213,1.0,90.0
0.4661720538954897,0.08298998184073558,0.6185508247125983,-1.6426750259711316,7731.32775569696,0.9776953047555808,1.0323732604724227,129408275.29425004,7013818.130105566,234968.1110076,361319.1617685709,2.3452960786534964,1.0,-0.6643312699891429,-0.6386808382314291,-0.5309407842693007,-0.003631594337579196,-6.293231053831644
0.6291990654055806,0.8910308472129765,0.9058313797641985,-1.9963103296739346,7778.137636398817,1.0171798987331047,0.9540415276224895,110711016.27301967,4768260.131862647,217144.92863791154,332956.66667110735,2.3704246968185876,0.0,-0.6897929590886978,-0.6670433333288928,-0.5259150606362825,-0.0032138699541426215,1.9897222575760942
0.6645285873239765,0.8077548034187834,0.892798530042368,-1.7990746749599005,7753.465999998894,0.95658216234748,0.9687779946852573,126868553.38607694,6251576.600702448,227798.3820167356,353150.9226077732,2.27406758566119,0.0,-0.6745737399760919,-0.6468490773922267,-0.5451864828677621,-0.0032343654944411927,2.415493052210408
0.44409004616591036,0.6718244257375101,0.735868236940027,-2.4367757841499884,7817.924353029683,1.0277931569307563,1.0551660912312768,95526424.59432955,3346308.359575328,327937.5746800788,491368.3713077892,2.521565099083904,1.0,-0.5315177504570303,-0.5086316286922108,-0.4956869801832192,-0.003329723090485058,-4.069282381754132
0.9799760235001853,0.9593271512781786,0.8677555027278202,-2.2511799482368984,7829.925407862225,1.0241287753569106,0.9865254734543458,111570563.26826736,4765636.408281231,236873.92026410875,376858.2727045582,2.1545229264179038,0.0,-0.6616086853369875,-0.6231417272954418,-0.5690954147164192,-0.0028287517910927876,8.57646955741947
0.9098709170550496,0.6143309144436113,0.7565790534632009,-1.6764996398975094,7911.27155293062,1.0084166648650867,0.8840774203662269,134660936.16420418,1819407.3762690038,270256.69754236937,433077.70997792296,2.2764045721637935,0.0,-0.6139190035109009,-0.5669222900220771,-0.5447190855672412,-0.0029349704529008226,6.149535105881778
0.9975821606808357,0.3476284576668365,0.4273907243365111,-1.7995488602239762,7898.026107433339,1.0434680796332394,0.9629304797147642,174037327.014049,2628931.800759523,253513.25141501898,425015.29065156105,1.9794346907052898,0.0,-0.6378382122642586,-0.574984709348439,-0.6041130618589421,-0.0022436057895080797,8.969152774771507
0.6967928710456502,0.8765855902929874,0.040968674654175634,-2.8706460976821537,7754.677080953374,0.9482284621342769,0.979783604264739,119849837.48164637,2513906.762280871,660068.4670451911,1013785.4832810843,3.424994983162561,0.0,-0.05704504707829844,0.013785483281084336,-0.3150010033674878,1.0,90.0
0.3357553262730369,0.20197258103500143,0.5942999172770548,-2.256707653864233,7867.0385932497,0.9937645877220399,1.0215679253711532,123731416.55851921,4738320.460595263,256336.0488207342,382103.97197935963,2.486872820566526,1.0,-0.6338056445418083,-0.6178960280206404,-0.5026254358866948,-0.003616310087877865,-9.968393133584065
0.5333495461932245,0.058569844324389615,0.2053300178698084,-2.830350993012218,7817.785316880447,1.0030877638882025,1.0586753692454316,120682374.74825841,3199072.9192528664,459154.8677985093,752861.3771779672,1.9446708575651284,0.0,-0.34406447457355815,-0.24713862282203278,-0.6110658284869743,-0.0019736347716286145,0.6465834550560672
0.4458677619738956,0.32238017277897607,0.3271571763745396,-2.3936816778742998,7875.6274183345395,1.0053320949102136,0.9418086214572815,152576935.92974547,4942016.068643689,316523.3271999812,495629.11927184096,2.2991454672491445,1.0,-0.5478238182857411,-0.504370880728159,-0.5401709065501711,-0.0024492462047048923,-2.886163737454492
0.9802044708842711,0.5284884917540551,0.4980915352253932,-2.042353329750186,7901.241021739571,1.0070997418024448,0.9963597133520531,163706316.40965936,1586011.2864343883,281786.32681110734,464878.41611274384,2.0276839509561637,0.0,-0.597448104555561,-0.5351215838872562,-0.5944632098087672,-0.0023488235212497906,8.525043067623525
0.48191448937693115,0.04856306581085345,0.34202041513304776,-2.063854668817052,7786.445946668175,1.0179970289988725,0.9861225632939774,139921135.0145192,5186425.259980348,253846.99327067507,400549.74317879556,2.2611484233340833,1.0,-0.6373614381847499,-0.5994502568212045,-0.5477703153331833,-0.002783135934008384,-3.847809851030295
0.8499511390333198,0.7841633334506377,0.5372774881590497,-1.6606673065210344,7828.845698356762,1.0163893625082925,0.9851341744088795,172671369.13927588,2334488.5991436974,235194.80228706583,376589.73098954506,2.115423273975456,0.0,-0.6640074253041917,-0.6234102690104549,-0.5769153452049088,-0.002369765083301136,6.92455371142837
0.8258941732462649,0.34825019370872307,0.8147834423853401,-2.0542242605458387,7862.232235083997,0.9031882973898036,0.9704172423397895,131770745.77265361,13244641.120268505,234396.93224498956,376431.54681847105,2.0220747874197444,0.0,-0.6651472396500149,-0.623568453181529,-0.5955850425160512,-0.003303781633254466,3.540838314389269
0.576255442709484,0.4380024579384202,0.41467582329113345,-1.5501525833480905,7829.379835982703,1.0083284657845446,1.0221780274860335,190296809.3279425,3229138.770100914,259400.75536031235,410350.3164178894,2.1844642700382826,0.0,-0.6294274923424109,-0.5896496835821106,-0.5631071459923435,-0.0025483598356211105,0.34196472940033473
0.8285668783159656,0.3990224239303759,0.03902041630694111,-1.454168257933742,7853.0025614870865,0.9775349636825249,1.0178469365282585,268189816.19086236,3952657.7666758318,342365.10732972075,542768.1624434124,2.3969803558695353,0.0,-0.5109069895289704,-0.45723183755658764,-0.520603928826093,1.0,90.0
0.3638755720407575,0.854894183996477,0.49675338469571123,-2.006344597541419,7839.840537209968,1.0753733571894284,0.9331364419796278,169264974.01980418,7747736.722429547,324740.40710042213,486060.4135840934,2.738528754741835,1.0,-0.5360851327136826,-0.5139395864159066,-0.452294249051633,-0.0025913177743208536,-4.124311354341508
0.11350712353795643,0.5214740586292023,0.7904927364417412,-2.3533611202480644,7874.801455341012,1.003813009596525,1.0128195377993696,115098829.57865182,3696330.293561678,327132.5622361547,455208.19601857656,3.163347941341773,1.0,-0.5326677682340647,-0.5447918039814234,-0.36733041173164543,-0.003985401828107549,-18.521829732272145
0.7269560682001034,0.43388187198612477,0.9828245055542675,-0.7094000136906276,7827.137751875818,1.0051968398630882,1.0677762461432012,129935809.84993783,2377944.044405261,179473.28053807677,284741.5382983522,2.040872991364855,0.0,-0.7436095992313189,-0.7152584617016479,-0.591825401727029,-0.003592843075788786,2.1629194283258677
0.03671309621196869,0.4370013282676772,0.036987999078921384,-1.815503754164879,7828.395771575523,0.9895245843403128,0.9585319064195444,311057306.0889529,2861033.505093958,494629.5294455816,731530.3573320577,3.051862661249169,0.0,-0.293386386506312,-0.2684696426679423,-0.3896274677501662,1.0,90.0
0.29150757703917657,0.6394042105232051,0.0019386441882283613,-1.9150727737671787,7832.2905446405875,1.0261894734680437,0.9337485504196058,269441658.1268311,1686915.4694792943,422141.8695709985,639498.6825496132,3.049288321116678,0.0,-0.39694018632714506,-0.3605013174503868,-0.3901423357766644,1.0,90.0
0.9514976313387442,0.07206968221833909,0.0578610284458654,-2.4196538654825996,7837.144686549004,0.938032529134144,0.9823987147952149,165613620.51985425,4845235.353115814,355796.912842411,576086.1335861217,2.1825664634869724,0.0,-0.4917186959394128,-0.4239138664138783,-0.5634867073026055,1.0,90.0
0.5818032783792354,0.34501960482969574,0.9109366368399807,-2.094443218262128,7791.554501254742,1.013582400618563,0.9702614764311298,89381151.0643272,4182469.2668842906,213098.61127400424,329859.69260048907,2.3105889265772044,1.0,-0.6955734124657083,-0.6701403073995109,-0.5378822146845591,-0.003781102794722723,-1.9837616359333587
0.3836947131564176,0.6209511632360916,0.3757412090003802,-2.0255404796525687,7892.495132933175,0.9655187215452012,0.985391556423621,203301900.78177455,1547105.1780937363,344452.6162564061,528124.6296248885,2.397512040911295,1.0,-0.5079248339194198,-0.47187537037511146,-0.520497591817741,-0.002388270721711722,-3.52474398223341
0.2663854967813743,0.9284595663672229,0.33289742542356154,-2.0175088104238994,7888.155689144598,1.0659054360797249,1.0334818473491025,217867738.14534903,1569788.366060402,365918.556953745,555287.5878103132,2.5112360034093717,1.0,-0.4772592043517928,-0.44471241218968677,-0.49775279931812566,-0.001917776494417027,-4.077440237908306
0.8187081067732027,0.12600950588749907,0.7077451471109659,-0.7500340762329489,7896.051369814698,1.0217286027388441,0.9840577158920463,136175471.9078213,2718267.3620091784,200154.0990955538,324901.6065345747,2.0946282596761354,0.0,-0.7140655727206374,-0.6750983934654253,-0.5810743480647729,-0.0032838667833253185,2.723310932508472
0.2973034774969497,0.07824369730375258,0.5253643229663016,-2.489927957868146,7830.034465365511,1.0173555647407724,0.8808849614409753,94102090.12076448,3011693.876439514,379007.88074616593,565354.3325092243,2.9116783066836467,1.0,-0.4585601703626201,-0.4346456674907757,-0.4176643386632707,-0.0035939494479345904,-11.770553796306007
0.494698103816394,0.2248755741920232,0.6384169524116595,-1.6547813734514332,7808.060054404746,1.0692287167774406,1.1085404486472175,136398596.54825544,1775102.3046939515,279552.381026469,429570.03059814125,2.349916985386476,1.0,-0.6006394556764728,-0.5704299694018587,-0.5300166029227048,-0.0034941884123771806,-4.771936072971961
0.8246111866027571,0.699025394646209,0.5988966571240028,-2.7140366537758296,7812.064953294955,0.9593364092816482,1.0163708354910583,94349430.63846077,3090365.106494155,369758.71382261557,588966.5482723453,2.0830449557126336,0.0,-0.47177326596769203,-0.41103345172765465,-0.5833910088574733,-0.0026169938746759555,5.543289857198072
0.04751825032715177,0.3668922105697416,0.8621421904906927,-2.863735155725735,7789.547676115837,1.0092177895334544,1.0578189214339289,77203036.06350702,2144004.9017574852,512082.66485327046,700773.5984008068,4.001634156107691,1.0,-0.26845333592389936,-0.2992264015991932,-0.19967316877846172,-0.004387090264022062,-23.61240820480531
0.9452582150662453,0.8263215265681667,0.330365558033426,-2.109014710377589,7834.133347006827,1.0137164079663996,0.9613967577078689,193158296.67116565,11503533.34798032,328219.31077020173,556550.5657189151,2.0435881931217432,0.0,-0.5311152703282832,-0.4434494342810849,-0.5912823613756514,-0.0014354313935113754,13.33820146132127
0.26166590276838236,0.07968936034544666,0.36026354765324853,-1.7083060752053951,7802.965246351427,0.9829092524720962,0.9785141863906588,190598805.56399393,1547454.038618774,333440.3681716985,502625.50453518564,2.6578978839892735,1.0,-0.5236566168975736,-0.4973744954648144,-0.4684204232021453,-0.003027710107580847,-11.703972211338172
0.8659289285097735,0.64199290169683,0.6803755430719852,-3.2175560060982873,7770.757712675898,0.9453135662215089,0.9088734146587261,67540855.8518074,2056311.7819620147,460409.86676815775,735759.6505891863,3.9168596525537054,0.0,-0.3422716189026318,-0.26424034941081365,-0.21662806948925892,-0.0028073961300922835,5.658193644038171
0.19360761924458722,0.014383879780009207,0.8069901809557488,-1.3267036808700934,7878.397745818989,1.0152590123074634,0.9684629605786613,119389256.41013093,1756535.975918362,318841.58618532564,458820.34304499766,3.0261800616032533,1.0,-0.5445120197352491,-0.5411796569550024,-0.39476398767934934,-0.004614778448208314,-17.614715651628675
0.629732741094472,0.9881248302176495,0.3001265597418174,-2.082572314638948,7772.422139252772,0.933895431972166,1.0277222307779355,201630247.875432,6777512.302606426,314127.6319975745,518027.1862956638,1.812314387157875,0.0,-0.551246240003465,-0.4819728137043362,-0.637537122568425,-0.0013556200187668315,9.267150440654916
0.764565959747384,0.4275841374557458,0.06965117820868158,-1.3152684481290775,7761.591099574514,1.029805659381476,1.0763346642887701,256102433.72526175,7002584.316890798,363360.9027308189,573914.2072593113,2.414090822568532,0.0,-0.48091299609883015,-0.42608579274068864,-0.5171818354862936,1.0,90.0
0.10929598574699007,0.5119412840095668,0.07212393365281716,-2.1081122005716155,7870.4321070012165,0.9497260836351403,1.0210419713844623,287276388.0605083,2691188.805579176,505659.96751930687,753845.7914128334,2.7098187440632953,0.0,-0.2776286178295616,-0.24615420858716663,-0.4580362511873409,1.0,90.0
0.9288560549132466,0.7432281199622044,0.8789421325820164,-1.6684921928178444,7848.167885921281,0.8577604164814909,1.007293322661221,160840659.75390747,2361062.8098402433,227297.01795557578,363348.0871416625,1.880270862272643,0.0,-0.6752899743491775,-0.6366519128583376,-0.6239458275454715,-0.003026314039051004,7.038200676392455
0.2160709428774254,0.1129845308818002,0.36826583058372503,-2.610031819442047,7758.752130855591,0.9899528321182355,1.0113289971970911,100423357.8404376,2660988.627485248,503981.279998643,750648.640789542,2.9039596562883774,1.0,-0.28002674285908147,-0.249351359210458,-0.4192080687423245,-0.0030458477295816104,-13.539279359101972
0.8682153456123922,0.80298034643735,0.039413796107340145,-3.469501089946815,7914.7977009230835,1.0065451008121582,0.987307260193267,113474737.67252488,2294218.1447564377,684175.5535614063,1061806.409508492,3.317619939146601,0.0,-0.02260635205513382,0.0618064095084921,-0.3364760121706798,1.0,90.0
0.6764964673011766,0.14251621725845212,0.25459942094098753,-2.1571364362978205,7812.3857971442,0.9689353402963945,0.9480141414128521,173639243.1257736,6556626.900430571,288970.7249583429,480245.50365457346,1.9566493758596586,0.0,-0.5871846786309387,-0.5197544963454266,-0.6086701248280683,-0.0020409265498435077,3.9494542571667175
0.3730370624799423,0.9471155875596695,0.35566679293453163,-2.2780216004422753,7835.442989698604,0.9836373093637045,0.9427636813799124,170012266.2834353,5067458.238298095,331469.025023185,509773.56047334603,2.305512663904803,1.0,-0.52647282139545,-0.49022643952665396,-0.5388974672190394,-0.0019383171403268462,-0.6212956156506522
0.22721689854857172,0.37701292365399364,0.849002598303097,-1.4021245548766106,7774.532212927404,1.0007590832671562,1.026422157276213,137045877.61200672,1599954.4102839427,298234.5941732508,429679.896874336,2.8081955068217823,1.0,-0.5739505797524989,-0.570320103125664,-0.43836089863564354,-0.004180545608016012,-13.814858125301168
0.7724628894541726,0.283463794919522,0.6483297846677537,-1.7458457243842818,7826.357506015996,1.0732052568117274,0.9798370413700693,130820817.82191306,2162291.9583409494,269413.4373516439,432065.08467170555,2.259025496499452,0.0,-0.615123660926223,-0.5679349153282945,-0.5481949007001096,-0.003103814290878414,2.4993573449388293
0.9809369274917247,0.04536517293999535,0.130748696726843,-1.657606865584674,7783.876009915345,1.044640167828956,0.9420850972122673,192859129.22196436,2047565.560605061,267464.0604880376,434535.1250595036,2.3860751069949493,0.0,-0.6179084850170892,-0.5654648749404964,-0.5227849786010101,1.0,90.0
0.020903351262118345,0.18799646426497682,0.36157047178385626,-2.491232675181098,7671.021291258065,0.9269554749458983,1.0520585796251885,110560558.19733955,2478323.89605221,649022.1377251612,921392.6123523021,3.695915979583749,1.0,-0.07282551753548407,-0.07860738764769794,-0.2608168040832502,-0.0028168513083696237,-23.432494229615315
0.9757967179417595,0.818501990447848,0.4722631607934681,-1.7247796210037067,7875.876885669805,1.029613471556254,1.0090371181391062,189543220.9781425,3268829.1615529824,248062.17848856037,407374.4824134039,2.019264339124167,0.0,-0.6456254593020566,-0.5926255175865961,-0.5961471321751666,-0.002049615996630452,10.131366072302685
0.936549252904685,0.9481760386166163,0.8134824329212869,-1.779808940737061,7802.763880265494,1.0015164719296703,0.9769458148136844,144925886.47926018,5926636.331436814,286957.3497803055,455697.8005605119,2.1842432882848213,0.0,-0.5900609288852778,-0.5443021994394881,-0.5631513423430358,-0.002783603801762191,7.881215735446579
0.6539081114336942,0.4532320224309172,0.8607164766147242,-2.777340826851651,7886.796858106614,1.004406081382009,0.934437800428235,77527617.3886861,2920155.090930936,323080.27713179344,503871.3693459419,2.400685984284881,0.0,-0.5384567469545808,-0.49612863065405816,-0.5198628031430238,-0.0035071981511682736,0.2848231348786463
0.4086463030526451,0.3201345875317005,0.8521687232272458,-2.538414905539253,7821.70571309608,1.0035426686280986,0.9662733280105836,76366210.3447206,2860138.0176316905,327474.89058881387,491560.8979968424,2.5381791123842903,1.0,-0.5321787277302659,-0.5084391020031576,-0.49236417752314193,-0.003979885201437466,-7.263624115361683
0.5961978080718926,0.5739774650734912,3.8781077551732844e-05,-2.4050023429344374,7770.097100727252,0.9663430356382541,0.9906450224060833,155403662.14522064,3577567.5538033503,514450.1251987364,799302.1750032313,2.653414896072788,0.0,-0.26507124971609086,-0.20069782499676872,-0.46931702078544235,1.0,90.0
0.4571963543998113,0.5834181281356373,0.696999506912526,-2.3603821797951534,7880.35390190905,1.019627329136478,1.0118260120165166,116691581.34923632,4433611.178063716,269718.74615740404,405956.1281609548,2.4108798567323064,1.0,-0.6146875054894229,-0.5940438718390452,-0.5178240286535387,-0.003319381306873441,-4.120839396958559
0.9404495693817668,0.2985501105538947,0.7413256821911802,-1.9628351062311635,7850.383861790365,1.0600281242799494,1.1221625147495744,120089839.30328114,14004861.16662094,251363.87617863584,410989.2338017665,2.207523633194786,0.0,-0.6409087483162345,-0.5890107661982334,-0.5584952733610428,-0.0030807635184133793,5.665545828006017
0.05917713956486844,0.2352558267846392,0.9646622291199659,-1.919182794865408,7845.7331733580095,1.0283016371833236,0.980099448266891,130858351.01416086,6232443.491033119,295521.7450069702,408102.48852521984,3.208087019677567,1.0,-0.5778260785614712,-0.5918975114747802,-0.3583825960644866,-0.004791886947086646,-23.60525782108997
0.26289013240134423,0.5966818868147671,0.30165705649806873,-1.5162971107377097,7819.09631474549,0.9465737860646029,0.8936488236600152,250120490.8579942,4996536.674922779,375499.21644330217,572097.1683516528,2.501651277781271,1.0,-0.46357254793813973,-0.4279028316483472,-0.4996697444437458,-0.0021499369606595544,-6.621654466856224
0.1981197212303149,0.49001974158848166,0.8432795022430468,-1.855499315010553,7805.724188566341,1.002408893262516,0.8961133030271841,131163558.3567257,5984941.660274436,286247.37297950295,409140.4093394271,2.9914096818175526,1.0,-0.591075181457853,-0.590859590660573,-0.4017180636364895,-0.004060716145573629,-14.396637753999364
0.9303830453863249,0.24838547439296785,0.34916748749078297,-2.6231397187491385,7796.048737202484,0.9982934959262776,1.049988074555681,113792330.43146299,3740269.9960840982,351502.24678198696,592994.7447507478,1.8093773521741268,0.0,-0.49785393316859006,-0.4070052552492522,-0.6381245295651746,-0.00211170209432167,8.495470217772972
0.6595216237673296,0.6002974981452238,0.9312213836840375,-1.4411879055531027,7887.535615310848,0.9300489170678432,1.0484576484472505,142750469.26976347,2218410.181074823,245234.02849691696,381732.5670269557,2.0428809920851974,0.0,-0.6496656735758328,-0.6182674329730442,-0.5914238015829605,-0.003472563794229974,1.3483311939557119
0.72736947820092,0.38992047762322485,0.23463354463315883,-1.3801374704772973,7863.407714558702,1.0108918967772953,0.985464003982669,245125440.88706076,4493737.332709308,320068.2861594147,541448.4125950041,1.9373746707453046,0.0,-0.5427595912008362,-0.4585515874049959,-0.612525065850939,-0.0014644114068176166,8.289140289283722
0.017496110391695435,0.10771508678315023,0.926231600706846,-1.9684602108248137,7829.4988049644235,0.992487432928163,0.9738963687161483,119852982.12440588,4654361.457861408,285813.79914706456,389763.3277874882,3.5135438256549394,1.0,-0.5916945726470506,-0.6102366722125118,-0.2972912348690121,-0.004909941133420468,-27.392199014957146
0.9646471146481723,0.4932799880298585,0.3251436721984699,-2.364201722273185,7850.246529309049,1.067923963305485,0.9207396488432176,151512700.02741587,5515155.303528966,286346.665001683,485860.41752925847,1.9811418076385408,0.0,-0.5909333357118814,-0.5141395824707415,-0.6037716384722918,-0.0017369529640993324,11.250744701013572
0.6371148562818151,0.7096481249940894,0.017787908954352973,-2.7894546356453427,7910.668977530443,0.9803251886848153,1.04323143737604,170666137.38514057,3843215.196524042,506493.2855108201,781987.3017682524,2.623967703243102,0.0,-0.2764381635559713,-0.2180126982317476,-0.4752064593513796,1.0,90.0
0.3571789469891906,0.49469921448083753,0.1552448681515774,-1.596857062848263,7805.241359323415,0.9374965260085664,1.0691225361228076,313126569.9103724,17182326.238006637,388810.39678596496,646547.4934345334,2.0250818877318544,0.0,-0.44455657602005005,-0.3534525065654666,-0.5949836224536291,-0.0010154824971367424,2.840600775021983
0.8263316481400277,0.11851755469006034,0.7321254275543776,-1.8024947995627802,7841.666772054647,0.9889005057705121,0.9689944330587749,121805689.75720534,2749966.685704164,258220.34053622588,419115.87471153424,2.120055952753802,0.0,-0.631113799233963,-0.5808841252884658,-0.5759888094492396,-0.003323905601650974,2.804307228698246
0.21558725506994086,0.9002530028125028,0.42970970621644083,-1.9793514533145384,7803.895911668824,1.0303219305984896,1.0416104954515022,180142771.09179354,6420114.103334451,345748.23014361225,507114.9231407819,2.577711744641208,1.0,-0.5060739569376967,-0.4928850768592181,-0.48445765107175837,-0.0024053522225802293,-8.518020184278342
0.35636113972369365,0.48333854321885794,0.8777167815089428,-1.6412111036833745,7807.2361277929285,1.0740476381707609,0.9910199889937686,131645774.61466014,2204036.5490249805,295766.32965023635,438189.5423779407,2.663048017627963,1.0,-0.5774766719282338,-0.5618104576220593,-0.4673903964744074,-0.003917084523271604,-8.013636493285414
0.20756168852803028,0.7472745524143879,0.8903169443894055,-2.398670741428042,7755.86094768605,1.0358468334805535,1.0165912678770295,84650106.67173196,2753821.084899984,401420.00807124714,572218.6471848366,2.757467677796087,1.0,-0.4265428456125041,-0.42778135281516344,-0.4485064644407826,-0.003809966656195282,-12.164379463535596
0.29016278562854664,0.15035410046167194,0.45284845542517976,-2.183585306940591,7799.6646295286055,0.9994457794036559,1.0514365774148646,124921853.43278661,4203304.287760063,302001.9644397218,451622.8595396167,2.537094586945097,1.0,-0.5685686222289689,-0.5483771404603833,-0.49258108261098055,-0.00327731108198468,-11.087086859058338
0.9855571595521773,0.5079267400951235,0.9603485788335335,-2.4239377362571224,7764.045577466516,0.9500605956345722,1.02288247215607,77057636.20747966,3333228.143448501,267599.62113499304,436173.6567259676,1.9274345475723662,0.0,-0.6177148269500099,-0.5638263432740325,-0.6145130904855268,-0.0032243365157234,7.325611326906547
0.9066458657228663,0.40660603805902573,0.7802178486803413,-1.7419371054709945,7828.66010124933,0.9872249359966505,1.0747389727042458,130913126.99494359,1746940.7520178144,248862.64669960114,402706.6539539704,1.9648968756453176,0.0,-0.6444819332862841,-0.5972933460460296,-0.6070206248709364,-0.0031156747663066853,5.331939089148005
0.19918675451389395,0.7379662400672058,0.5623544001827835,-2.2910250753956976,7885.568634135469,1.0248130546744778,0.984945195124202,146060574.60579017,4751427.252559574,301033.78887927794,432711.0539661185,2.8363153832588806,1.0,-0.56995173017246,-0.5672889460338815,-0.4327369233482239,-0.003049118845045504,-11.949795576057987
0.552867858352539,0.1631465397218901,0.21520626629650297,-2.1074614099029576,7857.958594512111,1.001413284684294,1.0404524538964686,189428544.91634026,11164200.523917131,408533.0007504881,671920.3568012565,2.213565589466781,0.0,-0.41638142749930274,-0.32807964319874344,-0.5572868821066438,-0.0018870150181579308,1.8448458632918587
0.6651794682352365,0.5059846073772867,0.6073055070183423,-1.1225210354024044,7868.218770933612,0.9261220629365512,0.9476431156739089,187609328.53648365,8635204.981937915,277104.3879531473,435061.5672446112,2.239152246722518,0.0,-0.6041365886383611,-0.5649384327553888,-0.5521695506554964,-0.002947551843037779,1.252307318441357
0.923691712136843,0.1531897346765275,0.9203813467060467,-1.0885158946429931,7811.401404625062,0.9649530372950691,0.9491058464008546,108076327.10070923,1685391.7988688145,197855.35906075162,324119.0674522776,1.9397545294945344,0.0,-0.7173494870560692,-0.6758809325477225,-0.6120490941010932,-0.003454061778893749,4.801081632396258
0.6480578283689831,0.9254638411115516,0.4841155150996672,-1.9433090143366507,7807.984611874686,0.9784515183232686,1.04866035336998,183659861.6744929,11595249.274337774,303549.5878276111,476387.66106712987,2.1476443332085937,0.0,-0.5663577316748413,-0.5236123389328702,-0.5704711333582813,-0.002245788545710933,4.292188111837625
0.0707139842556986,0.7168886820293493,0.601041530306279,-2.8998876228246497,7902.514843887528,0.9941918923322993,0.9171020201793373,106432001.15292937,2541736.790004356,549315.9792020333,758406.2315638885,3.069211222792911,1.0,-0.21526288685423822,-0.24159376843611152,-0.38615775544141784,-0.0032355181356146733,-19.119906140365178
0.8519511094501181,0.5828521957498748,0.5232592139704624,-1.389889933276565,7823.174224509265,1.0444703835399591,1.035709851717093,174273015.17756557,3739437.453272986,240698.04803598966,389549.90714185906,2.0912282710991525,0.0,-0.6561456456628719,-0.6104500928581409,-0.5817543457801695,-0.0024883305348581014,6.152451203165011
0.5344644089014149,0.9538129275872594,0.6127080976102515,-1.7978957153034296,7696.0534037426205,0.9425371612209188,0.931613673557242,125048754.36761191,4596793.789106584,286484.2275195006,435259.9584158824,2.454129512905994,0.0,-0.5907368178292849,-0.5647400415841176,-0.5091740974188012,-0.0026798773888571017,0.5290657007044963
0.13742225366051974,0.31183027119844436,0.16775016331324788,-1.792214053550098,7812.466898606178,0.9690876526669484,0.9142974513413684,269367115.90742755,2211911.2919091885,364176.49599994894,566934.3030000039,2.4279848088877958,1.0,-0.4797478628572158,-0.4330656969999961,-0.5144030382224408,-0.0016072269818407903,-10.238646351448267
0.3856817676686284,0.5733015214464997,0.6933205129908054,-1.3106900446847836,7859.609096470964,0.9706718588849962,1.0347797203910438,165050633.94374067,2672723.6492657904,250115.0396488018,372769.33818000124,2.4177559736067447,1.0,-0.6426928005017117,-0.6272306618199988,-0.5164488052786511,-0.003405942514231831,-6.411865254236247
0.7962872674038218,0.6869998419026148,0.012913690894140782,-2.645996016957466,7880.694200665926,1.01266453266119,1.0315418762791582,164101590.77805153,3960522.963072788,457682.44981870445,712481.0749296807,2.666618882292915,0.0,-0.3461679288304222,-0.28751892507031934,-0.466676223541417,1.0,90.0
0.8934143895585106,0.23590777963705242,0.3840693461593697,-1.2590495269161979,7831.448817880546,1.0284331493865484,0.9890110313071793,194541230.12892067,12642380.267270058,272605.7056286957,455904.9966231638,1.9883577341304048,0.0,-0.6105632776732918,-0.5440950033768361,-0.602328453173919,-0.0022766389594646433,7.030847171606428
0.3651935951780222,0.4753848806772041,0.9118942659938246,-1.8999010739267403,7756.2024873347245,1.0327151200280649,1.0542221584468103,100658355.68765062,4508384.598004076,213288.15101643186,316517.5318213065,2.4576630404511257,1.0,-0.6953026414050973,-0.6834824681786934,-0.5084673919097749,-0.003968690123806419,-7.688600918932423
0.1057336779050152,0.6835090391702378,0.8418665306937907,-2.432590173579459,7846.649605882878,0.9876720003535621,1.0673969704757267,108263879.10488914,3281223.2957691685,378707.8828423518,524898.734798183,3.0009585896855135,1.0,-0.45898873879664026,-0.47510126520181706,-0.3998082820628973,-0.0038923305687972856,-17.808758245878018
0.21925521848989343,0.5204875109495579,0.5491090445163662,-2.4644314927945157,7790.0426013492315,1.0003577934938843,0.953842308526776,101307604.27528906,2932941.852262966,435892.0177035577,631251.7740863373,2.785180827387004,1.0,-0.37729711756634615,-0.3687482259136627,-0.44296383452259924,-0.0032384734876784596,-12.452469067171293
0.6600760509466955,0.709166172894272,0.5668787515743835,-2.2882720164716774,7776.33678433846,1.0208711204796737,0.9471558439582969,103665505.85722081,3613649.816478616,324329.9322059485,506668.676571667,2.4515494135472644,0.0,-0.5366715254200736,-0.49333132342833297,-0.5096901172905471,-0.0026727548040402253,2.420425076760772
0.6934434258204091,0.040657766269475606,0.10715082477718575,-1.9728449719306413,7745.026327080233,0.9917740757386089,1.0715845813058502,170123878.53965592,5710743.162144796,283660.785948898,456652.030991704,2.170820251156596,0.0,-0.5947703057872886,-0.5433479690082961,-0.5658359497686808,1.0,90.0
0.7320648488956937,0.825612194148311,0.2765537915381416,-1.2002876593848528,7832.91294038043,1.002083730625567,1.0167964693516252,272626205.5685514,3455274.232199188,280276.2025173291,472751.0487871298,1.9748084163228827,0.0,-0.5996054249752442,-0.5272489512128702,-0.6050383167354234,-0.0012486689526748649,11.182381873433084
0.27367121964332713,0.06839986015093756,0.08477638533783213,-1.613451115229637,7922.125778350486,1.065552836301859,0.9941797727381808,294490026.6143521,5070178.899483808,429762.51232580404,725686.5175931968,2.4404805870347412,1.0,-0.38605355382027995,-0.2743134824068032,-0.5119038825930518,-0.0008297674461568975,-0.32843039673764096
0.13147159344507875,0.05178388137297534,0.9820112902023449,-2.365912353244182,7777.532715559067,1.026038841194808,1.0114746343175671,70833276.04194601,2663938.3011766565,343473.9149942419,485884.35142064537,2.8565612177197637,1.0,-0.5093229785796545,-0.5141156485793547,-0.4286877564560473,-0.005035681286494124,-20.526691676320056
0.8493014743421454,0.28739356549755324,0.6606018219781171,-1.8729596343042718,7742.1402826545645,1.0419946744238182,0.9681177969397337,105006933.88055974,5142708.254163178,185498.68944837886,300008.70325489185,2.1379758245590845,0.0,-0.7350018722166016,-0.6999912967451082,-0.5724048350881831,-0.0030375441103417857,4.083389453642386
0.559630483387597,0.2563873985790577,0.7547843860471211,-1.8429059616936334,7824.9704441168615,1.0029549052940891,1.0656013041774954,134338159.60135424,14449846.011115272,247945.2300734476,383835.6023387997,2.253568512902177,1.0,-0.6457925284665035,-0.6161643976612002,-0.5492862974195646,-0.003629659522636719,-3.0593320609651684
0.7843463292258719,0.8278123920500576,0.49152479003164257,-2.304891323920172,7868.662832294267,0.96442411172616,1.0522582992220906,162475745.2953248,6808462.40722861,283258.11310224194,453190.19772521936,1.9662358909515436,0.0,-0.5953455527110829,-0.5468098022747806,-0.6067528218096913,-0.0022497385464954112,6.449174612593218
0.4277453220670537,0.3663832152484224,0.022122500094612817,-2.0241256413505977,7801.616821704835,1.055523516371744,1.0131563036548943,215685935.71309423,6842972.9708738355,404150.11192571063,629180.5033021241,2.6295848299997626,0.0,-0.4226426972489848,-0.3708194966978759,-0.4740830340000475,1.0,90.0
0.9597625298950649,0.08631330078483984,0.19612750462449519,-2.6469108563669415,7829.792745678332,1.041706025666807,1.008697151133342,155247214.8603683,4845605.31476868,370089.6403872354,663516.6993499943,2.0168764181889807,0.0,-0.47130051373252085,-0.3364833006500057,-0.5966247163622038,-0.0009042303388576952,14.38623264702434
0.6261155266846886,0.6915442412348171,0.41219344845295086,-2.051340096383089,7777.974675349613,1.0717377453455066,0.9465817854518518,137425252.69133595,5005943.2761773635,258695.46758996384,409941.5532235248,2.2992545321027076,0.0,-0.6304350463000516,-0.5900584467764751,-0.5401490935794585,-0.0022364644383401112,3.307416353814471
0.32860320921267033,0.6543031797450076,0.31693468691623455,-1.9591523298572777,7858.939186870766,0.916995654336522,0.9933169936411709,229449818.99718127,1576875.66739746,347286.85396881273,533791.9894784538,2.232670468465339,1.0,-0.5038759229016961,-0.46620801052154626,-0.5534659063069322,-0.0021181771185133998,-3.951391500725169
0.24457259705666262,0.015407774215001365,0.6728828811184396,-2.6889206985731864,7833.79874763964,1.0181121067782712,1.0214533996442023,78410251.14155728,2582304.9824477145,391767.6215658365,573380.6240125988,2.783261281103841,1.0,-0.4403319691916622,-0.42661937598740124,-0.4433477437792318,-0.004181483310344411,-14.99387257268248
0.9372645685374627,0.7759188465550768,0.682597622768576,-2.0319059150861416,7901.665510499679,1.0566604308588834,1.009147833179285,144922466.00467205,2283391.2805906776,290502.24394174037,465390.35696983006,2.196451721463572,0.0,-0.5849967943689424,-0.5346096430301699,-0.5607096557072856,-0.002659760450081434,7.401186533481473
0.5672367868053871,0.11894017056414233,0.309934969199029,-2.3712217546227397,7833.212479013125,1.0258618099278365,1.0217863629935688,137946148.37194276,4673815.399503246,309897.91142154264,498458.79430167464,2.0612689308806784,1.0,-0.5572886979692248,-0.5015412056983254,-0.5877462138238643,-0.0024508542866255186,-0.35867310348089987
0.68372748011811,0.27447422579703984,0.353564294467885,-1.5280051434401227,7794.887767472638,0.9575110677147052,1.0189066791044905,205556423.0424546,3937709.1698998273,260046.4502552091,423541.0830727206,1.9724980552206761,0.0,-0.628505071063987,-0.5764589169272795,-0.6055003889558648,-0.002353132921206894,2.9866044534339764
0.7308584438955364,0.16357442659334345,0.5836030607752886,-2.68287662044724,7730.933800612494,0.9915214884860343,1.023999243901634,70859047.1090535,2513778.0363257686,373518.7514392205,600003.9403404852,3.0138579617366936,0.0,-0.4664017836582564,-0.3999960596595148,-0.39722840765266126,-0.0031076271711601424,1.3597585424252863
0.8782958666259126,0.8361549358474966,0.30899914882522195,-1.8927656980170549,7915.023395152794,0.9823051899592552,1.0021635923527439,241907089.1933869,5534866.95684723,337984.31603424315,573384.5825224878,1.995341118420924,0.0,-0.5171652628082241,-0.42661541747751214,-0.6009317763158152,-0.0013333990521896058,13.015118619831469
0.8678572695756702,0.9512603928285865,0.3955999678533132,-1.336672027292678,7822.93616502723,1.002237714701075,1.021664570561149,220682157.70473102,7421202.127005687,340928.1221479221,560634.5376648151,1.944598373079986,0.0,-0.5129598255029684,-0.4393654623351849,-0.6110803253840028,-0.0016973259351802147,10.722799881363777
0.04812998678725566,0.5761882309478916,0.6035281347867381,-2.1656829417446466,7776.480720037512,0.9911826962114719,1.041253829900471,124592487.50553249,3538210.914283601,406028.61340267095,557746.7618411231,3.207025965029022,1.0,-0.41995912371047006,-0.4422532381588769,-0.35859480699419566,-0.0033986734209614155,-21.563799373386917
0.4474818763687172,0.43927956440037974,0.8840995030555249,-1.0631625731842396,7820.164816954007,1.0067870959586354,1.0853240798545691,134075217.56677428,2030838.7222391085,215460.6369595071,324722.0881181726,2.262032070260994,1.0,-0.692199090057847,-0.6752779118818274,-0.5475935859478012,-0.003843683936315504,-5.289519760259438
0.3926458202582702,0.7862936251701639,0.06905634861720085,-2.952543278921875,7869.427722828517,1.0365081125686497,0.9635586029392251,135856898.82567993,2799307.087056419,624030.82081587,945563.489997836,2.6594524484130755,0.0,-0.10852739883447149,-0.054436510002164054,-0.4681095103173849,1.0,90.0
0.06524548885871208,0.9109512511718215,0.1712566744223429,-1.6632684853073094,7805.112788015793,0.932690527476063,1.037595539589771,381028180.4057355,10290710.999152102,481529.93765080714,793809.9053737444,2.447921162735347,1.0,-0.31210008907027553,-0.20619009462625557,-0.5104157674529306,-0.00048290641843255994,-1.6937328381412513
0.11196628250638893,0.26085942447847127,0.12807231032498245,-3.124475085936563,7855.341894961948,0.99255934598431,1.043625427811894,147957441.94810095,2733491.098658992,702742.3484996437,1118294.4989303243,2.4355055681276303,0.0,0.003917640713776761,0.11829449893032433,-0.5128988863744739,-0.0011854627585403958,-9.10980710821201
0.3677063024173135,0.880795691924364,0.24469738247060271,-3.323202966027073,7775.51102614149,1.021841113014189,1.0273963865830409,105041273.5376027,2160681.1837637997,678102.7147021549,1088579.3423598197,3.796345135148989,0.0,-0.03128183613977877,0.08857934235981968,-0.2407309729702022,-0.0013572363268596762,2.6024490436974794
0.4075129512488304,0.07171887974396671,0.736704397704729,-1.9153940515882233,7704.430192503521,0.9139295797497715,0.9225769553211629,88252368.48841384,3691509.818432469,278649.18415342964,421471.20696745184,2.5573645710027817,1.0,-0.6019297369236719,-0.5785287930325481,-0.48852708579944365,-0.0040238048755101155,-8.60513414701467
0.3065018242028603,0.644507627461966,0.444886742451235,-2.455940691186367,7820.831006278582,0.8712843409695822,1.0554035339438101,142197776.4921711,3973995.0223024655,390805.89608095936,582367.4978457177,2.2754721489145044,1.0,-0.44170586274148665,-0.41763250215428227,-0.5449055702170991,-0.002686825703394625,-7.085594492311419
0.7614498424053947,0.199159363603544,0.4991242145245301,-2.1239359837915557,7899.090783469168,0.9395423372988275,1.0361559865495027,153381587.8559305,4615471.3467554,313582.07062762365,508586.8495422434,2.0646012737298514,0.0,-0.552025613389109,-0.4914131504577566,-0.5870797452540297,-0.0028310751285797243,2.7462554479839945
0.48064814307473686,0.167936751083398,0.18778018036469374,-1.5068192469224204,7765.500694761174,0.9999449095934866,1.057466289257008,248298650.15754032,4835961.430584017,310732.4232326905,509907.82526808995,1.9484640958102806,0.0,-0.5560965382390136,-0.4900921747319101,-0.6103071808379439,-0.0017339120607922772,0.6989342265286034
0.005936828483177936,0.8506518143444443,0.9861529530965818,-2.3408543304016733,7902.691008072528,1.0225821553056584,1.0203726756546712,128618548.29288423,3878921.9470222704,332997.2628160843,441392.73440938187,3.5679868841049602,1.0,-0.524289624548451,-0.5586072655906181,-0.28640262317900794,-0.003954504960858164,-23.712530620886827
0.3960777607047377,0.9032423114440704,0.6444380168909605,-2.752516370164966,7841.731450993054,0.973172272130371,0.9522740225591682,97286329.85506392,2794484.86526277,439430.7104798321,651674.4507347886,2.509113144771252,1.0,-0.37224184217166845,-0.3483255492652114,-0.4981773710457496,-0.0029323830087965713,-3.849989830756794
0.20998941454025213,0.05971961843916267,0.9132537015866256,-1.793986470893984,7850.96133555775,1.0541085367389282,0.9731865991033273,127212874.52127948,4831115.789764491,290995.0194824278,420347.7215277884,2.8493645459859525,1.0,-0.5842928293108174,-0.5796522784722117,-0.43012709080280953,-0.00476488828243205,-16.59484795840138
0.9949546089854944,0.5475484096357573,0.46152256089318444,-1.7597621591839254,7821.62189142069,0.9642016821115093,0.9449933619269796,179833432.01543793,1839338.2539427797,246510.0431154969,408911.2607812368,1.9121292337600286,0.0,-0.6478427955492901,-0.5910887392187631,-0.6175741532479944,-0.0022088285039679667,9.322716613132457
0.091263795482476,0.4294672018679653,0.07344111178295824,-1.5801820826498323,7844.0435520588335,1.0268352032352888,0.9956911256275498,330276073.4281521,14912880.821990035,458072.3430588107,684037.8600341339,2.9019932961144557,0.0,-0.3456109384874133,-0.3159621399658661,-0.41960134077710887,1.0,90.0
0.049819204889357524,0.20668430163135323,0.7991083233832957,-1.278309181757523,7840.343037198788,1.0040267059424621,1.044466822598659,148286568.2028814,1766419.6366515015,315535.769843704,433245.00728848716,3.3298585866654307,1.0,-0.5492346145089942,-0.5667549927115129,-0.33402828266691387,-0.004450886113978687,-24.488567585595735
0.638494964838885,0.8772277820711065,0.8080251754849685,-1.89790856911781,7893.8278544389195,1.0062100486785366,0.9481312873250004,146762101.1257965,1607572.402119685,298968.3712665688,459509.80844864046,2.4908102165712913,0.0,-0.5729023267620446,-0.5404901915513596,-0.5018379566857417,-0.003068467021336615,2.07347197146267
0.6946769954042067,0.2128110921595098,0.6511332272571388,-2.083975665495138,7965.160106492292,0.986760244915541,1.0452912528105578,136789915.2331415,1694198.207229616,286602.4577441533,455187.9554419293,2.1462985266444856,0.0,-0.5905679175083525,-0.5448120445580708,-0.5707402946711029,-0.003264119264383529,0.4253304421534061
0.37654245540280445,0.26012260291479494,0.5741202755667412,-2.356743862912181,7839.063060872417,1.0282122301743095,1.047750311162455,107214317.27461585,3814823.32811936,300165.11062814906,451337.0719406357,2.5452079658686646,1.0,-0.5711926991026441,-0.5486629280593643,-0.49095840682626707,-0.0034433978069640025,-8.076508533202002
0.23420552875168427,0.6813239142409473,0.8306068198167156,-1.0763611677636358,7852.654965432994,1.0143622951744131,0.8831187425538614,154273733.18768707,2199178.789483769,266044.8097395013,382606.59485871164,3.0296585268275713,1.0,-0.6199359860864267,-0.6173934051412884,-0.3940682946344857,-0.0037546438339360116,-11.49437621821355
0.2942857969405829,0.8459736697725388,0.5614547166534724,-3.116111716356267,7772.871800723427,1.0921241260789454,1.0205150105347658,77507560.59824221,2027506.2513347294,553360.7680037967,810332.5638092204,4.30072078939436,1.0,-0.2094846171374333,-0.18966743619077955,-0.13985584212112806,-0.002857096267648324,-7.244147740429312
0.17401482397379012,0.11201494753651955,0.18544690256858035,-2.5872458184641163,7878.812535990887,0.9953432893654127,1.0494134653543519,173820368.32576934,4234286.718361254,448897.94901522907,690626.1395592823,2.312342772657846,1.0,-0.3587172156925299,-0.3093738604407177,-0.5375314454684308,-0.002069865633106057,-11.52797814688499
0.5746409149519217,0.6465910389166458,0.7920140669803901,-1.172656832713259,7781.330310922308,0.9631587685971899,1.0283322898345777,155539594.31302494,2897588.2112997593,220857.86352180966,338991.6700133227,2.2504541001541463,1.0,-0.6844887663974147,-0.6610083299866772,-0.5499091799691708,-0.00331454388595985,-0.6822272344579723
0.47763857083361017,0.5905918776934054,0.781330134202487,-1.647991956809957,7936.599628864063,0.9857647697672755,1.0183942981507004,141743661.02378377,1825557.6986868905,302973.5289439284,457056.5955354948,2.382932536848987,1.0,-0.5671806729372451,-0.5429434044645052,-0.5234134926302026,-0.0034640496367208456,-3.5929768268681066
0.016589821996224625,0.355414268393879,0.5558004407427317,-1.5645206915009675,7819.02459414071,0.9568452925290205,0.9571853872586373,193749454.62386167,1974485.2377282064,354769.0640842697,486366.60990442504,3.4584785722380236,1.0,-0.4931870513081862,-0.513633390095575,-0.3083042855523953,-0.003455907392051291,-24.8819035363386
0.20616938058860917,0.4587084224421771,0.43176340017162496,-2.4076852214435753,7849.221887082065,0.9490808642031154,1.1023213903041853,145351781.54851127,4176444.8021325604,366960.9572662513,536696.4367289271,2.451902448439118,1.0,-0.4757700610482124,-0.4633035632710729,-0.5096195103121764,-0.002910898932326625,-12.387308315521889
0.7060457623724085,0.9414118499582071,0.31458558814552423,-2.4518220925614806,7841.5619990266505,0.9552817701160294,1.091624084086583,186266289.57237315,5953337.4451894015,341925.69476808654,563999.0695540747,1.7324577500348137,0.0,-0.5115347217598764,-0.4360009304459253,-0.6535084499930373,-0.0014452627063919906,9.964059086908772
0.5219147787145552,0.611399180750415,0.34077469188885456,-1.5405793133387304,7755.082552315362,1.0220181309895566,1.0478755040586476,205571628.01039112,2267414.0079875216,262733.32323594065,416018.25180490105,2.0837918943788183,0.0,-0.6246666810915134,-0.583981748195099,-0.5832416211242364,-0.0021080102629576457,1.3500720617084454
0.0041170516554123,0.6688887630307147,0.3153613079935167,-2.19665886237344,7801.885329402383,1.009056629720506,0.9920026838883941,177345840.23461112,4227333.79161325,427363.98559518013,611491.4377275701,3.0166003410817486,1.0,-0.3894800205783141,-0.3885085622724299,-0.3966799317836503,-0.002037004866070032,-19.495717499700007
0.6677188074778282,0.22678751940517602,0.9241504166093014,-1.5427057788848009,7810.204096722993,1.137612239462587,1.0076829878701545,101014623.86843815,2114790.5158519326,256310.67323595122,404171.33671567944,2.5210973347978674,1.0,-0.6338418953772126,-0.5958286632843206,-0.4957805330404265,-0.0037769632036441948,-0.41790906305758924
0.7077091671876767,0.12980538683331266,0.6832567352782213,-1.4678805205034537,7918.97670146673,0.999910357494695,1.0811698286447193,132363172.58591074,1992923.8331580996,255036.0114761549,406307.32247851294,2.003658383000881,0.0,-0.6356628407483501,-0.593692677521487,-0.5992683233998238,-0.003384111142633539,0.284553094733603
0.7513647332435656,0.9147872087539889,0.7941712653450259,-2.2787725980939726,7827.425132258156,0.9874247051328664,0.9539249378022808,112439970.33157282,4372284.008535973,263511.046364572,409842.97710874607,2.2576902980175215,0.0,-0.6235556480506114,-0.5901570228912539,-0.5484619403964957,-0.0029154485822904,4.5633591135101135
0.913832349557559,0.7434532604023515,0.09920251107382734,-2.3388728941394556,7769.32686872447,0.9236577520794458,1.0231572376140965,151541677.01022804,4016584.4859411176,415678.67590856133,648136.0569793145,2.3749812417340648,0.0,-0.4061733201306267,-0.35186394302068547,-0.525003751653187,1.0,90.0
0.22090980498541438,0.8592252448508781,0.717698195416255,-1.3828477802385974,7851.571909683782,1.018767015407703,0.9409434615293508,167429360.91794297,2223473.9903615443,276733.16165860964,395786.198082875,2.9794679938504545,1.0,-0.604666911916272,-0.604213801917125,-0.4041064012299091,-0.003317779878684064,-10.801572833301766
0.496925953978752,0.7721872308134471,0.1840550453091098,-2.6213544804831566,7832.450507319095,1.0021101995466004,1.0119749293197906,186821500.92980534,4620548.357080987,453395.0975074359,783114.2514253021,2.2426156638302075,0.0,-0.35229271784652016,-0.2168857485746979,-0.5514768672339585,-0.0005668702840493314,11.680515283689111
0.9440281107376876,0.29615963615764895,0.8126366884299988,-1.1652506485759955,7803.290631092785,1.0168171990981913,0.9246751498668251,120135429.52024567,1926082.2196719144,198764.78031727677,324275.1111768787,2.069971180964215,0.0,-0.7160503138324618,-0.6757248888231213,-0.586005763807157,-0.003195903436147025,5.639374932274382
0.7984086336890107,0.14551576231885727,0.11742116320921395,-2.6404992912880587,7844.241119462311,1.071309664215361,0.9888158951290378,123995754.5031878,3470378.208511684,413088.0118494549,662835.9554154162,2.533250359628568,0.0,-0.409874268786493,-0.3371640445845838,-0.4933499280742864,1.0,90.0
0.5806517497245953,0.469067004809655,0.7040431423129779,-1.3063512483636766,7870.219063014292,1.115684658405265,1.0135594473275717,130843132.26354891,1869357.186341619,248713.9099790461,383487.25048637314,2.432009138554407,1.0,-0.6446944143156484,-0.6165127495136268,-0.5135981722891186,-0.003296908654089812,-1.3508081956698845
0.11538158850529194,0.02474390328419113,0.8132312450637482,-1.7486938459443488,7817.745403058893,1.0838694843334296,0.9513890888124407,142999059.56710958,13454344.091350434,275643.74247211637,388492.47376537643,3.3056097460995897,1.0,-0.6062232250398337,-0.6115075262346235,-0.33887805078008204,-0.004710687433918949,-21.629524015484147
0.4544519885052051,0.6747146871203227,0.5007200948001143,-2.3191987963513734,7791.629393659469,0.97149760618093,1.0896646604701743,123456750.86073199,3986167.841035586,333060.9584361604,506984.8150194462,2.261902862138191,1.0,-0.5241986308054851,-0.4930151849805538,-0.5476194275723618,-0.002710407558585165,-2.5499057200988737
0.33335753287606135,0.4522000396791529,0.27485992814057364,-1.9933827790025431,7789.810827706716,0.9166727779703978,0.9061369059794548,198366796.05050433,6775074.317101697,352696.30523787055,548514.1848926129,2.3034084104371604,1.0,-0.49614813537447067,-0.45148581510738717,-0.5393183179125679,-0.0021830548438052585,-4.523712326393884
0.9618318415351843,0.10952645688581375,0.012491207372261864,-1.765620713780865,7780.861991930875,0.9255631652107416,1.0921438471567813,238614974.84004962,1633650.3710727326,317067.8090693027,513152.2808682703,2.0914168112858746,0.0,-0.5470459870438533,-0.4868477191317297,-0.5817166377428251,1.0,90.0
0.8461053116045588,0.8529300648495479,0.8031443295464605,-1.9375546312559189,7827.828513646119,1.019591229665327,0.966962205257255,144019408.37530607,10718090.264628705,248317.3627752892,392045.4601510209,2.300748278896167,0.0,-0.6452609103210154,-0.6079545398489791,-0.5398503442207666,-0.0029017727700357517,5.989487075857076
0.21790096556992228,0.037917087107540874,0.029231271296250846,-2.31337467540797,7818.633668415672,0.9732922453685866,0.9897688758963472,198897250.05727786,4623862.309100298,430906.6623192673,668258.5573676286,2.573336119861999,0.0,-0.38441905382961816,-0.33174144263237143,-0.4853327760276002,1.0,90.0
0.38405590284631347,0.17708749487600434,0.9836220269687764,-2.1007159828277415,7763.159711575943,1.0259566254285484,1.0006267952188999,74684440.03841554,3431897.1912123105,246872.11339292786,370671.4751059165,2.553195073062841,1.0,-0.6473255522958173,-0.6293285248940835,-0.4893609853874318,-0.004403474957798159,-8.77143877122094
0.47056865422690747,0.4880688591272646,0.5933386652603652,-1.9909080162996937,7852.2826580453075,0.914524769132139,1.0516488815912042,161026989.67710865,10863558.30907397,340628.2016431159,518751.146293876,2.2239988191322495,1.0,-0.5133882833669773,-0.481248853706124,-0.5552002361735501,-0.0031452655535437954,-3.869466904970416
0.736323500648323,0.005366674293308736,0.1073532575583236,-1.7332076913416876,7928.923642468435,0.932808490919444,0.9509282862300447,245896608.74225843,10964119.732715812,364769.5676808718,589021.9410622481,2.273186368810529,0.0,-0.4789006175987546,-0.4109780589377519,-0.5453627262378942,1.0,90.0
0.7548828965541858,0.1852380449782577,0.9215599166944811,-2.4399716672312866,7797.04253428909,1.0662621975028075,0.9931296284282235,64638254.79581694,3037817.364351036,251519.27442296632,402187.24848671636,2.199327696044537,0.0,-0.6406867508243339,-0.5978127515132837,-0.5601344607910926,-0.0036742660731939932,1.4096935839930183
0.8958783801537163,0.8800698593332157,0.3194055721768,-0.6502415044195224,7813.151211130182,1.0266625541307377,1.037948812738996,261484113.06411314,5211606.77602538,322619.3142236094,546531.945421627,1.9755604651136276,0.0,-0.5391152653948437,-0.45346805457837297,-0.6048879069772746,-0.0013428082275184724,13.340842533763055
0.5692129690059948,0.5644308512251671,0.4475443165660617,-2.132619679830598,7872.896936406945,0.928225272819288,0.9725867574120757,184122842.1093257,16942799.12664669,308804.1610311381,484201.5969465944,2.2199134585521203,0.0,-0.5588511985269455,-0.5157984030534056,-0.556017308289576,-0.0025418088561543007,0.5290988140656765
0.4471732766711566,0.7227715380082168,0.4896616986755871,-2.314573228542334,7778.681797076639,1.0125721823125273,0.9719067612709194,112595319.61322638,3537301.9220434637,365923.34723031294,556900.7479769507,2.552484625630106,1.0,-0.47725236109955294,-0.4430992520230493,-0.48950307487397876,-0.0026335935440289994,-2.33973170019674
0.5422352277892746,0.2750299856315323,0.411461208273097,-2.276784823302332,7898.212674487727,1.000283096736995,0.9924483785739445,162213343.66911632,7555443.186894343,296928.9945311315,468435.72004620393,2.2238786836564044,1.0,-0.5758157220983835,-0.5315642799537961,-0.5552242632687191,-0.0027386062007534826,-1.5437350856674499
0.3181390425614065,0.4394638414155437,0.8110898898187361,-2.473759988590798,7859.1291227003,1.0194756995099161,1.0137497091300516,92347604.41329996,3301212.7716503725,317337.4912985415,465927.73922887526,2.7363585163623987,1.0,-0.5466607267163693,-0.5340722607711247,-0.45272829672752024,-0.003899804562777923,-9.730132618052785
0.41709487972544806,0.6558382359610604,0.21073365276065523,-2.1643481533118503,7747.5628765568745,0.9875423564043508,1.0666142441977453,178621243.46314552,4994123.004160362,357620.7717286968,582659.4977767686,1.9783861307584658,0.0,-0.4891131832447188,-0.4173405022232314,-0.6043227738483068,-0.001321224145198305,3.2199188685042444
0.6465883359519832,0.11576311801837617,0.7273106022311537,-1.5653801116272374,7794.718178194824,1.0167021729802537,1.002770287314199,121786676.31408668,1720701.6963860863,257581.57668072803,406624.17332920205,2.2499545303569666,1.0,-0.6320263190275315,-0.593375826670798,-0.5500090939286066,-0.003573946335672329,-1.3891113113976914
0.7788961115889553,0.554693530284123,0.8169761743550339,-1.951993959723014,7712.110255908721,0.9638809047391159,1.0354113359299562,95322747.0725327,4210322.863287144,241975.55053768124,382752.8508313342,2.0716755473102317,0.0,-0.6543206420890268,-0.6172471491686657,-0.5856648905379537,-0.0032093760081451962,3.4392906488873756
0.10064342896675357,0.9564315504932993,0.4922255217510642,-1.8870509902572816,7820.681085775532,1.0099249358472182,0.9682425826669999,220588219.55092156,18920314.226553284,363557.93571625615,512307.76666642533,3.0247448002657458,1.0,-0.48063152040534834,-0.48769223333357464,-0.39505103994685087,-0.002603010657643786,-14.555508649980268
0.09855902165115801,0.3889868585509694,0.7264415628077379,-1.7607455791042417,7741.3230519137005,1.098710332740985,1.0679112528353047,118516182.2734017,4625609.849790013,274343.78981047217,382591.16027047316,3.1966082657192065,1.0,-0.608080300270754,-0.6174088397295268,-0.3606783468561587,-0.003999801512983187,-20.17249303175892
0.6379700024802007,0.8948111733951364,0.9524733498336471,-1.7615411976994975,7871.88346731202,1.0049629276669338,0.9438254906543908,137780685.0720498,1606212.1806268774,285494.843080677,438466.0489115553,2.4875912450461595,0.0,-0.5921502241704615,-0.5615339510884447,-0.5024817509907681,-0.0032629675121196135,2.147512924522516
0.6132124708499557,0.6882283812857163,0.5283732903605544,-1.158102958248651,7800.520490649232,1.0073555093712439,1.0317162086403628,197896517.63371637,7282191.5007932475,281685.67727890296,439354.4106052527,2.264437102896964,0.0,-0.5975918896015672,-0.5606455893947473,-0.5471125794206072,-0.002629323817754532,1.5259144782128402
0.3477836634541468,0.8105981194779803,0.5506748701748961,-2.3970671800199996,7825.30637638998,1.0292331293700414,1.026367571024038,117031744.65425375,3629037.663300834,357014.83840693935,528800.9978931686,2.666975482436876,1.0,-0.48997880227580093,-0.4711990021068314,-0.4666049035126248,-0.002817502933762368,-5.487425280874682
0.3089377418859366,0.05237113544527184,0.03760875418726165,-2.3550790340658367,7795.857165712577,1.0119175362121393,1.0702341267356745,172451935.02858728,4149742.64238468,442376.7275911793,692443.9118459786,2.502428955924233,0.0,-0.36803324629831524,-0.3075560881540214,-0.49951420881515335,1.0,90.0
0.34103112346384973,0.8821404881327025,0.45608924902158293,-2.0798740380019014,7893.591721116804,1.0185333123334928,1.0060203816647622,192532596.26253775,2975534.3781923503,374181.95656960417,560476.1765327106,2.528696470533884,1.0,-0.46545434775770833,-0.43952382346728947,-0.49426070589322324,-0.0024432912118109266,-4.197955855255664
0.7691319164547987,0.778712914465174,0.36580317867443934,-2.086206680379239,7875.252451347303,0.9898642633824316,1.057144775595626,193258581.17281786,2661776.232152675,339649.6537582796,555784.3566129997,1.9190651584326777,0.0,-0.5147862089167434,-0.4442156433870003,-0.6161869683134645,-0.0018212158185019283,8.209556935419101
0.4449092503097092,0.2793712193238722,0.5722016185229155,-1.773692988765168,7850.719508740043,0.9780575983621731,0.9461171528487388,153367743.6134674,1579460.506874455,303495.66861919325,462880.8946633442,2.569863237470581,1.0,-0.5664347591154382,-0.5371191053366559,-0.48602735250588375,-0.00333217920220065,-5.704435082616168
0.4359641466414712,0.9242521660479494,0.1780959366117263,-2.3729378591346357,7803.569181483611,1.0511281874213871,1.04945984371366,150377306.18507117,3910735.9951951858,418865.056210502,631633.7507198399,2.6531654174189057,0.0,-0.40162134827071144,-0.36836624928016004,-0.46936691651621887,1.0,90.0
0.12863161225463693,0.08719949175646671,0.36905993100403695,-2.1850831467779095,7898.438749924568,0.9775668176832664,0.9465077452589965,197460452.1973801,8305159.906150668,379825.9389568996,554579.3471895464,2.8857431553546706,1.0,-0.4573915157758577,-0.44542065281045357,-0.4228513689290659,-0.003083296786902763,-17.934182222980574
0.4010736348597336,0.5600128414122265,0.22994277368730082,-1.5006113308865614,7775.736816071777,1.0687844296264524,1.0832941181590086,246133183.44841728,4727236.637500992,325048.55235266156,521406.69718118646,2.099613639211985,0.0,-0.5356449252104835,-0.4785933028188135,-0.5800772721576031,-0.0016700115286883892,0.4030775573621064
0.13454867100347964,0.8215778600389085,0.5379251832500865,-1.758293645480928,7871.698765635448,0.9412615977425034,1.1012751396179459,208515331.52955627,2230461.574713876,323148.38187918643,455921.57109953946,2.606729405983226,1.0,-0.5383594544583051,-0.5440784289004604,-0.47865411880335484,-0.0029068591664742297,-14.283001635184213
0.1929215972451435,0.978912660370482,0.17229854717004597,-2.4219905318916477,7812.940141897549,1.0203742409399092,1.0205381143205077,216134729.96339452,4812489.337165305,469661.2734450946,795815.195925048,2.4047143159059714,0.0,-0.3290553236498649,-0.20418480407495204,-0.5190571368188057,-0.00036239652602896633,6.435283019564864
0.4063853779637482,0.4423540884554234,0.13975312995310168,-2.5137180014361507,7818.328682121863,1.0320511796859209,1.012497785903444,182248265.6364069,4545999.395007358,436495.3228077757,741831.3630596838,2.1978189076600243,0.0,-0.376435253131749,-0.25816863694031617,-0.5604362184679952,-0.0007770266010417486,5.902617160822693
0.24040834330807853,0.5497680140103736,0.3784627206811414,-1.8218980551928825,7769.73907713407,0.9840184123513929,0.9155073617622904,181522968.2720086,6948765.128905789,351887.7790605724,524267.68371768977,2.683305487568379,1.0,-0.49730317277061087,-0.4757323162823102,-0.46333890248632426,-0.0025824874775130743,-9.495075814123325
0.7218850306961684,0.41562517365265617,0.132262355131135,-1.6477041111251536,7852.069366828095,0.9605984582879565,1.0170431857087527,254059579.2255935,7093331.422214851,358597.71410285815,565897.061098473,2.2965720200610047,0.0,-0.4877175512816312,-0.43410293890152696,-0.5406855959877991,1.0,90.0
0.507636642572943,0.25166129722480635,0.5714593956125289,-1.8544035530752736,7809.6484187647075,0.9583137838879843,1.0559927679207246,161322464.4704596,17662327.877713673,250473.41022469333,386999.6362252697,2.2457147292635615,1.0,-0.6421808425361524,-0.6130003637747303,-0.5508570541472877,-0.0032794614995570077,-3.9508667802228885
0.7807246768127505,0.625291737273167,0.02306309427763755,-2.2663761162507847,7972.4724338057285,1.077385012787795,1.0126520882100394,229613767.36065322,1808493.806593833,367494.9754866393,573969.0942283542,2.739915398075696,0.0,-0.4750071778762296,-0.4260309057716458,-0.45201692038486085,1.0,90.0
0.053019843823061845,0.8419340069829104,0.9571113718214269,-2.1867198132075694,7719.074889514325,1.0169603707760861,0.9901535661276066,94584252.16530362,2876072.8529404714,437388.40797285014,592287.9669404135,3.1112007193104216,1.0,-0.37515941718164264,-0.40771203305958653,-0.3777598561379157,-0.003919760096203561,-20.266656917055297
0.5523881733449552,0.9426396385952149,0.3457116008774362,-2.652603814168418,7862.355076758242,0.992317543890372,1.0053211618624023,146463901.80781463,4053775.1784079624,409898.82354932465,652777.3708112118,2.090350989682806,0.0,-0.41443025207239337,-0.3472226291887882,-0.5819298020634388,-0.0017541215087098607,5.005274637748844
0.7172653481050809,0.3757295351546471,0.12586733600983951,-1.5574811006891784,7891.872874957463,1.0358739371938839,0.9500110203129973,247228882.08875126,17258079.858084593,343819.4690347819,543530.5415039067,2.570210871931423,0.0,-0.5088293299503116,-0.45646945849609327,-0.4859578256137154,1.0,90.0
0.058598838242046744,0.842623903116246,0.4489902056670845,-1.1958471746598982,7832.231092772244,1.0470474858805228,1.0553001652201788,254993175.49130037,10353473.149912128,408901.39685949543,573655.8902863167,2.9946212094647526,1.0,-0.4158551473435779,-0.42634410971368325,-0.4010757581070495,-0.0025487469069654274,-17.37257144006034
0.2893313709024693,0.6457351790364004,0.7346264398302079,-3.5973249980184354,7786.6052822200645,1.0014802038060167,0.9624584665727255,64255932.26131554,1671521.4516487832,577458.0833002414,840364.2795432585,5.4906654287142995,0.0,-0.17505988099965517,-0.15963572045674151,0.09813308574285991,-0.003533249570561131,-9.479448671077005
0.9668743132759364,0.5235671608051129,0.9085643386830278,-2.327192119588459,7837.452415475312,0.9891444546551441,1.0186072159977013,99510195.17095768,4702695.174332274,223610.85175336612,362456.790606202,1.9590395975055277,0.0,-0.6805559260666199,-0.637543209393798,-0.6081920804988945,-0.003171759140702562,6.901975173069081
0.7677574802350815,0.5681840839497078,0.5912479786962009,-1.5563007425839557,7781.748927803022,1.0271146995555434,0.9372477725982563,151976034.6751734,1625019.671661745,259314.80044547474,412341.28890417295,2.339855344541373,0.0,-0.6295502850778932,-0.587658711095827,-0.5320289310917254,-0.002753134752567438,3.8825901895391546
0.7347914512234023,0.7055590098245387,0.20203910796821048,-1.9563377447883237,7799.6362219981065,0.9853871482613396,0.9916952008523214,221208742.43349135,7131364.919681124,430670.8493423284,770895.5791470604,2.3137324467950973,0.0,-0.38475592951095944,-0.2291044208529396,-0.5372535106409806,1.0,90.0
0.2009321004678951,0.17463693983271578,0.5150605837033856,-2.677116255415298,7881.7355439317025,0.9753539723955897,1.028043328741545,107724674.60635023,3079892.16155379,416674.01192962006,606441.2198581499,2.792132694285671,1.0,-0.4047514115291142,-0.39355878014185014,-0.44157346114286583,-0.0035345568619781923,-15.24951623248484
0.23887425880679417,0.8850205561366418,0.8784188342639807,-2.097356375853557,7793.187681372575,1.0476331014473557,0.9679250187152668,109306685.77267031,3915146.7174550076,291755.5562550175,417270.37110328453,2.9913089364038474,1.0,-0.5832063482071178,-0.5827296288967154,-0.4017382127192305,-0.0035886159505927845,-9.948837812182614
0.4498329383426677,0.24087340802712648,0.3205629412506518,-1.7837969174824948,7818.608521796191,0.9848782634846395,1.0159980989002546,196534180.9683127,1571005.1209539971,305299.0997502004,480027.8018432208,2.2283453196386636,1.0,-0.5638584289282852,-0.5199721981567792,-0.5543309360722672,-0.002506669285009082,-3.230139928641531
0.7408243052525444,0.3198126816784924,0.2889483519818725,-1.6119586016102845,7792.437300243479,0.9990055880535653,1.116000939654904,221612735.00501966,3983641.8961156444,256885.13329536235,427461.3986113281,1.7741529303171462,0.0,-0.6330212381494824,-0.5725386013886719,-0.6451694139365708,-0.0019772156835046453,6.036809520002915
0.24738548305657657,0.038271223395513976,0.7827540270150122,-2.9649012161488795,7817.532825174087,1.0322421232196932,0.9692895268934837,63248620.56209522,2090268.2983793213,423490.3216865599,618053.3161828362,3.9563024972373606,1.0,-0.3950138261620573,-0.3819466838171638,-0.20873950055252788,-0.004439840562109734,-14.99102591153802
0.9286070828708717,0.9263264585871354,0.10089709486798587,-2.536294550492578,7782.068899434118,0.9988523511547643,0.9911894905796979,129222136.98716462,3257309.446339937,486372.68637191143,751178.8594155981,2.53841067915562,0.0,-0.3051818766115551,-0.2488211405844019,-0.492317864168876,1.0,90.0
0.14855843811913177,0.873535900362611,0.16422718651685492,-2.234245957464654,7823.100846974974,0.9415937910722492,1.0470922112365832,274619270.8033875,7382192.388229642,455519.01504706935,759088.381723584,2.349915581419917,0.0,-0.34925854993275807,-0.24091161827641597,-0.5300168837160166,-0.0005297651148326941,1.680116972060734
0.9250273915595091,0.8234705256338539,0.2639978669750666,-2.046289310651946,7830.173787505004,0.9870074962139302,1.0161126153525382,209189504.6216447,5725548.667314402,394543.5342602734,694128.29978619,2.0389285766455854,0.0,-0.43636637962818087,-0.30587170021380994,-0.5922142846708829,-0.0008031776832427672,17.265855041059666
0.31338103965652436,0.9039393541774721,0.6574864939601069,-3.0219948953771976,7798.708483738634,1.027567890226321,0.991102537584488,80881540.23241717,2183491.3846867713,520410.9742294402,759326.6344085936,3.76727439325797,1.0,-0.2565557511007997,-0.24067336559140637,-0.24654512134840595,-0.003040084445589955,-6.672897137654012
0.6005624989191949,0.7873254771131014,0.7729351405838932,-2.9263907459204637,7793.995093983383,1.0017257730129054,1.00580129362182,74069437.734805,2353042.6320158057,423767.419851178,649449.5574530629,3.227079005070774,0.0,-0.3946179716411743,-0.3505504425469371,-0.35458419898584526,-0.0031221170197576597,0.7059768424196875
0.9943005343127799,0.6015040176441637,0.3907589729593934,-2.463655950951563,7798.596166714011,0.9985816186106106,1.03326954243633,129629181.67376745,4369046.4698873935,326856.07798072125,547515.4693250826,1.7491496450178339,0.0,-0.5330627457418268,-0.4524845306749174,-0.6501700709964332,-0.0018838634258978057,10.84630525132848
0.631689296454578,0.05564978805463526,0.23627463258960604,-2.064526460541591,7842.198107020483,1.0525276100683807,0.9907002816533413,187416225.99060932,14446675.704782268,311732.7101878179,516153.3413994907,2.0788281623998017,0.0,-0.5546675568745458,-0.4838466586005093,-0.5842343675200397,-0.00207980137501867,2.5592316999744327
0.08577763516857981,0.32813266489403353,0.5328247700328664,-2.4932519808135454,7846.234895370978,0.9935049021797916,1.0935823441642256,118724506.37361492,3240790.820210408,427912.3667069926,600931.3530461064,2.982088071301977,1.0,-0.38869661899001057,-0.3990686469538936,-0.40358238573960464,-0.0034516403626210384,-20.419294483559646
0.8318941502820643,0.700206292830544,0.2698570073895684,-1.5079643526118836,7860.444266664753,1.0269611771093128,0.9793838980323818,237475063.66356057,7245931.721480126,367857.756242305,629110.2392928427,2.092674618734875,0.0,-0.47448891965385004,-0.3708897607071573,-0.581465076253025,-0.0012168255092613201,12.56546113284806
0.7758105679174347,0.12295048198751202,0.5270398932807421,-2.4268860584146177,7771.848100544555,1.0557568906664554,1.036659297801207,85491001.30800384,3292158.6161226975,304639.3422336935,495016.8063231145,2.126952518710561,0.0,-0.5648009396661521,-0.5049831936768855,-0.5746094962578878,-0.0029509552005286656,2.5455081650851206
0.744948069973969,0.6038424011686535,0.21216100355839468,-1.1399043316640767,7876.293740212172,0.9739514401250151,1.0243158251096136,296803332.718231,4327041.7060483135,359820.66325036006,628707.503624005,2.0285456741750134,0.0,-0.48597048107091423,-0.371292496375995,-0.5942908651649973,-0.0008205903333047173,13.541761234536704
0.41059233736653294,0.9273281861095208,0.7011959909129066,-1.728819840941441,7797.777352175571,1.023527626357588,0.9765574282459066,165388264.7222847,3598828.198695728,317770.89852035133,471532.9765925281,2.6595839575035445,1.0,-0.5460415735423553,-0.5284670234074719,-0.4680832084992911,-0.003027841189218668,-3.4340411784589158
0.037664799215025156,0.4780995407407679,0.06110677169127706,-2.203452737411863,7897.720090403321,1.0369964483203493,1.013087730413938,286084993.86702603,6816651.235401723,551552.7808808602,813145.2979288258,2.9991048556691826,0.0,-0.21206745588448547,-0.18685470207117416,-0.40017902886616347,1.0,90.0
0.007941669954890653,0.9766756294892052,0.21954503136607567,-2.519399058773325,7805.194543623429,0.9272845528527646,0.9747041121190089,199110980.1696865,3768446.0489348574,598497.5235117673,926200.0236923258,2.4172668491869973,1.0,-0.14500353784033246,-0.0737999763076742,-0.5165466301626005,-0.0009505275656144321,-9.85309075875
0.49381128304766503,0.8625147759833449,0.9692333102123427,-1.741280229212782,7871.573503932331,1.04722862921635,0.9505064551268594,133604424.01396754,1639193.3284704522,301790.47775829805,454119.02103601076,2.641092342348208,1.0,-0.5688707460595742,-0.5458809789639893,-0.4717815315303584,-0.0034609256144821857,-1.5410841040961358
0.8399256291558971,0.6635206859524123,0.02992286128899874,-1.8295412577541237,7802.245397736509,1.024237843436752,1.0544149316100002,233986055.7090204,1527525.020022594,353918.9068827663,553225.5726474669,2.5400526396545766,0.0,-0.49440156159604814,-0.4467744273525331,-0.49198947206908467,1.0,90.0
0.7048802635793472,0.8970652479680523,0.6042483478845929,-1.9662861986362463,7807.17259739175,0.990453929165836,0.9926358284618115,155250198.45238447,7539244.187356557,275883.21608478687,430683.68481400615,2.265383788690066,0.0,-0.6058811198788759,-0.5693163151859939,-0.5469232422619867,-0.002568545975509041,4.130817606689821
0.4384214637103225,0.9319219750673873,0.7399997488136375,-2.5435622582971513,7838.446539948249,0.9674838508504889,1.0083514137666771,104564150.4405735,3329901.358413665,363340.03442273114,540698.6347967548,2.5382651835759664,1.0,-0.4809428079675269,-0.4593013652032452,-0.4923469632848067,-0.003079341341361676,-2.6428003590504296
0.4294439135458651,0.9901155208049155,0.41857988962689857,-1.3231596794633123,7823.3980438975605,0.9795580909133462,0.9042754488496821,245640442.69705784,17005492.879284497,319078.14395447855,489451.7453171691,2.5147173601991812,0.0,-0.5441740800650307,-0.5105482546828309,-0.49705652796016375,-0.0021197947046685,0.1582483015430043
0.971149840897339,0.18369639462231085,0.21270878030238374,-2.8799296173733264,7883.529949554613,0.9323410108879686,0.9999506432716719,173708798.68066162,5270783.391850463,411013.42990790383,732059.8239613342,1.8875861947959065,0.0,-0.4128379572744231,-0.2679401760386658,-0.6224827610408188,-0.0009826369877521976,14.376964768051145
0.2457552655663267,0.6276279400987242,0.7679945930524057,-1.941349680840286,7748.34770345406,1.0156711329957882,0.9660609661181745,108714094.94868934,4039467.995485007,286282.4283562307,412164.8641976156,2.9357708753089926,1.0,-0.5910251023482418,-0.5878351358023844,-0.4128458249382015,-0.003677973398416438,-11.382650944707951
0.4739604506761735,0.14284133125631762,0.36299140268669194,-2.1473116578627445,7725.208583658391,1.0539381135670005,0.9282290816176751,103956249.72925225,3469639.2609957997,360778.60315960966,566729.4020124967,2.51008653396864,1.0,-0.4846019954862719,-0.4332705979875033,-0.49798269320627203,-0.002773473609246826,-3.7775494544973256
0.08528957545580484,0.29085143968177657,0.3325312423718362,-2.049181980022422,7768.4323526350145,0.9524097959925497,0.8788542324198699,157740329.5241843,4250160.994992052,383273.63072280434,555414.9241568532,3.11203983857285,1.0,-0.45246624182456524,-0.44458507584314677,-0.37759203228543,-0.0026607676415487313,-18.254196385158927
0.515398752825727,0.14934130619457453,0.7767002700709867,-1.3918498474049055,7806.465497547058,1.0578831349943651,0.9792403524490724,113340153.96945901,1621594.1004807726,264413.83763946494,407050.8634285663,2.513022377285506,1.0,-0.6222659462293358,-0.5929491365714337,-0.4973955245428988,-0.0038465489044712544,-4.874565148446251
0.1712118536599813,0.9936051468089986,0.6760815845415366,-2.56372234921756,7837.051636085138,1.028117702752927,0.9698586531863448,106795091.17036058,2948271.4805312315,447622.4404941672,630702.7073496487,2.9684391188706836,1.0,-0.36053937072261827,-0.3692972926503513,-0.4063121762258633,-0.003099619134950533,-11.970351726312206
0.8529163508732688,0.06595494061602931,0.9704927089964975,-1.4477164714514,7913.623640136984,1.1103779795959736,1.029580836474103,84269833.25189029,2034941.2355368754,256438.843708669,417766.87578489276,2.2761782166428106,0.0,-0.6336587947019015,-0.5822331242151072,-0.5447643566714379,-0.0036681546237852672,3.069709076114563
0.010219423253854968,0.17241340634589694,0.16589103227474972,-1.963867787762639,7800.012345193502,0.8609025120397173,0.9942675950746709,306826520.8294376,12876432.881424082,483732.49833936454,738216.413437004,2.3486365728968397,1.0,-0.3089535738009078,-0.26178358656299605,-0.5302726854206321,-0.0015190919363814823,-17.82991288502255
0.14362298050377875,0.246097762184856,0.7255463885217408,-1.6755247467010395,7899.534752535859,1.0042886129385227,0.9277874728955514,141717864.0948116,1721044.860337242,365485.28786352073,516955.7410178704,3.2115713621719313,1.0,-0.47787816019497037,-0.4830442589821296,-0.35768572756561373,-0.004150340303874931,-18.58563423887894
0.6698239960988097,0.4012048879862889,0.34325966582716205,-2.1010267511887797,7839.527256618603,0.9837794692971364,1.0025386859072585,181383879.5531754,9830927.665968446,312495.4153645737,507747.86111737246,2.013217262085543,0.0,-0.5535779780506089,-0.49225213888262753,-0.5973565475828914,-0.0021835398086862065,3.66184735080261
0.38048345531303984,0.7282724249668932,0.29805945562528247,-1.6864978946418456,7936.296754757895,1.0138860882334708,0.9809896427305355,245663830.92293042,6113528.399084573,373817.48725401063,584881.4618121535,2.2440304673091176,1.0,-0.46597501820855625,-0.41511853818784655,-0.5511939065381765,-0.0019398549794992655,-0.9055803313650479
0.23315422220261328,0.10816864793066494,0.3413669180232515,-2.220751061600942,7888.968070310531,1.0512702781078795,0.9672543541215728,169877633.7628781,6273399.80788967,336595.6426029013,506042.6356411319,2.688186685011026,1.0,-0.5191490819958553,-0.4939573643588681,-0.46236266299779477,-0.0029303522252780625,-12.460327203364855
0.28042253746838297,0.8114839409815533,0.049338426710115034,-2.2885344322769647,7821.33718814094,1.0467170963633434,0.9729328358928987,188071204.49048358,4428974.275101599,423081.705709793,633223.2497297234,2.96583509742833,0.0,-0.39559756327172424,-0.36677675027027656,-0.406832980514334,1.0,90.0
0.27783751517408734,0.901634801673276,0.9707498566878482,-2.3828610938898436,7873.567354656779,0.949466079163089,1.00538915196611,116474988.87760809,4015230.1143801524,302932.0105101007,435755.32030501857,2.6340193437520227,1.0,-0.5672399849855705,-0.5642446796949814,-0.4731961312495955,-0.0036636359582268383,-8.431447999670183
0.8779079034199907,0.7926161244639863,0.7349077822210807,-2.1039731793538388,7763.779294743597,0.9841156093165746,1.0512242729420411,111879171.39530596,4642020.730704722,239395.58931816014,379585.7326476993,2.0059634408008615,0.0,-0.658006300974057,-0.6204142673523007,-0.5988073118398277,-0.002798659989930543,6.324712822356156
0.8982706738982988,0.025395614467889814,0.3122278229704734,-2.4111398641642654,7739.734998313818,1.0628773945566996,0.9758144772356394,98961698.52507691,3369297.122077666,349715.2148494514,594178.638873072,1.9351254009555077,0.0,-0.5004068359293552,-0.405821361126928,-0.6129749198088985,-0.0022249395964711568,7.244611602302658
0.5227286856873616,0.844985251683654,0.12958253013730323,-2.5236720068361125,7846.828470859047,1.0393762787215906,1.0220002890473792,154502979.82737786,3893615.1215351894,433537.58361717814,660158.6742175975,2.668468550639134,0.0,-0.3806605948326027,-0.33984132578240256,-0.46630628987217315,1.0,90.0
0.5354511353511554,0.5697249915823014,0.07306270160455432,-2.618991512808744,7765.959499729529,0.9479244376549948,1.0867786796962113,137845859.38822806,3140607.769573673,548391.7894799844,849359.3856057862,2.245873058025086,0.0,-0.2165831578857365,-0.15064061439421378,-0.5508253883949827,1.0,90.0
0.672867210444677,0.5172930488452671,0.839025324509992,-2.7424479908542314,7844.323509513827,1.0738917884696249,0.9966789616274054,72466413.39496545,2738851.0536463596,329345.2398876368,514122.0590097975,2.3436095771481282,0.0,-0.5295068001605189,-0.4858779409902025,-0.5312780845703744,-0.0033949249840068037,1.0167722818664622
0.2512338019440532,0.267022878996789,0.663991021987239,-1.2509682946787088,7856.811843215199,1.0302019070281148,0.9773647247888484,145327781.12468183,1921544.124217301,264987.96265029826,385615.1208772603,2.8901529028192,1.0,-0.6214457676424311,-0.6143848791227396,-0.42196941943616,-0.003840868065671973,-13.211836309141844
0.5479659877353042,0.6823090744040113,0.15246307184044786,-2.515574540200582,7857.357297530771,1.0629581615614911,1.050983701694123,152719219.74938402,4103202.6479362496,401385.6697119276,617570.6094193966,2.521423942220601,0.0,-0.426591900411532,-0.3824293905806034,-0.4957152115558798,1.0,90.0
0.6748629739544921,0.608293809007848,0.677009361788365,-1.9997003844935368,7915.412137583007,1.074336520600547,0.9523342703660657,140579216.7742861,1905821.5248698639,304033.9258241514,474511.69882565015,2.458035210571242,0.0,-0.5656658202512124,-0.5254883011743499,-0.5083929578857516,-0.0030099906418290696,1.6706819583414863
0.8887610865711117,0.08530043038880739,0.3227094467287383,-2.766599948253656,7809.369106442651,1.0590422522156255,0.9619307034732677,97135841.46015006,3087379.551170077,383210.1649976916,648039.8280558523,1.9747113768639246,0.0,-0.4525569071461549,-0.3519601719441477,-0.6050577246272151,-0.002228869797160216,7.185772987382418
0.16261031556422664,0.8746345302300422,0.1106921550475362,-2.1914169685647624,7876.728969540478,1.0335448157281555,0.9138496588012237,256103761.17172873,8953529.992739372,478720.35464430944,705471.7502410949,2.979085707587564,0.0,-0.31611377907955795,-0.2945282497589051,-0.4041828584824872,1.0,90.0
0.3445585516743681,0.5516919935848648,0.7624236980579929,-1.6459902470683472,7869.87402286787,0.9132121490283069,0.9776717000269155,155026988.55861425,1818321.6134819977,293302.24690805987,432008.98936662613,2.550194784383738,1.0,-0.5809967901313431,-0.5679910106333739,-0.48996104312325245,-0.0036346921552628214,-8.060100711208165
0.13315425159253452,0.0016583786896597046,0.10874582000363392,-2.5299416012631224,7885.7010437039135,1.0000304427877134,0.962197369010838,207496829.3004791,4792526.960894485,455073.63150472625,724829.2015432395,2.2682973315307087,1.0,-0.34989481213610535,-0.27517079845676046,-0.5463405336938583,-0.0013603071375824058,-10.314063098888468
0.09305045615884144,0.5629135191406432,0.18936307094553573,-2.2994837009965923,7822.203529241483,1.045702181273924,0.997788477786836,195479462.36422682,4681475.07639378,417547.76948965766,642236.2209305639,2.432194922522352,1.0,-0.4035031864433462,-0.3577637790694361,-0.5135610154955297,-0.0014296333054068292,-10.36476843822853
0.171700197168674,0.6551164344996477,0.38234434017332336,-2.235798418643178,7864.50553666553,1.038048989428681,0.9746225774503147,169480888.90371644,5192358.105110566,341762.0151979452,501020.25324476184,2.7115110857370786,1.0,-0.5117685497172212,-0.49897974675523815,-0.4576977828525843,-0.0025036360824611205,-11.779265956777355
0.13946876720076418,0.6575410000502475,0.4400246833074914,-2.6317406278445215,7812.742569798685,1.0404523218561592,1.0143508071833836,111425554.14432019,2808789.6878775135,509591.9850699649,731790.5187167428,2.713932920751764,1.0,-0.27201144990005016,-0.2682094812832572,-0.4572134158496472,-0.00273718556518448,-14.214084540643423
0.45577458892807,0.3847092089182333,0.6724128892567096,-2.8058446547870664,7790.298104524572,1.0711298261968434,0.9444860733376618,70058529.40505299,2322760.084736845,410942.75336508156,623151.7757296751,3.4110274136075267,1.0,-0.4129389237641692,-0.37684822427032494,-0.31779451727849467,-0.003466251014468791,-5.209454782530951
0.17665686017696164,0.3722370698796034,0.08137462491663378,-1.6455826472973283,7842.821560368945,1.0993920253965994,0.9289961112193877,270588324.41240245,4257685.73789122,441461.52111683495,670324.3768923227,2.9009664100770505,0.0,-0.3693406841188072,-0.32967562310767734,-0.4198067179845899,1.0,90.0
0.1465076530220983,0.7607339490432066,0.04143941619456025,-2.2802938810016675,7919.94803126753,0.9709089670419727,0.9545626878629478,285345795.35507417,4797182.635745721,543054.1494465581,803221.7653150461,2.927038754212798,0.0,-0.22420835793348845,-0.19677823468495392,-0.4145922491574404,1.0,90.0
0.9784539625523366,0.32681079842864275,0.8971164581486055,-2.553768469122922,7923.94593031094,0.9283897841204629,0.9254687728031061,101196622.38983116,4923957.484900196,232846.72074641602,381059.9019288563,1.9611566342033653,0.0,-0.66736182750512,-0.6189400980711437,-0.6077686731593269,-0.0032591299570138557,6.397277933642904
0.5222489174814396,0.5563333860145389,0.7218619676272804,-1.7827450265797602,7840.715567863269,1.0494699452431786,1.0546462982982776,142086598.54388517,1895816.668609567,293193.81204701785,447097.8491306602,2.405275951584947,1.0,-0.5811516970756888,-0.5529021508693398,-0.5189448096830106,-0.003322977649943177,-2.4755886245798386
0.7590467528815505,0.4650661038312985,0.36794707594163184,-1.5701049281420525,7848.014752308257,0.985011434906105,1.0498078134251796,211851475.6759985,5360735.724742864,293587.0479153291,480947.30018040165,1.895003651415347,0.0,-0.5805899315495299,-0.5190526998195983,-0.6209992697169306,-0.002141538461577581,5.719675985095115
0.4140806934693751,0.09046952062801508,0.7224518315062084,-2.1522424510084326,7804.142570895217,0.9959271094320801,0.9374708715691914,93190569.27582732,3884396.984161899,248789.3546876409,376460.6997195776,2.6265310868527996,1.0,-0.644586636160513,-0.6235393002804225,-0.47469378262944006,-0.00395885015581302,-8.254828864461658
0.1913641650520735,0.8157349681198367,0.835736229018878,-1.0169171596112097,7753.9818705679545,1.0118799960031757,1.0072995844846466,168085208.86673787,2843811.110645963,283541.81716481573,402546.9871554913,2.8090297910311706,1.0,-0.5949402611931204,-0.5974530128445088,-0.43819404179376586,-0.0036442995537297697,-12.46492903263297
0.040105749266060656,0.2691030193489591,0.2986979589907539,-1.7073553917158826,7767.4737449155045,0.9877335187933437,0.9756496560393034,236140275.49541527,9836771.998163357,427730.08028229297,619274.471886948,2.948796568514614,1.0,-0.3889570281681529,-0.380725528113052,-0.4102406862970772,-0.002444358976170764,-20.339576187881192
0.8943492959056686,0.04308108286471169,0.9191208916724054,-2.0788010863384465,7848.392595071799,0.9408354418403714,1.094496237620335,102276504.96270439,8125797.379195074,185553.1080672355,304664.09818557353,1.8297106240359124,0.0,-0.7349241313325207,-0.6953359018144265,-0.6340578751928175,-0.0035585149588519527,3.802347055842631
0.6704598216793588,0.7853500891228552,0.16234160367340292,-2.5575649826565776,7851.002281818887,1.0865347806571555,0.9733168850485302,135205692.7183206,3621706.565919336,419051.2875983364,645425.3293386474,2.7751476488439653,0.0,-0.401355303430948,-0.35457467066135256,-0.44497047023120695,1.0,90.0
0.7606218831184606,0.16194807704755934,0.2821472996600326,-1.7592431603407281,7878.033794156094,0.9861758199846394,1.0297476429766297,215355976.93217653,4313219.830693078,284732.76480150793,476368.49954934465,1.8170441201997043,0.0,-0.5932389074264173,-0.5236315004506553,-0.6365911759600591,-0.002086451799371382,5.542090232022222
0.17940081810029446,0.4113601151734115,0.2372852040990857,-1.2546822766307146,7785.549350339055,1.097245853600611,1.0258207745817731,261223087.92842355,12777887.14634882,386647.2168193329,588350.3867285422,2.6115870626141313,1.0,-0.4476468331152387,-0.4116496132714578,-0.47768258747717374,-0.002091860232801799,-10.158861556044734
0.5024985208421795,0.06478044178199967,0.6407845572874165,-1.9005206604443192,7796.374967894897,1.0889468981701462,0.9610584480977994,109394834.76796506,5528402.586578522,217854.2974559312,337302.54524114664,2.517368437544347,1.0,-0.6887795750629554,-0.6626974547588534,-0.49652631249113066,-0.003651347262603929,-5.358364441073832
0.8427838967636906,0.03188525540488039,0.6661578973627871,-1.3475116448357287,7917.243686517712,0.9884759901064617,0.9747667930688768,129706124.1862314,2099513.636995793,238875.09027535943,390271.6957155709,2.0142370363314144,0.0,-0.6587498710352008,-0.6097283042844291,-0.5971525927337171,-0.0032405690042122837,3.0348095997917
0.35350666984088425,0.9233972262796418,0.9997027855140448,-1.1837913244962572,7800.1705441939375,0.9268958306412718,0.9953992776431801,163060011.2565714,2756412.1922532283,249434.9218855948,365229.97790977615,2.464206761689436,1.0,-0.6436643973062931,-0.6347700220902238,-0.5071586476621128,-0.003588235274015768,-5.613932866685932
0.8855673479758245,0.9578657682901153,0.4168370829223884,-3.0770767428114922,7867.0612380222865,1.0200549661518366,1.042776390803995,107469852.61333157,2971591.7028023615,459252.58082764706,751541.472212482,1.9725042415853697,0.0,-0.34392488453193276,-0.24845852778751798,-0.605499151682926,-0.0017818497193008997,10.533136100603832
0.33265550692558105,0.10009511544051448,0.22821772748374433,-1.6640893886921861,7895.704556009003,1.0077034806161538,1.0540875381911556,239365949.32593176,5002438.919274987,352435.52380658605,553463.9853365506,2.1767512251423438,1.0,-0.49652068027630564,-0.4465360146634494,-0.5646497549715312,-0.002354400805732711,-6.404851560875855
0.25845735893239113,0.8758667540147596,0.6956854007678618,-1.5769440638606087,7948.03595426612,1.0339443086855271,1.061940892985271,166482024.1301727,2067752.1923746367,322161.9844242939,463265.8253849772,2.669974268173226,1.0,-0.5397685936795801,-0.5367341746150227,-0.4660051463653548,-0.0032141592553370352,-9.072540652648104
0.8335056703172019,0.9873815041633509,0.4900241010688615,-2.590843658623264,7876.086372550254,0.9658922335910693,0.9814527809535908,137236346.9544539,4437792.152935133,344515.50804021675,551460.4660411469,2.013569989745,0.0,-0.507834988513976,-0.4485395339588531,-0.597286002051,-0.002071432716649584,8.334911115812814
0.5863062989465996,0.6764682273353625,0.3672503181876885,-1.9050614924463916,7904.713586555467,1.025434021695468,1.056113481655044,205579355.29797414,2622582.1939991177,286194.8487053334,454736.72822301975,2.0712851400298335,0.0,-0.591150216135238,-0.5452632717769803,-0.5857429719940332,-0.0021019924332841356,3.0378713507995343
0.0028480153734254934,0.1716028384874595,0.21785383611344877,-1.1500312408374018,7797.220889758819,0.9992647972162471,0.9641988917747701,301533016.1208972,3636523.089747031,400708.6973551284,593571.5411311459,2.865551801286177,1.0,-0.42755900377838796,-0.4064284588688541,-0.4268896397427646,-0.0019962099271977544,-20.911247066704398
0.35964315264118046,0.8604045712737297,0.24613725236554843,-2.1128898109415193,7917.969442988007,0.9918606071591675,1.0565323270686278,257888398.10031682,2281906.9996724776,325763.6622211596,519789.47863907955,1.9704427129210313,0.0,-0.5346233396840577,-0.48021052136092046,-0.6059114574157938,-0.0014130340245728599,1.9294110848145394
0.28394392073163316,0.4698723866100523,0.19987990016926643,-2.690587047930957,7794.326977226252,0.9596414353748224,1.017772484057037,141935898.42726186,3240957.3628072673,532098.3667067804,840951.607073153,2.0866022360334635,1.0,-0.23985947613317088,-0.15904839292684697,-0.5826795527933073,-0.001656584360257009,-3.659545762380116
0.7730131718102815,0.848447409361091,0.9169382767261522,-1.596032114643712,7848.490681597621,0.9767469496266022,0.9682808565959351,141912486.7506237,1858742.0409102,246400.36741025516,385790.21827301476,2.1911071129420043,0.0,-0.647999475128207,-0.6142097817269853,-0.5617785774115991,-0.0031332621680107064,4.7837579098611265
0.2876761278977259,0.6564387001342414,0.2535433299090173,-1.9610013861272035,7795.552474008498,0.9389650609220552,1.0104418169180187,231852470.84746885,9808390.18119718,385634.52103888855,600352.6577963859,2.1562561199551205,1.0,-0.4490935413730164,-0.3996473422036141,-0.5687487760089759,-0.0018322807332310379,-3.616443481151059
0.41095138702212325,0.6665832420005788,0.5684155137792958,-2.199795168972156,7866.114880016199,0.9550109388639212,1.0241339227058883,156589999.825373,6291907.224268181,290784.15636485175,437281.5965334379,2.360196616545635,1.0,-0.584594062335926,-0.562718403466562,-0.527960676690873,-0.002959532087622473,-4.481602053934736
0.11292992435658734,0.14825187791296818,0.6436936029371777,-1.7185980080625605,7881.20453328547,0.9854865632244297,0.9686316742118761,155377031.0915795,1684382.4678606887,367167.47620473756,517768.2054747409,3.1978630809187623,1.0,-0.47547503399323204,-0.4822317945252591,-0.36042738381624756,-0.004048236437332771,-20.602425173361976
0.34320898412160894,0.18411357153137597,0.2163151486383055,-2.2703159864337765,7769.154215108869,1.0108499339299906,1.0713468378830082,148935710.58676213,4208553.266471332,376844.91699065146,594214.459056913,2.177490383935928,1.0,-0.4616501185847836,-0.40578554094308694,-0.5645019232128143,-0.0021477920508229777,-4.970774205751965
0.5135733685642649,0.020756421980428062,0.9306360534120697,-1.5854050928218306,7861.3378144171475,1.0951063173816593,0.9981965177802503,93940955.8076962,2157028.1817540475,277781.775482976,428830.4441898713,2.885393594395331,1.0,-0.6031688921671772,-0.5711695558101287,-0.42292128112093386,-0.004253169491512396,-5.655693347129905
0.8032531010043091,0.9735129777085219,0.03393183079793229,-2.4576592779777444,7874.966121548127,1.1255375823091671,1.0000047389370972,163787345.8531719,4316681.58589139,389048.9797646246,595997.9240230289,2.9719189997815456,0.0,-0.4442157431933934,-0.4040020759769711,-0.40561620004369087,1.0,90.0
0.9679964682669168,0.8866815546344086,0.746635469967399,-1.5216469363918164,7841.811142173041,1.1227546686958998,0.9799596056376821,137929375.49881962,1956943.7027845383,236773.07208305315,377495.4295090108,2.2951062905994637,0.0,-0.6617527541670669,-0.6225045704909892,-0.5409787418801073,-0.002688659958443697,8.132737856377277
0.9040928698329681,0.6733463325275585,0.4764065205878475,-2.0350822935653725,7834.835897105163,1.05830198865852,1.0087973194942261,161552936.95251065,10403776.84747312,277864.88709453464,453737.21528584167,2.103619752174829,0.0,-0.603050161293522,-0.5462627847141583,-0.5792760495650342,-0.0022342510876129846,8.088158333708094
0.3995860998404515,0.5985909407552111,0.016002161980957295,-2.0565542562437384,7811.324907124488,1.0089540643539876,1.0206678580779303,233816514.188024,7245979.944311104,433483.51634205214,664868.306240053,2.6352669292236546,0.0,-0.3807378337970684,-0.33513169375994695,-0.47294661415526906,1.0,90.0
0.9774035348766403,0.09580529177287277,0.8326170920171739,-1.9569332030017228,7852.467481983806,0.9985444546083702,1.0249253852930997,111391933.76087084,17324543.364571456,211443.39717143265,350349.15441474644,1.9312847359046388,0.0,-0.6979380040408105,-0.6496508455852535,-0.6137430528190723,-0.0032987322147075525,5.651158036411907
0.026816084311013764,0.704000322860457,0.6692349380953083,-2.02015893845968,7833.48137335801,0.9692616009064535,1.028139869333326,167269313.82106197,5612879.655901592,365463.02941004623,496373.6613657195,3.133904572596556,1.0,-0.4779099579856482,-0.5036263386342805,-0.3732190854806888,-0.0034435500794618218,-22.422190687930826
0.14873729525959628,0.9494253952497486,0.1238592363672293,-1.619851667331462,7875.482493566647,1.0011776850525957,1.0309568855499534,311104053.2700414,9203985.837698476,498282.5589465481,729565.5392337057,2.7493794488420003,0.0,-0.2881677729335027,-0.2704344607662943,-0.4501241102315999,1.0,90.0
0.8725445349631,0.8025327717510741,0.7184795193478458,-1.7402868233455004,7881.368391090628,1.0374077277012104,0.9820479743427952,146242960.40378612,1814945.5971263826,260110.4653389417,412249.9040036814,2.222945245499481,0.0,-0.628413620944369,-0.5877500959963187,-0.5554109509001038,-0.0027639739718930754,6.309578843480303
0.6490528084448455,0.7451949263988932,0.13378608547209891,-1.933960340216871,7815.610175748622,1.0063339495272454,0.970561217272186,213730145.21837914,10104588.193690397,410046.60283388605,633134.9237683637,2.544704699944582,0.0,-0.41421913880873423,-0.36686507623163633,-0.49105906001108357,1.0,90.0
0.03161770186254819,0.0356020097236871,0.3693337903359259,-1.9843151825466052,7759.326661740824,0.9981118100926473,1.0953569354785846,154847235.6209037,4389643.3256966565,355600.489352332,505966.27517717535,2.9886762972417547,1.0,-0.49199930092523997,-0.49403372482282465,-0.40226474055164907,-0.0030387931698893367,-23.912622733937805
0.02523163233348805,0.734735455245182,0.2811717956060784,-2.465460131915492,7857.704052658114,1.0123019685728003,0.980904778377456,177761981.54875422,3939116.0961203617,481453.8913434124,702067.7978727398,2.8945512105816076,1.0,-0.312208726652268,-0.2979322021272602,-0.4210897578836785,-0.0018226317091621386,-16.317121896376854
0.9705289898783127,0.5467426586892549,0.9576186633584806,-2.286984178620087,7850.622679491066,1.0319211983084933,0.9794807513162352,97867289.14738724,4836861.644467485,209142.01714406442,339442.100255627,2.0573796439150898,0.0,-0.7012256897941936,-0.6605578997443731,-0.588524071216982,-0.0032127359623318635,7.21599288839071
0.45820204217506944,0.39673498401494345,0.3174900133561094,-2.3911345947592806,7702.831739337071,1.0802057121745285,0.9867877653693742,98043553.17583716,2859351.6493227943,456993.20595146227,719623.667077581,2.73295417534837,1.0,-0.3471525629264825,-0.2803763329224189,-0.453409164930326,-0.002300166406644027,-1.7482079432966593
0.8808303691173556,0.6284417259186992,0.209788073534388,-2.0130429889728916,7861.613125772344,0.9060780051153563,0.9441708559688856,287437658.9105868,3710510.7670564065,314666.2889470481,575013.8707752527,2.3792202379568765,0.0,-0.5504767300756456,-0.4249861292247473,-0.5241559524086247,1.0,90.0
0.3056658842350258,0.23374137644768916,0.5418724326753213,-1.8033009013998815,7812.121549616923,0.9817844638487142,0.9414815163818852,165211048.81184903,10209774.405481461,324728.9257028608,483212.0027254155,2.724620872914662,1.0,-0.5361015347101988,-0.5167879972745845,-0.4550758254170676,-0.003459767567353513,-10.638422634604488
0.70017957128446,0.9274838821026566,0.9373907094524444,-2.0212733371705824,7839.213312645368,0.9797616907276637,0.9592359185040854,137173277.78170598,7556514.652138204,250953.63170848959,388513.9042163453,2.324402580292086,0.0,-0.6414948118450149,-0.6114860957836548,-0.5351194839415828,-0.0031592510948442805,3.5929045981209313
0.3502318547828819,0.4476577403416031,0.23042739344067126,-2.068935707099028,7787.9082236398535,1.0516446629868001,1.0653173056042105,184383054.1263387,6009198.776166539,317328.80739629234,502329.33810172504,2.154001047659331,1.0,-0.546673132291011,-0.49767066189827497,-0.5691997904681337,-0.00188958694208643,-2.644664161504675
0.5777316430375168,0.6534514979638585,0.5088444490718024,-2.914218645685619,7906.5621251921975,0.9795979842119112,0.9791182174074569,106148152.52871315,3124400.258033047,417091.4082407078,647784.7543291617,2.3768391533072193,0.0,-0.40415513108470313,-0.3522152456708383,-0.5246321693385562,-0.0026386177109141255,0.6272413923473472
0.5725982017190638,0.36227147035312846,0.3447375428960753,-2.6094313626087278,7809.27583843924,1.0419082496393637,0.9789024848235076,108325135.02150476,3227297.46603967,401094.89921651385,640737.7677266193,2.268680560147714,0.0,-0.42700728683355166,-0.3592622322733807,-0.5462638879704572,-0.002348701945269955,0.8194366747732431
0.44877033453031767,0.10108070290859297,0.6254506280728087,-1.1967796864087032,7853.176676248791,1.0362826671245482,0.9296472779511721,134025680.51331969,1918849.3331514427,240380.53686635694,367207.3034997317,2.588972912006953,1.0,-0.6565992330480614,-0.6327926965002683,-0.48220541759860935,-0.003655864204942252,-6.776166442367305
0.8454373356642821,0.1462535135696982,0.528748776978023,-2.0996778579746795,7833.515190053264,0.9509688533972906,1.0123495768143598,140577133.8762409,7798787.097938851,244552.69996635334,401563.7397611553,1.9251330475994577,0.0,-0.6506390000480666,-0.5984362602388447,-0.6149733904801085,-0.0028544033155282695,4.153328933884328
0.592569390555848,0.25337529506246276,0.30076831384070174,-1.9867562560211223,7841.322940533401,1.0146211433473804,0.9715756766529554,179656876.08488047,7685990.322672669,362190.8584957692,586574.2165069894,2.0738454374787922,0.0,-0.48258448786318686,-0.41342578349301057,-0.5852309125042415,-0.002287207431016798,1.4687262776138894
0.5543972817512103,0.9448004464729156,0.46499795111836784,-1.4206469303567055,7862.396720624638,1.0531348374284561,1.0008174685549591,206547210.78847075,5153208.630521158,311471.918266542,483671.79889451986,2.3529526350426853,0.0,-0.5550401167620829,-0.5163282011054802,-0.5294094729914629,-0.0022377341766319126,2.4679139513165183
0.9954726225263462,0.039783018185265716,0.492895959217206,-2.400108203123436,7757.210611511098,0.9981708816683633,0.972408432797582,89836976.40288657,3513824.5216896916,293493.1256917143,495013.5955594186,1.9488955040304765,0.0,-0.5807241061546938,-0.5049864044405814,-0.6102208991939048,-0.002678752039682558,7.085453179721018
0.1326201007346692,0.3440127075543304,0.8808571919082325,-1.7550380194924329,7877.766627957559,1.0046739420863255,0.9940437541289461,139933853.92645723,1755534.86344246,357476.13931683975,502600.00581234857,2.990302493426546,1.0,-0.48931980097594324,-0.49739999418765146,-0.4019395013146908,-0.0044064660288208445,-18.636499498015905
0.20872934935465484,0.08956132949889578,0.5068798324042966,-2.0865635016181217,7882.834106482643,1.0324180741015627,1.0273143140773136,165570105.0014469,8812654.072057065,313839.82803922275,459590.131079177,2.806670584930788,1.0,-0.551657388515396,-0.540409868920823,-0.43866588301384246,-0.0036003212944655597,-15.34761635565081
0.07006615140954743,0.20866927875061525,0.7824186616068053,-2.2606985488420444,7801.1801998203,0.9725057131234499,0.900933982083059,98392795.30381806,3118407.6818940104,380694.8093834856,526585.4494139818,3.4046450472531995,1.0,-0.4561502723093063,-0.4734145505860182,-0.3190709905493601,-0.004400323209867844,-23.147988369891806
0.28980256840106344,0.3121655044031947,0.973012180275755,-3.0433561431232325,7871.339219699745,0.9785054568681357,0.9786204347204861,66056021.308369175,2209708.671177936,403869.40427702107,592794.0514797401,3.4046089664617414,1.0,-0.4230437081756842,-0.40720594852025993,-0.31907820670765175,-0.004385681899150472,-11.396388357557466
0.6273336644012543,0.4342918127896227,0.18326105942502954,-2.1567392215776717,7807.693996775947,0.9882496442622263,0.971667322850005,212085729.3497978,7591467.195440429,347223.47164454084,597641.792760277,2.162420902414777,0.0,-0.5039664690792274,-0.40235820723972293,-0.5675158195170446,-0.00098018578597157,9.460462765707558
0.44063735937370324,0.34149992134166,0.9797693801598175,-1.7687810712131808,7856.297837140172,0.9742612024515582,0.9532940532011964,121678945.4294869,2225170.9132079417,288764.75497883133,437510.25409725046,2.3924379977622245,1.0,-0.5874789214588124,-0.5624897459027495,-0.5215124004475551,-0.004103182855357631,-5.859107969609639
0.008482046927648363,0.032882841933726835,0.79317245447165,-1.766881539130695,7860.7553620183735,0.9478585912045756,1.1293561578558173,161712494.44698197,1711122.5486246804,383642.7845776678,521854.25555285387,3.1477808129029303,1.0,-0.45193887917476033,-0.47814574444714614,-0.37044383741941395,-0.004657732269152403,-28.461679826280484
0.5350839607007932,0.7944139555888331,0.44081347739453547,-3.2720567160297938,7815.800155571268,0.9444063633787507,0.9595558917480944,89796493.00854048,2207257.073460425,562217.2660639412,874312.7673929848,3.5037649491974503,0.0,-0.1968324770515126,-0.12568723260701517,-0.2992470101605099,-0.0023205325406653993,1.2507690447402027
0.6088534999049691,0.6773862144580419,0.5878138415010308,-2.0226308236662764,7874.381283425247,1.0402864314478877,1.0605751847187992,155863708.63373142,5873221.759076171,322350.5442478004,499854.829421962,2.212501349129748,0.0,-0.5394992225031422,-0.500145170578038,-0.5574997301740504,-0.00280421221978279,0.9101698783031331
0.5660025951018316,0.3343053347921283,0.837758331515715,-2.366679693350534,7776.637453459225,1.107893239852564,0.9935172089196909,70234218.13109635,2948207.467962891,291492.46290803864,450128.0570278095,2.4427704071390637,1.0,-0.5835821958456591,-0.5498719429721904,-0.5114459185721872,-0.0036994016639212905,-2.5373394993244283
0.26670592112551567,0.22654856048883157,0.34802606163354904,-1.7153955517761044,7890.946589334905,0.9818487931679514,0.9957969593281558,204129024.88231176,2662724.2370580873,301705.48047197814,454452.93160203705,2.4444406995155585,1.0,-0.568992170754317,-0.545547068397963,-0.5111118600968882,-0.00280555333101532,-10.33202028667273
0.5539853825459747,0.30856025650872787,0.09697265091871435,-1.8454978122193892,7801.031102234135,0.9590831598415327,1.0990948465453547,234208626.1298974,1707382.431032256,363802.9375762963,572369.6889272442,2.2310258320753396,0.0,-0.4802815177481482,-0.42763031107275584,-0.5537948335849321,1.0,90.0
0.490486290616095,0.060180534678986326,0.44227185175480493,-1.3736970849409105,7894.474876731735,1.0400096172786755,0.9329017270696575,163220435.27246556,2669192.360082897,251064.71625467055,393250.1554492491,2.4457344748985745,1.0,-0.641336119636185,-0.6067498445507509,-0.5108531050202851,-0.003123960124806471,-4.597158850838067
0.5884997978479117,0.9310328700587766,0.8099898407005833,-3.018780020745141,7912.754529917509,0.9703359457714545,0.9607584680535042,88853425.16557519,2731306.8324555536,414233.6945567083,631017.5523469311,2.3890847479068906,0.0,-0.4082375792047025,-0.3689824476530689,-0.5221830504186219,-0.003068840611721577,1.249733382078741
0.9660627572049982,0.211965948566234,0.4777874835520733,-1.1344936354263266,7847.337238987974,1.10628426917309,0.9586863297102112,164007559.49306583,4780489.87908611,241565.58315617425,403944.1265769093,2.1125418118530854,0.0,-0.6549063097768939,-0.5960558734230906,-0.5774916376293829,-0.002540634682163663,7.242861227877398
0.3620623377025598,0.5336546559764086,0.8469699766813432,-1.8775242676436166,7763.325233624154,1.0777619600987047,0.9883284853750092,103776383.88707438,4591767.8301845705,215062.70101506892,318969.23635903164,2.6739931108527366,1.0,-0.692767569978473,-0.6810307636409684,-0.4652013778294527,-0.003797594377778214,-7.542104818989099
0.39490031474331955,0.024200369356998062,0.5997849226962428,-1.3094313674883051,7842.84952942114,0.9932984785870389,0.9347848959806875,139151224.69154212,1921025.6224775596,251078.47353093512,380821.95908588055,2.6075103362892,1.0,-0.6413164663843784,-0.6191780409141194,-0.47849793274216,-0.0037498706313507744,-8.862116669329321
0.3332544206746207,0.3715867930055114,0.7250199373830918,-2.003202562843374,7871.456857965676,1.0186063561870053,0.9774834270064605,150665432.10968557,12051799.025769968,264282.83503988996,390829.4371866747,2.7267640170660874,1.0,-0.6224530928001571,-0.6091705628133253,-0.45464719658678254,-0.0037695084575298764,-9.50521671245378
0.6469258964740622,0.06136230069638324,0.4802869013040828,-2.969825014785493,7771.109543303676,0.931410175786798,1.0725312512560232,78614723.56155172,2449517.5742075625,422612.3436391573,676929.7986891449,2.9316701689575657,1.0,-0.39626808051548956,-0.3230702013108551,-0.41366596620848683,-0.003041492406502242,-0.5207851758235229
0.10120230616220068,0.8517753374604455,0.9220808197820687,-2.3772796765278605,7751.724659759367,1.050350060428929,1.0196967266358379,89243069.69081998,2711563.725788749,437495.05658757116,602726.3494054461,2.911283220182742,1.0,-0.37500706201775547,-0.3972736505945539,-0.41774335596345163,-0.0038264139491806124,-17.08552164170975
0.8631593475645203,0.8057966692912268,0.27670454863374094,-3.3591915173025804,7811.023055313743,0.9537323771668859,1.0396097588913156,112068348.60785785,2577513.290858747,567792.6750993311,975702.4923133617,2.4546815012612764,0.0,-0.18886760700095562,-0.024297507686638273,-0.5090636997477447,-0.0010902260836702002,14.22722921722162
0.3110139477608557,0.9142102269678991,0.6893776887650617,-2.422990978277404,7779.7597301847245,0.9481461146658273,0.9333666613043613,102237574.61881745,3052181.922328705,416035.24522772356,605728.200416794,2.663587086340415,1.0,-0.40566393538896633,-0.39427179958320596,-0.46728258273191703,-0.003108463547131705,-6.7908612316283055
0.5567617308546471,0.24598528322267602,0.12299926136434942,-1.5825683404891513,7769.42758245033,0.9751324340717415,1.0043662890553147,299160898.010478,7164789.2614383325,364028.27858252736,647857.4026558832,2.156436120401096,0.0,-0.4799596020249609,-0.3521425973441168,-0.5687127759197808,-0.0004010943994285874,11.91427408407025
0.5202106759692169,0.4892413878454907,0.23854763174199134,-2.628832144026319,7825.572636906932,0.9506923359056729,0.9555796563407742,147477444.93204027,3867221.3956929455,434844.10719242285,707832.2395672246,2.0665200609300025,0.0,-0.3787941325822531,-0.29216776043277537,-0.5866959878139995,-0.0016864943951077401,3.171961419976899
0.10948315704627727,0.13350791358151917,0.8893449163881024,-2.2427051170298893,7844.632199877355,0.9641290537294893,0.9385799887027578,98444832.2490045,3521091.638462802,300883.4191979926,421467.30107884255,3.253029960931532,1.0,-0.5701665440028677,-0.5785326989211576,-0.3493940078136936,-0.0047472323424739265,-21.310166481539547
0.6812955168076192,0.37063300557843376,0.29467393618162696,-2.1601249378045777,7756.2928701230785,0.9956515165578488,0.9590428002466183,141451311.47493875,4651341.511672539,307803.37203168205,505350.7433388529,1.9772389582576435,0.0,-0.5602808970975971,-0.4946492566611471,-0.6045522083484712,-0.0020346124525594976,4.798012558295763
0.7908634034767368,0.7479349080558225,0.2875584953629255,-1.3956584304571407,7801.678311322729,0.9788372733458091,0.972826383452201,243558144.0145862,6964697.602193506,355683.1874421811,599643.7126548521,1.9834642401687943,0.0,-0.49188116079688415,-0.40035628734514794,-0.6033071519662412,-0.0013749866465549909,11.130261179364954
0.03623556333720236,0.3435425819688542,0.626113607885459,-2.686324499864093,7701.95007331486,0.9678144354476699,0.9512226389017594,85920501.67399377,2172217.9945798223,586229.9578990598,805124.7590030974,4.2705952747996685,1.0,-0.16252863157277178,-0.19487524099690257,-0.1458809450400663,-0.003741274929304969,-24.033384022532296
0.32351296688192904,0.9869652803179767,0.6470826793121017,-1.1933094967329756,7842.721744094877,1.0649562750047712,1.126023217667657,192797926.18786463,4365438.06234014,301923.25621837436,441531.4143773654,2.5283511999625863,1.0,-0.5686810625451795,-0.5584685856226346,-0.49432976000748274,-0.0029163677835465163,-5.69035177897641
0.1658678805997093,0.47934386255390277,0.7777018452849735,-1.3498718349718832,7791.853018385956,0.9627890844187482,0.9494172989477059,153941372.06131795,1855739.070520103,293954.182057307,415854.8189287326,3.0563126580642974,1.0,-0.5800654542038471,-0.5841451810712674,-0.3887374683871405,-0.003966313779960574,-16.02669771309758
0.7944858220373204,0.4028994198203622,0.8662166802022011,-1.6774059928180012,7790.7190822968,0.9908664748356418,0.9471833794735958,124511169.0309369,5217237.272447554,257449.38207092625,410889.6534454443,2.160024564160765,0.0,-0.6322151684701054,-0.5891103465545557,-0.567995087167847,-0.003381382630003853,3.1458005947679943
0.8542701718852245,0.20608149590995256,0.6242618671999254,-2.001816816935441,7821.989733190155,1.0005244434561937,0.9633487104384405,127538355.28440619,7406833.433260911,225806.4893254215,368192.93505288503,2.102553938213167,0.0,-0.6774193009636835,-0.631807064947115,-0.5794892123573666,-0.0030151322728762635,4.040138350372917
0.18041207317214392,0.6866045923532945,0.5405862085751547,-3.255328992881306,7717.688398395146,1.0931990633432818,1.0703720693927,73134077.44887969,1801575.951754363,614430.622583615,880188.3459516531,5.300053339788539,0.0,-0.12224196773769284,-0.11981165404834691,0.06001066795770775,-0.0030485350326249537,-13.024934687282887
0.09700414316992859,0.9891592719617694,0.5345708832377869,-2.317585050678435,7798.466089396731,0.9986862707853044,1.0764467678287613,133934512.32870202,3541802.417076671,432309.5841128696,603993.3540874771,2.9183943082756145,1.0,-0.38241487983875777,-0.39600664591252294,-0.4163211383448771,-0.002714443658719906,-14.959288987767813
0.4621127247122536,0.13103048880827747,0.7521810022040321,-2.1516507971903946,7762.935831068326,1.0264117585473673,1.0155804879537564,82331752.89114313,3496613.384134855,267021.7902519249,407321.1675640121,2.4939844209078923,1.0,-0.6185402996401073,-0.5926788324359878,-0.5012031158184216,-0.0039022261147949686,-6.54318307519706
0.3140990762015478,0.4179639609967078,0.8326958226324437,-1.2303533118927559,7875.6877525654245,0.9880837125078947,0.966139478280962,136426145.2309785,1833479.4604078287,265796.4087496662,389894.8035486113,2.7023754261276616,1.0,-0.6202908446433341,-0.6101051964513887,-0.45952491477446766,-0.003974002847175336,-10.009572387730177
0.15363061324936964,0.8637800980568342,0.3190093275586555,-1.5453238482948026,7848.99418155462,0.9963003486998896,1.0211558903127562,271354913.47295195,6322800.108953252,403121.90759754967,599104.639154946,2.4997346952408424,1.0,-0.42411156057492905,-0.40089536084505406,-0.5000530609518316,-0.001963854755863523,-9.293656610232162
0.20385109495050732,0.057111829987449465,0.30759360434933697,-1.9324934673518883,7927.315254776924,1.0211079675660013,0.9836708815849141,198651444.24913692,1939163.0909500679,354017.9715395871,530867.5802528517,2.7391637567121587,1.0,-0.49426004065773277,-0.4691324197471483,-0.45216724865756824,-0.0028402120132966814,-13.586478915733032
0.24253770547500098,0.23169976001330983,0.6884776853822574,-2.028072242560873,7820.262646823166,0.9456518524797763,1.0255935317515985,129597313.51623203,5249247.808416312,260124.77032011634,378896.50044027943,2.592131372163531,1.0,-0.6283931852569767,-0.6211034995597206,-0.48157372556729383,-0.003962129152243016,-13.867340148483894
0.5414803352074871,0.18983997875011802,0.23751370195989344,-1.4469071692034299,7846.245688162814,1.0719928871891153,1.0518268733986802,228936314.68824458,10468275.60780785,321473.2820186497,523927.2937809691,2.0914215215781695,0.0,-0.5407524542590719,-0.4760727062190309,-0.5817156956843661,-0.002053861687248045,1.0108229124227535
0.06199117374405033,0.04104098939515554,0.9716843341493723,-2.057831776773415,7773.391250893071,0.9846459121917335,0.9280372915301833,88312141.61387262,3310519.9738507518,311829.29922957276,431668.45141556667,3.38243446497075,1.0,-0.5545295725291818,-0.5683315485844332,-0.32351310700585,-0.005106619099047095,-24.7324669418819
0.8083958873693046,0.21098739819306775,0.1921031799393323,-1.7323060821842722,7785.728364005836,1.0397887390223939,0.9501606566308469,224198704.09604567,2003196.5516440512,266436.47686268255,466617.8951254553,2.1278328730672924,0.0,-0.6193764616247392,-0.5333821048745447,-0.5744334253865415,-0.0010578251587721253,11.41885757783091
0.736984702824173,0.13545523609741206,0.6415135554439532,-2.067296095271804,7793.016041080412,0.952851188327998,0.9310096428112616,110312585.74966854,5094925.289185177,207128.1818826436,331908.3927999597,2.150680133836782,0.0,-0.7041025973105092,-0.6680916072000402,-0.5698639732326436,-0.0032521185595232186,1.134741820633753
0.37120260130575305,0.15380110908193792,0.36456152967043676,-2.708473065548966,7878.1819958849765,0.9705377060178867,1.0470345500392289,122206598.88753068,3519388.053428633,404213.1100216044,621627.2319360882,2.3743705846454444,1.0,-0.4225526999691366,-0.37837276806391185,-0.5251258830709111,-0.0028754211830779295,-7.109046150817875
0.3581474619899513,0.11393579568422778,0.46009570908745057,-2.3631139085649124,7848.3413663397305,1.0306732515793,1.045247213943292,118221376.55604711,4048010.102232007,306980.1469596889,465729.8816935413,2.485149329092509,1.0,-0.5614569329147301,-0.5342701183064587,-0.5029701341814982,-0.003276141086325619,-8.802712532772805
0.5849633727664041,0.2617127753616946,0.5609580890716304,-1.7440668208933883,7921.063112279008,1.0610175591459383,0.9970594068611313,140688096.4412551,1759446.1776068637,292953.516745975,458163.81770284934,2.3904379078307905,1.0,-0.5814949760771786,-0.5418361822971506,-0.521912418433842,-0.0031453320008335436,-1.6905839494240205
0.4909748255717147,0.2922536135732314,0.6836383097722591,-1.9088440297064244,7870.823143736045,0.9857868096319214,1.0001257225338271,141900659.17871022,2630294.3901935164,300865.0414411393,460342.0155079774,2.3666235427550557,1.0,-0.5701927979412296,-0.5396579844920225,-0.5266752914489888,-0.003539154064725141,-4.678486920925629
0.6437959838333905,0.2027342564083954,0.2629221232295697,-2.3334015968387565,7760.820636343343,1.0198493903629393,1.01879029442103,127408866.32846655,3976385.0564937443,352838.5907685892,580597.0010080595,2.030179908557086,0.0,-0.4959448703305869,-0.4194029989919405,-0.5939640182885828,-0.0020764546426196044,3.325412432607436
0.8160030393822573,0.9685796223543881,0.17937240688010847,-1.3792974652832892,7820.58760900319,1.0311057648860629,0.998531240593392,242768040.53811058,5990761.094357043,362177.70269276085,556102.0885969037,2.6076001533355755,0.0,-0.48260328186748447,-0.44389791140309626,-0.4784799693328849,1.0,90.0
0.518916142128143,0.7442140553873932,0.2593725240415726,-2.433282784430963,7862.721072280902,1.082723497228117,1.0041666742309145,171161022.11073205,5205883.78068222,344572.11489454535,560208.5216504893,2.0688967420273467,0.0,-0.507754121579221,-0.4397914783495107,-0.5862206515945306,-0.0015050428275341476,5.084029754134079
0.057958357472235114,0.6958739803812427,0.10428621804582736,-1.8487139480861148,7846.992269561127,0.9813230782320655,1.0139367460183435,301665341.3701323,2959113.3487314368,455828.6853424236,667293.0058375683,2.7380889630224283,0.0,-0.3488161637965377,-0.3327069941624317,-0.4523822073955143,1.0,90.0
0.9084680891824823,0.4606557067409867,0.4471391674589723,-1.7645680405776762,7840.851262925563,1.0707463757158324,0.9803305105473025,165754630.25905222,1787867.4902983245,251355.40723098326,414435.9362373439,2.0559266148494384,0.0,-0.6409208468128811,-0.5855640637626561,-0.5888146770301124,-0.0023071071942443993,7.5306752530690595
0.09020625167197077,0.6195450168302326,0.40198376845466827,-2.066832630081594,7817.273611429736,0.9852626255729787,0.9871765796332097,178119652.73615044,5355496.378455088,366342.95359828114,524106.44739444385,2.8103924408363152,1.0,-0.47665292343102694,-0.47589355260555616,-0.437921511832737,-0.0026186912516439915,-16.615004569008356
0.4657844151894874,0.12142860691662406,0.6682315017263554,-2.1373182187282613,7814.330048918638,0.965775327188085,1.0246174041457234,109252184.49084064,4665490.872322427,228353.01132199587,349115.7102566101,2.2754932277894215,1.0,-0.6737814123971487,-0.65088428974339,-0.5449013544421157,-0.003715666616576096,-6.28292114152519
0.6502538796885851,0.834017484505686,0.3257808821613478,-2.200294370136085,7759.061591542963,0.9810614932357208,0.99483324361009,151960168.99910706,4685610.563241482,330185.92416052084,536470.8518881816,1.9350723397128808,0.0,-0.5283058226278273,-0.46352914811181833,-0.6129855320574238,-0.0017149793972814,7.0977359711375385
0.23594450773147746,0.11158664827593238,0.6462399109757506,-1.672523221482424,7784.536871570208,1.0352165600940235,0.98928287042905,156327084.75383782,12955853.042778416,270913.3254330125,395359.19305811386,2.9067836762792076,1.0,-0.612980963667125,-0.6046408069418862,-0.41864326474415847,-0.003996734053910273,-14.726995639433671
0.2216346060470005,0.5926970656040341,0.9022130089652489,-1.9381006338315114,7858.019235376615,0.9634554781550035,1.0382356955234293,159575429.28789812,13781592.441853162,293060.92369543324,420825.88730468444,2.692712195310737,1.0,-0.5813415375779525,-0.5791741126953156,-0.46145756093785256,-0.004008749645023133,-12.524998291112187
0.44662146535077296,0.0115682402251759,0.2506223418502622,-1.9506208988364808,7822.040566641188,0.9699423254590447,1.0383961255410847,188011500.12573713,11392722.018253518,383674.77157639,612452.943461972,2.062222359122373,1.0,-0.45189318346229995,-0.38754705653802796,-0.5875555281755254,-0.0024947309741064896,-3.650876378273889
0.3796197118853371,0.8489982227156808,0.5446647418005329,-2.3449524485981836,7816.397430750889,0.9451524021017548,0.9762950683146654,127764584.92652152,3916779.165370402,349152.7490087983,520268.4309396813,2.54425385483176,1.0,-0.5012103585588596,-0.4797315690603187,-0.491149229033648,-0.002731802009088474,-4.109071864184486
0.01986898828911089,0.15972097069982447,0.3277870876292386,-1.795108314278591,7783.430035440373,1.0714634591977632,0.9072550698523555,202041537.65438855,7703724.587906196,430443.11541687604,616322.4634506505,3.293378158880442,1.0,-0.3850812636901771,-0.38367753654934955,-0.34132436822391166,-0.0026771309899383607,-23.08530622972784
0.785911385519407,0.41292211077896573,0.3340378408548477,-1.703110488943804,7859.666723349546,1.0545199048685128,1.0099755476411394,200075111.11192608,3467271.3632933474,260103.72422081893,431163.1240412271,1.9993335239435523,0.0,-0.6284232511131158,-0.5688368759587729,-0.6001332952112894,-0.0020592567987463397,6.70228171776526
0.7746405971438035,0.3348195719377612,0.5784313295406217,-2.1844839011101915,7840.522324129714,1.03415771985734,1.0431620979385787,125848959.99843027,5845480.4811449,220106.55706756035,354090.99045768025,2.0970290630193102,0.0,-0.6855620613320565,-0.6459090095423197,-0.580594187396138,-0.0029022946263119248,3.086565137772915
0.47515226870383465,0.5654707914451007,0.965378872310692,-2.7778413287676407,7797.15663633859,1.0275842365682606,0.9582516278923061,66544808.62919442,2382196.0463624755,372102.8378716483,564716.15878481,3.185108754259431,1.0,-0.4684245173262167,-0.43528384121519004,-0.36297824914811383,-0.003785357726304189,-3.4426152341927683
0.7633455983753913,0.8687112343641503,0.7665836169204008,-1.6139130505163453,7764.690896687522,1.0061873631504696,1.0997689139185922,150343442.14163163,2908742.932011224,275539.7875703185,430542.5145832711,2.1397778066797843,0.0,-0.6063717320424021,-0.5694574854167289,-0.5720444386640431,-0.0028937988996404866,4.5666570561444
0.23665913739460784,0.39816829315292634,0.27882396206725196,-1.8215052332361346,7806.85967093898,1.0144771102566283,0.9467710995065318,215584262.98608196,2900632.0620204536,384563.4440765567,584820.5532236353,2.623778051604546,1.0,-0.4506236513192047,-0.4151794467763647,-0.4752443896790908,-0.002278386615259698,-8.90777741397083
0.4599006659207427,0.23961819901167455,0.21423727124402733,-2.2678594749984344,7956.597051397033,0.9734501874683787,1.0306664952169104,225176738.59859174,1526033.0515664746,343320.77513489575,554976.2017095763,1.9987232533271695,1.0,-0.5095417498072918,-0.4450237982904237,-0.6002553493345661,-0.001911295530717143,-0.3422511376617692
0.10241170172699977,0.16522061508911934,0.6177734000229642,-1.7874825478737504,7815.425157589544,0.9071024308881561,0.9640967678671929,183448421.96684265,4971819.574427709,358513.47043448465,504934.7776887977,3.0388377001040903,1.0,-0.48783789937930766,-0.4950652223112023,-0.39223245997918194,-0.003943178277483527,-20.98426074217763
0.2864789223807138,0.6999948805859849,0.3531495251826847,-1.3644446376502686,7887.10771393538,0.9932302723766813,0.981437199000225,241020305.07410675,8979138.650014546,405013.50024912314,612280.5030781444,2.4433825682743864,1.0,-0.4214092853583955,-0.3877194969218556,-0.5113234863451227,-0.002275210814506449,-5.948387066556986
0.12116757605318237,0.8795495745654374,0.9682417516686723,-1.7914867804411914,7881.526100843327,1.0026354915270974,0.9364611208474511,156292182.2016892,1670852.2628013883,372566.6483938143,515183.84126426134,3.190769513892587,1.0,-0.4677619308659796,-0.48481615873573863,-0.3618460972214826,-0.00384715226194403,-15.888637935215062
0.44288291679999686,0.18580467915146084,0.5309369508117623,-2.747151159552943,7783.1605555787155,0.9918294276369711,1.075190996953636,82106945.76086599,2594026.9177437364,412596.5054385026,632455.7928650521,2.792460628768118,1.0,-0.4105764208021392,-0.3675442071349479,-0.4415078742463764,-0.0033166932906751106,-6.042115530666781
0.5199197073378313,0.14149031150214164,0.5353733714510629,-1.5752581045058087,7873.170759640849,1.0384353419451156,1.0603037562724424,147414812.49034402,1972954.4481694605,263562.6518587701,409698.71178111684,2.233376604495487,1.0,-0.6234819259160427,-0.5903012882188831,-0.5533246791009027,-0.003276865397085703,-3.9604077561286175
0.8834899427056288,0.5228457522872344,0.490952152696399,-1.0496380578115652,7793.451047889804,0.9409778670781362,1.061663190484879,198185406.67361888,6049244.037636431,290892.74979871226,474930.1277538106,1.8850495912520049,0.0,-0.5844389288589825,-0.5250698722461894,-0.622990081749599,-0.00241706242601431,6.812671092678226
0.19749164129940877,0.7276905737605924,0.6198282832649691,-1.9854284457635227,7817.386635933247,1.0267526783543701,0.9219321240059006,145374107.46266127,5385652.189558123,313260.7577928821,448106.4570332203,2.990516535661326,1.0,-0.5524846317244542,-0.5518935429667798,-0.40189669286773483,-0.0032331411853052825,-12.440378641246017
0.704147562755726,0.41632199601977177,0.2907165586007454,-1.5299793359229708,7898.932639141623,1.0792888939161598,0.9678188521170744,216545780.50841582,8038372.481411146,322925.6649132657,533763.8031471013,2.0937196253700825,0.0,-0.5386776215524776,-0.4662361968528987,-0.5812560749259835,-0.001924827705091943,5.835938644693851
0.027608861944708796,0.4549773369779996,0.024640797331185776,-2.6635342380454428,7802.359860197114,1.0409971946992707,0.9742345369258325,163813154.0907344,2889360.561773777,744486.3480183083,1096221.2905041142,3.0071941339251325,0.0,0.06355192574044041,0.09622129050411424,-0.39856117321497353,1.0,90.0
0.8578525729771367,0.026854225734097823,0.8010407460128229,-1.6490337492417637,7897.031484066946,1.013100055143519,0.9993149159927545,105949903.4196697,1651494.0022270982,249698.43850713182,407780.44350961543,2.048794200188791,0.0,-0.6432879449898117,-0.5922195564903845,-0.5902411599622418,-0.0034584316399217723,3.043240802022769
0.9987161962349244,0.7115898754272371,0.22182405615536152,-0.6286625806920945,7851.29360138264,1.0761955934376435,1.0198790457739204,218717798.8805227,3678060.7761364654,278308.92187896796,436647.6606891044,2.4223938628743813,0.0,-0.6024158258871887,-0.5633523393108957,-0.5155212274251237,1.0,90.0
0.5498366043412994,0.36980564591613574,0.362521932042137,-3.048475641181996,7811.5593793225935,1.0209612894790063,0.9381741014178171,89087514.54069208,2390819.7273367075,502700.52191815776,797764.4073652832,3.12673614666524,1.0,-0.2818563972597746,-0.20223559263471677,-0.37465277066695196,-0.0024431579743173187,-0.06148573609254271
0.2763122583835273,0.005276928792320555,0.6669477272187598,-1.5528653150947986,7806.605606007271,0.9721882504093783,0.9651550709100378,138471751.24877915,1606416.9914281548,306211.0005480785,451897.5269290759,2.786064317106692,1.0,-0.562555713502745,-0.5481024730709242,-0.4427871365786616,-0.004133016531647956,-13.685665573244652
0.3370473545654638,0.10608077712324138,0.6734061687468477,-1.9955917982362994,7846.50162492728,1.0394745138908819,0.9615537992028252,125186712.1972003,6243231.374515583,255069.44742048433,380941.4873506629,2.698336663926995,1.0,-0.6356150751135938,-0.6190585126493371,-0.460332667214601,-0.003940854891726513,-10.761086080412262
0.29513523173693085,0.7992061328881658,0.9470520111496337,-1.6086538903228498,7851.698794868136,1.0078700694413443,0.9903361424697312,142278604.74173856,1663270.353850695,309178.72667321214,448930.9064489429,2.774928835648343,1.0,-0.5583161047525541,-0.5510690935510572,-0.44501423287033137,-0.0037319896225314723,-8.241668235190136
0.9056624478835171,0.5355260144498373,0.02601951661285484,-1.4055447793452052,7779.679624561668,0.9813763294680261,1.0353010657424548,270672532.2749758,5517128.654187769,369922.4174790321,583838.294315821,2.4720016751110707,0.0,-0.4715394036013827,-0.416161705684179,-0.5055996649777859,1.0,90.0
0.9180700129542044,0.12440206682117019,0.7156339463906074,-2.7547320376925644,7645.662360712153,1.0372628598361195,1.0079117858040956,51937107.75991415,2059277.2165602504,362787.7200730554,596735.5933513553,4.270583544420363,0.0,-0.4817318284670637,-0.4032644066486447,-0.14588329111592735,-0.0031713466274563866,4.76038359306175
0.42094590688099104,0.2947472616042211,0.895929627496411,-1.5613243394110434,7834.48710200995,0.9581783427375099,0.9164624275196362,121620017.96762955,1650431.5000259997,288989.87733223184,435397.97910879203,2.576953402342858,1.0,-0.5871573180968116,-0.5646020208912079,-0.4846093195314284,-0.004064249325044652,-6.969772893409672
0.9607895126277363,0.29049161193327344,0.13059499992837703,-3.3549502639927917,7851.5195909691065,0.9059259692181477,0.9391366753216187,102597271.00562923,2345944.2600939223,593906.4192155256,951392.1493955266,3.1143763923452434,0.0,-0.15156225826353484,-0.04860785060447338,-0.37712472153095133,1.0,90.0
0.12734656120873286,0.7244351344203503,0.10950143622411097,-1.7852094357152135,7825.681064578492,0.9644733853056391,0.9324937234164528,288333103.954331,2973126.299341158,438351.2146817252,648441.7930734444,2.7633866434818724,0.0,-0.3737839790261069,-0.3515582069265556,-0.4473226713036255,1.0,90.0
0.6944243856732143,0.7271395482556636,0.7756377859565209,-1.4457106835705753,7795.183910204686,0.9973161814737322,0.9844024170263734,145983677.0957943,1997409.07480721,233777.93053571158,363394.3006090296,2.2514021628011958,0.0,-0.6660315278061263,-0.6366056993909704,-0.5497195674397608,-0.0030874005196546046,2.492706052449652
0.46051136886070637,0.9618370505668049,0.4832994252691247,-0.924443296304408,7834.627523182662,0.8943341530339395,0.8764947320249056,232294210.18966234,3780956.1595068825,292730.0852046845,445546.3440375833,2.3949349842817806,1.0,-0.5818141639933079,-0.5544536559624167,-0.5210130031436438,-0.0023579167102655086,-0.19038115097337638
0.26352359095993716,0.356719096198307,0.508663373908556,-1.458926934775008,7875.989274642278,0.9323621743115923,0.9352412611613304,187743300.53913933,2831372.6438791063,299290.5604661493,441737.866415562,2.6167576147495977,1.0,-0.5724420564769296,-0.558262133584438,-0.47664847705008045,-0.0032555384888229124,-11.33529103354422
0.281807771129361,0.7740867946065442,0.9615993592609103,-1.575740563885285,7860.296107820606,0.9497864865140905,0.9187925275690936,145254620.3432985,1725474.6549038985,307723.5168281714,445683.3730109015,2.8392718252438978,1.0,-0.5603949759597552,-0.5543166269890984,-0.43214563495122044,-0.0037981114487039475,-8.909069592040122
0.707247618423547,0.2705064031005517,0.22786170159864466,-1.5253910547537157,7843.129313453569,0.958618480128401,1.0320320238346252,232710953.09832856,10838156.312646117,391387.5377959661,660275.0564415909,1.973068772260481,0.0,-0.4408749460057627,-0.3397249435584091,-0.6053862455479038,-0.0015960542752740713,6.833371954736695
0.0746441016125196,0.9765809360791209,0.5832486064971366,-1.6942484269119835,7856.462846145986,0.9802058457712836,1.1143885292670497,207703695.14126605,2194523.9004186266,329725.68042735726,454825.7427219893,2.850987844029922,1.0,-0.5289633136752039,-0.5451742572780107,-0.4298024311940156,-0.0028855206390790075,-16.787357887443115
0.9729974682381988,0.6021545018333162,0.4263205954199209,-2.0428079932680396,7839.627958376517,1.02067617300555,0.9889564854225108,170614185.76142502,17238367.351356506,284970.6062761495,473792.0296042895,2.0028835139933125,0.0,-0.592899133891215,-0.5262079703957105,-0.5994232972013375,-0.002056978876125063,9.747354127582922
0.10689584026859911,0.1300775242740458,0.7108127836219511,-1.485536246987,7799.442833566212,0.9704556881183675,1.0004341208783163,152027093.65591684,1649407.5245499115,333522.4424364116,468415.8876604624,3.1426541491951387,1.0,-0.5235393679479834,-0.5315841123395376,-0.37146917016097225,-0.004284307109009207,-21.27983226423669
0.9766001604514818,0.3753154320434984,0.7187134335558816,-2.7189424496340004,7810.7207248699015,0.9404171576902315,1.025040149913105,82390665.01646693,3144876.553766949,314055.96105606045,513508.8442282919,1.927572270733236,0.0,-0.5513486270627708,-0.4864911557717081,-0.6144855458533528,-0.002955085694813178,6.603685834805907
0.2251594807019183,0.4167578346084121,0.01521700372658222,-2.3229868956491124,7797.887269039359,0.965213628581216,0.9395030133348993,188558744.0690105,4059516.7645606473,499342.96947828383,759724.2607963794,2.9129820475155923,0.0,-0.2866529007453088,-0.24027573920362058,-0.4174035904968815,1.0,90.0
0.26074711316919397,0.5870397877706786,0.5459807249365887,-1.8381550015661885,7766.915133403193,1.0096622408560418,1.0501112159515336,150312420.83672515,5955195.06516281,295524.69664177083,432408.97422508127,2.5927792537413676,1.0,-0.5778218619403274,-0.5675910257749187,-0.48144414925172646,-0.003121031133338193,-10.227202494974918
0.724007312178087,0.6405887523209103,0.21198423879418424,-2.294298484925877,7824.3209324123445,1.0016472498585374,1.1167167776747395,211870395.65482447,7830094.67216859,350146.8841684848,611282.0851114197,1.9546793379929244,0.0,-0.4997901654735932,-0.3887179148885803,-0.6090641324014151,-0.0007957135069134313,13.539755132274525
0.6227994250485053,0.817782588935529,0.5766455380533242,-1.6675746900326807,7810.036438187236,0.9894707458802188,0.9779514678970915,170830308.9678004,1772293.5614987458,273041.97467253974,422796.7016840967,2.3337910124869823,0.0,-0.609940036182086,-0.5772032983159033,-0.5332417975026036,-0.0026351690007449502,2.0953726825378673
0.4866585742883583,0.5610619403049382,0.6159297494305868,-1.8151816590376852,7823.252212185145,1.0562492087195041,1.0912230718063791,153869469.49585676,4027320.9089626833,306142.089838117,465952.53969035647,2.358781999645781,1.0,-0.5626541573741185,-0.5340474603096436,-0.5282436000708438,-0.003112843729858676,-3.102175518827803
0.7570985537388812,0.21820899868349708,0.6566993540216314,-1.7172835527730677,7757.774517520694,1.0197544778060001,0.9984536128284206,127540017.91289884,8239582.922291664,220457.6087019436,353740.55409606616,2.1757955508092692,0.0,-0.6850605589972234,-0.6462594459039338,-0.5648408898381462,-0.003191626391075262,1.8682887751975024
0.9131376763433495,0.11961630164050398,0.8815306096385833,-2.188725186526994,7846.126168283537,0.9843863502126673,0.9268903595138935,92981330.48452331,5242046.105038435,178268.06586985526,291894.55632634484,2.0351693607997987,0.0,-0.7453313344716354,-0.7081054436736551,-0.5929661278400402,-0.003438833831555652,4.45864082936599
0.7148037900004675,0.7150042520010139,0.34613922737287645,-2.3682929403410076,7879.794855670887,1.0796778308466117,1.0055954844777624,164204569.78608906,6097562.253346784,288089.12410953565,470706.83288877906,2.07090694812226,0.0,-0.5884441084149491,-0.529293167111221,-0.5858186103755479,-0.0018630427776548308,7.011081803094346
0.8143588301066006,0.06683786070453908,0.18157702057071565,-1.3593591154902043,7892.937140736126,1.004102793127805,1.001055960978755,261886962.40569386,3640117.1686666217,268333.27479366993,470302.89250707685,1.9992039744462573,0.0,-0.6166667502947573,-0.5296971074929232,-0.6001592051107485,-0.001122825422011607,10.612356041400567
0.963690271624646,0.696086415582745,0.2271249347884654,-2.140517469938816,7792.545050513339,1.0191909710214953,0.886175144687225,198053084.15158513,7147783.047307055,334090.7810238325,611636.7263452079,2.6441872758251264,0.0,-0.5227274556802393,-0.3883632736547921,-0.4711625448349747,1.0,90.0
0.5990937893200611,0.8110115008831029,0.8546258499759904,-2.0357110520064743,7780.056774195633,0.9742227828247154,1.0077783345386482,115420488.1746105,4858583.097294888,225405.3072257212,344987.2251289461,2.2394660429921824,0.0,-0.6779924182489697,-0.6550127748710539,-0.5521067914015635,-0.003240717126968858,0.8865779956060145
0.7316055645191398,0.9219838637136141,0.08608910977345909,-1.7434752864174414,7833.089201581103,0.9615406565815162,0.9577528509650509,258585371.23407608,4110983.503978513,380085.6515920224,583646.5457889822,2.5544059273949498,0.0,-0.4570204977256823,-0.4163534542110178,-0.48911881452101,1.0,90.0
0.3757676711408698,0.16007454152987485,0.3359004128238234,-2.2931973351415387,7782.197441450723,0.9746707457147654,1.0271550323867777,128448185.05388111,3933259.791946807,354779.3646112407,548657.7267688867,2.3539704413144498,1.0,-0.4931723362696562,-0.4513422732311133,-0.5292059117371101,-0.002743084905933869,-6.5102959657879325
0.14085583447135755,0.5222763243364122,0.5922887963339217,-2.794758299548196,7882.766377641926,1.050254419392239,0.9887173742713875,98117675.41900039,2644058.7935743798,475950.1252613646,673070.7965414365,2.9357943032751366,1.0,-0.320071249626622,-0.3269292034585635,-0.4128411393449727,-0.003420079774844747,-16.46532288950744
0.7560623034282239,0.837942161607435,0.7780548381687786,-1.9202596688059443,7749.131089952274,0.9763818167808908,1.014427060234436,119832419.14414491,5229789.400998013,209747.4678742415,327154.3503664814,2.1609081475144256,0.0,-0.700360760179655,-0.6728456496335187,-0.5678183704971149,-0.0029448005589325565,4.27495522319246
0.2591463353839073,0.40916411669679403,0.10487687307920264,-1.3478684536526397,7862.9206603826615,0.9676635338554893,1.0014843874149364,360665039.3654391,3910919.004488858,421126.862472521,727560.0604978994,2.305372363370476,0.0,-0.3983901964678271,-0.2724399395021006,-0.5389255273259048,-0.0003691827099193526,5.124189021152834
0.07239120755915249,0.04391060295511074,0.42829464376416493,-1.4798574380414433,7760.2006143930375,0.9556033762509347,0.9182164652430395,197315396.82009867,1917091.9279235783,343622.83874515066,489987.391593419,3.242103033475687,1.0,-0.5091102303640704,-0.510012608406581,-0.35157939330486265,-0.0033521075705845458,-22.07626227979633
0.21808268849201515,0.6413274389555558,0.9230650439193999,-1.8442597951254798,7771.056810504274,1.0857407382286164,1.0026237839796088,112191179.15354559,4813866.090609243,243730.11695873074,349958.5131426383,2.875181378297628,1.0,-0.6518141186303846,-0.6500414868573616,-0.4249637243404744,-0.003985398337635262,-12.328369188228134
0.5245472297613544,0.9388609098654023,0.594808597892814,-1.9025905430372971,7818.884472534484,0.9864535612530755,1.0291830582045065,181296999.718191,19165063.19053884,278183.7874127077,423017.573258396,2.372360078944144,0.0,-0.6025945894104175,-0.576982426741604,-0.5255279842111712,-0.002656065128848693,0.2985473159183343
0.1959055982687787,0.8914369988557107,0.9124584809927816,-2.3854051720393548,7814.098237067805,1.0455087548327229,0.977847740297626,96257996.74294317,3096603.6880301586,373337.675997611,527927.8687973071,2.9940725500119947,1.0,-0.4666604628605557,-0.47207213120269287,-0.40118548999760106,-0.0036796626950106126,-11.878820994363092
0.06216675534652114,0.32458080011594626,0.9136843977391923,-2.5239766720928247,7827.260694384026,1.0481748908702502,0.9106132664909143,82905493.23408042,2595499.8526157713,416267.69298015774,573088.2811986881,3.2860765235338336,1.0,-0.40533186717120323,-0.4269117188013119,-0.3427846952932333,-0.004555687397439022,-22.887142396108388
0.06690050730580326,0.5190033288977324,0.8502071522215946,-1.4834517543182864,7859.480098345191,1.0320713685582168,1.0461202694177776,149691808.9993743,1726487.415894942,344450.92298505455,472828.200787568,3.254969029271626,1.0,-0.5079272528784935,-0.527171799212432,-0.3490061941456748,-0.004147982398993128,-21.30897365629901
0.6528164765399447,0.40338107371228626,0.7389006242799728,-2.131609201323686,7813.593411752769,1.016326790420607,0.9308388928220355,103721923.426624,4561397.553397383,221586.58316126568,346006.1006584691,2.324956982368177,0.0,-0.683447738341049,-0.6539938993415308,-0.5350086035263646,-0.003337996228140413,0.048633628107101146
0.9832160332209647,0.648154591528706,0.31305083778178605,-1.5897829832775388,7754.284043945569,1.0453838585990365,1.0434311579206572,211303355.69961578,2325783.1682477994,236318.18419850228,404239.86197220377,1.915583472047997,0.0,-0.6624025940021396,-0.5957601380277963,-0.6168833055904006,-0.0014558804724266496,13.249783782185991
0.5928676048885122,0.4222071998467927,0.654741805851649,-2.5512466704647956,7755.245585029055,1.1179323813885345,0.965566741374812,71233651.56376185,2578794.9737743707,365505.23185697856,567313.5608573749,2.9728091365624274,1.0,-0.4778496687757449,-0.43268643914262506,-0.40543817268751453,-0.0032158478817859246,-1.126565498441547
0.8589404863450399,0.5071803505864081,0.47172916815056387,-1.9831169423001282,7829.672208658729,0.9749186840506925,0.9961593086785745,168315600.21863437,18939488.583375894,279149.1816764216,455687.2582147959,2.0379136114753322,0.0,-0.6012154547479691,-0.5443127417852041,-0.5924172777049336,-0.002393851719324472,6.481654166062089
0.8915862536041744,0.7216194595434554,0.19720424858779348,-1.9985942475361624,7817.002670384434,0.9827157067179912,0.9423000308517084,197993105.57853216,9623099.068497088,341569.35132804513,533412.2810461852,2.4915068214539766,0.0,-0.5120437838170784,-0.46658771895381485,-0.5016986357092047,1.0,90.0
0.337450645188825,0.7542803614856979,0.553615465747117,-2.6804782630514707,7849.650063762294,1.0312286871409062,1.0466792416997488,103773544.48621,3012781.1214007535,418775.125598811,619524.8174868386,2.5736962895023763,1.0,-0.40174982057312714,-0.3804751825131614,-0.48526074209952474,-0.0028953292446440965,-6.253188763388366
0.27452993450280805,0.9523389185354114,0.9771542023638092,-1.2879208856017614,7742.940073421549,0.9430020375312665,1.0203264198264461,160318835.64038855,2070374.962679094,260839.6893531258,374536.4210368816,2.609193871463076,1.0,-0.6273718723526774,-0.6254635789631183,-0.47816122570738484,-0.0036154721395427643,-8.31705148601539
0.9124431215553007,0.07710540820102162,0.5049295366483598,-1.8171449876616925,7865.612248637955,1.0017905499034976,0.9997796422685832,149256168.4329188,1596718.0471819807,241381.36051267342,401388.0818528934,1.9054143971812816,0.0,-0.6551694849818952,-0.5986119181471067,-0.6189171205637437,-0.002773896333068731,5.459982908209895
0.41775147509086785,0.7820667293226465,0.6874994933934192,-1.981330610627242,7809.855705077023,1.0479904257252326,1.0142685057837189,135004381.33389342,5767764.130404639,264211.71214255603,394284.8426519081,2.5479013353262827,1.0,-0.6225546969392056,-0.6057151573480919,-0.49041973293474345,-0.003138815852591908,-4.102526510496634
0.8433462624867537,0.5062589066660799,0.17171311845562914,-1.8612983388847537,7805.94104892539,1.0224747695624954,1.037909184124209,197717600.0515354,4070813.1976951184,354220.88972257613,558729.5568850577,2.3697473875185118,0.0,-0.49397015753917695,-0.4412704431149423,-0.5260505224962977,1.0,90.0
0.6344047539407655,0.31930874848244445,0.7835305208334623,-1.6515535302662416,7857.495520151371,0.9748180543228757,1.0927852436122554,131118609.90493417,1597436.9277874825,253572.48903317345,396006.5256246396,2.095636919381947,1.0,-0.6377535870954666,-0.6039934743753604,-0.5808726161236106,-0.003520145150554569,-0.8443844902155497
0.5317894980497853,0.8299848783665381,0.9633915929771764,-2.328565499197357,7813.126102693413,1.015542606299943,0.9542739850683629,92413431.50142527,3534115.2411585096,290251.3047655575,439973.18556371646,2.561696606031099,1.0,-0.5853552789063464,-0.5600268144362835,-0.48766067879378017,-0.0034444056280919346,-0.6506959242181551
0.4411757494244255,0.10527102286580399,0.40217450927190046,-2.0920156765490874,7896.540984847362,0.9736698289873793,1.0310896807132164,172141677.5409507,3833617.41608689,344739.0966874901,536113.0969392799,2.239155539191576,1.0,-0.5075155761607284,-0.46388690306072006,-0.5521688921616847,-0.0029983079957041575,-5.499774322547413
0.4094856979106348,0.7828190690759735,0.2655893685897212,-1.6104146231590812,7822.370927369261,0.9922722240986364,1.0169718610558554,261129712.74643177,5727139.748487905,357497.7946037235,570101.3559472965,2.0833679472326887,0.0,-0.48928886485182355,-0.4298986440527035,-0.5833264105534622,-0.0016323310523701491,1.7660973592000566
0.15464919691091453,0.3783103676327781,0.43935953590832644,-2.7167004822530605,7737.080771299034,0.9214401891882807,0.9046804900146144,97636383.6196782,2378316.1026934125,581734.8838067779,841609.7388114821,3.6222741218214853,1.0,-0.1689501659903173,-0.1583902611885179,-0.2755451756357029,-0.003047059420405964,-15.482335436670205
0.5590298598696375,0.48180227724743196,0.5602950874952661,-1.4969561867581325,7824.284359823763,0.9900493566912006,1.0337932450484226,166930447.94571,2533939.5185248177,235707.26503052752,364603.16230108024,2.218156422765513,1.0,-0.663275335670675,-0.6353968376989197,-0.5563687154468975,-0.00296482944297084,-1.2336853710183533
0.3942451267045519,0.20113494615717098,0.6361500677772015,-1.935471981714753,7739.232988468035,0.9745681893208243,0.9753389552790711,104741734.98866281,4205569.08696219,259649.1733201334,391403.3232202132,2.5527330731619267,1.0,-0.6290726095426665,-0.6085966767797868,-0.4894533853676147,-0.0036536874056870153,-8.076555417271884
0.16477232112351012,0.4366504972380267,0.9899330349398494,-1.5093711974268245,7763.768945777565,0.9533223439115426,0.9653846574333731,145785817.22384846,2137556.1388881747,310613.2146700333,441644.20074634947,2.8626204012522867,1.0,-0.5562668361856667,-0.5583557992536504,-0.4274759197495427,-0.0044328405699822215,-16.071391329017427
0.15699961404230237,0.6452940398742045,0.29786941833007763,-1.3722756970440704,7822.473453782822,1.0929329937738395,1.0850074362772184,259786200.2510878,8318791.699023442,373826.3690492685,557247.4350525604,2.594121696353776,1.0,-0.46596232992961645,-0.4427525649474396,-0.48117566072924484,-0.002105492326504514,-10.722962259912617
0.7820849460863969,0.0120009591726838,0.011438372764418756,-1.4930880087758975,7778.600821089416,1.0500962160990552,0.9719634387315477,244000947.88988248,5609677.266573224,353665.6207739177,572138.5605033196,2.556982777577925,0.0,-0.4947633988944033,-0.4278614394966804,-0.48860344448441506,1.0,90.0
0.21522367711984827,0.9427974073088892,0.9296120205404592,-1.1060539283299269,7832.755428252098,1.0086922352454453,0.9565364839328037,164580618.23161712,2533311.7553270436,279698.04306727624,397464.2914582682,2.86500369530561,1.0,-0.6004313670467483,-0.6025357085417318,-0.42699926093887797,-0.0036236660038862544,-10.744247325186983
0.8813367719769714,0.31114503207559885,0.8200659638933002,-2.297486094075545,7868.072574233512,1.0565423652334052,1.007097442441431,98616807.04342419,5007454.219557729,203527.54748853904,329096.6946013318,2.0854679118415507,0.0,-0.7092463607306585,-0.6709033053986682,-0.5829064176316898,-0.003271446013877641,4.5017012933431495
0.43132257042535693,0.5025186788385938,0.3847304488495605,-2.207057555708035,7841.0538871465415,1.0228132080550805,0.9559036355139005,153090169.99190125,5329354.063575661,286042.7965819571,442942.16784272355,2.393488326635399,1.0,-0.5913674334543471,-0.5570578321572764,-0.5213023346729202,-0.002512051956002137,-3.0030499786499654
0.0989934008594243,0.23252771282136997,0.8295333797317503,-1.753991986743797,7860.587412955092,0.9961581357514315,0.9558133325566518,146010333.95267686,1801920.6106115705,362461.5517326726,505556.6043417268,3.1615997213693197,1.0,-0.4821977832390391,-0.49444339565827317,-0.36768005572613605,-0.004474817477466104,-21.28121720089903
0.12312107125622956,0.6602738912698657,0.9410562384428192,-2.7350409514035077,7848.2259202636415,1.006435244114194,1.0857199166668992,87159989.41062717,2584995.9113323516,435700.086662186,607562.9533057396,2.7714108431865254,1.0,-0.3775713047683057,-0.39243704669426044,-0.44571783136269494,-0.0040936312359127255,-16.988056893566537
0.5326130384514223,0.3399573698395002,0.8367243867042118,-1.5515966928765959,7737.642221871529,1.0210066585664148,0.9266678860683154,125267797.08353432,9318472.988960259,225130.1216794324,345923.746600569,2.5202710250361324,1.0,-0.6783855404579537,-0.654076253399431,-0.4959457949927735,-0.00374135938312212,-3.4163643574611875
0.6014209366673007,0.2590279621810925,0.125173187253888,-2.5682320195562203,7851.995126768818,1.0161404386793362,1.0290452417401303,205575691.09501293,5769805.5190849565,401104.2439170189,722507.5115330146,2.324222019552415,0.0,-0.4269939372614016,-0.27749248846698543,-0.535155596089517,1.0,90.0
0.8305778856838013,0.2326949430782588,0.04763974523033728,-0.814356219624282,7729.910881550714,0.9673581047163794,0.9848749459734495,290104374.9193636,6916802.375403693,345748.4825094889,553540.6946366817,2.403940308314848,0.0,-0.5060735964150159,-0.4464593053633183,-0.5192119383370304,1.0,90.0
0.5906615286807855,0.26491625389591034,0.5861616227902503,-1.7707889297476345,7879.20239666502,1.0001135970415818,0.8921294840226175,142270176.0090866,1635138.819133072,289213.4992131686,452348.29206347134,2.536095198918652,1.0,-0.586837858266902,-0.5476517079365286,-0.49278096021626955,-0.003199237347080861,-1.660278351169005
0.369797363984572,0.4093466889618601,0.13862734901948842,-2.1283704743401883,7879.021087413916,0.9089200590795996,1.0186685960288375,282822132.20073533,1525435.0081639364,363988.8871837754,611828.8638951501,1.9973614549950351,0.0,-0.4800158754517494,-0.3881711361048499,-0.600527709000993,-0.0009065593388686134,3.651924141257453
0.46192551740111903,0.43226411213096505,0.9556916733967585,-1.709303365540852,7824.084691315131,0.9433809286434631,0.97507795046154,130576773.39043981,2194688.9221366975,283697.71579908946,430452.73993461183,2.3410668574241265,1.0,-0.5947175488584436,-0.5695472600653881,-0.5317866285151747,-0.003935938154256089,-4.712789360647282
0.4437536042357073,0.9355357553959479,0.7760473925670964,-1.709642841438573,7851.417730409339,0.9719508457623952,1.0335696551878262,162557901.8947677,1780851.1615753581,285401.90234969876,425035.6957924182,2.4415703928728028,1.0,-0.5922829966432874,-0.5749643042075818,-0.5116859214254394,-0.0031412591721750142,-2.4819999926625655
0.32609307972100743,0.3508489247113984,0.800473780080832,-1.4861560181091256,7831.119289531314,0.9718122163270779,0.966684391751054,134575528.85432097,1667068.92039594,290911.3889152347,428896.24614335306,2.7215473762252187,1.0,-0.5844123015496647,-0.5711037538566469,-0.45569052475495625,-0.003971208873681595,-9.973928235480958
0.4877976163814285,0.19121456754553595,0.7147495402924423,-1.2972266894450857,7866.549169430667,0.9664382082320125,0.997609809029634,135875676.1520615,1964384.1521663496,245008.22280714492,374817.23996420926,2.2899040458848745,1.0,-0.6499882531326501,-0.6251827600357908,-0.5420191908230251,-0.003717076847786838,-5.372512538669184
0.8135487857747596,0.4136161445403306,0.3799532218315515,-2.4157557822442945,7891.628548973134,0.9734951455834493,0.9657809074135443,160434366.00570166,6422227.127918184,280076.3263567867,461981.2156903754,1.9369685807418726,0.0,-0.5998909623474475,-0.5380187843096246,-0.6126062838516255,-0.0021869187383967746,6.382224936400618
0.31543433830344725,0.8979034310001845,0.8583269699138888,-2.1667230922162544,7787.664821244679,1.0204994965625411,0.9515125681412044,104558141.37074281,3693193.7255839463,310616.89830123336,452022.5606784005,2.8650286657831763,1.0,-0.5562615738553809,-0.5479774393215995,-0.4269942668433647,-0.003458929392656374,-6.84987887240603
0.9213763266138488,0.3504283634838552,0.4056949009034062,-2.321654762804973,7775.986586582682,1.1139991939957408,0.9647904792098354,104671979.75135869,3816519.1232457613,302586.7391276856,504211.1580850087,2.1711915760828595,0.0,-0.567733229817592,-0.49578884191499134,-0.5657616847834281,-0.0022358200319174126,7.841852537684705
0.9013701979905632,0.6171351049395228,0.6330318212296298,-1.8579411530331527,7877.135804832847,0.9995623156170309,0.9428927919260451,150635065.2612073,1574387.5696115186,268181.2083531012,431564.7133059584,2.22141634982579,0.0,-0.6168839880669983,-0.5684352866940416,-0.555716730034842,-0.0026919503049457217,6.408164265964613
0.36574582371116887,0.9490618821184247,0.9923792062864779,-2.126843801920452,7808.837128603599,0.9983393512574694,0.9886802433813658,111649374.60322027,4283183.723714903,255870.7162440351,374100.2934876147,2.6090484704809236,1.0,-0.6344704053656641,-0.6258997065123852,-0.4781903059038153,-0.003537463065175748,-5.068042597088933
0.16933938321334452,0.20746304858769546,0.42463946511392714,-1.6259221735444573,7813.445533527368,0.9803873864210659,1.035024096405823,192010183.16820428,1985354.551681494,315330.4471809858,459716.95740450086,2.7505790321187704,1.0,-0.5495279325985917,-0.5402830425954992,-0.4498841935762459,-0.003180468544913345,-15.749590920121577
0.3215938849415348,0.9199921635251538,0.1519477941574048,-1.9072706676529803,7827.96089022214,1.0142083175186039,1.0411036409071128,245443166.92523775,1562967.922608817,397036.0327778154,593821.0649495255,2.630143569897108,0.0,-0.43280566746026367,-0.4061789350504745,-0.47397128602057836,1.0,90.0
0.7509445471421855,0.7909196060997911,0.12055297517462295,-1.9575353224412817,7807.391185656192,1.020607787762099,1.0224201529415802,220062727.17028505,11901128.503915954,359255.79334836616,555878.6174569457,2.525101699536946,0.0,-0.4867774380737626,-0.4441213825430543,-0.4949796600926108,1.0,90.0
0.6257311804102413,0.9984263267694308,0.6075307657413713,-2.1032293877026387,7726.820415099458,0.9966934930271951,0.9626886428742212,108085720.75601055,3724356.3544045445,335765.28646702284,516684.8237502853,2.4576323428160864,0.0,-0.5203353050471102,-0.4833151762497147,-0.5084735314367828,-0.0025510366237799335,2.9949748059365326
0.2717200957974652,0.307743621172849,0.8534496704742228,-1.8182229140887625,7811.483297006671,1.0136877706671705,0.9806975201581382,131618917.97162777,7826564.475853094,259217.74363510133,378376.58183323557,2.754980403245505,1.0,-0.6296889376641409,-0.6216234181667645,-0.44900391935089895,-0.004212831010842268,-12.35908692742819
0.06755431139233505,0.021926169135455417,0.5156400669529866,-1.7014529574726491,7785.140240232411,0.9993985484719988,1.0465441373161226,187966331.1266722,9648310.632089254,353870.95727309096,499094.1344004402,3.1173610936702385,1.0,-0.4944700610384415,-0.5009058655995597,-0.3765277812659523,-0.0037327891092445286,-23.306319342297975
0.5611835517262115,0.009153408552711371,0.5482580768535451,-2.6558561159053258,7909.75381598363,0.9622049777505919,1.0599685999561186,108080594.62271506,4056628.079908605,305450.2011859733,479903.831508825,2.0567731948358396,1.0,-0.5636425697343238,-0.520096168491175,-0.588645361032832,-0.0033874695487621526,-3.5138038996335155
0.7027565462552054,0.5310941173688477,0.6489855058075311,-1.8041249533234627,7900.069453522682,0.8992094706212955,1.0043203020822837,165982877.08148897,2139044.5268861065,268328.295351767,421440.0347148439,2.024786417701724,0.0,-0.61667386378319,-0.5785599652851562,-0.5950427164596552,-0.0029836634210631857,2.030884965001988
0.02461460066489625,0.5041505799782116,0.053217731873718845,-1.9643568656293025,7845.213384530646,1.06994985209171,0.9987198453909365,290408923.25850093,1567095.1366457671,489989.17657766136,719155.3835027367,3.2300261529465217,0.0,-0.3000154620319123,-0.28084461649726333,-0.35399476941069563,1.0,90.0
0.5684009931840601,0.31848371927665503,0.06498709089764221,-2.976609705112178,7764.781616062849,1.042802257287727,1.009413535319735,106536907.26348448,2378569.995044411,621987.8896125285,978844.4259270173,3.5139872230179465,0.0,-0.11144587198210215,-0.02115557407298265,-0.2972025553964107,1.0,90.0
0.661800286358283,0.017687793231514357,0.9530393364595093,-0.9411164362685718,7819.404584791501,0.9399160279080991,1.0126983734497899,102057008.18813051,1614667.2780017243,208132.90899113042,329544.4243890142,2.0730846987301472,1.0,-0.7026672728698137,-0.6704555756109858,-0.5853830602539706,-0.00400566494621604,-1.5999776551684697
0.5302579309418949,0.9528740424703499,0.5029789390961968,-2.187726474361522,7873.482363763932,0.9834050546487707,1.0060450044230587,177254488.4941767,8268750.651186033,319159.7754414154,490776.09181896877,2.2885107835016054,0.0,-0.5440574636551209,-0.5092239081810312,-0.5422978432996789,-0.0023739857150037067,1.3942535436518106
0.1515049322991102,0.2367349331032619,0.6450281195410477,-3.7068847958125173,7838.935784197224,0.9798645122197577,0.9964801282287856,68160265.50465104,1651497.791196909,621820.644841806,884994.4245840404,5.532800901106316,0.0,-0.11168479308313424,-0.11500557541595958,0.10656018022126315,-0.003921296993160305,-17.989389743357016
0.45931148002482414,0.03082206736702003,0.23969399011358908,-1.1167690135877621,7783.635334726291,1.021199031533789,1.0430295725658887,230958819.9039678,4790871.674541044,320614.1071905301,513981.3379795514,2.1712887961570404,1.0,-0.5419798468706712,-0.4860186620204486,-0.5657422407685919,-0.002385634004644335,-2.862690618932721
0.6828116191324147,0.6827642933513808,0.5472820892092687,-1.7962645686022753,7765.2066950065355,0.9913076267268262,1.0462290244549626,159057635.05953568,8610245.676586574,269587.77980430453,424095.2030287975,2.165421743699501,0.0,-0.614874600279565,-0.5759047969712024,-0.5669156512600998,-0.0026226945534987773,2.945533692730102
0.8664012365040218,0.6041729516739923,0.7530322041615563,-2.4182768693841568,7810.320373521898,1.0550154028850807,0.9692312950543711,87165029.56306586,3474616.3189444225,283214.0699108587,451998.85176639666,2.311303210341271,0.0,-0.5954084715559161,-0.5480011482336034,-0.5377393579317458,-0.0029755983241080237,5.344247453639223
0.6170324259364254,0.33901430159036505,0.8493410375313185,-1.9896709630847091,7877.020312000342,0.9254546207938249,0.9768926292834477,130139860.96209754,7296087.184041757,285916.68300044845,445505.2554859066,2.4089958857469163,1.0,-0.5915475957136451,-0.5544947445140934,-0.5182008228506167,-0.0036406288182342845,-1.1880596833873263
0.7205067005111502,0.7165578787634196,0.29348844199109997,-2.1252100269914402,7891.743133326352,1.0068533634026677,1.0647273822479593,211939997.486448,1593701.5580374687,327997.37142918905,544602.9160545359,1.8660519080195777,0.0,-0.5314323265297299,-0.45539708394546413,-0.6267896183960845,-0.0015556311707791222,8.830409293665827
0.5127737124096279,0.9559695795246413,0.11892445804504033,-2.0934690023727445,7848.682238217651,1.009812702464321,1.0415433858428838,241475430.0536468,15850302.808199769,378719.8405218207,573660.4999955483,2.5785660457036497,0.0,-0.458971656397399,-0.4263395000044517,-0.48428679085927007,1.0,90.0
0.15542846693443182,0.016187888362964788,0.035235105504829445,-1.427602469760431,7861.924171880004,1.0447985619246476,1.0321161373424725,307587210.26804906,3922115.0983517226,412646.0267113684,636317.9355637883,2.742196578293839,0.0,-0.41050567612661654,-0.3636820644362117,-0.4515606843412322,1.0,90.0
0.15788802741312755,0.2637027780724311,0.9424177611357784,-2.8336136658265563,7825.500370083722,0.9476826103711227,1.0365979554253733,73315443.54748784,2317838.610402016,426332.0214358118,605209.3149169412,3.340830740269542,1.0,-0.3909542550916974,-0.39479068508305876,-0.3318338519460916,-0.004609377051963316,-17.756302099332586
0.05388784508051675,0.9703207645494499,0.3772068034476347,-2.195807653852464,7832.52979729122,1.010148345961746,1.0906030517406526,190695066.0620451,5109184.3982106615,373472.196873927,533895.3721382129,2.5999667349480147,1.0,-0.4664682901801043,-0.4661046278617871,-0.4800066530103971,-0.002100738056321448,-15.115068068717143
0.900615503797295,0.8170065143238292,0.4033736745896476,-1.7480720096239566,7839.306526753644,1.0571377988371782,1.034540252831327,197254358.3619308,2818075.8403844316,238576.34870370623,393939.0727867083,1.9858779967662195,0.0,-0.6591766447089911,-0.6060609272132916,-0.6028244006467561,-0.001835888617248939,10.170010375831128
0.6198980025863844,0.4292008149980491,0.062326108907490095,-2.231472065472779,7929.818688746782,0.8738153796678448,1.0861036643266742,266182081.6864709,1852151.1750192735,345477.39252206625,541467.89940155,2.0488071264686503,0.0,-0.5064608678256196,-0.45853210059845007,-0.59023857470627,1.0,90.0
0.012701260752130883,0.917698975927241,0.3878594659327897,-1.4000702893930903,7743.7759292878245,0.9246242539843875,0.9631213536664488,264815053.88856342,3714549.308337877,430002.89061962435,605621.2661087752,2.8227762431996872,1.0,-0.3857101562576795,-0.39437873389122485,-0.43544475136006255,-0.0021593319284609934,-18.49533106018857
0.2449500804824361,0.0937848186796828,0.9252567825190714,-2.408803839905261,7862.863133203907,0.934069952052511,1.094930376146036,90110897.37604152,3544132.8832863057,277148.7589947241,403020.96728728386,2.5442140388662446,1.0,-0.6040732014361084,-0.5969790327127161,-0.4911571922267511,-0.004678359284997821,-14.79622409925252
0.24958078063102307,0.8897103650042844,0.3813627755397553,-2.134852707323477,7887.692548923266,1.0484071720686496,0.9834913206025845,212440885.52272508,16458671.920383055,358686.8030376687,535170.444515549,2.677830095583657,1.0,-0.487590281374759,-0.464829555484451,-0.4644339808832686,-0.002204419558525213,-6.310121215692387
0.2290772583505363,0.888564839993101,0.6171176523486429,-1.7835325015627124,7868.456514115503,1.0372994424087638,1.035498475513296,174925832.29102328,1717174.9986031537,336992.98257502564,483660.1692863056,2.8653292180521004,1.0,-0.5185814534642491,-0.5163398307136944,-0.42693415638957993,-0.0030214792923945596,-9.893438297469046
0.052347529735260204,0.18047355035455517,0.7203842637564662,-1.019095450785061,7819.660090744547,0.9866761846526052,1.0201346997066187,168410501.48428047,2338369.5833610115,303719.8203014627,419530.54527362174,3.24804770193384,1.0,-0.5661145424264818,-0.5804694547263782,-0.350390459613232,-0.004258226885159739,-24.337599870104324
0.7861960802123499,0.38615667720062136,0.6889390809736663,-1.7572660817512709,7827.377450655852,0.9826915687933975,1.0420342092508934,139585325.5538303,1761296.9441228695,264246.96702245786,422151.4595445782,2.0879882875494844,0.0,-0.6225043328250602,-0.5778485404554218,-0.5824023424901031,-0.003093459439078563,3.0633021391316007
0.21367868073397592,0.281923690269555,0.32955459869519754,-1.62908514839828,7857.08057124459,1.0490595687776862,1.023264485988812,204875600.95641223,2675673.2151738517,309673.0177779545,463949.1012243762,2.5631464639445314,1.0,-0.5576099746029222,-0.5360508987756238,-0.4873707072110937,-0.002684710793694925,-11.884600769006951
0.3911789596191044,0.9221739986256462,0.1400303673588659,-2.6742167546628113,7830.708480949852,0.9786554516739393,1.0887676589921633,151176597.96287763,3420731.601179646,520011.33686434437,781711.9298214532,2.4863602723673988,0.0,-0.2571266616223652,-0.21828807017854682,-0.5027279455265202,1.0,90.0
0.7387636803669099,0.0011498097125360485,0.8283577847991798,-2.122680212857612,7804.593290971909,0.9978421131569938,1.050378222543372,88688171.37806866,4794462.964237863,183756.10912197147,294719.7900328586,1.9893909686767652,0.0,-0.7374912726828979,-0.7052802099671414,-0.602121806264647,-0.003704862722715783,0.23035333794229018
0.8610367899994797,0.4208202864870614,0.09572150974489273,-2.39822914564156,7911.794619109278,0.9391709205800381,0.9829271270103213,210285819.15121993,8331553.959815516,377390.1807718058,598774.2174056926,2.2822667529980065,0.0,-0.4608711703259917,-0.40122578259430747,-0.5435466494003987,1.0,90.0
0.9024317463801229,0.06294156739725645,0.6642866417661517,-3.1418247135627713,7864.426124355493,0.9312064053214383,1.1191588630516254,76073253.81070955,2868734.9403758855,343048.3020041162,564878.9470065165,1.8604914249229345,0.0,-0.5099309971369769,-0.43512105299348347,-0.627901715015413,-0.0031373154801932392,4.404028191618721
0.16077082034988593,0.5580486356505521,0.6740946412920786,-1.9219290923460723,7864.207750273812,0.9364298643306469,1.0111937451875521,179296998.63132444,2548902.735431144,364163.2169157399,515397.5546461064,2.830218939356117,1.0,-0.4797668329775145,-0.48460244535389363,-0.43395621212877666,-0.0036085717594454892,-15.565656846714198
0.2726732160545633,0.8042831854283942,0.4430578108616795,-1.2754794256908344,7788.530946374157,1.0620275467149751,0.924133287194211,204206822.57341915,3971558.8645457113,336458.39947130904,498604.5131896458,2.7798332459812447,1.0,-0.5193451436124157,-0.5013954868103542,-0.44403335080375106,-0.0025302974854714225,-7.152349084276253
0.6035282932731991,0.9340876557920235,0.8208579904493546,-2.2464479816884437,7866.798830754357,0.9505123771882972,0.9782950861045558,134725970.83102465,5596290.632822833,248074.96410877848,379587.94809354015,2.298385142584299,0.0,-0.6456071941303164,-0.6204120519064599,-0.5403229714831401,-0.003070662753059245,1.6226782691434813
0.6842814969629298,0.8958915527504423,0.7701839468562752,-1.3619663452452482,7897.616632728028,1.061781098522805,1.071076383017636,155542195.7466109,2675162.0017311643,237887.50834184192,367037.22736148816,2.2552737660812703,0.0,-0.6601607023687972,-0.6329627726385119,-0.5489452467837459,-0.002944840036891003,3.13580182009024
0.776060610374564,0.25102665113949557,0.8994210108044951,-1.7903094683993144,7805.774494925832,0.9837353950610752,1.0392802256149483,122309886.73517317,18876261.576833997,197282.20409629884,315915.66383997246,2.030849579258094,0.0,-0.7181682798624303,-0.6840843361600275,-0.5938300841483812,-0.0035649009223676,2.1446365749376888
0.9209377798880786,0.6298230008047627,0.9940131319419522,-1.6040557285977208,7774.87794931139,1.0450543126883702,1.0773451121697872,121945560.49336335,3393691.9269181928,245866.78452912156,397043.51995458285,2.016700171754178,0.0,-0.6487617363869691,-0.6029564800454171,-0.5966599656491643,-0.0032460982733819306,6.875548459863502
0.9355040602497656,0.12001364986215175,0.17492663128276198,-1.6824275669292832,7857.645985603068,0.9888499333416307,1.0569519683349404,243790835.65233704,9493332.207296235,395003.8711010556,723590.8576773349,2.0162407875377126,0.0,-0.4357087555699206,-0.27640914232266506,-0.5967518424924575,-0.0004628438396433875,17.38907959630613
0.48417119432617506,0.49981707374456086,0.07498082111178167,-2.842368094877597,7822.79868909844,0.9133817435582655,1.109103922944413,146864459.1548192,3183486.1535384376,564694.5147411358,874848.8140548029,2.21552670398343,0.0,-0.19329355036980606,-0.1251511859451971,-0.556894659203314,1.0,90.0
0.4784104216074371,0.8082094561529964,0.02070496454312076,-2.329364678001861,7846.895707519008,0.9527912983305018,0.9509972322989436,206709522.05759436,5091323.144057119,396951.90244645,605624.6438836545,2.6240523815607504,0.0,-0.4329258536479285,-0.3943753561163455,-0.47518952368784995,1.0,90.0
0.7989613901695013,0.545995531879123,0.5711228368341688,-3.173014705614235,7722.444481901397,0.9902627704740726,0.8954414522214246,65912437.791797295,1955512.227864668,487539.0414269113,780643.5746595229,4.447344421401877,0.0,-0.3035156551044124,-0.21935642534047714,-0.11053111571962457,-0.002691314155860044,4.551517178101307
0.46097374970626226,0.43147149662922574,0.24560990038762776,-2.0717589029892487,7859.84207911043,1.0411208726374939,1.04767325641691,199314249.3343882,6845634.737376101,398681.461556965,640398.9177089204,2.019869673201896,0.0,-0.4304550549186214,-0.35960108229107957,-0.5960260653596208,-0.0019036941510312026,0.46086806003725656
0.18853300071535325,0.39292755071631086,0.6914143113854196,-2.2194065025405747,7894.14862448533,0.969460578924436,0.9825575856460961,140278655.3801129,5331611.762635864,292528.21331779216,418745.5905517053,2.7934276032412537,1.0,-0.582102552403154,-0.5812544094482947,-0.4413144793517493,-0.003833206599756878,-15.333179278116244
0.9963202282554454,0.6521035459471317,0.48897548496726545,-1.6027842761966304,7787.4809038994945,1.065150444853416,0.9306252795166817,164652255.9363457,1841087.8455011656,246257.83851783513,405645.25755158067,2.150315945232699,0.0,-0.6482030878316641,-0.5943547424484193,-0.5699368109534602,-0.002215395115084141,9.438183534022643
0.3752917462370072,0.8493506335189187,0.20663710991948828,-2.2047217993555845,7786.918798609083,0.9541456952357902,0.9544417078045876,209116103.21906865,5683240.459059973,360545.09599257534,593606.3200586834,2.25391263632889,0.0,-0.4849355771534638,-0.4063936799413166,-0.549217472734222,-0.0009978135400345962,5.216173105697639
0.4651474214699305,0.9929002010970426,0.30545713095971805,-1.2403905560511697,7892.342288152015,0.9595158180151659,0.9938267647977662,274745028.1223292,3657029.8660088205,310270.5868114681,494333.4993174639,2.0227150617004637,0.0,-0.5567563045550455,-0.5056665006825362,-0.5954569876599073,-0.0015704685223356571,4.420539790899742
0.4238570667902293,0.9160860225325705,0.4095305333438789,-1.0787699565988043,7787.120551264327,1.0019332833837011,1.0098855725882927,234120497.80375808,4305819.103713679,324314.3821206572,497634.44765308395,2.373912393101928,1.0,-0.5366937398276326,-0.502365552346916,-0.5252175213796144,-0.00216961246503395,-0.46674822221167034
0.9526071932563284,0.4583710634389525,0.2640742959067167,-2.0575770197211747,7819.19520728093,1.061445898828156,1.0323291368596499,189454902.99256647,14009505.20966117,322229.20956670574,559929.4279275732,2.090754159504956,0.0,-0.539672557761849,-0.4400705720724268,-0.5818491680990088,-0.0012833377891883005,13.20071595616407
0.49236824148398445,0.05075710953225413,0.6431946476842346,-2.051983153664419,7874.722091728321,0.9989609534890528,1.0153682358034644,137222241.96700197,10573716.347567748,245461.1965728442,379162.50771173113,2.376380970570081,1.0,-0.6493411477530797,-0.6208374922882689,-0.5247238058859838,-0.0036873049254607486,-5.742115758789801
0.003418019187374989,0.336868085051966,0.0759826611630981,-1.7157991766129443,7798.012295624417,0.9953127937505162,1.003943895779408,309006219.68338984,2936494.817987345,482879.1277375521,712850.6907930919,2.914897573550591,0.0,-0.31017267466063986,-0.2871493092069081,-0.41702048528988184,1.0,90.0
0.18392996930607436,0.3635084818879346,0.33610748981060395,-2.011645186152488,7830.387662792499,0.9991528409878283,1.0358948867627378,201745591.73317602,8432076.483043786,367527.842664632,545393.6367814161,2.5725856522171107,1.0,-0.4749602247648114,-0.4546063632185839,-0.4854828695565779,-0.002627900298454437,-12.726277496790821
0.2577528367878316,0.7698223748978482,0.39801729910686406,-3.162597172754031,7835.076361850255,0.9182571254882366,1.0341246056843698,106879059.91457142,2387137.47354453,606282.6740182783,901769.6533480845,3.1111445873996644,1.0,-0.1338818942596025,-0.09823034665191546,-0.37777108252006714,-0.0024053342373330073,-7.334095702188062
0.692768632550203,0.4186691323150369,0.2738829518962588,-1.2728165231003958,7837.5769924003325,0.9987508193358529,1.039951156569161,238901116.73767397,4310765.304864953,304219.5867208097,504037.218789401,1.8818833718135033,0.0,-0.5654005903988433,-0.495962781210599,-0.6236233256372994,-0.0018200582456414846,6.063600037001347
0.9436606749076254,0.9292685314646787,0.7915471820120986,-1.9415506027332663,7829.590413607525,1.0496403476653975,0.9864219608204831,144832037.765256,11723812.752613198,246069.50371869482,391301.2635803312,2.282420925487598,0.0,-0.6484721375447218,-0.6086987364196689,-0.5435158149024805,-0.0027559029838357535,7.89881738464134
0.6497292587623761,0.25594333297909483,0.43123157884991825,-2.434184370478557,7859.95415019585,1.06659751850999,1.0372663177401444,121164196.24536297,4455351.382901391,290926.6542502618,465274.2356547779,2.117269089511581,0.0,-0.5843904939281974,-0.5347257643452221,-0.5765461820976838,-0.002704868305850549,0.9823527822980402
0.372059800416879,0.3040820730963687,0.8906965649847826,-2.2753490082299175,7923.232866619603,1.0305339415031418,1.0240610922922093,113205344.16450329,5493079.048346436,226036.62525171504,337629.6399741593,2.4852428677464187,1.0,-0.6770905353546928,-0.6623703600258407,-0.5029514264507162,-0.0041252565080307675,-8.562216726198557
0.7034022976032555,0.07097656357578297,0.24365636284456105,-1.5627047018561964,7815.020699083054,0.9969442959914909,1.18861939508481,227809489.37371206,6867846.365360509,302866.94099610846,506833.37243892864,1.6473327591143911,0.0,-0.5673329414341308,-0.4931666275610714,-0.6705334481771217,-0.001999589499061114,4.42117100553374
0.8322752647511842,0.3581554508237091,0.90653485428376,-1.4083510923865994,7899.9878459160445,0.9865490126446441,0.9989905949731253,118352467.57025011,1759424.0985752407,246254.2192766885,395237.7395213153,1.9816146710574427,0.0,-0.6482082581761592,-0.6047622604786846,-0.6036770657885114,-0.0034232450239734934,3.7774668338416113
0.02636992323184348,0.7717349377195714,0.8061402313694066,-2.501519040932876,7858.204613896473,0.912770780588716,0.9684268066952888,120495606.88023037,3149294.5332846935,452060.137364158,609757.3066805396,3.2547093744568034,1.0,-0.3541998037654886,-0.3902426933194604,-0.3490581251086393,-0.003719116730685409,-22.228746230585504
0.571969334428763,0.44890653152399757,0.2666075286242593,-1.5156246508613815,7755.646588880614,0.9733717749037349,0.9519051105414593,228131505.86677593,3484232.433176307,285358.1610322231,465149.5220797608,2.0618054469984277,0.0,-0.5923454842396813,-0.5348504779202392,-0.5876389106003145,-0.0018937612954221293,3.300670995684488
0.6416385667809055,0.4311850350778133,0.0486816152216381,-1.4431813351138274,7856.922970914073,0.9871518628299146,1.0158168035442254,274870718.54211557,3915579.6222704104,351498.89224605635,551752.1820132609,2.444772447166598,0.0,-0.49785872536277664,-0.4482478179867391,-0.5110455105666805,1.0,90.0
0.15057748196179463,0.15845230618452635,0.035859697161945696,-2.611536368735915,7853.957593116665,0.9448522878633371,1.1036815696692557,196279037.2624143,3987566.899716328,544503.0859297508,831788.165291445,2.5117042236010287,0.0,-0.22213844867178456,-0.16821183470855502,-0.49765915527979426,1.0,90.0
0.14516048983482702,0.8302134022568846,0.4346209265674985,-1.6933650368547348,7814.918043272301,1.0536010102833289,1.0644384747970679,205993811.72927475,1876543.737205747,340062.32239707006,489103.159736752,2.8087971788671404,1.0,-0.5141966822898999,-0.510896840263248,-0.4382405642265719,-0.0025260716424620484,-12.470620045302784
0.18691970451732187,0.5856526448757566,0.9519680551200577,-1.837228310165811,7906.792178612789,1.0168896522091861,0.9842167896074083,139437990.8328955,1761757.7242147832,354924.14814499987,505331.9651448901,2.868925205365965,1.0,-0.49296550265000016,-0.49466803485510985,-0.426214958926807,-0.004141718316234776,-14.105802125219633
0.04470152386319425,0.9803434593665337,0.16662985147640036,-1.5674373176473875,7806.945061612528,0.9611235923197479,0.9197507172681755,323832132.2372418,6217214.89508488,508923.67637473653,730849.9117522184,2.9607323934153755,0.0,-0.27296617660751926,-0.26915008824778164,-0.40785352131692487,1.0,90.0
0.7929712670361208,0.5004100474310279,0.8479297791045836,-1.2073908453768478,7884.6156221589035,0.9725348263349429,1.034170946593042,141799475.25323206,2584003.0175958346,217745.8744391074,345435.14960161457,2.047065105114333,0.0,-0.6889344650869895,-0.6545648503983854,-0.5905869789771334,-0.0032836679289878394,3.5098262047181237
0.8581480258821563,0.9994087318636401,0.002199820300225652,-1.6792486123247365,7818.769302779061,0.9297176101459017,1.121278402917656,305247890.4191891,9040288.536559407,406602.53166104923,624400.6366785225,2.4437306651558335,0.0,-0.41913924048421536,-0.37559936332147753,-0.5112538669688333,1.0,90.0
0.47236162014460503,0.5634480637449459,0.39331812613322364,-1.6194378607659208,7874.417100419381,1.0814741640392125,1.080388273120363,192559351.20349514,3064831.3388065603,273933.12140395935,426431.970755816,2.2622612724345723,1.0,-0.6086669694229152,-0.573568029244184,-0.5475477455130855,-0.002441776525246601,-1.4401177292756842
0.9271887787269458,0.5109443212815687,0.761872058691323,-2.5342964937061736,7844.746352985348,1.0406590491550352,1.0042238538827877,88727205.26888743,3626272.0161212888,277142.52248058567,447045.04386241914,2.1254420671161145,0.0,-0.6040821107420205,-0.5529549561375808,-0.5749115865767771,-0.0029962600400164734,6.080538126551849
0.39822669856111337,0.43501049393351027,0.013454093279526846,-1.6314965031926665,7855.426727217637,1.0047645565783314,1.0236210901117693,293101732.7712188,12562145.341762437,465948.16721822746,720680.5181874514,2.624361567477797,0.0,-0.3343597611168179,-0.27931948181254856,-0.4751276865044406,1.0,90.0
0.18201135072042443,0.5259625133277112,0.4201750373973692,-1.7057808801458985,7830.789013240542,0.9362894044188872,1.150167367782772,218412594.42299718,2435864.9594727736,292657.3398932547,427401.1921696277,2.3191422873562506,1.0,-0.5819180858667791,-0.5725988078303723,-0.5361715425287499,-0.0028009344962330015,-12.869018965356318
0.47662631335912625,0.6423089111723315,0.933761712649537,-1.414096432686757,7888.037617716867,1.0093068186307261,0.978020145336876,130648797.98533842,1779400.6052580692,271485.84374864656,410352.1802051903,2.466668530524394,1.0,-0.6121630803590763,-0.5896478197948096,-0.5066662938951212,-0.003660443590288963,-3.0492200837256824
0.06034814257676218,0.890171379382568,0.5566626190654754,-2.0334180376515114,7806.987494927267,0.9459986642077487,0.9860811049846373,168860922.54577464,5043396.63622497,359402.4879828569,496972.9737541815,3.0122018861528383,1.0,-0.4865678743102044,-0.5030270262458185,-0.39755962276943235,-0.0028909860885635947,-18.13031314216476
0.0015785084527713481,0.5014148831341474,0.0307407281593272,-2.181474601661873,7886.162925035991,1.0111329518857282,1.0236967603024067,306683358.6823926,7855413.173050664,585552.2314002932,855260.4301602048,3.1269658882411675,0.0,-0.16349681228529545,-0.14473956983979525,-0.3746068223517665,1.0,90.0
0.6223273810252685,0.446234746028244,0.11989624512497153,-2.089612224258793,7694.269767869845,1.0438668312823216,0.926325996397447,126341569.1099489,3549960.327850401,445144.02720252867,697607.100716784,2.6057240506252435,0.0,-0.36407996113924473,-0.302392899283216,-0.4788551898749513,1.0,90.0
0.1785287766641181,0.33801461091387064,0.7473095338973121,-1.879651990346216,7803.201662927835,0.9998095766239734,0.9859030680703107,132750941.14907083,5757476.462483664,284146.9923416986,405489.98527075374,2.876286488338047,1.0,-0.5940757252261448,-0.5945100147292463,-0.42474270233239064,-0.004058080192406811,-16.281016921926547
0.1427271745143386,0.33582184171818646,0.8396461383666493,-2.3088231566693524,7781.549492482868,0.9540760639344436,0.9699667562139714,91204740.85498826,3012847.0392952543,374096.45802719204,527351.7873557119,2.9473926341633563,1.0,-0.4655764885325828,-0.4726482126442881,-0.41052147316732873,-0.004317805911554874,-18.176611162099174
0.4991762804068777,0.8572732666273902,0.6114238649146402,-1.0396954042549047,7901.927839716161,1.0141187684107162,1.0537270810770303,193863382.89355287,12117573.733443962,340774.9049630673,516366.82174526737,2.3012766459361864,1.0,-0.5131787071956181,-0.4836331782547326,-0.5397446708127627,-0.002799759862513273,-0.9838745417218817
0.15091219055662866,0.4107488949230981,0.1449124712720237,-1.532458964820404,7817.972452692952,0.9970863968758459,1.0532827951532455,306638719.6718135,10154374.285905097,478157.30216940976,763162.921104227,2.1871723392634603,1.0,-0.31691813975798605,-0.23683707889577305,-0.562565532147308,-0.0011903762120789438,-6.527834853985389
0.8348536578815102,0.1672547670401986,0.9653279391243821,-2.17710135657864,7855.214622266049,0.9427902878553694,0.9966279051679323,98634618.7535806,5948262.947486391,173910.20872788673,282156.1271678164,1.9321323398495103,0.0,-0.7515568446744476,-0.7178438728321836,-0.6135735320300979,-0.0036233794059362234,3.1268367274410664
0.4506084780755256,0.7194327982391746,0.4393112810106305,-1.7208913983319216,7866.9376167382,1.1631828592756825,1.0386352264362642,170220720.56986278,1971589.001205494,288655.19307919306,442406.4303151509,2.547923552599892,1.0,-0.5876354384582956,-0.5575935696848491,-0.4904152894800216,-0.0024671485131081456,-1.6490378239132824
0.21126844813111367,0.3065974167026851,0.24928993441486383,-2.0508325795173197,7801.269766602621,1.0304059588251036,1.0194649955065551,185850961.12386727,5897735.130742181,346579.3444609802,528844.0262848489,2.4263358012378524,1.0,-0.5048866507700283,-0.47115597371515106,-0.5147328397524296,-0.002283618079843494,-10.04459476349199
0.9231124395032742,0.9669347973301063,0.6060556116444802,-2.3557675236037046,7789.329433871142,0.9698357034725262,0.9494651843757718,111257259.40012862,3859457.9124159273,315972.16297970834,503808.8174153466,2.2356643372176475,0.0,-0.5486111957432738,-0.4961911825846534,-0.5528671325564705,-0.002359081329625452,8.41429411857912
0.7952198961154574,0.07530035337662493,0.19735689539027998,-1.323726109660607,7786.794404452389,1.0114717301341405,1.0192387408703738,236262745.24910116,6105775.994424732,327395.64612578135,567305.0089669419,1.9806037159523109,0.0,-0.5322919341060266,-0.43269499103305814,-0.6038792568095378,-0.0013658770858221187,8.968574335101295
0.7092401736829391,0.3461744287896598,0.09138075140937968,-2.5320987445119902,7925.2705008554185,1.0009378857964515,1.0754865154215727,194603544.5484528,6251053.609099796,349624.45137579483,553782.6688420515,2.22821780515023,0.0,-0.5005364980345788,-0.4462173311579485,-0.554356438969954,1.0,90.0
0.03305989991891434,0.08800953691527973,0.5351248052588178,-2.1201490199615867,7867.27837415536,1.0152988458354668,0.9379037258924223,152981268.86096802,5038791.628726201,350338.418821211,487883.1407156866,3.5151857781770355,1.0,-0.4995165445411272,-0.5121168592843134,-0.2969628443645929,-0.003702357301218871,-25.281014802799287
0.3192235213541981,0.25809301625905423,0.35489537086935136,-1.705519958398729,7867.8444495488375,1.0314959582931271,0.9673533532737912,189309093.1133381,2284620.3777295216,293426.3292339099,446343.9233113487,2.532383186208769,1.0,-0.580819529665843,-0.5536560766886512,-0.49352336275824615,-0.0027627015790940264,-8.158151591436727
0.8644650319044792,0.35997384738173244,0.39446824031557304,-1.1627470377029598,7828.76418231161,0.9533630014921781,0.9730758903090495,205456688.6560384,5756156.010093024,304313.26913527586,504437.6483374416,1.9483453013961556,0.0,-0.5652667583781773,-0.4955623516625584,-0.6103309397207688,-0.00224243466679441,6.9119861115038965
0.7775837282695495,0.9056197381329881,0.1364839731602375,-1.969524364464824,7766.352164943046,0.9395726488565982,0.9144475457145289,187127054.92916173,5915103.002523356,349464.33816212154,538247.8975624532,2.5016261211513653,0.0,-0.5007652311969693,-0.46175210243754683,-0.49967477576972696,1.0,90.0
0.3010552233995348,0.8211077950825274,0.3066159342810981,-2.607680004382245,7864.256928255737,0.9965532309339853,1.0290011384023772,155261167.3830776,3980938.2283266447,435342.5940256959,668418.3263459448,2.3097702521536116,1.0,-0.3780820085347202,-0.3315816736540552,-0.5380459495692776,-0.001912030779392001,-3.068738085987764
0.0049057537060655364,0.6336397741153813,0.7360878200403773,-1.8787546561030737,7879.160737421237,1.046275775711723,1.0644844991143754,180482576.6028874,1713443.2614600407,407136.233965484,546949.8878260468,3.372675225022515,1.0,-0.4183768086207371,-0.4530501121739532,-0.325464954995497,-0.003705517188890232,-24.711024624495312
0.49812990162974163,0.7977312106492074,0.9428218737222088,-0.8496012519931249,7886.538770437191,1.0006396233416406,0.9830165394995223,159409488.35914257,3383838.5581696685,250719.01468917058,379256.0251803944,2.420310923733679,1.0,-0.6418299790154706,-0.6207439748196056,-0.5159378152532642,-0.0034876281886136733,-1.6678412522460988
0.6795843697758142,0.47205598308653446,0.661182631356829,-2.7813848243400097,7793.706489250321,1.1324433142392976,1.0385622220941628,69965043.02835633,2479172.091456188,370895.13601892855,582209.0276977554,2.964407919615939,0.0,-0.47014980568724496,-0.4177909723022446,-0.4071184160768122,-0.003085395489658369,1.189358501378397
0.6191323242959527,0.223679021668773,0.38324254598708696,-1.2354973637006381,7883.352129802602,0.9690420697892386,0.9949461241079056,198829524.922267,10688103.45204269,348656.3922595317,559664.8071985642,2.1411831325464075,0.0,-0.5019194396292405,-0.44033519280143585,-0.5717633734907185,-0.002603545349548113,0.5848139369443466
0.07628090945637822,0.9437369514632277,0.6021739816373212,-2.5794581309266724,7806.201114732668,1.0705361948725276,1.0745044853650652,107077358.14776258,2753052.1946118874,505332.8114283274,697196.902439846,2.885086914693482,1.0,-0.278095983673818,-0.30280309756015406,-0.4229826170613036,-0.002981734996409415,-17.080565614358157
0.8201300025598177,0.4859350393751951,0.39933611501683336,-2.542026175988835,7810.546233552697,0.9468791619540655,0.9749182097056447,122657737.14653122,3919496.792308625,352630.58111829363,578070.0871904432,1.9726276725291962,0.0,-0.49624202697386627,-0.42192991280955683,-0.6054744654941608,-0.0021943615328774736,6.607269874891799
0.7474779603917543,0.9441631385282536,0.44583753560028966,-2.120902530349069,7857.418921116449,0.9975114408562683,1.0351642665564558,183895237.13929698,14022587.138375448,312902.24559267575,500961.7889559893,2.0803732845728637,0.0,-0.5529967920104633,-0.4990382110440107,-0.5839253430854272,-0.002018144075030903,7.159416098846368
0.34249645781478527,0.36808128690257014,0.6499683738545734,-1.7235034120426094,8015.79422857708,0.9893589503792427,0.9016099559992958,139735760.367883,1823586.0158845175,371620.9616357361,551042.6981868776,2.9051134149698616,1.0,-0.46911291194894844,-0.4489573018131224,-0.4189773170060277,-0.0035737811360602393,-8.992931032438321
0.7192524664083357,0.08893051507943474,0.5578422634716996,-1.3189308932785009,7767.8206534838955,0.9773257905817004,0.9789804659361315,148041760.9703997,2406133.1912217843,200272.46567628,322134.0748899938,2.0867446873516564,0.0,-0.7138964776053143,-0.6778659251100062,-0.5826510625296687,-0.003124980037094923,0.9057593806603172
0.8443203454790437,0.27364642432991076,0.0423993841769961,-2.458074541840767,7926.462227885606,1.0154127177867645,0.956983016225985,198609690.31923437,6717309.493325999,368789.2728587287,589667.8613584171,2.462150973563049,0.0,-0.47315818163038753,-0.4103321386415829,-0.5075698052873902,1.0,90.0
0.02013358591248204,0.6391983737480067,0.4334966706268953,-1.073487345163167,7847.866037064195,0.9711498932386855,0.9722198006620153,259114584.2378733,4358479.480977493,421431.0513081971,586623.1939993566,3.198760391190187,1.0,-0.3979556409882899,-0.4133768060006434,-0.36024792176196263,-0.0026661939313684154,-21.27873763535095
0.9910571525296544,0.5100641418914597,0.2478969992872749,-1.263816679856775,7792.13738187101,0.9154690966631107,1.010561509041355,294801680.8848897,3549650.4879216915,274139.6326961138,485687.6506724966,1.8488280883159482,0.0,-0.608371953291266,-0.5143123493275034,-0.6302343823368103,-0.0009509947239438266,15.953858324742226
0.3971811282843481,0.8011143765907373,0.39052785905165954,-1.6053915154135443,7736.878767463572,0.9501896580697939,0.9915409840781002,201040260.01328865,8168507.469203479,365121.91419706604,559815.6919100634,2.3098202764407842,1.0,-0.4783972654327628,-0.44018430808993664,-0.5380359447118431,-0.0022394792264088296,-1.9065361440373358
0.40046313688505736,0.1104106725324694,0.7281484864776946,-1.9720628083214837,7830.643258433722,0.962146641030552,0.9824826808104189,124620781.72298162,6474639.858286392,240332.06155779082,363085.52182367747,2.4724354976030263,1.0,-0.6566684834888702,-0.6369144781763225,-0.5055129004793948,-0.003972194602648133,-8.618153627678076
0.044203873534066074,0.9594779131511388,0.3443000271704154,-1.21158046955449,7766.663502262422,0.9880213042578846,1.0188405778679988,292874396.0519043,4961872.195487272,415184.05229157454,597420.4309584475,2.771163396594693,1.0,-0.40687992529775063,-0.4025795690415525,-0.4457673206810614,-0.0019396228373378904,-14.913980724077597
0.029806080500907238,0.35923738715708503,0.9193655568645762,-2.6944275409787526,7872.0801293813865,1.0288431463380427,1.0066074948557888,87606071.70846626,2546116.3027497777,446064.1636034541,607013.9065571128,3.1677688080826543,1.0,-0.36276548056649416,-0.3929860934428872,-0.3664462383834691,-0.0045240049155723765,-24.818973552400383
0.6995823592500008,0.41852705296240894,0.5197953189316292,-1.86958877412943,7873.95081319039,0.9926496261439004,1.0570975866723717,164045464.94875973,1605884.955515722,268466.318095116,427162.7718084333,2.0658204729083742,0.0,-0.6164766884355486,-0.5728372281915667,-0.5868359054183252,-0.0027632255937989018,2.1978719044406
0.8596192614506484,0.8703571897773282,0.8766370678188922,-2.440874085538626,7791.174334071833,0.9950669635806364,0.9784424971433704,87919160.98338749,3334693.4770278274,306220.9718413029,483902.1719242189,2.25527164051586,0.0,-0.5625414687981387,-0.5160978280757811,-0.548945671896828,-0.0029897882870724133,6.397387767491212
0.767127524855154,0.7736199326523686,0.35745906874428995,-2.0399248604082367,7732.2708034997,0.9977520356769981,0.9838418738752901,145130089.6817264,4911774.523994153,291498.661581967,477233.8049997239,1.9397158917545312,0.0,-0.58357334059719,-0.5227661950002761,-0.6120568216490938,-0.0018129793888965742,8.352266112980779
0.9165384159715766,0.2525091386437644,0.9457192151635926,-2.3424369102253846,7723.140432368979,1.0334769556311092,1.0056437107071712,60593350.48440628,2882186.673605943,261045.07518829068,426223.90072092274,2.4079941984797077,0.0,-0.6270784640167276,-0.5737760992790772,-0.5184011603040585,-0.003435813575017889,5.075438879661959
0.5458060010880564,0.9781123526888168,0.35429767810359186,-2.1460484513875495,7884.418049752793,1.0121742973957355,0.9743234892786202,197248884.11360642,6877683.327258296,399313.9442891373,635222.4779591844,2.1174351755032164,0.0,-0.4295515081583753,-0.36477752204081554,-0.5765129648993568,-0.0017462491211010485,4.916460777593084
0.04385494557747338,0.1623395494888144,0.504320066503391,-1.0047252668800237,7794.4674066750595,0.9619187819433147,1.0076084577856763,244428061.045918,16660921.478893308,355833.95821934514,497548.1904687116,3.1446247422091633,1.0,-0.4916657739723641,-0.5024518095312884,-0.37107505155816733,-0.003506759560844964,-23.85521633960439
0.5651552375015373,0.8962680342269272,0.6788187513983911,-2.259396028150734,7809.512595411977,1.0055839546089997,0.9847366966965491,114172965.3731294,4081751.5666140392,290733.0308250708,442300.54560311406,2.443322637369683,0.0,-0.5846670988213274,-0.557699454396886,-0.5113354725260634,-0.0028647187838208464,0.6339505916682278
0.8091890036596359,0.019133371000379696,0.423897766114067,-2.2225440377486185,7896.400299911812,0.8966814052835278,1.0064170664747707,151788241.68099213,14508076.441880226,332758.2227910227,550734.1604873461,2.291013706181147,0.0,-0.524631110298539,-0.44926583951265386,-0.5417972587637706,-0.0027154190265141834,3.670227254080892
0.17312030882114204,0.5081452766420209,0.6301700920267153,-1.8061147653437273,7777.3409717232935,1.1261977667069611,0.9852745695312474,132701298.52677874,5485111.068714913,296216.1319175942,422453.21867124387,3.100852179973544,1.0,-0.5768340972605798,-0.5775467813287561,-0.3798295640052912,-0.0035346312871133313,-15.122074865391912
0.38071673547557255,0.13174080816179973,0.19526761972215229,-1.3408077499141204,7794.592178966463,1.047854328583543,0.9602428646365826,258615552.59669557,15426990.351608794,316043.69803590764,506071.9138023001,2.315607306466464,1.0,-0.5485090028058462,-0.4939280861976999,-0.5368785387067072,-0.0019986021923911698,-3.4089189813385126
0.802554970155545,0.6343241671356814,0.32192628244623467,-2.3341810345236853,7786.959214217631,0.895265977493105,0.9179866957397723,158060737.18978626,4891123.431390269,339049.23468984675,563009.5535930337,1.8090517570985383,0.0,-0.5156439504430761,-0.4369904464069663,-0.6381896485802924,-0.0017551328833882262,9.00674193805197
0.23486567507122721,0.8584655987350923,0.9210158992310985,-2.477494889547425,7804.827538484948,1.0219727226073447,1.151309682923224,93331245.28154874,3031694.9473444303,373516.03220171155,533889.9476827,2.565438234643879,1.0,-0.4664056682832692,-0.4661100523173,-0.4869123530712242,-0.0036925117836529887,-10.3385699186842
0.837058215008458,0.12775103865569223,0.6554407133688603,-1.7020720408098413,7745.718086012609,1.01996301869704,1.0150286998501534,121413128.5084895,7767573.335272677,206155.07579608852,335981.7126570658,2.063651194362717,0.0,-0.7054927488627306,-0.6640182873429342,-0.5872697611274565,-0.003157254239917014,3.2808067684235382
0.9793071413674607,0.7014148245083918,0.5532722636190893,-2.144867940108698,7845.472861877538,1.0191107287280843,1.065155716596982,150257762.93027353,7994999.83702985,263038.4231605797,428869.77975688025,1.9555303010788665,0.0,-0.6242308240563147,-0.5711302202431198,-0.6088939397842268,-0.002376365706441944,8.6432037061187
0.5052506718022796,0.5178697168524039,0.8600937142584294,-1.953597492206305,7772.926278673084,0.9461399429644453,1.059472205530521,115281982.27281998,5262402.1640352765,205439.1395674085,313103.75599906844,2.2060260739360382,1.0,-0.7065155149037021,-0.6868962440009315,-0.5587947852127924,-0.003641634407832192,-3.175486123984342
0.5253477225678954,0.4438937172453577,0.09496923670362176,-0.948357652218492,7785.264953050672,1.020292423512698,1.0227113840121944,278444596.1489638,3743584.372235203,359176.17549595836,560385.4508877759,2.4591179365799283,0.0,-0.48689117786291664,-0.43961454911222414,-0.5081764126840144,1.0,90.0
0.7796038035721349,0.2192031975076872,0.23884938395741018,-2.0383700094188595,7805.96508319196,1.0677142620220288,1.0212027265206065,182695584.264224,8880616.41030509,306178.2475801545,520543.68104232784,1.973659241516115,0.0,-0.5626025034569221,-0.47945631895767216,-0.605268151696777,-0.0016403823527079745,7.827996190792323
0.9456934936885021,0.10317128804834706,0.5098374967734318,-1.6350718637943278,7799.518389308905,0.9598321891839123,0.9552342086021937,153606060.977803,1648483.6901870756,230854.15412031146,385218.0342140964,1.8920712943350264,0.0,-0.6702083512566979,-0.6147819657859036,-0.6215857411329948,-0.002728449073584536,6.187640707423839
0.984249957285775,0.8333100633727419,0.969457502591747,-2.4388317778548854,7777.7003457455685,0.9549722145582921,0.9986045347526151,85429941.60365123,3381894.1816297215,292076.5002274345,468489.8747002812,2.07659177067539,0.0,-0.5827478568179507,-0.5315101252997189,-0.584681645864922,-0.0030361858225297373,8.294523691639585
0.8214651944838937,0.34696917362904817,0.6313161859928837,-1.840997534681746,7808.318561039407,0.9354249982096724,1.0117474592423732,138965979.56695712,11038472.13626026,298670.97227969515,481602.2166483937,2.2455452734249506,0.0,-0.5733271824575783,-0.5183977833516062,-0.5508909453150099,-0.0029626751133793837,3.853237957056926
0.35420238837825535,0.467749281253851,0.6699544774692854,-1.2332246924440091,7831.262086153297,1.003437574389818,1.084727095462041,161037562.43785876,2608018.291559419,243478.3594890725,361789.12320404843,2.4217451080700854,1.0,-0.652173772158468,-0.6382108767959516,-0.515650978385983,-0.003501352127248939,-8.051187118200385
0.2044585150113156,0.029737006695526855,0.01591822551788266,-2.6615519771109857,7769.0227289443155,1.0559822125296765,0.8900737862815412,134685112.13306,2733571.2549175727,666493.3562686298,1033842.0843219886,2.9732078014763594,0.0,-0.04786663390195746,0.03384208432198863,-0.4053584397047281,1.0,90.0
0.6913683194914532,0.8350493056942045,0.39345998115464803,-2.3394485865362333,7812.631151132704,0.9980773022335685,1.0082577799335508,145289049.3848586,4719226.791731809,321096.5981564013,515222.17160244146,2.004228845439279,0.0,-0.5412905740622839,-0.48477782839755856,-0.5991542309121443,-0.0019576225987765388,6.235997194635345
0.22426830269975853,0.9664122005846856,0.46632490504872,-2.59757978702025,7949.661796153194,0.9814853756377795,0.9462792281421758,159601266.87961543,4412181.17895508,382629.68691224133,556939.735430515,2.6988170920084746,1.0,-0.45338616155394096,-0.443060264569485,-0.46023658159830505,-0.0024644014877386127,-8.135487144020036
0.0863292588960583,0.3730807356642047,0.42192472399392483,-2.0287360067563873,7782.9386657468285,0.9010217951823667,1.0266248208331445,168373610.4724729,4897296.258754193,335591.1180665301,478964.31306860404,2.695826487857692,1.0,-0.5205841170478142,-0.521035686931396,-0.46083470242846164,-0.00296961898644339,-18.975494943234466
0.42677581476486565,0.906997984106691,0.7309968733083867,-2.10993058234452,7758.047729035488,0.9336331738072938,0.953418291461998,114171719.27460042,3943904.2784548616,314228.04952348827,467093.99726414145,2.576696299230261,1.0,-0.5511027863950168,-0.5329060027358585,-0.4846607401539478,-0.003097394386091851,-3.1341086620185727
0.3296996610601039,0.17838682944171505,0.17605533197773032,-1.6719160415253749,7863.180053522274,1.008894088028961,1.0292437140032848,263253264.00149953,5994125.436429125,373750.9037850607,598027.5079671851,2.1163310773275406,1.0,-0.4660701374499133,-0.4019724920328149,-0.5767337845344919,-0.0018104927879523001,-4.057945792303087
0.7607177481558095,0.9601739575081677,0.6099685820273523,-2.038480606259502,7844.082477843962,1.0280288516701293,1.006824685516383,161152252.36117405,9907345.524213878,281326.86802013766,441163.4874115021,2.2874216912797665,0.0,-0.5981044742569462,-0.558836512588498,-0.5425156617440468,-0.0024870867794134994,5.5294094973626
0.16307670299400345,0.8142086398002312,0.5336321028516228,-2.4498732712392037,7815.395036579173,1.0133724845400913,0.9943423975859847,117447873.89182475,3195899.1080009197,440465.28022180096,627226.3209901189,2.919661976942032,1.0,-0.3707638853974272,-0.3727736790098811,-0.41606760461159364,-0.00289103168347954,-12.863365771882702
0.08679216223952996,0.6584762817452626,0.14542639544420555,-1.5942018887631384,7735.413557988335,0.9543640923284019,0.9507216741521733,315925664.7184793,2089207.2518326975,399750.7666943528,655123.8907714308,2.4760567767072157,1.0,-0.4289274761509246,-0.3448761092285692,-0.5047886446585569,-0.0006593090606235817,-3.9176061166321716
0.5584632122394728,0.007691461640077015,0.7684953159493183,-2.2302342981978502,7714.5675153443835,1.034372367299019,1.0252294794836843,65721785.31792159,2902910.7085702964,286968.21538248257,447387.80329580244,2.5166536138998357,1.0,-0.5900454065964534,-0.5526121967041976,-0.49666927722003285,-0.0038989012501497874,-4.331217050593992
0.5028427820478251,0.9925634727678354,0.1801352319172806,-1.793675465350704,7854.579387954158,0.9220675036419013,0.9541611711299597,260009214.01772636,3839434.2592288833,375494.4522782492,567629.5826630548,2.467673754391409,0.0,-0.4635793538882154,-0.4323704173369452,-0.5064652491217182,1.0,90.0
0.7902050676141392,0.8892056736317698,0.8561601915063537,-1.5953851915575081,7850.341942507447,0.9569966856131604,1.0227996657609835,154372907.18048865,2230412.2619525585,239258.7177785966,374443.84818457626,2.08067498776799,0.0,-0.658201831744862,-0.6255561518154238,-0.5838650024464019,-0.003002138459329654,5.2340821773380455
0.08928302753566789,0.1963797043406394,0.17012319962691064,-1.9370212749159799,7842.301610562452,0.9546536399866348,1.0278898837182446,273520359.8825017,1613738.3747982509,407150.53454214707,623851.9822401163,2.3696125755394766,1.0,-0.41835637922550417,-0.37614801775988366,-0.5260774848921047,-0.0017477807830885597,-13.998578309816693
0.023827964857377974,0.6109286729822112,0.9936713514794787,-1.9010552277771524,7886.383255332194,1.0031983585903146,0.9717512997846783,164158737.97913587,2137137.15284606,385766.06494370004,520138.98718887457,3.3330579309521404,1.0,-0.44890562150899993,-0.4798610128111254,-0.3333884138095719,-0.004300653191775794,-23.75533952587427
0.726666053241783,0.4637179149439419,0.8680028409370839,-3.0643982184509806,7903.493554943991,1.0457949677801262,0.9973143201408255,68875519.27428265,2533926.2933546156,351778.4450439484,554389.9182568052,2.473580314181556,0.0,-0.4974593642229308,-0.44561008174319483,-0.5052839371636888,-0.003419477228608685,1.9906400102410906
0.6106316577366327,0.8652187030425306,0.009321405098238087,-2.5080869645776076,7812.609481739521,1.0667250462244642,0.9870077711373567,148852345.09048522,3443546.7129092542,510391.6947199898,780766.2138116792,2.9396669811529725,0.0,-0.27086900754287174,-0.21923378618832084,-0.4120666037694055,1.0,90.0
0.5869790085997744,0.9718223582730409,0.38996840469983823,-1.5125200762979467,7801.972729648134,0.9799960448523919,0.909745477118145,223555470.5248927,4473280.946145241,316294.61491280724,501600.666906278,2.2818264376917514,0.0,-0.548150550124561,-0.498399333093722,-0.5436347124616497,-0.0018906764239410893,4.9414804655010975
0.07860435164212318,0.14794741922254287,0.4808857287691082,-2.9174049755883398,7906.958336581273,0.9681711469625467,0.9894093307016576,108082932.4765325,2609872.3487770427,535350.7206648646,757454.7244685823,2.8954148664212465,1.0,-0.23521325619305053,-0.2425452755314177,-0.4209170267157507,-0.003455935100268144,-21.57055378558029
0.2812501087935976,0.21469445362765285,0.7576649753249639,-2.317092449336049,7827.6128867525495,1.0186606576040917,0.9855399155239011,91355905.97789407,3391473.2777217296,301771.0757828784,441985.1893560288,2.849212665610917,1.0,-0.5688984631673166,-0.5580148106439712,-0.4301574668778166,-0.004105715288608071,-12.491916971572106
0.7404627883237618,0.08339723406601104,0.9394778111196442,-2.0270798869210576,7863.551607790216,1.0028290094755328,0.9807701813892424,102279839.4778645,7882502.606425618,189213.87520090796,303317.26347813715,2.0995150063375223,0.0,-0.729694463998703,-0.696682736521863,-0.5800969987324955,-0.0037980524220474314,0.6258974926349055
0.4124353781719445,0.7049427643183566,0.601580145300988,-2.414536256512361,7768.28094745253,1.0194256219617897,0.9726494367219232,94524321.50535038,3011115.765563739,392375.8018235707,587549.7767114907,2.5300834385745867,1.0,-0.43946314025204186,-0.4124502232885093,-0.49398331228508263,-0.003009478137379856,-4.395298462120039
0.1360421907682235,0.6153571344371415,0.21884559194617034,-1.6503231973082757,7843.065788043203,0.9696620554753895,0.9668500359121639,294162610.90472734,5714655.84790802,427743.383887733,654827.2325507271,2.389235589817262,1.0,-0.38893802301752434,-0.3451727674492729,-0.5221528820365476,-0.0016618423479110827,-9.241221460540338
0.429228512291102,0.4536031066875137,0.23394607802318668,-2.494671581751148,7761.750756870482,0.9933811138261293,1.0024811066255732,130507096.86487654,3394662.7441751584,460010.1387144016,737255.3780315731,2.0910790845888076,0.0,-0.34284265897942634,-0.26274462196842685,-0.5817841830822384,-0.0018183770530149862,0.05354081086750284
0.6363794008225916,0.9454942791225414,0.11411957582667814,-1.875527324993898,7759.614520250343,0.9206666757465719,1.0590612284774832,225564185.66573834,8105611.6937432485,383728.85738316295,585770.0756747111,2.333281416023556,0.0,-0.4518159180240529,-0.4142299243252889,-0.5333437167952888,1.0,90.0
0.7110927203511362,0.5198111929695879,0.4835172017077588,-1.5781019679215271,7852.14292613223,0.9927387257165802,0.9664738614931166,179198429.77945256,3012221.4965503854,245185.63364598178,391894.4157828556,2.1795772848940285,0.0,-0.6497348090771689,-0.6081055842171444,-0.5640845430211943,-0.002558812258995927,3.309818877293722
0.9920600754821194,0.8434479673610974,0.7208752688089046,-1.6877351839670138,7850.816577917859,0.87744175559971,1.0336868231175542,179252354.60446733,2988221.8570279838,227528.99795673345,364387.03434089315,1.8920462190276395,0.0,-0.6749585743475236,-0.6356129656591069,-0.6215907561944721,-0.0026515347018675793,8.387433267780468
0.07175526174285202,0.8071206858999782,0.34016662260809194,-1.2387889879619678,7903.081590577408,0.9943054738465431,0.8747260303355331,269272844.1268007,4464174.977651234,440581.1133767617,636749.5828571357,3.0975172904678177,1.0,-0.370598409461769,-0.3632504171428643,-0.38049654190643645,-0.002116489758909281,-14.742680605928925
0.5148947986391852,0.2979895893856632,0.3916612631593353,-2.185947102342896,7913.103049830784,1.0323245225531124,1.0199721000332145,167380631.7374787,8401810.36842474,359444.55480258184,565384.0522808627,2.2904589818516774,1.0,-0.48650777885345453,-0.4346159477191373,-0.5419082036296645,-0.0026740802636278597,-1.9425701755448124
0.8766813777316425,0.21247090430214785,0.9233581609721891,-1.7384604917368516,7738.977322124261,1.0272664247084256,1.0666996760345793,97718972.04890028,6328434.416618139,163609.91390289896,266316.7481401399,1.9393437327682463,0.0,-0.7662715515672871,-0.73368325185986,-0.6121312534463508,-0.0034854000060872943,4.104947347271363
0.018127025918954872,0.0342988829282782,0.8165592091786663,-2.225677364659177,7847.54735144568,1.005048750590023,0.9620332040980446,105726535.11131664,3475048.993751844,330077.26095825585,449961.3677449247,3.646876125305115,1.0,-0.5284610557739202,-0.5500386322550753,-0.270624774938977,-0.004731381418224848,-27.78128783954705
0.679007313112458,0.16603113692988575,0.37066645792501707,-1.6265104109610604,7707.729489409593,1.063984173892792,1.0235443941850297,148731346.46245039,7254858.320124292,249100.14275610208,405097.8389107057,2.1429648120940135,0.0,-0.6441426532055684,-0.5949021610892944,-0.5714070375811973,-0.0025412321871450616,1.9506822751603963
0.8384322632707308,0.8937684427988752,0.04479508191571948,-2.701762927102041,7879.873270312509,0.882544179993856,0.9744896135497338,174128686.118994,3998447.9991469756,487872.11123741395,751918.8300504807,2.504597881264238,0.0,-0.3030398410894086,-0.24808116994951934,-0.4990804237471524,1.0,90.0
0.659301267885395,0.10250131353215468,0.9660614897221702,-2.2640564871320126,7812.270466588525,0.9938270575366246,0.9741620509257047,73918150.36070152,3720115.7689882354,211415.2418933743,333922.22352491756,2.2225262505861663,1.0,-0.6979782258666082,-0.6660777764750824,-0.5554947498827667,-0.003953125249906692,-1.2024800976645231
0.24882501140290705,0.017145700258735328,0.40081356618842867,-0.7840353418576711,7883.786134820255,1.0307669536056212,0.9995608478057102,206115632.07998538,5597215.682349589,357791.3431263336,535511.7442534869,2.7301673478446666,1.0,-0.48886950981952343,-0.46448825574651315,-0.45396653043106666,-0.0032703408468305406,-13.106160838670597
0.580717831319867,0.7626844716974199,0.43001284245137783,-1.394227558272524,7824.035722408925,0.9721111485345283,0.9230075862245195,216246510.24473032,6013353.347441116,315168.2631711092,495183.1601471276,2.3184888445307013,0.0,-0.5497596240412725,-0.5048168398528724,-0.5363022310938598,-0.002273343689543478,2.378889071435186
0.8103076767751294,0.85126026328398,0.11031853780293797,-3.134711434750219,7769.998801833423,1.0893228767606553,0.9987559608446345,94985508.08491388,2166681.864911799,628158.491351304,970630.7158469746,4.118986386643712,0.0,-0.10263072664099429,-0.029369284153025366,-0.17620272267125756,1.0,90.0
0.715892143121243,0.6489725198458656,0.9959486892703723,-1.978399658403641,7847.677959732216,0.9723198702532784,0.970127099784814,132036041.49151878,11224942.225198084,231217.00015395982,363802.93005865056,2.208022516521614,0.0,-0.6696899997800574,-0.6361970699413494,-0.5583954966956772,-0.0034430586063625996,3.0260646961011126
0.11753082087059907,0.17929222628509406,0.09114672687718714,-2.0148005522535026,7900.588867275875,0.9626068156134243,0.9997406853083386,332357280.8359096,3871319.6651576334,440662.8804231532,732044.1456847873,2.43217831043879,1.0,-0.3704815993954954,-0.2679558543152127,-0.513564337912242,-0.0007223860803540126,-5.377999878025314
0.5674284883287689,0.13526355699276035,0.8951953750457401,-2.8073963558899546,7712.724265597086,1.0177087396389362,1.0775904478927953,52399339.672419876,2108607.1661551762,345959.3334760778,537803.369168191,3.9334755648239472,1.0,-0.5057723807484602,-0.462196630831809,-0.21330488703521056,-0.003982561244916526,-3.5096047426050987
0.5044227038330258,0.7937690710994691,0.6214579887328723,-1.8633244315038215,7870.781845905256,0.9939914678614771,1.0124519819884388,165820235.83706957,1577487.4702272315,304286.2512955819,461468.37511743186,2.460869028799839,1.0,-0.5653053552920259,-0.5385316248825681,-0.5078261942400322,-0.0028817324737348913,-1.28162073550223
0.18594808171933036,0.26638470888791627,0.44145891156484107,-2.6712145873612596,7780.515888099309,1.0923209937858656,0.9455685669760702,90482635.10518034,2471681.5289891246,500996.00492807094,731451.4610914029,3.2689785283951966,1.0,-0.28429142153132725,-0.2685485389085971,-0.34620429432096067,-0.003173450458459257,-14.740854802307652
0.06947424654923806,0.6767238194569843,0.558649195520152,-2.5679296033009456,7833.626113184562,0.9514668085402173,1.0116532554197866,120028359.64278565,2996048.6144685415,494641.85914877994,685654.2378006792,2.961698409290353,1.0,-0.2933687726446001,-0.3143457621993208,-0.40766031814192943,-0.003140819114589386,-19.197990067319214
0.2380051935105339,0.18306403023199316,0.647396747426535,-0.9517295025222778,7804.2330200038705,1.0301360004757198,1.0011400523419678,154611401.31967488,2455011.7760981065,259556.57682097075,378739.90546587575,2.7757738658141267,1.0,-0.6292048902557561,-0.6212600945341242,-0.44484522683717465,-0.003911340283269944,-14.221959076003102
0.5173402068197372,0.4983756631702304,0.8709901690323474,-2.1150413855422703,7834.256208455392,0.9957384164921868,1.0133703504203389,112142131.11895034,5184524.88908467,210185.66163772784,321187.85330214736,2.31991369854671,1.0,-0.6997347690889602,-0.6788121466978526,-0.536017260290658,-0.00366177383700182,-2.9363660989700158
0.9583544661196955,0.8366677892957824,0.26699988768690774,-1.9064320045665644,7843.2398742799,1.0360655140759998,0.9883750301735073,244750641.80161047,2920094.402864809,267182.42081208096,473049.43485766865,2.167480366043875,0.0,-0.6183108274113129,-0.5269505651423314,-0.566503926791225,-0.0007614103193892064,18.09264893729021
0.8308869007037432,0.9917139923283546,0.25085199619203624,-2.5750027414877623,7809.021310297945,1.063182178080361,0.9937997512851966,160760513.24887145,4325036.8394137025,414568.7345464054,739194.6503863814,2.533919826970704,0.0,-0.40775895064799234,-0.26080534961361856,-0.4932160346058592,1.0,90.0
0.5855338582488759,0.16818167467195727,0.8142842749250938,-2.2825624238958815,7908.952006266887,1.0172193065306632,1.030221548366369,108352538.49274662,5743568.8873837255,204691.8279135994,319193.42058535607,2.2239379895072218,1.0,-0.7075831029805723,-0.680806579414644,-0.5552124020985556,-0.0037861797638985284,-2.8513271009099626
0.759571432657436,0.3250024071251996,0.12659775246356497,-1.7138005007873076,7835.044044100643,0.9450847348923681,1.0368440042297027,244998859.59009272,4557902.6166083915,330869.4085504405,525724.4477797437,2.2086305972648512,0.0,-0.5273294163565135,-0.4742755522202563,-0.5582738805470298,1.0,90.0
0.15323770330542685,0.38284024638474184,0.04810768346555945,-1.4694079628508263,7833.248140668897,1.0440975808953428,0.9560344620711277,311584815.4515828,4683189.076811116,451604.16063390765,682546.4416181631,2.9836398087881877,0.0,-0.35485119909441765,-0.31745355838183686,-0.40327203824236246,1.0,90.0
0.05643193141281934,0.669567420168669,0.14257750732006233,-1.8888971837981368,7762.070907548466,1.0640748936031625,0.9440402422854007,263884389.89457947,7385864.796336438,473699.2755335086,784609.4441156039,2.8285863386364274,1.0,-0.32328674923784484,-0.21539055588439607,-0.4342827322727145,-0.0004835993234757407,-3.6058136312235263
0.6045937213573453,0.0387700229209007,0.3907329149672951,-2.0993117916886614,7807.885564540833,1.0567813576070038,1.0010638865767174,132677857.00759122,5473962.941042752,235753.8960356075,379051.246781938,2.2222403339040846,1.0,-0.6632087199491321,-0.620948753218062,-0.5555519332191831,-0.0028374531840196877,-0.9500916974308069
0.7111238568249441,0.719082303947463,0.1542930478906996,-1.5199913838680887,7749.443155322667,1.056116148796796,1.034681102008585,219225870.58317736,2871999.746041767,302986.4281507426,470240.6620236775,2.43806161360886,0.0,-0.5671622454989391,-0.5297593379763225,-0.512387677278228,1.0,90.0
0.92403986801832,0.21776546471965838,0.24223142652977528,-1.6825232208294392,7827.514649821001,0.9286964636473947,0.9195153742913399,241278265.7737658,6057046.340332625,312572.21435469115,544139.6768113945,1.9232235889639047,0.0,-0.5534682652075841,-0.4558603231886055,-0.6153552822072191,-0.001410151652942537,11.367681452932889
0.17727754521343447,0.7615030824371,0.001528629541054042,-1.701101194148975,7887.97595682208,0.8908291153771974,0.9738415242933015,356889337.2642478,4499669.995875851,506295.54988441424,751892.7545183451,2.8358775761042208,0.0,-0.27672064302226534,-0.2481072454816549,-0.43282448477915586,1.0,90.0
0.42598496846223316,0.8181542321237826,0.13127456295461493,-2.045205484254814,7690.293847050456,1.0017579388020421,1.0360363446256637,145559976.72348756,3789776.8274135576,468079.96561517677,710031.2395512495,2.5318553537573854,0.0,-0.33131433483546174,-0.2899687604487505,-0.4936289292485229,1.0,90.0
0.8188224171497985,0.6746946823201698,0.10914704815249864,-2.038294468053411,7853.757810858643,0.8885177263144863,0.9852662720350749,235048167.6713332,1787930.259126106,380059.034076318,593287.3763859605,2.329075343687526,0.0,-0.4570585227481171,-0.4067126236140395,-0.5341849312624948,1.0,90.0
0.4539926577207384,0.18377555482719196,0.29230686049315824,-2.0055853597496975,7862.710953963932,1.0913941035441939,0.9849009096247815,181084979.64963463,4698784.90168597,354736.7254103315,561695.4078723046,2.366074977098363,1.0,-0.49323324941381214,-0.43830459212769546,-0.5267850045803274,-0.0024287508854044845,-2.9763542710422257
0.7784430893108725,0.6090761836915544,0.17537532450339716,-1.4776081008843593,7841.667306941877,0.9618557255931701,1.0101883305890436,240987911.96549883,9277655.691506952,386408.3166459622,604578.9912411182,2.3120334694552565,0.0,-0.4479881190771969,-0.3954210087588818,-0.5375933061089487,1.0,90.0
0.4470135189724988,0.3885668376931739,0.28327846305005683,-2.21560483302544,7864.925433113873,1.0977138085934828,1.0085169828107812,175082532.3566314,6761583.312809732,318695.6258369608,505225.0806028993,2.2877192488827762,1.0,-0.5447205345186275,-0.49477491939710067,-0.5424561502234447,-0.002207376878487534,-1.401728813833305
0.8977554588090804,0.3093259465740399,0.3886478533819677,-1.5354450559115769,7846.7877847821765,1.0054812220853935,0.9919090927633161,193370517.1276646,4599480.775624933,265804.1513508667,443852.0343349935,1.9203171338578846,0.0,-0.6202797837844761,-0.5561479656650066,-0.6159365732284231,-0.002226884146144582,7.427578893673186
0.3526095058086049,0.5298897510420753,0.21719884656875818,-1.129143365132646,7802.842041208476,0.9437252367018458,1.0231633278491168,296356947.2778552,3513217.6978118564,330283.85928209894,527359.2760793582,2.018706231746352,1.0,-0.5281659153112872,-0.4726407239206418,-0.5962587536507296,-0.0016589331699868658,-1.1233669152376073
0.7255141737541478,0.951770306121925,0.043640798491656654,-1.2341036901500653,7763.224833607847,1.052578692840107,0.9708174627131849,271074997.18564284,3487950.6905991035,353970.75294329063,542628.397591467,2.794037898332257,0.0,-0.4943274957952991,-0.457371602408533,-0.4411924203335486,1.0,90.0
0.161008796370879,0.10553559779752518,0.20247468417735373,-1.5320197238563007,7890.01783655949,1.0284276332413183,0.9148998837894615,270339565.1004598,8219257.807483125,403284.02281168866,616346.5871562532,2.713236118890266,1.0,-0.42387996741187334,-0.3836534128437468,-0.4573527762219468,-0.0022208326795520876,-12.769077135642242
0.1694672543529834,0.593345213748201,0.3203104260301602,-2.020511961969978,7809.632873115192,0.9982069139858726,1.0415366547296905,198524638.68637964,6678237.31752213,369811.67357084836,549348.4042319838,2.48231519312023,1.0,-0.4716976091845023,-0.45065159576801617,-0.503536961375954,-0.002286416895976241,-11.175508251812985
0.5576965336122708,0.6498177731286606,0.34494892458157944,-2.2800394188779673,7855.217430503371,0.957677657701005,1.0557221310019047,183622556.57838148,6920356.919158523,315763.2359643453,503329.29190496466,1.955757876196381,0.0,-0.5489096629080782,-0.49667070809503533,-0.6088484247607238,-0.0020497713112096307,2.5603707676448373
0.6638470329785164,0.6147070601977772,0.2605369353851931,-2.294391809582131,7919.616059918011,0.9702414017031364,1.0997949524146593,209878619.2853434,3629519.958465081,385083.44259911304,640823.092628164,1.7317262383742884,0.0,-0.44988079628698135,-0.359176907371836,-0.6536547523251424,-0.0014994793651136598,7.721470608486861
0.6589420778723956,0.5363692091519409,0.06874099559833714,-2.161453346205695,7780.911379043632,1.0620321681276743,1.011296366145433,162940297.95156005,4634599.231571942,345846.69854221615,539688.3105885327,2.5637253534774347,0.0,-0.5059332877968341,-0.4603116894114673,-0.4872549293045131,1.0,90.0
0.916584712975116,0.6538695838387574,0.44480054520419526,-1.9998691774728927,7837.680575150702,1.0395679720269027,1.0055713034673297,165846122.62788397,15291747.208037259,304210.1704090974,500111.49700756435,2.037036952150642,0.0,-0.565414042272718,-0.49988850299243565,-0.5925926095698716,-0.0021328402229193774,8.68422814368545
0.26290932361313823,0.8942025104198876,0.157206520755082,-1.7551661619115604,7730.92055364235,0.9934239291685363,0.9321506871062443,270096095.1612996,10090227.452109242,442288.48846684984,778815.995621794,2.8326618965865267,0.0,-0.36815930219021453,-0.22118400437820598,-0.4334676206826947,1.0,90.0
0.08979359921617182,0.3113386929755866,0.4066563633723881,-1.962740717781517,7836.090373102528,1.0134484558700156,0.9567511046131156,199372636.86826777,8925428.068763904,385800.1233909306,552360.6065973239,3.0429863439535354,1.0,-0.4488569665843849,-0.4476393934026761,-0.3914027312092929,-0.0029777782989553908,-19.01856499892925
0.42324352196205095,0.820649546700361,0.25621474497490754,-2.2663627218404647,7793.864471690266,1.0402508773503072,0.9717894621598909,166001897.57986328,4692377.522925669,359103.4025214323,576167.8024092008,2.1215318651271837,0.0,-0.4869951392550967,-0.4238321975907992,-0.5756936269745633,-0.0014857848761132349,3.1218312999459847
0.2230236619278782,0.8532734598811582,0.40006053739948183,-1.837363573840287,7821.652416121173,0.9791668967093716,1.0491815196310292,215859741.20303342,1628866.5342487453,369092.10999421147,544874.8927246755,2.5306438971590333,1.0,-0.47272555715112646,-0.4551251072753245,-0.4938712205681933,-0.0023364731286261067,-8.098073370927295
0.8675762941867269,0.1416894034966396,0.007720620008318208,-2.2718964723782133,7842.867870868794,0.9164774147109638,0.8923892073284677,197307023.719785,5889889.469043713,360885.28072820156,581875.590824358,2.430909791623386,0.0,-0.48444959895971207,-0.418124409175642,-0.5138180416753227,1.0,90.0
0.9759426289882618,0.5656160575095218,0.01911278872221812,-1.9198085292048899,7810.197804237293,0.9542272485073278,0.9584693196282141,230268351.55533987,4283263.55570434,404126.6161693572,638246.6974595713,2.5690705518426458,0.0,-0.42267626261520397,-0.3617533025404287,-0.48618588963147086,1.0,90.0
0.8467389962089527,0.5035299800178286,0.32198897073621524,-1.8123783730716885,7892.3102953061625,0.9824964203796421,1.1181378842916274,224928366.31440258,5206401.496705504,306781.0919556199,513931.0902064295,1.6876887078749796,0.0,-0.5617412972062572,-0.48606890979357054,-0.6624622584250041,-0.0018492284825463259,8.962078349884415
0.8318799949880256,0.6256189345709872,0.2028802366240419,-1.9758932396727042,7861.308138648947,0.9557978786011131,0.9875544663696022,282782320.4210026,4120428.916284504,324188.62053289113,590105.4154036966,2.3828550132437485,0.0,-0.5368733992387269,-0.4098945845963034,-0.5234289973512503,1.0,90.0
0.8831999563248227,0.8431085368896932,0.12839394361879738,-2.373875024278033,7864.650733028342,0.9835165077145701,0.9944774212802666,178715423.12107587,5351643.640986904,333627.6754856442,516225.08878135064,2.396224967324309,0.0,-0.5233890350205083,-0.48377491121864935,-0.5207550065351383,1.0,90.0
0.7191830198296199,0.7905159167276626,0.37088728935528703,-1.8181022179413722,7814.316726385605,1.0169946656125588,1.0315547978327373,197404891.28833455,1465995.7731641426,299740.5207896643,486260.2162316962,2.038379029181733,0.0,-0.5717992560147653,-0.5137397837683038,-0.5923241941636535,-0.0018706462228744215,7.063574504334749
0.33484735339159016,0.6944617482856217,0.05446158133997262,-1.063743552873695,7774.453495091339,0.9466353960455014,0.9780405332244493,330693167.01697946,4489822.413050539,438782.4570915864,665765.0386943133,2.6123890800701712,0.0,-0.3731679184405909,-0.33423496130568675,-0.47752218398596574,1.0,90.0
0.7907298172553389,0.27357499134294777,0.016275397239318402,-1.7806319530799533,7827.322883802778,0.9949755501990077,1.0878682257308714,252496150.73462787,3646378.6280033216,339124.4121806214,541180.7640415999,2.3210055611582576,0.0,-0.5155365540276837,-0.4588192359584001,-0.5357988877683485,1.0,90.0
0.8579128994741821,0.11285459518962215,0.26933530358807295,-2.2972886997553257,7933.195974946676,0.975441438003753,1.0503582215243037,185237219.78294516,3183424.710072072,337624.41539401223,575064.7001056819,1.6893657730089988,0.0,-0.5176794065799826,-0.4249352998943181,-0.6621268453982003,-0.0018954720272843983,7.864940506086594
0.6607123840379209,0.39701767402104615,0.2958611577688132,-1.572043077744415,7752.554059498271,1.0678444783856689,1.0482709965223902,195674986.73398095,1632512.0833616408,274887.9289296697,450245.96853337757,1.997494558812701,0.0,-0.6073029586719004,-0.5497540314666224,-0.6005010882374597,-0.0020374829447361476,4.447924711784349
0.9898819726530613,0.16546862641188742,0.1677554147513677,-1.7412461706538778,7790.104551221036,1.0241911439808906,0.9865574411625089,188939919.46579108,1527780.128961769,300463.8316817358,485221.0242703515,2.3575015314974768,0.0,-0.5707659547403774,-0.5147789757296485,-0.5284996937005046,1.0,90.0
0.21667065837455865,0.7661866154745666,0.13613352833573028,-1.4968385694513158,7787.92143858799,1.0165492676066896,0.8734444251695529,325300749.0740351,7265175.05128011,477614.3763918525,843188.1841973326,3.0387062918261494,0.0,-0.3176937480116393,-0.1568118158026674,-0.39225874163477015,1.0,90.0
0.985475934290735,0.8831303776569693,0.318194422624435,-2.026453269310806,7883.691105898199,0.9012213254783364,0.9095484452171478,246846549.72375572,2901491.124422945,273702.52792169974,470337.58683897613,1.9549554814035783,0.0,-0.6089963886832861,-0.5296624131610239,-0.6090089037192843,-0.0012240927258996798,15.277656379598168
0.4978787952604563,0.34946750586680525,0.29475259716343116,-2.3693480787559142,7808.056789795237,1.0091100596545892,1.0094361707340391,140029467.3209749,4279742.941187481,347370.21509646473,552817.2118836027,2.1301527558017868,1.0,-0.503756835576479,-0.44718278811639733,-0.5739694488396426,-0.0022384159081782224,-0.4004568322527824
0.8964044341378835,0.424630067375467,0.43015250515785386,-1.8622332086382802,7843.513313823747,0.9273109670709413,0.9682242649650522,185254135.84453112,1635689.5740766162,259301.746731925,428411.39038412576,1.847856788396615,0.0,-0.6295689332401071,-0.5715886096158742,-0.6304286423206771,-0.002289972871059146,7.353288784500233
0.8032045368904508,0.5162825416543537,0.07716710606606968,-1.693374574188617,7739.006272889802,0.9800216786029544,1.007403976324175,231240972.35119963,14641298.964808315,339167.79056716047,533961.9705509555,2.4208255577915936,0.0,-0.5154745849040565,-0.4660380294490445,-0.5158348884416812,1.0,90.0
0.9612100646301394,0.7989173311762193,0.035034821355658365,-2.250999442946982,7805.65953737787,0.9969061186591349,0.9430126169240036,168658164.4943499,4602150.835141423,362280.44700783835,563554.0548499459,2.6962695735006554,0.0,-0.48245650427451664,-0.4364459451500541,-0.46074608529986893,1.0,90.0
0.0921597796669713,0.919564469977366,0.3760271845771149,-1.605221180502413,7857.838275970185,0.9212791494188406,0.8602966018404575,261226769.1795634,4104254.897479102,429369.37704419496,619073.5459081405,2.8193416757703185,1.0,-0.38661517565115006,-0.3809264540918595,-0.4361316648459363,-0.0021742644989118463,-13.376289085446189
0.9520157725791538,0.4936245372176563,0.3958265094394203,-1.947863926735607,7882.411712093336,0.9638402907267535,0.9231319028745592,191246445.36741483,1970618.951658971,257429.50185904957,429627.42646201747,1.9046585375390614,0.0,-0.6322435687727863,-0.5703725735379825,-0.6190682924921876,-0.002039485712616521,9.348634508063645
0.6430461203647758,0.301461659909761,0.30305491081729524,-1.8764240051533898,7877.518255178011,1.0040801425347143,0.9474676634429419,201040051.04295406,2372087.7834933223,270409.9420986422,440334.5455528672,2.0711495632505352,0.0,-0.6137000827162254,-0.5596654544471328,-0.585770087349893,-0.002197544852761538,3.1182817144180497
0.35697581624581065,0.9276658531407181,0.11089987388003152,-2.063756097237043,7885.169525466282,1.0345212920175606,0.9795695578735112,246496971.94125068,1596203.4749342294,402745.38138033677,603896.6018712616,2.8183986110139463,0.0,-0.4246494551709475,-0.3961033981287384,-0.4363202777972107,1.0,90.0
0.33064532858573037,0.3043887508753928,0.2142841046411236,-2.0443604399135986,7853.205702503051,0.9672875989220668,0.9751202559219212,220259671.03374657,5195450.831537461,418266.9720404505,660581.248479671,2.18163723166935,1.0,-0.40247575422792786,-0.339418751520329,-0.56367255366613,-0.001976258204353855,-4.240839686013324
0.28845018757990876,0.8465022578154016,0.11729718605207302,-2.394332802730522,7864.1443594879875,1.0828918940046495,1.0251439931166257,183516718.47484383,4615022.297569652,399392.6491541247,596961.7180189919,2.7300745517001515,0.0,-0.4294390726369647,-0.4030382819810081,-0.4539850896599697,1.0,90.0
0.8876045526093723,0.6906512396669398,0.06335937653906974,-2.033809957588251,7814.747156688915,1.0121837802618625,0.9574371533553105,208371187.84773594,8009005.560071766,376841.1115964561,589566.0846972852,2.5963958857180343,0.0,-0.4616555548622056,-0.4104339153027148,-0.48072082285639317,1.0,90.0
0.049109141410124346,0.5307008649516883,0.0986262440311194,-1.7741118924138377,7833.766456075642,1.0723447557219092,1.072852581235704,286855503.4841168,3000547.942345025,440972.665436465,650361.7890544685,2.791504918534519,0.0,-0.3700390493764786,-0.3496382109455315,-0.4416990162930962,1.0,90.0
0.41620701507354535,0.8653653665546361,0.16875323947066345,-1.2658159375143243,7898.934060786981,0.9910711423519248,1.0641363050584747,337186655.9317647,4154582.3811772508,427758.75742666825,764082.1510889566,2.4118240127824744,0.0,-0.38891606081904534,-0.23591784891104337,-0.5176351974435052,1.0,90.0
0.9123805928412101,0.27798072365148696,0.23159624440618595,-1.3105018061455302,7794.987099522987,1.0153300650249826,1.039827214651348,242579420.66099507,4523553.4143037675,295400.96027519193,516212.5626538805,1.9007021456340631,0.0,-0.5779986281782973,-0.4837874373461195,-0.6198595708731874,-0.0012354977661887595,12.283870317732813
0.17253394113928563,0.13125810837389118,0.17196412062366873,-1.8840354696618684,7879.707449246958,1.0188187960297714,1.0189575756925624,255706838.13131028,2810614.6697256994,351748.56620597234,546484.6730509448,2.3188414154500636,1.0,-0.49750204827718236,-0.45351532694905516,-0.5362317169099873,-0.001920339953584612,-10.87230072053513
0.9342177013378209,0.8156986068279369,0.36780180985673944,-1.7643693237953717,7805.771393680793,1.0661270131580374,1.0322258875987225,195492477.90615675,1683022.352782883,266190.3748154743,444561.4533546914,1.8917513528440557,0.0,-0.6197280359778938,-0.5554385466453086,-0.6216497294311889,-0.001688212408907533,11.742805900752684
0.901949631730382,0.8881558658852454,0.42348998051746795,-2.301135512489737,7832.036224174709,1.0093794173489694,1.009228155720233,154792622.35160965,5660504.391937398,280373.75633439375,458941.8437703558,1.9720801661715774,0.0,-0.5994660623794374,-0.5410581562296441,-0.6055839667656845,-0.0018609340075179943,10.198771048875166
0.06493874208166184,0.5124746061152066,0.3810309276202569,-1.6182228470241415,7856.56417398732,1.1016916982735345,0.9603655890526055,203111367.8458692,2241601.430333926,341908.5542059851,488334.6485752908,3.2894418194577595,1.0,-0.5115592082771642,-0.5116653514247091,-0.3421116361084481,-0.0026259751147456024,-18.578743671246535
0.5763464819770422,0.5889169210796115,0.11167633155287636,-1.8388324297845122,7823.758580010791,0.8985880923788854,1.028760653061014,259902290.514152,2717081.5267511955,327279.29603005043,508275.46285162895,2.2088919455893503,0.0,-0.5324581485284994,-0.49172453714837105,-0.55822161088213,1.0,90.0
0.08657099842579011,0.09615028971302658,0.3648011033721591,-2.1861475621995785,7923.203949405987,0.9331803188455594,0.9836478169627458,216771877.2834487,4800324.18517884,435635.43581550854,629428.6198548621,2.8245228627892236,1.0,-0.3776636631207021,-0.3705713801451379,-0.4350954274421553,-0.003027932936716323,-20.109518248341914
0.007387285393349782,0.7412101120095896,0.02564730050985842,-1.3771585056302462,7867.612614341171,1.0495699994086827,0.9757416505861026,343590898.292374,3688189.0697906595,506465.38603716803,731638.2697846295,3.4812517165264523,0.0,-0.2764780199469028,-0.2683617302153705,-0.30374965669470955,1.0,90.0
0.2774815886555432,0.5423373851101703,0.14903270021068105,-0.2524834318220923,7872.63320646208,1.032981109409494,0.9718834473963337,47860754.28297621,6848975.05588011,47456.28272228137,78048.52485565122,0.005985716944449822,0.0,-0.9322053103967408,-0.9219514751443488,-0.9988028566111101,-0.0009457038035576453,1.0347898568912584
0.342199725452136,0.8575005185569193,0.44942280943673324,-1.3910745229862007,7811.625201122206,1.0237720758546751,1.0813775709104312,215319964.766703,4546332.691704548,319617.59768616094,479771.8040628417,2.3908376125687933,1.0,-0.543403431876913,-0.5202281959371583,-0.5218324774862413,-0.002445392754415472,-4.256997777428811
0.28615585547080635,0.28374514463924766,0.28096439182904465,-2.2582850041205034,7786.683257165759,1.0256765957013068,1.0446211992886472,142899326.15877837,4122772.0799807953,366095.48055327876,561338.2478150456,2.4227380516994423,1.0,-0.4770064563524589,-0.43866175218495435,-0.5154523896601115,-0.0023958070825299215,-7.902957975949278
0.5475177375361523,0.32813467361832166,0.2973255875733046,-1.7959021425610142,7871.409055772988,0.9685700012739266,0.9753582628069037,216657341.08152872,3173830.4898307943,282355.1519197947,454438.0410675183,2.088420134350463,0.0,-0.5966354972574361,-0.5455619589324817,-0.5823159731299075,-0.0022369982030459113,0.8342684108782308
0.07850708867873768,0.7514473565311225,0.27140615432641124,-2.16338491493809,7873.356845116742,1.0505881947406026,1.0459712151691067,243662244.92124304,10283376.316307371,427551.4924596535,634328.188454043,2.601893000647714,1.0,-0.3892121536290664,-0.365671811545957,-0.4796213998704572,-0.0018402379052197926,-12.757937538617668
0.34481643761953856,0.7239513213336073,0.006441681714421546,-1.4923910513070606,7794.259982586338,0.9950518304061856,1.0553179180418133,314415509.3673524,6813432.317256089,448835.06980127643,680205.5663612232,2.7237628153281794,0.0,-0.3588070431410337,-0.31979443363877674,-0.4552474369343641,1.0,90.0
0.6506561593489026,0.4316796696011462,0.1726779972958309,-1.3192002570800347,7902.5902243991895,1.119811216069525,1.0537080078778125,273437577.11353576,3619635.789573956,294293.2405465602,513138.15208989294,2.2335346711995183,0.0,-0.5795810849334854,-0.48686184791010706,-0.5532930657600963,-0.0007520575371900058,11.630638326976605
0.7529723255394302,0.23374766490072613,0.3399430927578932,-2.2403919754944304,7770.645439785792,1.0534602425717183,0.9422354229002077,118844295.18552372,4142961.8923014253,304530.07632827,501790.43765519315,2.159524627030542,0.0,-0.5649570338167571,-0.49820956234480684,-0.5680950745938916,-0.0022415832356343303,4.6581593420501655
0.6030301248942802,0.9446022232716994,0.15231766109238087,-1.3963502505748657,7869.355440972948,0.9124752075815402,1.0580954724543965,284813560.28325486,3636690.783483618,315300.4453892415,480840.1691828618,2.2222074241717835,0.0,-0.5495707923010835,-0.5191598308171382,-0.5555585151656433,1.0,90.0
0.9052387579915575,0.6104932365292848,0.19929331294883995,-2.314108380157848,7900.443511852576,1.0763067647958549,1.0587578240148439,179780518.95754552,7761691.846897449,327458.9362523876,514869.57997804455,2.3635068388203893,0.0,-0.5322015196394463,-0.48513042002195544,-0.5272986322359221,1.0,90.0
0.1946102173022901,0.2686208328385951,0.011207611867594641,-1.9269073435861415,7826.201020851014,0.9762785010718296,0.9857258905714937,282508412.31530225,1542545.8071674197,446515.4136227362,682828.688524672,2.7843890755418665,0.0,-0.3621208376818055,-0.31717131147532807,-0.4431221848916267,1.0,90.0
0.7950019687312262,0.24288623641624027,0.1207319769269609,-2.1573762476864333,7830.291285876748,0.92797749834662,1.0219207422675827,200415843.09732395,7723393.4830080215,344686.5803836165,550920.7068423883,2.1661097242452567,0.0,-0.5075905994519764,-0.44907929315761175,-0.5667780551509487,1.0,90.0
0.4504596483650863,0.906095885849142,0.11548279666240573,-1.74730461588466,7829.7395249406,1.0349327023106383,1.0743611234010553,255060242.01800257,3473170.4100400484,366518.1197452185,554877.0192940424,2.499052415338854,0.0,-0.4764026860782593,-0.4451229807059576,-0.5001895169322292,1.0,90.0
0.026441449010789098,0.9884673476562162,0.43203832191946256,-1.7903866503276558,7841.85243752895,0.9728599787937036,0.9654354217596397,236615694.53279287,2005885.5177347995,384675.10864449554,536646.8506878995,3.1050984247704387,1.0,-0.4504641305078635,-0.4633531493121005,-0.37898031504591223,-0.0022967290246266366,-17.850004353220612
0.6198525436700416,0.06336356828864619,0.42819592037663484,-1.2893267120693181,7835.002412368127,0.9883739657341545,0.9800496926601843,180155601.99680448,4358799.129998271,262729.10747799074,421333.9195575021,2.1817921847603667,1.0,-0.6246727036028704,-0.578666080442498,-0.5636415630479267,-0.0029192481938140075,-0.7850628949513094
0.30959953242685523,0.005271535416607563,0.3506889598943336,-1.683958248526812,7863.64982412062,1.025757377213083,1.0694209356129802,185765499.9100714,2301277.2277099267,284787.23747530195,434190.8872458224,2.3655620945131295,1.0,-0.5931610893209972,-0.5658091127541776,-0.5268875810973741,-0.0030412987592110773,-10.15970840380005
0.29428616177301736,0.221528287698448,0.08356806007174346,-0.7312752720180229,7852.307131993763,1.0785437990825277,0.9512377946169877,51235510.172851235,7277288.872512985,57038.332507051244,99420.09726617881,0.008157000884854644,0.0,-0.9185166678470695,-0.9005799027338212,-0.9983685998230291,-0.00023306344464508723,6.802851518651142
0.762481924544322,0.8904434104232112,0.2658506369639326,-1.6761116882144154,7787.3016927733,1.0010571209963142,1.0354943027998729,258147381.92028636,4216294.527762152,294403.21384812094,504601.48630748806,2.0561466026755966,0.0,-0.5794239802169701,-0.4953985136925119,-0.5887706794648807,-0.000995839952081245,13.66171544969976
0.9818793831930839,0.7319816292219906,0.012393790640451544,-2.077794051432306,7890.515500431331,1.0148662722381037,1.0271696448762149,236795505.71687546,1846455.4641090222,344201.89448206004,538306.7362598077,2.5908309847838766,0.0,-0.5082830078827714,-0.46169326374019226,-0.48183380304322465,1.0,90.0
0.6434308845701473,0.5197346912279108,0.2502613745753523,-2.363990770139006,7721.034310024407,1.0697992119650779,0.9542455334761774,116117638.37040824,3304579.2470624777,434488.4762167257,721434.9133569903,2.065409118332125,0.0,-0.37930217683324896,-0.27856508664300966,-0.586918176333575,-0.0015672321983949422,6.5977034753331765
0.29879224433392093,0.48497428402086057,0.34639288687958975,-1.4707111123091061,7792.563026374167,1.0265347403770477,1.0386734679163703,212700889.35335135,3440278.6771170427,310311.03646381287,471369.6363098155,2.412402048591516,1.0,-0.5566985193374102,-0.5286303636901845,-0.5175195902816968,-0.0024825652414671205,-7.113363264280274
0.7898217012921427,0.9592684591613967,0.24542106071376432,-1.6521546912637857,7761.011322010073,0.9975584410208838,1.0128556143158285,271006518.7810243,3593812.217345239,290404.08196662896,515766.92375217646,2.1831623124480664,0.0,-0.5851370257619586,-0.4842330762478235,-0.5633675375103867,-0.000534191626865826,18.590448115982117
0.9908690602629056,0.8113002856186798,0.14545619385682515,-1.454719911372436,7756.959066521949,1.0247323601505818,1.0455910999434814,229419814.5276385,4751010.668983332,322969.2156266935,503524.6208427374,2.4284597232864513,0.0,-0.5386154062475808,-0.49647537915726264,-0.5143080553427097,1.0,90.0
0.1431832904883463,0.8284932342461719,0.3016877240199924,-1.2505114055293012,7836.484454999278,0.973554152880128,0.964753131564428,280051877.6531306,3948781.388920258,380807.2069048157,566934.6025727926,2.5914850956349946,1.0,-0.4559897044216919,-0.43306539742720745,-0.48170298087300106,-0.0019085953567834668,-9.635084712263914
0.6669500096079747,0.5221163152389681,0.19366894101123303,-1.564589744456988,7850.721784191337,0.9567996678134537,1.048803209360006,281956081.77619886,4730865.5401395615,348116.59636393934,602907.7806773204,1.9314215148660512,0.0,-0.5026905766229438,-0.3970922193226796,-0.6137156970267897,-0.000874187521860958,11.37797944254569
0.7302362523054512,0.8253112866207202,0.05588089025744846,-1.6319788111409586,7788.617250067509,1.057332050825521,0.9665453168847576,239095153.15615386,3403078.9067568383,362764.7743314515,560164.790032886,2.686908460313799,0.0,-0.48176460809792643,-0.439835209967114,-0.46261830793724024,1.0,90.0
0.6787821921786298,0.3161547432925175,0.2436372030671988,-1.8434936662402917,7871.926462376183,1.0042971610848126,1.0428913796412829,231661118.66413754,3788857.516594786,287290.98777164175,479928.8848053544,1.8401702772009256,0.0,-0.589584303183369,-0.5200711151946456,-0.6319659445598148,-0.0017293400404161839,5.837837084886068
0.5963785922924123,0.8711221561401944,0.2147862001406354,-2.2363636595606913,7893.34490030439,0.8752884829873218,0.9889191112936734,269754638.89191884,1636518.3593218036,384952.2930656376,667151.8437651229,1.9554624710719208,0.0,-0.45006815276337486,-0.33284815623487707,-0.6089075057856158,-0.0006389078605882365,13.584788489538138
0.1802819801901307,0.4051732500499341,0.047823922801141255,-1.4867845102935777,7878.394618471313,0.9517869911969754,0.9678038766136641,323726113.5972319,3788737.475136092,410178.5364552154,621138.4774083644,2.698536325903802,0.0,-0.4140306622068351,-0.3788615225916356,-0.4602927348192396,1.0,90.0
0.5803250282869253,0.6570987669323096,0.2865485846729605,-2.3245376531473867,7792.430354186565,1.0544747144008788,0.9766318867152541,143472382.4650885,4315220.625315378,349506.97127638495,566942.0155745082,2.134193414998288,0.0,-0.5007043267480215,-0.43305798442549176,-0.5731613170003425,-0.0017557555022196076,4.845619663992174
0.9646867371689909,0.831088654819533,0.024940080783078328,-2.2787498523449368,7850.122270929744,0.9912121380727558,0.9271732382720074,191223045.01899126,5504564.263610251,370945.5425429717,577563.6098913737,2.6384832830038496,0.0,-0.4700777963671832,-0.4224363901086263,-0.4723033433992301,1.0,90.0
0.032722880074811986,0.4490276166241448,0.43841901519099885,-1.419846485245905,7825.288358226847,0.975704672403874,0.9883002233898336,226481353.7753368,3338291.349384838,391716.1864785135,548578.6344337229,3.036242770555773,1.0,-0.4404054478878378,-0.45142136556627704,-0.39275144588884536,-0.0029050662675445763,-21.942604556538775
0.9189167212188962,0.6843613784012704,0.2512467611862614,-2.0708403887663223,7785.424280344449,1.0200053155769446,0.9694320409648179,199416607.4896952,7839325.293309509,320047.66387714207,563424.3695372771,2.1809270497744446,0.0,-0.5427890516040828,-0.43657563046272285,-0.563814590045111,-0.0008712964896859022,16.139119515151037
0.6985033463608478,0.7934412403251777,0.10025086422510474,-1.7613778868855394,7849.21759233717,0.9405315444920717,0.9465278702116299,261871693.06820384,4492885.65455868,380879.71762608597,588183.1170231052,2.490672847697003,0.0,-0.45588611767702003,-0.41181688297689484,-0.5018654304605994,1.0,90.0
0.6483761306873458,0.9628009511978547,0.3720938145430218,-1.6004952129252763,7818.111705905992,0.9846729448894544,1.019494596549178,231501556.70346487,4767042.331053239,309435.57260872005,497655.18047312886,2.0355348888586997,0.0,-0.5579491819875428,-0.5023448195268712,-0.59289302222826,-0.0017600932427752412,6.837563066937928
0.8517046019600188,0.4588934466145339,0.34174751956019933,-1.6364013319543866,7799.4754932360975,0.9369238033922809,1.0298781126602758,221783115.2483826,4036512.289727597,259101.3932462948,432552.4166260195,1.781566494408882,0.0,-0.6298551525052931,-0.5674475833739805,-0.6436867011182236,-0.0019842633787570457,8.277379799281526
0.5413529976689715,0.33200347024826427,0.4063092297968254,-1.9240254748787031,7783.391892728441,0.9723831728378831,0.9457255162670067,158902023.5855751,6784724.88825011,282621.6081407427,445689.9174808626,2.288246575104343,1.0,-0.5962548455132247,-0.5543100825191374,-0.5423506849791314,-0.002663535867026075,-1.1602936912572304
0.39989208749274446,0.3920289913336141,0.2796252473602841,-2.2046364526401345,7718.132188408204,0.9595954443894668,1.009822112410546,130111740.24884628,3685071.5145514854,417125.84957175684,655144.5798771679,2.1820876796422977,1.0,-0.4041059291832045,-0.34485542012283205,-0.5635824640715404,-0.002228470208553765,-2.8271518113842085
0.7282705829780023,0.2903332408419812,0.0001325722463008607,-2.189406141224478,7800.632009870104,1.0146935057835937,1.0034304946256085,181026060.2340469,5104214.704839274,338971.2338842673,537730.8480539942,2.456433596002719,0.0,-0.5157553801653325,-0.46226915194600576,-0.5087132807994562,1.0,90.0
0.4802123418796962,0.017334357834619726,0.04278357632975579,-1.552665570599754,7795.62361470638,0.9956965655775447,1.0638971420181804,273240473.41945213,6674780.588358574,375979.23816725606,598527.1100199826,2.3513920413642797,0.0,-0.46288680261820564,-0.40147288998001746,-0.5297215917271441,1.0,90.0
0.13492068293974854,0.7086756164669126,0.11340068431143374,-2.341341121603799,7777.077279468506,1.0947969816996541,1.0630313593260956,160353656.9350398,3579128.872290241,524734.7997922539,776481.0427549349,2.875157691149047,0.0,-0.25037885743963734,-0.22351895724506513,-0.4249684617701906,1.0,90.0
0.6898614010854556,0.17067059176348076,0.2051309695387522,-2.0929859018114403,7725.36817321505,1.048388348503531,0.9308628631411089,139699908.48506713,4443215.711841408,332076.12690952787,562199.840786571,2.0457958571006625,0.0,-0.5256055329863888,-0.43780015921342896,-0.5908408285798675,-0.001537127330644914,6.425864302880054
0.37323553652035424,0.77844506882381,0.07842321569963771,-2.017990325403842,7804.447867372451,0.9876541397692795,1.017170244674352,234278227.27075475,7722389.677470943,423834.0452849099,642243.9094040414,2.5682114257327946,0.0,-0.3945227924501287,-0.35775609059595864,-0.4863577148534411,1.0,90.0
0.38854656069964816,0.10878622237585787,0.3005122093661558,-1.3471028386062018,7842.42284986779,0.97146894703109,0.8862191934319256,229333797.85139436,8429121.599486735,331366.9025803012,517824.0077577039,2.511247955269904,1.0,-0.5266187105995697,-0.4821759922422961,-0.4977504089460192,-0.0026209845814152144,-5.849248027427038
0.626123817481977,0.36996222707160636,0.3351113654777931,-1.1400799478758172,7840.63038912487,1.0464492716113818,1.0061667825118623,211340988.71604806,5677033.8900370635,323779.42507515574,523135.56705603795,2.1739229288295383,0.0,-0.5374579641783489,-0.476864432943962,-0.5652154142340924,-0.0022308830132438517,2.4940601534853677
0.43489849821298465,0.4871139316506469,0.02037619469803023,-1.200133834266846,7811.006100147309,0.9391944560304472,0.9841152529655846,318615397.3360971,3782035.4653978045,417319.3562761783,645753.048588072,2.523954921114274,0.0,-0.403829491034031,-0.354246951411928,-0.4952090157771452,1.0,90.0
0.41071294900128236,0.1166069138273218,0.04645908322488696,-1.8568957767787544,7845.606708776856,0.9403610024187703,1.0286411328389946,272253453.91005176,3302196.3305362267,363668.7811271663,573289.7525007018,2.3166761663274973,0.0,-0.4804731698183339,-0.4267102474992982,-0.5366647667345006,1.0,90.0
0.5313381151755602,0.29591253447191007,0.3793991017847384,-2.333546549761882,7790.671983909287,0.9526273964806943,1.0371112515987815,128821694.52977678,4181742.721213315,328157.86394906626,517715.89113051083,2.0867935738802963,1.0,-0.531203051501334,-0.4822841088694892,-0.5826412852239408,-0.0026105733360775934,-1.3195626960533886
0.3229075014415879,0.8854175230896923,0.4359942946020629,-1.9693495706582211,7849.658451779143,0.9647319204814297,0.958989677106108,202043426.74575913,3866998.6337760864,381487.158571859,571384.9674196229,2.5271900466940953,1.0,-0.4550183448973443,-0.4286150325803771,-0.49456199066118095,-0.0023806852083101014,-4.516102376671228
0.8247873583687383,0.8037080156721305,0.42545148364598784,-2.0077673543626897,7826.646029086848,1.0845746224365858,1.0108469947993137,172353832.3768193,10745331.406302212,292344.9751354962,475477.41952927934,2.1572645050748043,0.0,-0.5823643212350055,-0.5245225804707206,-0.5685470989850392,-0.002007413637755706,8.160643288395285
0.9227194777956269,0.8980732325074056,0.005996763332730775,-1.172116990592572,7875.496271678172,1.0375892418709673,0.9691902929434518,270482181.19157463,3640638.5493245544,378782.5404891178,586743.7134000976,2.7228042322419514,0.0,-0.458882085015546,-0.41325628659990243,-0.4554391535516097,1.0,90.0
0.31538393877881965,0.6822758770413393,0.21841891309973735,-1.9802309249319956,7782.244847612088,0.9355847252701811,1.0412992075549503,235498731.7110446,8620711.907227373,387022.99545909255,616925.6449982619,1.9662060212991228,1.0,-0.44711000648701066,-0.3830743550017381,-0.6067587957401754,-0.0014799571035997668,-0.6790631772695548
0.8731639965634469,0.011485943712940889,0.3770637484281194,-2.1518116434759915,7859.530609171454,0.9365882249005513,0.9329903959442072,161307267.65757245,11642657.836385768,286164.3663804534,480666.3816501235,1.8921278871613718,0.0,-0.591193762313638,-0.5193336183498765,-0.6215744225677257,-0.0024758848830782184,5.592674021591023
0.23416844844060625,0.8601418210714608,0.41796788606672947,-2.223386073093187,7799.10915411809,0.989945752789262,0.9985532584040593,147588983.80165175,4218058.348441614,359025.07053854555,528698.9277283753,2.6327579161022343,1.0,-0.4871070420877921,-0.4713010722716247,-0.4734484167795531,-0.002397504850753758,-7.880788507831667
0.7144790327449949,0.6885265259387855,0.09567742842889548,-1.8162905382176633,7889.149648181818,1.016092970027804,1.0425591956263702,250763632.91173196,4439808.293962419,366022.8875010057,568939.3950401391,2.424140373777568,0.0,-0.47711016071284895,-0.4310606049598609,-0.5151719252444864,1.0,90.0
0.7670356826157201,0.9408469787256145,0.1320858166535812,-2.2903142223742314,7837.295713719299,1.00073990649705,1.066547255008969,181688385.8385655,5415790.173766424,328652.3545015778,503562.67328447115,2.3610432025414627,0.0,-0.5304966364263174,-0.49643732671552887,-0.5277913594917074,1.0,90.0
0.6905948599123414,0.9669417732847195,0.25930792813082154,-1.8289451187241876,7766.670761147143,1.0211702578726989,1.1242986180473982,206708399.19764623,11337140.83474351,419902.189345465,717891.4668918448,2.0353880160753457,0.0,-0.4001397295064786,-0.28210853310815526,-0.5929223967849309,-0.0009057680935394953,13.476945666667259
0.18994761821424916,0.4826713759017689,0.3848818123585626,-2.2101975045975557,7917.223815745324,1.006926717100233,1.0118990754475299,207557264.9371215,15893098.39051482,366526.3859654185,539020.7475524442,2.7171201016608113,1.0,-0.4763908771922593,-0.4609792524475558,-0.45657597966783775,-0.002703730448690686,-12.327076108136126
0.8110411899475864,0.8785384627221575,0.3607299805798098,-1.2697775971834409,7829.230253153708,1.0521785583607173,0.9953952264766276,223094239.36161596,5438571.539832558,324948.65529507544,535649.1259978054,2.080646519308228,0.0,-0.5357876352927494,-0.4643508740021946,-0.5838706961383544,-0.001694082339348436,10.03911858663205
0.957463359624655,0.7297646552124878,0.03948254967299509,-1.997336312031677,7879.861448515333,1.0052161638841728,1.0317013261721917,238260590.89231282,2374341.8373440313,319306.9771513597,499924.3333280485,2.4389727326093524,0.0,-0.5438471754980575,-0.5000756666719515,-0.5122054534781295,1.0,90.0
0.1565042378053974,0.17917117156137488,0.08441658933960393,-2.2086880928883743,7894.418685937563,0.949869040181154,0.9388721379158227,293540146.86665577,2162266.5293368,490216.103240756,825408.2275696055,2.5261083018311576,1.0,-0.2996912810846342,-0.17459177243039453,-0.4947783396337685,-0.00060329460124639,-2.4280372737208182
0.30438977246698307,0.44198237836781024,0.4345581634881278,-1.8911071151455778,7911.651540571741,0.9090972253672693,0.9538987097558675,198787040.09610885,2114713.98453545,324726.72554932925,485442.5978340506,2.444138357745879,1.0,-0.5361046777866725,-0.5145574021659494,-0.5111723284508243,-0.0028755885521660985,-8.470485378940477
0.2739063074599847,0.08908415537017025,0.10195318297771264,-2.2169159648029937,7798.68894424727,0.9945010153386277,1.1116351947078902,222707675.3698957,6238496.374377384,355406.9606652667,590012.4772009578,2.128266475432865,1.0,-0.4922757704781904,-0.40998752279904216,-0.574346704913427,-0.0010967654032172443,-2.2767252082369467
0.7058424423646048,0.1365960220608651,0.0572839637280299,-1.6393786040115481,7806.778929439952,0.9515159866557834,1.1102070027800173,263520905.08103508,5733707.851391598,350200.7348787765,560833.655211008,2.156479299436633,0.0,-0.4997132358874622,-0.43916634478899197,-0.5687041401126735,1.0,90.0
0.25292576720785914,0.5967534331962682,0.17968052447040733,-1.3686352384897977,7784.636536319606,1.0225323738038874,1.0197577376995122,291853777.6374378,5542649.075584129,401188.87864868547,643359.4520254575,2.192478864443684,1.0,-0.4268730305018779,-0.3566405479745425,-0.5615042271112631,-0.0012715970388873373,-1.9764377872593393
0.6356464286166744,0.5480493590458155,0.2890376878394238,-1.160372054078784,7815.222468453623,1.0081177896059088,0.9843060709152267,241556977.96070912,3816067.1512865704,288652.8454990996,472012.4061499923,1.98826815432495,0.0,-0.5876387921441435,-0.5279875938500077,-0.60234636913501,-0.001841778980194784,5.243973611458667
0.06206902038232858,0.4229859660203948,0.3834163935188946,-2.3043336427695267,7907.38295976039,0.9707242966128614,0.9709473926515784,193530577.52375787,5792965.425812568,398401.21532007144,568421.1171050668,2.8624045808871057,1.0,-0.43085540668561223,-0.43157888289493324,-0.42751908382257886,-0.0027303110971811737,-19.483351868299422
0.1499158902003737,0.13925344359193004,0.031635794505664935,-1.0521165140596045,7896.250651266982,1.0062993873706538,1.0806571501194202,329478628.3575071,3715876.3002857585,451260.42737215525,691512.3613033382,2.544767789656949,0.0,-0.3553422466112068,-0.3084876386966618,-0.4910464420686102,1.0,90.0
0.0190640784198526,0.3624303388500549,0.14148110634033476,-1.7082459517090636,7883.160965601103,1.0209283400314053,0.9617452306533519,350723393.0270494,13893202.966771213,464001.8625891569,734991.1166627255,2.5379335398187766,1.0,-0.33714019630120445,-0.26500888333727457,-0.4924132920362447,-0.0009674390203338259,-12.377211327889228
0.49039032242917063,0.4623471855195052,0.038435506780169666,-1.9349534726497428,7817.695804663248,0.9840570566789697,1.0924756480395914,246371061.23427022,2900918.6920248126,417698.5674850272,649210.1812555376,2.430578576455268,0.0,-0.40328776073567546,-0.35078981874446247,-0.5138842847089464,1.0,90.0
0.12761775881763493,0.3840261800816544,0.39207930913161587,-1.242163494434367,7915.389373064742,0.9452403801513158,1.0275435391551782,247862926.67548645,6341714.29340323,418475.2047709138,605729.725248472,2.6918037834643216,1.0,-0.40217827889869456,-0.39427027475152804,-0.4616392433071357,-0.0028501623540915164,-16.232845172480026
0.03607000864442161,0.6027308822658721,0.22086307097001762,-1.0970203650039934,7781.024288662122,0.8967917635596979,0.9633738552366526,348546739.0165761,3743201.77281881,449534.771204331,675896.4175511868,2.4089463930569135,1.0,-0.35780746970809857,-0.32410358244881327,-0.5182107213886173,-0.0015867710607635646,-14.56081946419463
0.47097723420163096,0.12367907025213837,0.18183029987510432,-1.6906618370586373,7832.470663532607,0.9987280916194515,1.0960562697604386,251662393.00750944,4974273.877241634,327189.051547753,536650.2796170544,1.8794896546881348,0.0,-0.5325870692174958,-0.4633497203829456,-0.6241020690623731,-0.0017553860201698441,0.1788815968308839
0.09859594448010454,0.21288908509228827,0.330164291897022,-2.3151182690240475,7730.394132805679,0.9473130580808128,0.9503158848975752,124109948.49644995,3062078.2329407292,527160.1599664233,767827.9197470396,2.6724089881453525,1.0,-0.24691405719082388,-0.23217208025296043,-0.4655182023709295,-0.0027447961815841053,-18.056250080347283
0.8443481895690564,0.45141208203994787,0.19097719616511405,-2.1762496688067676,7813.727001299493,0.9652295348051444,1.1036896570266983,216296870.89900488,12908822.121302921,393003.6427758398,711383.9618060498,2.016730002912705,0.0,-0.4385662246059432,-0.2886160381939502,-0.596653999417459,-0.0004504820828108623,17.832507367015076
0.20538285003114848,0.31885573289646696,0.017136842017181204,-2.2729334772798264,7838.884289053713,1.0233673913390038,0.9282377458405474,208144621.00481787,4902863.200240889,418762.9961866576,640416.0284651124,2.9164837164127393,0.0,-0.4017671483047749,-0.3595839715348876,-0.4167032567174521,1.0,90.0
0.8650575092114035,0.46430343414446196,0.26109586028249465,-1.7375105880299877,7765.418682224267,1.0368898567518683,0.9613409407414074,194617825.7156796,4649027.142017021,340000.7811416865,583109.8000699678,2.0437124515860456,0.0,-0.5142845983690193,-0.41689019993003223,-0.5912575096827909,-0.001391737614663649,11.292397012260789
0.8338423505534924,0.2520417652103641,0.17044128502286574,-1.6672041024367992,7866.188720152759,0.974311582299491,1.0134219033809002,264004519.85917366,6675574.915501587,378058.3398066352,684860.7642872453,2.140546750803251,0.0,-0.45991665741909254,-0.31513923571275465,-0.5718906498393498,-0.0004709959006454546,16.337249936200294
0.9769105591031634,0.0786845936357201,0.10379964152171996,-1.8683514180706935,7767.5623246307605,0.906328509574835,1.0302414515250222,206134777.42914474,10579497.229421997,330315.9689836729,536030.6183777127,2.1050663925907718,0.0,-0.5281200443090387,-0.46396938162228735,-0.5789867214818456,1.0,90.0
0.9096908603009856,0.3584963069441435,0.4372256419962342,-2.0119192211253223,7860.393309248684,0.993816476561366,0.91416974408718,160059374.61780655,5065537.227603798,318313.4013470307,527787.49226056,2.0270761672061166,0.0,-0.5452665695042418,-0.47221250773943996,-0.5945847665587767,-0.002356074197521078,7.204438254441293
0.05063720601021176,0.560407966161469,0.41677101115948234,-1.5287793203311484,7824.666170027908,0.9826346537176144,0.956547066420873,222928338.80933118,2819298.2143228976,375085.6353458162,529576.0539805153,3.0634311883916503,1.0,-0.46416337807740543,-0.4704239460194847,-0.3873137623216699,-0.0027167883693179325,-19.660051564005762
0.9379428139354368,0.661236201406393,0.06727268966116742,-2.3878102813092026,7823.035724913406,1.0292616799173138,0.907070325214581,149081496.27836895,4037736.955026967,391775.35549474834,613958.7727232327,2.813239635047785,0.0,-0.4403209207217881,-0.38604122727676726,-0.43735207299044304,1.0,90.0
0.3272214268067776,0.6214884545725324,0.19205742537791284,-1.957844773279085,7783.97398937252,1.0290305844560803,0.9771367097592231,224588620.57904136,8136073.265334991,380642.8755232386,616381.9481422184,2.1863589011083966,0.0,-0.45622446353823054,-0.3836180518577816,-0.5627282197783207,-0.0012931851952676472,0.564862905300739
0.639378962387196,0.551583432991611,0.029514822406508476,-1.9632003448552455,7834.345723891464,1.0428476608492472,1.018376572727082,233943220.665052,2231637.7502876497,398491.4911058914,621535.3839336707,2.6663418190410137,0.0,-0.430726441277298,-0.3784646160663293,-0.46673163619179725,1.0,90.0
0.31785841644238305,0.9779730845423963,0.4102313597337592,-2.168132320298404,7738.273949264525,1.0451078387828603,0.9807361389846249,125588373.03589553,3629372.4791842257,407451.5798243195,612649.5593738039,2.6208856322921776,1.0,-0.4179263145366864,-0.3873504406261961,-0.4758228735415645,-0.0021837369574436638,-3.4744325322444034
0.6555838123732918,0.054986855656817504,0.27694161617506863,-1.4295979552655786,7816.582881016501,0.9750283621697257,1.0292429919503596,220743702.96442884,8303951.730137942,304799.36661011615,502042.80856915755,1.9271524835834508,0.0,-0.5645723334141198,-0.49795719143084244,-0.6145695032833098,-0.0023329277689737634,2.243674651317999
0.7803640663390999,0.5717949221639389,0.3637871496605312,-1.5145061141407252,7886.0870121914,0.9852829191563768,0.9452107916861551,216719795.91493577,10249880.172995029,319511.75600701285,524650.4972459015,2.0454545792278305,0.0,-0.543554634275696,-0.4753495027540985,-0.5909090841544339,-0.001995740584360275,6.992631959425346
0.10580480329228871,0.9024872159787697,0.4035691686115873,-1.4998441108177611,7745.208251572963,0.9036101853305061,0.8936164888950092,239546011.35817307,2401678.129842065,367797.289914749,528402.0633309602,2.8224145840384325,1.0,-0.47457530012178717,-0.47159793666903976,-0.4355170831923135,-0.002317745950218301,-13.366573674359444
0.6089533192763285,0.5371055278491701,0.3081078348584129,-1.5139613769782823,7773.421290302343,0.9601785755742426,0.941345797877362,225837009.13962632,4068239.4183392064,292545.3683284785,474460.0423758787,2.091813198100297,0.0,-0.5820780452450307,-0.5255399576241213,-0.5816373603799405,-0.0020016984446960453,3.921839877727617
0.5100649343870806,0.7361197513887925,0.20558763911909178,-2.1272425336247003,7874.938319024941,0.9622645073551062,0.9832373139910415,246771765.82101876,1815008.2696525098,384834.5005596678,648307.2630554233,2.1294282006923324,0.0,-0.4502364277719031,-0.3516927369445767,-0.5741143598615335,-0.0009679591179545707,8.345341745252004
0.707425100921679,0.44477329266745114,0.34843671513064517,-1.786241320550286,7807.505481196789,0.9864268986584626,0.9645415807094284,190802851.84617728,1480881.0525025907,298319.41579332517,486498.720832746,2.0898558723982266,0.0,-0.5738294060095355,-0.513501279167254,-0.5820288255203547,-0.002126669413997432,4.778021628604922
0.8209252127367235,0.6418387190325824,0.062048282760568216,-1.4592327996337677,7767.807021109074,0.9682661762156967,1.0144483607845993,275062176.8429667,9096360.955624944,363655.6947939379,568975.9773446249,2.456511134987883,0.0,-0.4804918645800887,-0.4310240226553751,-0.5086977730024234,1.0,90.0
0.702571466474232,0.1199287994828584,0.2644852413972437,-1.3874583856564195,7820.33440743789,1.0517160088253796,1.0864407364338815,216845554.02640632,11863159.000962982,298631.7579518012,496810.7344311699,1.904483300470298,0.0,-0.5733832029259983,-0.50318926556883,-0.6191033399059405,-0.002101024789927016,4.206878486080985
0.09508514325817795,0.43364811470049525,0.3701039435850135,-1.7673949100755146,7749.291144752848,0.9545174855379532,0.9922411266786244,191341633.55759686,6534873.863457341,381874.7765556371,550834.3007282006,2.733971102758478,1.0,-0.4544646049205185,-0.4491656992717994,-0.45320577944830437,-0.00268736360860227,-17.277906293991336
0.6839401295297464,0.203378908706532,0.324152875711767,-1.3520618446151726,7886.820693639595,0.8534491088368301,1.0210672372512144,235365689.67950392,4697427.180682513,310032.4227300235,507435.10888782167,1.785201593505175,0.0,-0.5570965389571093,-0.4925648911121783,-0.642959681298965,-0.0022935014654991764,3.073014453916091
0.78345198150072,0.2828031134137191,0.388252380203497,-1.9862525699261018,7810.298528642429,0.9147327981602433,0.9988307881222448,176315894.46464595,12382581.480523333,295263.3527182128,485323.9547754144,1.8848727105574412,0.0,-0.5781952104025532,-0.5146760452245857,-0.6230254578885118,-0.0023771653193915537,4.836326991902261
0.21590564544697372,0.092128390250436,0.23832689854362374,-1.657167229657416,7806.507404223414,1.0332326984730529,1.0385631371910895,222276898.92712432,2491003.0564558683,306693.31768653326,469556.5199599679,2.411201940688799,1.0,-0.5618666890192382,-0.5304434800400322,-0.5177596118622402,-0.0024732892264572714,-11.37658174395376
0.999497696896923,0.5266050765758342,0.27460006656160374,-1.6984218201664087,7927.098152042996,1.0354593298797763,1.0142949632492257,215247657.93915743,15447186.18803208,396194.51937990834,691013.4387684382,2.271679187221542,0.0,-0.4340078294572738,-0.3089865612315618,-0.5456641625556916,-0.0012286611007764816,14.387861931653928
0.20879639534096156,0.6979132287765079,0.38631819681779805,-1.8316561851278628,7822.64558018375,1.027971057868541,1.0032840417195268,206695226.7987591,1873429.0607832645,372882.7101025107,550050.878150972,2.7212302577504848,1.0,-0.46731041413927044,-0.449949121849028,-0.455753948449903,-0.0024623118855465467,-9.79917509184699
0.7708564959175476,0.2139795571345091,0.014425515477860952,-2.0671864708290757,7833.452632110003,1.0454785991614295,0.9805041844563884,217765833.29251838,9954909.109478818,376041.2474367098,601313.3220423296,2.593677679468488,0.0,-0.4627982179475574,-0.39868667795767043,-0.48126446410630236,1.0,90.0
0.6748822491380619,0.0430083607917369,0.004071785393844404,-1.8646029089801734,7772.055731466759,1.007164654931767,1.065190126984322,226003200.93956318,10389808.307357958,370602.378188604,595615.0902421913,2.3908743617183617,0.0,-0.4705680311591371,-0.40438490975780866,-0.5218251276563277,1.0,90.0
0.522590803256804,0.9123048027745462,0.17801332174526238,-1.2807758174837607,7862.345744636495,0.9866099042161411,1.052217680457338,267139432.54051745,3706770.1622502063,314801.60116799385,477715.7933204366,2.359496675628989,0.0,-0.5502834269028659,-0.5222842066795634,-0.5281006648742023,1.0,90.0
0.4080833184342097,0.7155574333090514,0.3145097082620398,-2.1119087717566742,7838.385015649427,1.0193807704856048,0.9891281183326348,195475830.81900743,7805987.324557028,346933.6004409241,542971.7729280263,2.2632005659755925,1.0,-0.5043805707986798,-0.4570282270719737,-0.5473598868048815,-0.0019789392536271773,-0.5651183006964366
0.8605623857487175,0.34662618989123023,0.03749211047515021,-1.7170034271996777,7848.006514931491,1.0806387307961514,0.9179502485274569,227596849.26391196,3702492.9146405705,350367.50684948184,558386.1800268595,2.6818456579044843,0.0,-0.49947499021502595,-0.4416138199731405,-0.46363086841910317,1.0,90.0
0.003142944553742595,0.0504481826526965,0.3470493899212971,-2.0898236930380043,7918.525919149441,1.060453211707209,1.012348299593589,218074254.38764337,1832238.4496515999,446378.5554521607,633836.3016138105,3.2649785010504435,1.0,-0.3623163493540561,-0.3661636983861895,-0.3470042997899113,-0.002843461057574114,-25.327727304468358
0.23090678930266909,0.37347437079827817,0.12267299969316942,-1.6453241608138525,7876.504262667229,0.9832091585529337,0.9245780571166625,307673808.5955446,6854378.673414772,470542.61245906755,777358.0474407439,2.50284788557685,1.0,-0.3277962679156178,-0.22264195255925612,-0.49943042288462997,-0.0009194978158290025,-1.2638101175979415
0.5169333327919292,0.8391913321457428,0.30672170141107336,-2.13564666965448,7769.705985529286,1.0128336595329195,1.001556840428677,163177434.56795436,5072297.337698076,314480.87979506137,502964.8387156083,2.0473425646802674,0.0,-0.5507416002927695,-0.49703516128439174,-0.5905314870639465,-0.0017281748478374774,4.209053737422366
0.6143964325988243,0.2373424706673316,0.034127833372041255,-2.321542287333362,7899.355972674607,1.036303890878633,0.9166852750349399,210958886.35824203,7366817.318857254,394954.30103841383,626339.9180135146,2.6370161342053016,0.0,-0.4357795699451231,-0.37366008198648537,-0.47259677315893966,1.0,90.0
0.3017432529664337,0.023181364212633993,0.13756818219880915,-1.8071304065106655,7878.341741346516,1.0059974065405675,0.9915696575338769,264742444.37771827,4246290.92354263,367740.4697358264,594261.1413651832,2.1424920869119415,1.0,-0.47465647180596227,-0.40573885863481685,-0.5715015826176117,-0.0016590617733190489,-4.911804269793148
0.19006344114676982,0.5836496555515653,0.4131268641553445,-2.029739240682153,7778.435875041712,1.0105712725349048,1.007003875245673,150926069.22130018,4696394.391478004,303455.6704892072,442926.67335595266,2.69770886039626,1.0,-0.5664918993011325,-0.5570733266440474,-0.460458227920748,-0.0027057618571059688,-11.967802042951824
0.8740450218222688,0.5436592982770709,0.3940022174007526,-1.8747435179867813,7868.7618518563895,1.0306169719021034,1.0437743898382323,189917017.2519228,2199593.9679325656,248158.5890711138,409551.89069765125,1.8990341380036866,0.0,-0.6454877298984089,-0.5904481093023487,-0.6201931723992626,-0.0020680516572489584,8.147941638304044
0.6933983317507632,0.06183823696794686,0.23976165536736033,-2.15582250658645,7811.693670878212,0.9809921483144848,1.0571497120829243,178791308.83294594,7306641.505251623,293952.77487636317,491804.2024618029,1.778348636479944,0.0,-0.5800674644623384,-0.5081957975381971,-0.6443302727040112,-0.001997280646797301,4.196708900359784
0.3815664191113361,0.09802119113969159,0.02746074813041702,-1.424286767496397,7874.268188905763,0.9696785521315223,1.0047467396201706,295480415.41632307,3719530.6327636656,349250.4589686732,548924.6605396122,2.41167725898607,0.0,-0.5010707729018954,-0.4510753394603878,-0.517664548202786,1.0,90.0
0.057763490239285516,0.059861849501472705,0.14004143328784188,-0.8663518919213973,7799.905403082958,0.9819878499979878,1.0135659873217204,348072678.55858815,4925522.362734962,453993.0275281568,704188.421585203,2.418659914100075,1.0,-0.3514385321026331,-0.295811578414797,-0.5162680171799849,-0.0015335682602293798,-15.246768015075261
0.5135945834336236,0.24443297927609456,0.42603717635866517,-1.4125382983407961,7830.71085004758,0.9231069853346564,0.9731959361724525,198954947.71498513,4435495.222515918,286875.0816654633,449829.8985336109,2.207585805363148,1.0,-0.5901784547636238,-0.5501701014663891,-0.5584828389273704,-0.0028517722162433633,-2.7050107682824844
0.04162830769691803,0.4372993049787221,0.18728959132216566,-1.9158882028637365,7755.246160296482,0.9998496854067142,1.015761071342221,227154253.69752228,6049646.125875819,421485.3582472076,643201.2742948536,2.4210297636956173,1.0,-0.3978780596468463,-0.3567987257051464,-0.5157940472608765,-0.0014974504286553291,-14.422126519251016
0.590348195689475,0.6318785398699515,0.4411849959996166,-2.3485670505703484,7822.281209828134,1.0181903563829806,0.9777359464280044,127427187.42930846,4235827.631079626,316289.04866180324,496560.9523887994,2.2622096428111065,0.0,-0.5481585019117097,-0.5034390476112006,-0.5475580714377787,-0.0024338387053210466,1.5854681318522772
0.555597238430074,0.9979189323346069,0.26723010970531763,-1.1856927443420173,7747.256949425016,0.9962273917171344,0.9968363428408228,282968088.3906846,3396059.547531953,282728.70315156056,468473.0507012695,2.0830088497985133,0.0,-0.5961018526406278,-0.5315269492987306,-0.5833982300402973,-0.0011441082140109652,9.236689787724536
0.9442954768954824,0.0279335702000104,0.11554402957232432,-1.7320362840363628,7947.764558380069,1.0651490002317476,0.9628679235089713,210911612.13596386,4597737.767997396,323843.1220724851,526562.1669631411,2.381170159390374,0.0,-0.5373669684678785,-0.47343783303685893,-0.5237659681219252,1.0,90.0
0.46304001104061937,0.9329933490695667,0.2226726295398719,-2.3976253532308167,7866.402975677057,1.0434118450871575,1.0114702158225075,212294139.72423828,6512222.879056531,359845.3640241423,603927.546910755,2.3427682973182375,0.0,-0.4859351942512252,-0.396072453089245,-0.5314463405363525,-0.0008986756763765519,8.72320574637985
0.6268176995912733,0.28771174167501734,0.18853553335928802,-1.8498870145841726,7791.4328365329475,1.127764821894688,1.0309084729122167,193693201.915344,8333963.670701346,377524.60793729575,640491.8118854321,2.1880858831693635,0.0,-0.46067913151814893,-0.3595081881145679,-0.5623828233661273,-0.001300420493715548,6.817542501942629
0.8063076081060643,0.17517237927659507,0.4117795644778301,-1.9028146853760333,7841.078269548149,1.022091607014437,0.9994095469104235,159871204.66733074,2626912.0798622095,294907.4536016261,486053.14702342724,2.0426297920665633,0.0,-0.5787036377119628,-0.5139468529765727,-0.5914740415866874,-0.0025376189261693475,4.476454675352635
0.16510575026290014,0.9379355488033038,0.15859079544345622,-1.728992729300732,7797.989706194844,0.9692188527152962,0.9900403193461753,336871780.2146285,4728670.579404055,444589.0677481191,768561.072077329,2.7579968598025872,0.0,-0.36487276035982985,-0.23143892792267096,-0.44840062803948255,1.0,90.0
0.3770653562535806,0.39570557077972734,0.23083938927086614,-2.356842586630703,7831.461779551434,1.0626673283562613,1.040468695099164,162605950.6308902,4766573.9118459225,351867.71564979176,557289.6040919131,2.1303491338777634,1.0,-0.4973318347860118,-0.4427103959080869,-0.5739301732244473,-0.001936478631836208,-2.219345285992361
0.1188368050127254,0.8335476110726843,0.3342608645600897,-2.335282486596946,7912.933876724223,0.9386583868991544,0.9820192513191969,230064830.51604244,7747196.0837671785,427752.92102251016,627249.4954317538,2.5082078773472376,1.0,-0.3889243985392712,-0.3727505045682462,-0.49835842453055246,-0.0020781286096148667,-11.767929161251452
0.4290743709490069,0.4702447497715245,0.17647787753014596,-1.9305538398639541,7813.905560361204,1.032650932610566,1.0277674345678682,227568991.75618988,4249585.198668372,404084.7608030553,669228.6957157842,2.110705236361189,0.0,-0.4227360559956353,-0.3307713042842158,-0.5778589527277622,-0.0012210662903635516,3.353680296212815
0.08052301787368889,0.5031818936964191,0.3661672730258102,-2.023494090839495,7851.2273253181675,1.0037527706237894,1.0609700761363134,229284397.454309,14788520.353763303,370356.70501929446,532126.516887444,2.7964672666018497,1.0,-0.47091899282957933,-0.46787348311255605,-0.44070654667963005,-0.0025814168896522985,-17.480149142332834
0.7358757392874986,0.049398111562129955,0.0798866347838971,-1.5408899892397248,7764.821141114219,1.0891083743631949,0.9998356477953089,212438004.05606893,3080112.065984741,295494.1216501371,476343.5156280662,2.4359624588339153,0.0,-0.5778655404998041,-0.5236564843719338,-0.512807508233217,1.0,90.0
0.15670179562404524,0.6334690586548505,0.4083715297989423,-1.977114231456861,7844.381476357604,1.055479012939403,0.955116308196238,206473101.72429335,12676389.264570089,354483.14943397796,514533.49847499066,2.964948928770432,1.0,-0.4935955008086029,-0.48546650152500936,-0.40701021424591366,-0.0026387590924846576,-13.09978590728846
0.12028572548015935,0.6700431287623001,0.3321708368858261,-1.9086191862802677,7801.233106364841,1.011262915675377,1.0722775636833322,222199253.43633893,9436486.258540578,391450.07897360274,573109.8976245881,2.588316604835278,1.0,-0.4407856014662818,-0.4268901023754119,-0.48233667903294436,-0.002255727087232636,-13.199468608117698
0.039517960039136754,0.3405020461273191,0.22440617643923882,-1.8818962354638102,7832.838350602275,1.0479388102199232,0.9494553407074232,250707166.56848332,1573989.7232811344,432117.0024683773,642312.5928538832,2.9233776288766715,1.0,-0.38268999647374674,-0.35768740714611685,-0.4153244742246657,-0.001951793217600755,-17.44622106661606
0.3856244894407109,0.9149969655725277,0.08844769616706566,-2.0877780098061507,7818.304767196409,1.0138757280089508,1.0528529703267122,225274791.8247754,7044084.172790559,414814.5995394371,624532.6480630949,2.5620281591051914,0.0,-0.4074077149436613,-0.37546735193690506,-0.48759436817896173,1.0,90.0
0.4666043317067562,0.1457856160989115,0.37410618673876267,-1.9124109566773708,7819.475754399249,1.0215975805113757,1.0237331332229282,180016985.6144553,17552873.482617095,278715.4642824184,436750.0767125713,2.3292852168618685,1.0,-0.6018350510251166,-0.5632499232874287,-0.5341429566276263,-0.0028239359729356293,-4.12807684946652
0.6808352834631602,0.573476025340394,0.09627278893435681,-1.8939920787219302,7855.697715051154,0.9605602876977544,1.0241460320518765,246677344.12220585,2831641.7202098877,325572.04615934525,508747.94221798267,2.3133643189345094,0.0,-0.534897076915221,-0.49125205778201736,-0.5373271362130981,1.0,90.0
0.4301962905981975,0.07121220121697416,0.06939914876211349,-2.06020094341233,7861.006532463173,0.9495141610695081,1.0164764463093134,239936546.96586752,2206398.4232148337,407348.10551524186,644044.525120557,2.3685991853472315,0.0,-0.41807413497822593,-0.35595547487944296,-0.5262801629305537,1.0,90.0
0.07137543753431103,0.7697285573205566,0.2639071442702637,-1.918834084890872,7818.627156060813,0.9666193793159077,0.9597421020203584,257174030.00704637,5256049.820003678,469603.27631119895,698349.2216885455,2.6104699120415638,1.0,-0.3291381766982872,-0.3016507783114545,-0.47790601759168727,-0.001765964799019284,-12.646899496833512
0.8541328683763085,0.6193255123401578,0.23581527082171216,-1.9416853455001115,7802.363382033069,0.9972889493244127,0.9028997871899496,200838224.1536602,10439541.910879113,411044.53468598065,720114.9877985447,2.150234263395431,0.0,-0.4127935218771705,-0.2798850122014553,-0.5699531473209138,-0.0008967484559340333,14.758669732598563
0.48845314461837425,0.4933101765532491,0.2271577045636071,-1.783735633587737,7858.937574719154,1.115604174795592,0.9518608399714378,219947890.02309686,2919518.7652847674,297273.12698139227,485104.3030063147,2.23487875699854,0.0,-0.5753241043122967,-0.5148956969936853,-0.553024248600292,-0.0016274767335924796,2.694245923788081
0.40185654018769396,0.5697537193396721,0.33860838811873456,-1.0867164747975957,7977.614981073672,0.9627582957938229,1.0166104287133546,237907144.18303454,4576368.99227759,358707.10368297645,555859.5185640926,2.2603879742682484,1.0,-0.48756128045289077,-0.4441404814359074,-0.5479224051463503,-0.002265340109041096,-2.6256630481087946
0.2689778547780917,0.4555143989237274,0.31543975620159453,-1.752075956419965,7854.375375958665,0.9675753475993355,0.879418182454973,216838026.28623882,2496679.3636059095,315707.66739140503,479988.2386620614,2.5791090530288647,1.0,-0.5489890465837071,-0.5200117613379386,-0.4841781893942271,-0.0023880893191303657,-7.926336914304098
0.7394424215294273,0.47852235902553547,0.21208975268126873,-1.628033089256697,7802.067055158159,0.9856160386720579,1.0564084155704776,264885125.2752187,7248946.235167742,336828.5608689769,581942.3913951442,2.019035575736046,0.0,-0.5188163416157472,-0.41805760860485586,-0.5961928848527908,-0.0010534142398757771,11.250974365214642
0.1001788739435726,0.7729500413128031,0.09288102048185798,-2.116187011664905,7797.453045912404,1.0586153322225735,1.0711196217088523,212991355.45125785,5140344.351786245,422288.76374097075,620353.7827076445,2.7660750177990865,0.0,-0.39673033751289893,-0.3796462172923555,-0.4467849964401827,1.0,90.0
0.19936095581937446,0.8492647380260436,0.2787558478385201,-0.9887126768242434,7805.071327009368,0.9869305166030297,0.9911104275838695,287250161.50769657,3522031.024251174,361400.88112374616,550874.5735674148,2.3495833867160716,1.0,-0.48371302696607693,-0.44912542643258524,-0.5300833226567857,-0.0017953492750303786,-6.01803762459118
0.6330800127067642,0.5593015150726832,0.24866495293377988,-2.2616330845914847,7868.504992752338,0.9476554461557893,1.020317922702466,209324191.31782052,12347341.523579828,373221.08066296176,620271.4792413787,1.796991621387001,0.0,-0.46682702762434036,-0.3797285207586213,-0.6406016757225999,-0.001513897854557028,6.813260514835829
0.3250681698955954,0.7478408815753735,0.2004541969974888,-1.6489948804789591,7844.764010238032,0.9482198940277511,1.0440972981006642,294080789.6658378,15506682.54061182,435307.6422077268,706914.2553137519,2.045668099572308,0.0,-0.37813193970324743,-0.29308574468624815,-0.5908663800855384,-0.0011760533580269452,1.873469674162191
0.12610607353014663,0.9763510930698023,0.13460538514641127,-2.096140443990449,7828.4506038427035,0.9646801437583927,0.9528792189708382,250483739.86214808,7087684.674118159,481681.7281923636,702232.7292128091,2.7715822470354885,0.0,-0.3118832454394806,-0.2977672707871909,-0.4456835505929023,1.0,90.0
0.7760972804819638,0.7217298817063501,0.41419336424472836,-2.124567759856556,7775.723928254615,0.9709826266055815,0.9209845504758927,143727958.37403587,5058427.558115391,277005.6524579617,448212.68470709777,2.082113544056727,0.0,-0.6042776393457691,-0.5517873152929023,-0.5835772911886546,-0.0020794186635693006,6.858827080964595
0.5009451643824469,0.08598921917758881,0.19044625919640654,-2.1827401371087007,7758.620911750889,1.0013015068382494,1.0395803867177225,157736308.083385,4837315.173892925,328791.80810722645,538521.6427091061,1.8879417841613146,0.0,-0.5302974169896765,-0.4614783572908939,-0.6224116431677371,-0.0018458930176662217,0.4282620856225918
0.34977461028148604,0.788547365480977,0.15095460815490572,-1.4404133801164554,7870.479977010317,1.0319560436940722,1.0332908935597862,329859155.96493745,3514658.872402618,357334.524815247,621342.0413794962,2.6321936790272455,0.0,-0.48952210740679003,-0.3786579586205038,-0.4735612641945509,1.0,90.0
0.22439187804782204,0.1230537025327293,0.3266181734615382,-2.378249713246584,7854.242413531532,1.0599431455788886,0.9056423541070489,132449593.7626675,3828084.863521233,366066.7773595671,549245.377554184,2.997914707054774,1.0,-0.47704746091490413,-0.45075462244581604,-0.4004170585890452,-0.0028489957072595305,-12.519865836761792
0.2810474008346034,0.7047731076547264,0.08922495448910504,-1.558986023874879,7779.520986720127,0.9893501312618259,0.9533489408216099,281157631.10912836,4608508.740883672,427050.0001126943,644397.0173198917,2.68967920866048,0.0,-0.3899285712675796,-0.35560298268010826,-0.46206415826790403,1.0,90.0
0.4369944538776147,0.4762888972636754,0.2862067834602396,-2.10531144263637,7850.439118572685,0.9588318434958112,0.9368405219639833,209543053.690275,11679476.46472166,353702.661120581,559268.4049959093,2.2490393811496667,1.0,-0.49471048411345575,-0.4407315950040907,-0.5501921237700667,-0.002130799741036799,-1.0448412976500343
0.22811476446818707,0.2714489612894162,0.11852984668837699,-1.9550130684408435,7859.887378041169,1.0746702106915638,1.0000647484241145,265820144.31287026,2126393.283304724,341747.20598499884,559938.3590817701,2.3940365579614067,1.0,-0.5117897057357159,-0.4400616409182299,-0.5211926884077187,-0.001052641105548696,-2.8708584452558874
0.07340858210942912,0.338042432115546,0.21936170061350438,-2.080164941363278,7872.724052414126,1.0100446945812718,0.9765925310239132,247880984.87738657,4501765.365511212,468528.09595779685,701961.8852764976,2.6665093534770947,1.0,-0.3306741486317188,-0.29803811472350245,-0.46669812930458104,-0.001981483330565899,-15.47198557323032
0.6110086155094306,0.33622355464674114,0.12959656203177833,-2.10261537177761,7808.502058270295,1.0298340512160344,1.0156288004101557,230148406.43481272,11796719.373161297,403427.1866629365,741380.571027934,2.4049547533649416,0.0,-0.42367544762437637,-0.258619428972066,-0.5190090493270116,1.0,90.0
0.5456474518966216,0.16880345838989017,0.09126557373406774,-1.205705134747216,7870.027367973022,0.9349117778667085,1.0264368484613657,281277967.51664096,3567926.6751848496,330627.1333970441,524441.6224398868,2.2228184734376484,0.0,-0.5276755237185085,-0.4755583775601132,-0.5554363053124703,1.0,90.0
0.006638887758960547,0.2571545119361408,0.445924414373126,-2.1472611150908434,7733.984689289762,0.9880527255082479,0.9702158722050441,125885049.32969537,3245182.1895841206,491134.3187766354,682491.7432857667,3.254982010196461,1.0,-0.2983795446048066,-0.31750825671423333,-0.3490035979607078,-0.003100980268434283,-25.164300011984952
0.5674926671499874,0.8090399074129451,0.27237391119240717,-2.2326030912513946,7793.3025511178175,1.0049893062909805,1.0913386681536832,183442773.80436906,5820144.791494437,317633.4999639206,519247.7837994991,1.8438793527444441,0.0,-0.5462378571943991,-0.4807522162005009,-0.6312241294511112,-0.0014579826120547546,6.698046182769531
0.39607965804800455,0.9213260802174484,0.35874119793509796,-1.8248894882005913,7821.3329500581995,1.086385132129632,1.032738679971069,202714018.00919223,1546284.0004395777,339573.1526629704,524801.9586705809,2.433297430449803,1.0,-0.5148954961957566,-0.4751980413294191,-0.5133405139100394,-0.001965254027851901,-0.1876771298087334
0.5240705849552912,0.3635540027697625,0.10310929978335827,-2.3538136532012834,7791.186547544241,0.9608291363406414,1.02138969954115,160286493.49627218,4188186.734405825,407113.47051737213,636815.098952214,2.3699282435730042,0.0,-0.41840932783232554,-0.363184901047786,-0.5260143512853992,1.0,90.0
0.21099556121786786,0.6795776129969483,0.19569554828871125,-1.320695215117467,7962.823287695033,0.9252311786693603,1.0066529816321403,320554867.82601917,3744927.8386300392,400211.12217314774,631132.6358461522,2.0226261626401545,1.0,-0.4282698254669318,-0.3688673641538478,-0.5954747674719691,-0.0013407214660843964,-3.6546815591291413
0.44629916774812806,0.20819883501563488,0.15518681412280083,-2.193008677434959,7826.9328956208565,0.9963731502988122,0.9637500731488804,208953539.1608654,7052993.759335365,353866.4954318631,588228.6091283711,2.1067304976112413,0.0,-0.4944764350973384,-0.4117713908716289,-0.5786539004777518,-0.0013707359678730275,1.8164381474600049
0.012176835542326066,0.16216835186082731,0.4189333261090808,-1.1153357472211,7812.400458325732,1.039155270459643,1.0222612707435217,251567035.78587705,10682660.811439399,388680.98370113695,544797.3658971174,3.2504978283293067,1.0,-0.44474145185551867,-0.4552026341028826,-0.34990043433413864,-0.0030941349380317704,-25.06794344519842
0.29172984209058944,0.46864120786857344,0.4483309287275042,-2.0730028775682126,7803.505096306461,1.0594803766077037,0.9661381852793631,136506202.85374096,4704317.036671689,275075.05331425753,410572.53440992924,2.7144686017758377,1.0,-0.6070356381224893,-0.5894274655900708,-0.45710627964483247,-0.002904596456434842,-8.927797504626305
0.26572570005124996,0.8538431121701726,0.13804202105305763,-2.2853540692650456,7857.352552635345,1.04250177454098,1.1406238120027985,212513321.77308413,5996450.5489944685,390592.619342328,583736.0589706794,2.4358922334052773,0.0,-0.4420105437966743,-0.41626394102932057,-0.5128215533189445,1.0,90.0
0.5287560753810439,0.800430641159196,0.3961894534187456,-2.083604592674008,7937.43260547481,0.9197092232102563,0.9961339332478512,216951355.56143478,2180125.601079201,312889.09285647026,489409.7028993809,2.049209800953576,0.0,-0.5530155816336139,-0.5105902971006191,-0.5901580398092847,-0.0021504686671433553,1.88730262146996
0.5359396683207802,0.9657539629146625,0.06495593990352483,-1.6087571320680043,7846.415237447132,1.0498466731415805,1.0006146733410457,288129132.00578386,11671358.119590575,387189.91187716695,587012.2523707288,2.787630816577733,0.0,-0.4468715544611901,-0.41298774762927126,-0.4424738366844534,1.0,90.0
0.18564663400290746,0.19348234557807273,0.3174523766029871,-1.6713046565214542,7839.866551934006,0.9774996397487402,1.037780527634317,218321102.96055713,2690383.4056270476,315754.4162849019,471524.42379297793,2.4671950994305583,1.0,-0.5489222624501401,-0.528475576207022,-0.5065609801138884,-0.0027322338314634685,-13.600559522594676
0.11423265843975426,0.0243090249050319,0.35667953067573943,-1.2961204366165568,7865.43327515082,1.0809139575896531,0.9672750825552952,207204282.61906886,3537148.5701903882,361423.61977567757,527699.8045580407,2.9950161474069863,1.0,-0.48368054317760345,-0.47230019544195934,-0.4009967705186027,-0.0030917003113559898,-18.94870975578612
0.20044673158062726,0.14890425737310656,0.1468348885215568,-0.6542656909792441,7881.495655761186,0.998890403954068,1.0845050274035066,312840260.5081543,4202692.527351345,413121.8514560761,653657.4738577185,2.0950551470358914,1.0,-0.4098259264913199,-0.3463425261422815,-0.5809889705928217,-0.001634689847554222,-8.186518724226573
0.2731661354520819,0.41849389604076137,0.24655051068788647,-1.662340769857023,7884.147719387483,0.9898991703366855,0.9619557331294435,253228905.41625938,5005040.353856294,378076.48114857444,585254.3369955746,2.347939164279185,1.0,-0.45989074121632223,-0.41474566300442534,-0.530412167144163,-0.0021126852378337505,-6.374599271100426
0.88576206101648,0.7105269578182533,0.02209872629601615,-1.363058097695407,7903.864368961183,1.031045225753019,0.940521410258219,260754670.34492046,3819671.812139099,336688.29506703746,525279.8120645382,2.7662639847923667,0.0,-0.5190167213328036,-0.4747201879354618,-0.44674720304152665,1.0,90.0
0.8138416911746787,0.5565564056523225,0.10760600651906894,-1.7586137670619744,7813.025301159194,1.0076562839833738,0.9482508128254376,223771504.36917883,2496882.778659106,306396.4109191141,481933.6362107696,2.4711807163805473,0.0,-0.5622908415441228,-0.5180663637892304,-0.5057638567238906,1.0,90.0
0.5861350646521613,0.9851743339689901,0.21097374476253933,-2.3077641952600603,7839.622357314949,1.0276289132248364,1.0781969505538964,225065593.8256126,8177248.710487382,399079.51717239403,712387.7356702997,2.4088443167538958,0.0,-0.4298864040394371,-0.2876122643297003,-0.5182311366492208,1.0,90.0
0.8386841419031479,0.35382819101183965,0.4431306597770276,-2.2549816702638426,7808.987083388065,0.9925831194608338,1.003774956728142,132286858.24630089,5142849.621584911,262868.407360794,430627.5733308885,1.9709091176932192,0.0,-0.6244737037702942,-0.5693724266691115,-0.6058181764613562,-0.0024520055458547457,5.670680984776883
0.7479818435018794,0.49869992924414636,0.12328796110088158,-1.585606694545775,7741.798242712665,0.9554521545629293,0.9369998490982024,225632155.19760564,1628033.211801743,320831.28486780444,504280.10050632857,2.426881108124994,0.0,-0.5416695930459937,-0.49571989949367146,-0.5146237783750012,1.0,90.0
0.9549940577333318,0.6508466536721855,0.3526287089863918,-1.565620780024598,7836.822700293418,1.092481567938436,1.0472232040383906,207316272.78818542,5126612.2451444445,282685.0108859892,476270.8092348127,1.8992588932757093,0.0,-0.5961642701628727,-0.5237291907651873,-0.6201482213448581,-0.001757114905889574,11.378470719715228
0.7446266314058577,0.4085494710297694,0.40160456571488257,-1.2166362324821414,7825.780034402702,1.0312141497643468,0.9683646115217062,204368685.0593499,13653095.431996027,274686.60922737606,446766.6498038064,2.181185253696094,0.0,-0.6075905582466057,-0.5532333501961937,-0.5637629492607812,-0.002354094513981172,4.474071748695206
0.2436266581996193,0.7741170115521495,0.09330070986721253,-1.9702012584065463,7845.719003747091,1.0382576857881172,0.9937933762198533,256637316.1813769,1598893.5588440916,427863.2679157788,640063.2178443536,2.839515359229124,0.0,-0.388766760120316,-0.35993678215564634,-0.4320969281541752,1.0,90.0
0.7992620018261547,0.26521100981635587,0.43067460945342595,-1.3420254605233617,7855.833590565021,0.9425234543552549,0.9301006687239904,196264692.12451136,8066189.434625061,286321.0455068333,469334.4512792459,2.0475735076517876,0.0,-0.5909699349902382,-0.5306655487207541,-0.5904852984696425,-0.002531079990810703,4.544012496015508
0.36251336352836055,0.1806202785003782,0.32319202754669335,-1.334162782111422,7823.555112254309,0.9768747694179062,1.0029223680684316,228611282.2233433,7718499.418990729,327469.6164490071,506737.9094801241,2.3613143291373113,1.0,-0.5321862622157041,-0.4932620905198759,-0.5277371341725378,-0.0026720997641357124,-6.636021015401305
0.47927080623338575,0.4154151368198279,0.12588565245901362,-1.578275267737222,7924.56534658458,1.0406397308273716,0.9880740543013613,306887060.079965,3810281.8657450983,333415.115896546,591784.5083673642,2.4906024186760956,0.0,-0.5236926915763629,-0.4082154916326358,-0.5018795162647809,1.0,90.0
0.8777564162030461,0.9475769173220383,0.05095653818807578,-2.1096578839987417,7875.785965862457,1.1688553907243435,1.0993201310137657,210439502.8991076,5321424.828146776,400899.6303666683,617718.7174169243,2.7528184896160344,0.0,-0.427286242333331,-0.3822812825830757,-0.44943630207679314,1.0,90.0
0.5056619516674451,0.6374374505683134,0.29369945636901673,-1.6132010184737045,7844.856830089873,1.1062328814428541,0.9966268329237463,215474446.63110328,3791282.389763692,306244.30213796365,490485.54523857596,2.2573008987227077,0.0,-0.562508139802909,-0.5095144547614241,-0.5485398202554584,-0.0019166691373634337,2.307873053925679
0.5648767115605403,0.24731373673802254,0.05314504656219451,-1.5961369761443875,7804.049198601187,0.9109717923455567,0.9356799671193179,284152801.6363399,7091638.28217367,393254.7848678642,621484.8690049384,2.427347849284396,0.0,-0.4382074501887654,-0.3785151309950616,-0.5145304301431208,1.0,90.0
0.9329259262751801,0.7803027720796168,0.16387992850714556,-1.6222054881411703,7751.0932759994785,1.1097346583220393,0.9788151400196305,196194065.27264342,2176286.0565241077,324134.5340116295,505001.5961310777,2.7058826202317467,0.0,-0.5369506656976721,-0.4949984038689223,-0.45882347595365064,1.0,90.0
0.1747835401069273,0.03555719307957712,0.3621265348186292,-1.7253410537127778,7796.417674155746,0.9920462476829842,1.0512328223463496,197692954.19263563,1869354.3838426056,357394.7657005614,528412.2972735252,2.705499948876509,1.0,-0.489436048999198,-0.4715877027264748,-0.4589000102246982,-0.0031202470884728953,-15.879926780735737
0.5786948748213465,0.7862710285908175,0.18431679495490863,-0.8931041701664821,7851.962558744772,0.9307403572537452,1.0246771592140567,50195984.4224857,7304998.717457681,60175.48167635108,107063.41920229304,0.009296859010951014,0.0,-0.9140350261766413,-0.892936580797707,-0.9981406281978098,1.0,90.0
0.5098489632978815,0.1294321578549257,0.32963162570927673,-1.991468157440832,7780.044465286602,1.0087961529026204,0.9591074099556494,150834067.06845355,5778402.779213412,269404.65052763786,428810.4110206677,2.270169154746535,1.0,-0.6151362135319459,-0.5711895889793323,-0.5459661690506931,-0.0026068625616429255,-2.296144874143291
0.014549030201731178,0.9080661071770267,0.35461419148110207,-1.7339916239515518,7847.457628574848,1.0026032610636966,1.0076660852885,254156875.9734255,2688146.7764583617,397274.40106266004,566048.3242696516,2.845132119305676,1.0,-0.4324651413390571,-0.43395167573034843,-0.4309735761388648,-0.002008905574617693,-17.593605582688767
0.550593302589771,0.15301620719328535,0.0309166468736277,-2.1305955753783556,7857.127927139093,0.9658813020925456,0.9747050177069203,243092282.84323087,18930887.86034908,379714.0329444493,602548.0331316091,2.4926733044666927,0.0,-0.4575513815079296,-0.3974519668683909,-0.5014653391066615,1.0,90.0
0.8930690227993415,0.20193743958511146,0.25788180877295325,-1.5470289063307288,7797.05035507412,1.0140011367764399,1.0151219157527285,223348184.49846786,5592253.011805706,284863.27052692533,490040.55017769476,1.8631986649048295,0.0,-0.5930524706758209,-0.5099594498223052,-0.6273602670190341,-0.0016395297144427092,9.760771416237088
0.4597788513470756,0.9563191576909621,0.25441516642617984,-1.5061081305207868,7782.549845627054,0.9434260847291083,1.0254200514892036,293902374.8791696,13157978.98200926,359626.47933280014,588312.0463067864,1.954979864547888,0.0,-0.48624788666742835,-0.41168795369321365,-0.6090040270904223,-0.0012137509343553288,6.374355696401086
0.24078965527878585,0.29906029158856,0.0858872904821089,-1.721148584635039,7843.802812784715,0.9932015120268392,0.986222641578859,337204687.3072174,16833139.034241237,453081.00686295517,793694.4604098584,2.6106591085100117,0.0,-0.3527414187672069,-0.2063055395901416,-0.47786817829799766,1.0,90.0
0.0458890463114885,0.6657092823841931,0.20929285750451562,-1.9432702544891627,7891.884944115372,1.0126526083859495,0.9106489048686714,280572668.8838905,2621696.5045539476,410615.844519549,625764.392345449,2.6149901405230493,1.0,-0.4134059364006443,-0.37423560765455105,-0.4770019718953901,-0.0014111793578012839,-12.53276157479705
0.5897500655733657,0.0018370838828603193,0.15962464354025346,-1.4468687363037236,7897.057654651659,0.9797350982884976,1.0083915199653264,259507660.3975038,4266202.2950049685,323094.09944513306,546552.3164669495,1.9105669944235861,0.0,-0.5384370007926671,-0.4534476835330505,-0.6178866011152827,-0.0014724864311106867,4.011923369024906
0.9939180833815906,0.8698127980255576,0.31230012612779495,-1.7777851213720919,7785.693225073412,1.0766708819279192,0.9977398480796338,202160505.91174358,1783253.6139947772,310145.31340630975,534122.3972809555,2.1464114677475656,0.0,-0.5569352665624147,-0.46587760271904455,-0.5707177064504869,-0.0011780259903081563,15.638408131844903
0.3381011381156656,0.014738885790930606,0.052423373259319325,-1.822537384175799,7830.9246194979205,1.0184029012402378,1.0044174648916755,253245972.77813148,2556455.264043405,344995.0440947501,543728.393006914,2.449417721894189,0.0,-0.5071499370074999,-0.45627160699308605,-0.5101164556211623,1.0,90.0
0.37373372894442997,0.7024088903553038,0.23318028649664665,-1.9509513715997417,7905.943263625781,0.9775677265104882,0.9728109984300007,260805846.77910456,3471527.3440873027,345658.72371236846,554253.3961376763,2.085379355974523,0.0,-0.5062018232680451,-0.4457466038623237,-0.5829241288050955,-0.0015208343079402605,1.0010606330134237
0.5382045819306966,0.6036330738865192,0.16559787605221252,-2.0556260489110563,7852.845321857782,1.041044555242928,0.9869840791342777,246891854.43354982,1792386.18812227,380269.2705310679,665888.6088090438,2.360183738511284,0.0,-0.45675818495561726,-0.33411139119095623,-0.5279632522977432,-0.0005053493664635424,12.30091909947743
0.026695474538346177,0.2292261829775355,0.20750674397081298,-2.137375401386589,7812.642840429491,1.0369536942426656,0.938412071749446,197516490.14850545,4948441.568571653,401740.25216118654,600609.7374773487,2.8508856939135367,1.0,-0.4260853540554478,-0.39939026252265136,-0.42982286121729263,-0.0019187988819182025,-18.597058512753385
0.9714105700536578,0.3716215469738637,0.07105856889901295,-2.38506547148026,7753.822603563903,0.9788802649358156,1.061524663163598,133612045.11476478,3636310.0037581413,429165.17321789387,684626.4242100128,2.3118241338313954,0.0,-0.38690689540300877,-0.3153735757899872,-0.5376351732337209,1.0,90.0
0.5714980227107925,0.2555438902101852,0.07553763123805624,-2.230442656460156,7895.78784252894,1.046313279375761,0.9292141990906431,222947198.13356388,14672515.634773193,368103.99453314295,581575.9458547746,2.672767390174664,0.0,-0.4741371506669386,-0.41842405414522543,-0.4654465219650672,1.0,90.0
0.06972202825098699,0.158403268578456,0.16282076729725162,-1.797429721861517,7711.752920604136,0.9185083418077813,1.0469708114034426,226858509.99431437,6045604.890365982,395892.99244698515,608255.4596453562,2.226328170673434,1.0,-0.43443858221859266,-0.39174454035464384,-0.5547343658653132,-0.0016846620556896885,-14.975226136246569
0.022622565432564596,0.628106372422243,0.1969951210191651,-2.1706061477347722,7887.548417375465,1.0174457300482609,0.9926481268348925,272799301.90527654,5979444.634088527,527060.6794858337,805934.4804362892,2.4970663683226575,1.0,-0.24705617216309467,-0.1940655195637108,-0.5005867263354685,-0.001281141975869283,-13.340518563576211
0.10958328927657883,0.5923433915030862,0.2744069622866026,-2.0410897889105706,7867.29343246102,0.9242731083691511,0.9930620871713617,252009740.99031472,1983312.319593361,439405.9643465876,652396.4774147281,2.5247236378770115,1.0,-0.37227719379058916,-0.3476035225852719,-0.4950552724245977,-0.002034352515726713,-12.905751073601287
0.3546761256199209,0.4030610529628574,0.2531558972910785,-2.049510690742239,7902.449761428531,0.9723153385869147,0.9981754616902458,228033142.75884038,1818004.8067284075,329787.9663460243,516863.97157720634,2.1696536907693504,1.0,-0.5288743337913938,-0.4831360284227937,-0.5660692618461299,-0.0021123231054291274,-3.6282864640862726
0.6718404491620545,0.07516086192662201,0.35245051974841246,-1.8476621616061075,7816.976968643659,0.9324272842136228,1.0686102657615297,180373806.12158626,2001450.0145596499,298881.68115489156,487252.2881216337,1.9002469002111946,0.0,-0.5730261697787263,-0.5127477118783663,-0.6199506199577611,-0.0025658953860818023,1.4993885349538658
0.39017558109048645,0.9358998844976336,0.3095850431386468,-2.248557795612487,7862.004061605098,0.9630984260928158,0.9947737648104163,210794059.59984174,7636596.7668939745,370454.82940580725,581665.0179013626,2.11068161646474,0.0,-0.47077881513456105,-0.4183349820986374,-0.577863676707052,-0.001741719066653553,1.224052457405687
0.25592597748145124,0.7546807476454962,0.0414708794349953,-2.054999757022268,7848.406389576056,1.0341027893881394,1.0339328592660597,259207760.36546147,7520719.688405185,490933.0444139364,736425.4902891617,2.7829037972055004,0.0,-0.29866707940866233,-0.26357450971083835,-0.4434192405588999,1.0,90.0
0.4422713784848356,0.5817520060160654,0.23462052084166812,-1.8002144908483408,7801.3792458416265,0.9415302589016874,1.0024879789492833,243774079.3727073,1750324.7079498419,317393.4113617064,511923.34487172076,1.9230727298501167,0.0,-0.546580840911848,-0.48807665512827925,-0.6153854540299767,-0.0016262067188171027,1.8537038698504418
0.76467271495396,0.8743716710561233,0.08209712096984262,-2.0130850725858798,7880.971605602637,1.0473413390166388,1.0768283094109063,232206691.48408258,2001588.4497756122,324414.57213085704,499407.8916672245,2.4858965298090823,0.0,-0.5365506112416328,-0.5005921083327755,-0.5028206940381835,1.0,90.0
0.36636132483203754,0.04582216270314637,0.06100994945061086,-1.9838674833451622,7777.612731915654,0.8799576623160568,1.0176091207949292,269978904.9509476,17879287.28695663,439924.37934065604,723781.3701247437,2.269962122696811,0.0,-0.3715366009419199,-0.2762186298752563,-0.5460075754606378,1.0,90.0
0.9279754210142763,0.9819520511193055,0.3985331073520844,-1.4454661772419184,7930.783625431526,1.0102531861566981,1.0050608421787257,217891553.6306202,6567242.656375437,352260.8094902012,582856.2930637668,1.9412189592114202,0.0,-0.49677027215685543,-0.4171437069362332,-0.6117562081577159,-0.001640637127271338,11.975963865596519
0.40633885676221976,0.06801120591144556,0.40333503791251246,-1.5809390613963246,7775.163323036829,0.9804786796408017,0.9735816994134244,174400403.65940034,1602200.1266083384,292110.6466129462,451327.25609917234,2.4626290476219337,1.0,-0.5826990762672197,-0.5486727439008277,-0.5074741904756133,-0.0030817701912526007,-6.880296420055927
0.2482770167024654,0.4277054671467811,0.05906535258844374,-1.0201157005794734,7821.15790970225,0.9509014837469856,1.054336282268867,340876268.45060766,4930226.406476416,444389.0505151701,678315.3909558122,2.4703964440344097,0.0,-0.3651584992640427,-0.32168460904418783,-0.5059207111931181,1.0,90.0
0.5628009283229198,0.6454801282601025,0.2835885987432635,-2.244980052944387,7795.9517567764,1.020480054992403,0.9398712434850394,156448372.7777617,4815143.478977391,327324.3727019569,529663.7395186096,2.090113553601206,0.0,-0.5323937532829187,-0.4703362604813904,-0.5819772892797588,-0.0017713655824843333,4.3455138298839024
0.1463640888826698,0.19773746680277587,0.07284538950126714,-2.3440668914961145,7742.768290998786,0.9992293908173911,0.9470982579168332,185338347.68653163,3753489.563667107,574752.6906514898,1001443.1179437817,2.752524443624578,0.0,-0.1789247276407289,0.001443117943781661,-0.44949511127508435,1.0,90.0
0.8279549910737657,0.2253542673240202,0.3433143218708842,-1.8695706266835248,7840.36979734271,1.0000035888705807,1.0183097016090343,183820921.80070156,1496012.5600510691,268628.0599897474,447719.56015631603,1.866527219339933,0.0,-0.6162456285860751,-0.552280439843684,-0.6266945561320134,-0.0021981469971376847,6.274590572945236
0.11145868281161027,0.353312981344498,0.07370393074655236,-1.40247324840587,7828.255008901618,0.9312736616680802,0.9825774230414496,336588078.823397,3578657.116628381,416466.9844403975,627252.9360548732,2.60714601307303,0.0,-0.4050471650851465,-0.37274706394512686,-0.478570797385394,1.0,90.0
0.7540041908615822,0.7387541348485988,0.380193974092089,-0.9726752393260538,7908.392110068624,1.0024950549379126,0.9500042013809403,223276300.58195704,4021495.902202185,292746.9386755306,475567.7119640834,2.0427686837308694,0.0,-0.5817900876063848,-0.5244322880359167,-0.5914462632538261,-0.0019327101103024436,7.2173321132026835
0.7215749930261163,0.08006775758944004,0.2999344169204614,-2.119369738163781,7828.835358876721,1.0114741670131768,0.9822783750594365,166163586.6727938,7589048.168822123,286265.20845071936,474602.15232482133,1.9843915749435936,0.0,-0.591049702213258,-0.5253978476751787,-0.6031216850112813,-0.0023334301152407536,3.667964255102536
0.9490077212806275,0.9919765916438591,0.22531887734526393,-1.7040295153246434,7772.330569604367,0.9580620260115034,0.9973325153872422,210240586.358898,1514675.1813263246,323008.39935864985,497459.91988280346,2.435693044938338,0.0,-0.538559429487643,-0.5025400801171965,-0.5128613910123324,1.0,90.0
0.7408999591237064,0.031922129168889486,0.10648246106722888,-2.329095409137267,7768.907044356007,0.9782085863091666,0.9898841388944497,136886319.2652058,3932849.1296424605,384832.7223688591,620028.3782712094,2.350072792164124,0.0,-0.450238968044487,-0.37997162172879057,-0.5299854415671752,1.0,90.0
0.3678401868793752,0.3786441629341182,0.4213247834038159,-2.3669971161741024,7816.245445357685,0.9740052332149781,1.0018302453352042,125726784.57184449,3880104.6638048193,349581.33439589053,531215.9416436784,2.476415209674935,1.0,-0.5005980937201564,-0.46878405835632164,-0.504716958065013,-0.0028423897587685656,-6.438885514380054
0.4845633182380094,0.008516992330590771,0.16154039321185562,-1.904301926683413,7776.1137807538325,1.0729633436649184,1.050950474939888,199842733.61116064,8883549.884181496,330861.3945322431,547701.8636325567,2.018144708681832,0.0,-0.5273408649539385,-0.45229813636744326,-0.5963710582636337,-0.0016889715936590775,0.41014841722282824
0.47576950352867003,0.5082639335703939,0.18562849730628053,-1.9929232044470306,7789.446841852148,0.9906219823574095,1.0596456044610345,229223014.6545842,10331467.382505119,372819.6355752483,621630.1712324435,2.009513473694123,0.0,-0.46740052060678816,-0.3783698287675565,-0.5980973052611753,-0.0011896679637578352,4.94888506610841
0.5986890447238121,0.4101934499478316,0.18078336998828662,-2.226509172260273,7760.632952357962,0.9563549609043102,0.9347036950339545,178977512.22672373,5085599.732460463,356125.6559202769,606939.1675098256,2.164905971032161,0.0,-0.49124906297103305,-0.3930608324901744,-0.5670188057935678,-0.001052417823938245,8.258111556824957
0.239155047340615,0.10159581853021922,0.022624014654758554,-0.9545106219756425,7838.592296794474,0.9887045755798812,0.9789915873978069,330326853.1270706,4450904.941390656,452614.4938694442,702636.6751575633,2.645555795417523,0.0,-0.35340786590079404,-0.2973633248424367,-0.4708888409164954,1.0,90.0
0.13044583578614705,0.1877425002112946,0.009151416486297147,-2.1791283703670494,7819.954943302434,1.041857184590053,0.9936465719420529,220635427.6501251,5221338.19094242,444425.83894356334,677584.7726850427,2.8564143839304914,0.0,-0.3651059443663381,-0.3224152273149573,-0.4287171232139017,1.0,90.0
0.8408111975052477,0.971066176057475,0.3368579126618856,-1.6635342022609414,7847.570451989338,1.027175806413127,0.9955850593620583,235362207.67850822,5855110.58869691,322138.1712605481,538742.3591661282,1.9207371058400189,0.0,-0.5398026124849312,-0.4612576408338718,-0.6158525788319962,-0.001424126273363724,12.332064186686678
0.3128353363508459,0.7575598849077649,0.3575486059051388,-2.1459291339873245,7858.311955455467,1.0702745555144788,1.0348855811382824,187394261.91170242,7374168.705249716,345578.6885107203,525200.8974147687,2.437748637407033,1.0,-0.5063161592703995,-0.4747991025852313,-0.5124502725185934,-0.002211349745572532,-4.544655836273872
0.41677373763029246,0.23226334691426917,0.24018489067841228,-1.8035917076028212,7819.637307563633,1.0029858855832052,1.067329846683275,218647619.4784431,1819570.5614837862,299326.96579093515,475953.1423997511,2.0386048441876303,1.0,-0.5723900488700926,-0.5240468576002489,-0.5922790311624739,-0.0021801914115523813,-2.641583291330324
0.9692714702863443,0.2601791428372489,0.14700630036262954,-0.8446909032743468,7835.713145205798,0.9850382025542177,1.0225582863544032,242431496.59839913,3574451.146668489,296307.11420335824,476142.0495509191,2.2355426343611953,0.0,-0.5767041225666311,-0.5238579504490809,-0.552891473127761,1.0,90.0
0.9431761028682378,0.5789178866571353,0.32700260046121093,-2.1970153403627166,7758.063049445334,1.0647114343293362,0.8990098467218003,130074607.3976721,4382843.0049475,309031.8150670265,522775.6663184905,2.0630579601165153,0.0,-0.5585259784756764,-0.47722433368150946,-0.5873884079766969,-0.0016850129215849534,11.37676700941404
0.46677229454138836,0.3210979140101095,0.42279827587758406,-2.199264217661068,7944.639274942009,1.0251829545997129,0.9903612679611107,170982231.5034205,2739391.545019397,348708.5199570309,541151.3246337393,2.378032798247545,1.0,-0.5018449714899559,-0.45884867536626067,-0.524393440350491,-0.0028117183960893934,-3.602522585785451
0.623311274761689,0.9958358978001081,0.31058334812786237,-1.8982579879065078,7703.051742026797,1.0690098945912954,0.9259536988992357,148691103.18393502,4765475.721995613,322295.0639095535,527379.2653578846,2.213907414975707,0.0,-0.5395784801292093,-0.4726207346421154,-0.5572185170048586,-0.0014335012386124146,8.69634151212194
0.493983633478659,0.9252383365955325,0.4398581553666307,-2.1409665562798064,7787.7560377750315,1.0178527368674233,0.9812695779519589,143098169.91041926,4718968.118282028,296429.11165693414,456865.2578421105,2.3118580652560783,0.0,-0.576529840490094,-0.5431347421578895,-0.5376283869487843,-0.0022180221640962132,1.1179188658874502
0.13699240273325317,0.7456669583751735,0.22818840827731657,-1.852123016047229,7815.7482986333725,0.9532323648648736,1.0833029802118816,274973545.2193065,1757558.2054486119,373620.58307330747,572043.3307882342,2.1334151914664705,1.0,-0.46625630989527506,-0.42795666921176573,-0.5733169617067059,-0.0015587689521023903,-8.007699550549656
0.8091015416232241,0.15557099213111247,0.29093291979012537,-1.5903583396218515,7910.602050672338,0.9814302079161761,1.0763059866825684,208507549.59455436,16237264.030273676,335003.23685426824,563336.8738070783,1.8872024524867252,0.0,-0.5214239473510454,-0.43666312619292164,-0.6225595095026549,-0.002081005585976672,6.453529576516605
0.2594660562850689,0.1914971208613708,0.30596409039362915,-1.9389098718017896,7824.311094445833,0.9917236511019739,1.0257764529111373,212204296.01424956,19090335.306015674,322930.7849430738,490582.26366438624,2.4758054750443232,1.0,-0.5386703072241803,-0.5094177363356137,-0.5048389049911354,-0.0026533820937130175,-10.196179082625687
0.5081523603013979,0.3385492691213036,0.05716127485119895,-2.8698593808671933,7828.3672792568095,0.9199163322948395,0.9245574182835982,136537104.60341078,2918476.1413980112,594201.9315627553,930401.8401423359,2.39907371712695,0.0,-0.1511400977674925,-0.06959815985766414,-0.52018525657461,1.0,90.0
0.8259888627658847,0.7439211606980158,0.9487523986622219,-2.3347824734711247,7845.175782746453,0.9603507968404122,1.0030594154514372,107806612.38111192,4695056.227704994,240620.85866308803,381063.3243460468,2.054369167045545,0.0,-0.6562559161955885,-0.6189366756539533,-0.589126166590891,-0.0032043771368144543,5.447569469094997
0.44532207435345506,0.2858609496145816,0.8568802166943293,-2.379178627208718,7832.153932627986,1.0341662210416078,1.0028206666718864,82155788.87519142,3365151.728724329,273988.658784125,414393.291092684,2.549941229964824,1.0,-0.6085876303083928,-0.5856067089073159,-0.49001175400703517,-0.003968026390723505,-6.2810451759036
0.32687590729653293,0.10497381431574919,0.20239326752518594,-2.1633500165067825,7752.203387627158,0.9096966044237746,1.070173167913018,171482520.6450398,4836070.587316925,356136.46778692806,561483.6171380938,1.9222644954358956,1.0,-0.49123361744724564,-0.4385163828619062,-0.6155471009128208,-0.002155413102659439,-5.864472900558734
0.7610376361518465,0.3208472906215529,0.27522690353346807,-2.1402117558144433,7810.291339691453,1.1735977214006206,1.0134046299263555,151428984.61349192,5905080.233994881,258660.38579709624,433636.66956369515,2.079564206221366,0.0,-0.6304851631470054,-0.5663633304363049,-0.5840871587557268,-0.00185127978170437,6.927750944817891
0.6267557303709774,0.3523324453090495,0.21494482568762258,-2.233092481996124,7762.559312582576,0.9466019295766521,0.9766583160335581,167835279.744465,5035146.72131419,339794.01829579397,567976.6616797622,1.926565252939771,0.0,-0.5145799738631515,-0.4320233383202378,-0.6146869494120458,-0.0014956300765093973,5.999547707095694
0.4330269180565049,0.6708516095648197,0.12028452761697624,-2.2037877953945566,7806.264480096611,1.0064577040404366,1.1268531945665292,191595259.21926397,5434738.451146962,340002.31835624675,519425.1450912053,2.293857074082754,0.0,-0.514282402348219,-0.4805748549087947,-0.5412285851834492,1.0,90.0
0.162051061092284,0.5725854006943499,0.6812600380305338,-2.711620817745654,7956.094405908081,1.0146728499548252,0.9965385466443948,113270327.54598132,3289884.7643536623,393996.90764970495,556588.6312652593,3.1114877676589536,1.0,-0.4371472747861358,-0.44341136873474063,-0.3777024464682093,-0.003610972465963873,-15.426758752174258
0.7787024071214521,0.10592152581658461,0.06953106231923761,-2.1733053693958246,7772.333112973531,1.1283167905178997,1.0110350454617227,139673248.12634933,4310812.897329773,334540.19624670997,537577.6382542412,2.5709478780875696,0.0,-0.5220854339332714,-0.4624223617457588,-0.48581042438248606,1.0,90.0
0.0707633670015057,0.8941494815456832,0.23623487466626686,-2.4714428461228053,7827.613982453022,0.9504181815270997,0.9860275284762845,192843610.57989758,4117661.180451861,503965.9672556371,764848.0477965235,2.43878972348223,1.0,-0.2800486182062327,-0.23515195220347646,-0.512242055303554,-0.0013746455304183172,-9.649178531545147
0.7305265986104259,0.30262311209198023,0.8432331006220235,-2.7316161759786297,7845.569819744062,1.0664061830703782,1.1029912415391923,70520015.21656314,2924466.236812175,292456.5013919979,463599.1958886741,2.1230240070849633,0.0,-0.5822049980114316,-0.5364008041113258,-0.5753951985830074,-0.0035044747504333713,1.3261445384656128
0.539788947104962,0.4751699654481667,0.36004992410020614,-2.700324235426911,7846.427363557875,0.9454970520896714,0.8910969945977045,119447262.84334877,3324716.9265168644,424666.1111771785,671851.2108238237,2.3601023343099237,0.0,-0.393334126889745,-0.3281487891761763,-0.5279795331380153,-0.0023308231815221997,0.4312905590238323
0.9661413222803318,0.9840101249265071,0.27465340000459093,-2.4033043606849906,7851.940419638495,0.9283884991469595,1.038787681487509,216087561.98307317,8629738.846859131,381454.22445373406,680242.3152620121,2.0994109213256786,0.0,-0.4550653936375228,-0.31975768473798794,-0.5801178157348643,-0.0006018020103433141,20.30559619743927
0.9067734879723652,0.28337519890252466,0.6377149113199447,-2.5180737923637015,7789.381793177527,0.9962338409532402,0.9175446062672187,81274841.45422216,3136657.5245715803,308929.27500237204,504606.23232516047,2.167917451240591,0.0,-0.5586724642823256,-0.49539376767483956,-0.5664165097518817,-0.0029288205349125235,5.294104929818243
0.9494290376017374,0.7491909427230077,0.9344140825078945,-2.1815458637325404,7797.330168725205,0.9939191844355636,1.0341064700225733,104451522.78842054,4778731.8467109455,220563.70031833253,353926.1470480517,1.9908213902080993,0.0,-0.6849089995452392,-0.6460738529519483,-0.6018357219583802,-0.003076212138104296,7.555942054385035
0.5180456838973388,0.32100622794621225,0.753351606750724,-2.757984467239286,7761.902913309852,0.983034166418248,1.0385890711348738,68426942.80744553,2398822.3075738484,381687.0271532624,585232.5775220621,3.196386474726692,1.0,-0.4547328183524823,-0.4147674224779379,-0.3607227050546616,-0.003623821098183019,-3.885339420257999
0.9393837461572536,0.8324988938282216,0.6462875193795079,-2.4049654901249,7807.066569424767,1.017230631752105,1.0175692269872565,104972362.5073801,3882942.256595254,295764.9841904677,473122.38035567466,2.140870604958859,0.0,-0.5774785940136176,-0.5268776196443253,-0.5718258790082282,-0.0025399794598313444,7.826692314594659
0.8578856791240378,0.9364532083181761,0.4205953956560401,-2.431288498722569,7756.80783426362,1.122485922029473,1.003491071803316,103330625.25433707,3283924.7257150523,379647.71538493584,619179.4661765359,2.1734880875839573,0.0,-0.4576461208786631,-0.3808205338234641,-0.5653023824832085,-0.0018395921623247276,9.783566257070865
0.7361787799563885,0.9026212459742096,0.8395243816007102,-2.1195227713635854,7774.067907278691,1.0523285667275508,0.90960541994599,97757276.64048982,3947023.441489687,262627.20342621935,408445.6804479805,2.537274625057279,0.0,-0.6248182808196866,-0.5915543195520194,-0.4925450749885442,-0.003011201112003373,4.262046540511008
0.2532535383365542,0.1723991614528837,0.2685980111305414,-2.7104848928591734,7888.697665342857,0.9502732114012713,1.0325234886076804,147609732.0414613,3755099.2762350375,450942.9626023232,688471.7147453165,2.3862184935442894,1.0,-0.3557957677109668,-0.31152828525468346,-0.5227563012911421,-0.002470424172859349,-9.843619387368438
0.07737859965216805,0.13571110465199598,0.5057886822418324,-2.076604398583774,7772.310872347855,0.9248306543452212,1.0908753293419886,136843409.5259682,4083090.3601744594,351469.4130614135,495774.8832865849,2.895951544820659,1.0,-0.497900838483695,-0.5042251167134151,-0.4208096910358682,-0.003567665022966466,-21.933169714970752
0.39562353310869947,0.12249869911747854,0.9065149844834641,-2.6335133623141616,7826.475451347316,0.9905392896509165,1.0655242019098323,68612087.67008701,2720516.765487339,312912.541729501,470745.4293146046,2.4153015525677803,1.0,-0.55298208324357,-0.5292545706853954,-0.516939689486444,-0.004326697876145911,-8.830668299082848
0.044359103728606054,0.15144781444448083,0.025746346981311872,-2.184275324359309,7772.964251716094,1.021505352496867,0.9779933991898474,198951158.15606892,4115741.472889123,522323.97621512035,784651.9631449465,3.1486457054797348,0.0,-0.25382289112125667,-0.2153480368550535,-0.37027085890405304,1.0,90.0
0.3556251460667554,0.4936055604092852,0.48704883730614656,-2.4061622031568874,7763.946528888938,0.9304618362015361,1.0953671576008168,111042967.04316439,3322098.413418888,399088.10800702136,599401.164379279,2.2775226207820856,1.0,-0.4298741314185409,-0.40059883562072096,-0.5444954758435829,-0.00295142549558561,-6.786669466302868
0.030697525716350278,0.2026333813485241,0.8484349601667556,-2.476290245015545,7879.29588429696,1.018622606251617,1.0676194571206967,99697394.13550624,3074467.991980285,378032.19688601885,515516.17634295195,3.3215816996543395,1.0,-0.4599540044485445,-0.48448382365704806,-0.3356836600691321,-0.004584192436044335,-25.853134777094976
0.33166549739585877,0.01983641174068557,0.5729009402288157,-2.319676795929474,7839.927449766539,1.012510094946807,0.9772290165512519,102821443.75637424,3727129.078811658,293920.1851669623,440692.8860634249,2.7327745293121937,1.0,-0.5801140211900538,-0.5593071139365752,-0.4534450941375613,-0.0037660976397091085,-11.039351765209815
0.38917971977268045,0.22727665664536006,0.004964981660131704,-2.1775310901553357,7803.375620031665,0.9217003836947726,0.9403051794652181,212372785.3393467,5401238.421128964,395034.0740745536,618155.3356770171,2.480809368596577,0.0,-0.4356656084649234,-0.3818446643229829,-0.5038381262806846,1.0,90.0
0.11040669636745565,0.9578343208275253,0.4170624321719113,-2.8325076136865093,7917.471246699344,1.0293535214723855,0.9433376398982399,131834579.51711331,2999830.1528374692,535456.4576253701,766180.1932050308,2.9881464852565567,1.0,-0.2350622033923284,-0.23381980679496925,-0.40237070294868865,-0.002313998562430183,-12.86868998235326
0.935963136874343,0.5072382398684676,0.10790661779574284,-2.6577186609087295,7856.600184663247,1.0339003797341988,1.0787137813040575,138889851.08231908,3779401.3353010756,417429.03341350605,659623.9790653291,2.3985556057961372,0.0,-0.4036728094092771,-0.34037602093467095,-0.5202888788407726,1.0,90.0
0.20820665015104906,0.15734207572186507,0.13563649665974367,-2.733133142030016,7792.844300062195,1.1071231055718351,1.0272022211383356,130260451.3070229,2907408.8655580874,571863.4224782313,912013.9239441708,2.3822588447532103,1.0,-0.18305225360252678,-0.08798607605582918,-0.523548231049358,-0.0014895307627722982,-7.032960731049464
0.21246217246138765,0.33953924407975605,0.08386686855057485,-2.276212084903884,7799.983999293941,1.0002136665634096,0.9614009137670282,230284311.82189193,5402809.645323045,428264.53445623023,761031.2691790619,2.699092411769406,0.0,-0.3881935222053854,-0.23896873082093814,-0.4601815176461188,1.0,90.0
0.03236243191588612,0.434185367625738,0.12533626952677743,-2.7071312950152198,7756.655609821871,0.9778121906828207,1.0957074905733768,168800756.57160765,3004348.829777749,715348.8029107847,1172156.8867425297,2.3634901177089858,0.0,0.021926861301121037,0.17215688674252969,-0.5273019764582029,-0.0005939269758083226,-7.551822519352207
0.8106503998174743,0.300506216807844,0.581263738141179,-2.505697415158663,7862.875093443274,1.0028062704511473,1.0540694312821486,109995355.21926019,4405268.806522309,276807.8207001844,446940.4658238205,1.9631999431504217,0.0,-0.6045602561425938,-0.5530595341761795,-0.6073600113699157,-0.0028975002424372264,3.699292868714185
0.8082833560861498,0.3383837335236353,0.6392466399279428,-2.3900652756083893,7755.145294138333,0.9857056937613471,0.9982238781597018,84243109.44447163,3236401.582188969,309783.55771148525,498193.08863520785,2.105199642489,0.0,-0.5574520604121639,-0.5018069113647922,-0.5789600715022,-0.003000871289616487,3.5135741383929613
0.692623660625388,0.24371818433702613,0.2023741627826264,-2.2354694888823103,7802.844069625028,0.9791318764386645,1.0816018003156325,191748178.74778652,6813807.36637229,298976.6467813961,509414.7888341533,1.838393945406381,0.0,-0.5728905045980055,-0.4905852111658467,-0.6323212109187238,-0.001395542506954364,7.453135322562904
0.87695986389195,0.17928687071334928,0.13726680030940688,-2.289435351810959,7810.507328791797,0.9870724635793766,0.9926885474805677,152415986.44862574,4830336.010210612,319222.21427768376,512498.96341247804,2.2089106622754686,0.0,-0.5439682653175947,-0.487501036587522,-0.5582178675449063,1.0,90.0
0.7470641216187502,0.22134089510919347,0.38013319779062127,-2.3872045479553035,7790.605818493572,0.97884269300399,1.0579256120744422,123061732.6324461,4287677.44439677,310779.78354451945,508401.36378801754,1.8461075883469127,0.0,-0.5560288806506865,-0.49159863621198246,-0.6307784823306175,-0.0024431946382876503,3.7814220379456245
0.6081616109118163,0.8642873056883638,0.29184397238887166,-2.9483341211937377,7913.059935431231,0.9640615144964575,1.0155898210618066,156814588.43054035,4085377.722633266,469335.02597219317,767806.6310044697,1.8391798133049466,0.0,-0.32952139146829545,-0.2321933689955303,-0.6321640373390107,-0.0014872508547251967,7.59281276303172
0.5074178608393287,0.7054550917432543,0.8503546187594355,-2.6853556049945677,7868.796646569271,1.047092106398753,1.1079630296340457,87757913.08670916,3134766.3989474177,332057.7039434705,502561.9762451909,2.383004797104483,1.0,-0.5256318515093279,-0.4974380237548091,-0.5233990405791034,-0.0034348083771379985,-2.0434458208790396
0.24910622988428313,0.16430963183738903,0.7833365394522146,-2.177896127151504,7775.461522030181,0.9658348262394153,0.9040462986729885,88353726.88483272,3287973.831521031,316185.49313047103,460107.0336984739,2.947830838053046,1.0,-0.5483064383850413,-0.5398929663015262,-0.41043383238939085,-0.004276219304107894,-14.169328820630941
0.8527621272260849,0.2042816359538167,0.8038137603985971,-2.634361630078136,7768.671377982814,0.9613124226990352,1.1162660384975696,69596182.4357559,2904409.680672815,291594.87841769017,472438.15076440526,2.1447334743974853,0.0,-0.5834358879747283,-0.5275618492355948,-0.5710533051205029,-0.0033516248887900313,3.558197590435661
0.30316851001844214,0.42522202645330287,0.6163211071566504,-2.4160761744185635,7782.590668681962,0.9534334312561805,1.0902172630102638,99927750.94608344,3184972.3513732697,376775.179259467,554672.7960978698,2.4608859393939997,1.0,-0.46174974391504714,-0.44532720390213026,-0.5078228121212001,-0.0034666634082100734,-9.980851141899173
0.5662740592312749,0.679387185380232,0.522481427627494,-3.1047966563627583,7815.98941349278,1.009374344289187,0.9757727055908516,81781100.27664846,2281190.0437948774,489450.00765546155,757979.7135895069,3.3453808534322,0.0,-0.3007857033493406,-0.24202028641049309,-0.33092382931356,-0.002664931790111758,0.362093418947925
0.30698621082637434,0.026790642914058176,0.4061134841055799,-2.245963710861718,7818.725990505817,1.1129810096851969,1.1076224752289392,118144267.22716764,4074368.880974061,298275.61437490204,451194.0383130259,2.571748792767451,1.0,-0.5738919794644256,-0.5488059616869742,-0.48565024144650976,-0.003235519950144909,-10.744135807093233
0.7686519548371568,0.09497285697762729,0.6665221886957027,-2.29168880050752,7833.938582184861,0.9969457611232527,1.0052898985995553,100328606.20029214,4593272.154286176,226904.17118032314,365628.397915457,2.0441575997936985,0.0,-0.6758511840281098,-0.634371602084543,-0.5911684800412603,-0.003294379686625849,1.6166725905125112
0.611572432171127,0.5509331360072526,0.7276834805461146,-2.7618992932491166,7810.471997179202,0.9832608921991295,1.0678456921136747,80468431.65443873,2744506.5525928675,368873.2030044191,570363.6361277989,2.4041394653039965,1.0,-0.4730382814222584,-0.42963636387220105,-0.5191721069392007,-0.0032354744506594892,-0.21397808948560737
0.6388086966943205,0.5588559055081599,0.5611586037551566,-2.381706692760889,7759.910627477652,1.010659380295498,0.9513406416351176,92786846.25971964,3171482.39160742,356007.58177522954,557205.1507147618,2.341963781209208,0.0,-0.49141774032110064,-0.4427948492852382,-0.5316072437581585,-0.002811972697494884,1.1754676699550117
0.14225425988326412,0.21437035307228075,0.8830154686240413,-2.5653704740052587,7823.771427334541,1.0700288172322834,0.9531531318076635,74784139.74625304,2535823.458600563,385422.29477318807,544617.1097448869,2.993615361125346,1.0,-0.4493967217525885,-0.45538289025511314,-0.40127692777493074,-0.0045812906560880745,-18.978245956530973
0.39289805627097235,0.19832188195361025,0.6697552624700944,-2.645865474615956,7858.114246352397,0.9962756341129305,0.964833154765031,85081241.90509212,2924424.4586343756,352702.29920632526,530809.1887107085,2.6056839260073144,1.0,-0.4961395725623925,-0.46919081128929147,-0.4788632147985371,-0.0037448536345190695,-8.251103944656979
0.4438047555153656,0.09452238450883879,0.4505530364571961,-2.1048253097948604,7809.631965762378,0.9688654371872528,1.0533087789823201,138856445.16031918,5470552.357016025,247565.4649803468,383703.78920258285,2.2394858080348494,1.0,-0.646335050028076,-0.6162962107974173,-0.5521028383930301,-0.003169188854243393,-5.931733380416841
0.5121749365219729,0.997450523915476,0.8435432142228421,-2.386076534491198,7837.402455498181,1.0281375485644952,1.0115883059788016,104994621.29807445,3747431.1347615034,303106.0485247425,455430.9815237019,2.5306967339248394,1.0,-0.5669913592503679,-0.5445690184762981,-0.49386065321503214,-0.00313196588558834,-0.27144750618920455
0.09748187520882491,0.4650469955765684,0.912009951278562,-2.726491922867991,7753.402793695888,1.0208741590725952,0.9909222628164546,73338335.26606867,2190263.73580719,477255.4807282852,663354.4098716105,3.9613426034327004,1.0,-0.3182064561024497,-0.3366455901283895,-0.20773147931345992,-0.0043300255187537565,-19.73616270212627
0.4341380997848447,0.25724293138612614,0.5242125997264685,-2.8979185740732736,7895.722064949435,1.0622872086965858,1.030305744746385,88836509.96361774,2773130.405354569,401331.5730719132,612910.0783461891,2.4746059059792023,1.0,-0.42666918132583825,-0.3870899216538109,-0.5050788188041595,-0.0032326500051347135,-5.879601650027595
0.054124582663169565,0.940503843419265,0.00137976127741683,-2.130576253704075,7763.5377771630565,0.9631449680217351,1.0370912151731977,221883676.87039047,4347389.007801731,537997.5194733896,774886.0705278859,3.1979226367661373,0.0,-0.23143211503801484,-0.2251139294721141,-0.36041547264677254,1.0,90.0
0.37718069965733136,0.325331463252234,0.8616810684728592,-2.2699173819055147,7835.947716646465,1.088952313015846,0.9628135556766801,85421637.0043317,3538190.3877618555,260329.54735810566,388109.2814108553,2.7960766780525494,1.0,-0.6281006466312776,-0.6118907185891448,-0.4407846643894901,-0.00404105555290136,-8.285622479195162
0.9269189196739925,0.6877824793867598,0.142669655091114,-2.7445779390067586,7834.670263127751,1.0298362590647745,1.021886455343357,121297969.73019175,3163979.5993056754,465127.70326560526,727811.9244326155,2.4580108799863996,0.0,-0.3355318524777068,-0.2721880755673845,-0.50839782400272,1.0,90.0
0.7694011414055537,0.97407392898549,0.06537613929889743,-2.474734037316325,7840.397405107945,1.0081531580340537,1.058211166022593,165529435.70495087,4195257.102995488,419259.1168453013,641506.5276346316,2.5822686170837192,0.0,-0.40105840450671243,-0.3584934723653684,-0.48354627658325616,1.0,90.0
0.916008072341207,0.35442788864034813,0.2116067959602577,-2.814982514412851,7838.034798880708,1.0282180859679122,1.0802978453271899,156365945.36075974,4525981.548741941,416676.327189691,740461.7359124683,1.9265188404648357,0.0,-0.4047481040147271,-0.2595382640875317,-0.6146962319070328,-0.0008387653940887579,15.137928471346374
0.8403237186628201,0.02761019579490157,0.5401888721565694,-2.6265459203799133,7772.923655041393,1.1118610422510886,0.9559892269998471,69988681.61269514,2694606.742046912,331042.5011985224,544835.3842224969,2.6061897223738577,0.0,-0.527082141144968,-0.4551646157775031,-0.47876205552522844,-0.002981914773547524,3.524263211549023
0.40533588441318613,0.6401304195094224,0.3230387807568718,-2.626350250123719,7877.286893329158,0.9484690120507459,1.0442709966710053,157709737.86321855,4367949.429246556,404116.220221444,628617.5908206234,2.0229318417704425,1.0,-0.42269111396936576,-0.37138240917937654,-0.5954136316459115,-0.002098513903377697,-1.56589195958162
0.6010810697353745,0.9739307276416411,0.37162318693861296,-2.6407576814196783,7842.886759569612,0.9459073839896094,1.0546168875126003,147650497.75191754,4150134.01099714,405443.3380309992,645955.422718861,1.916872808687369,0.0,-0.42079523138428687,-0.354044577281139,-0.6166254382625261,-0.0017874160968356033,5.797377338896915
0.8610534311982174,0.03222343398151431,0.914104322440474,-2.5081692439039323,7858.495552457228,0.930754009335983,1.0008170317470997,79235980.305195,4036682.0232039364,221699.57937725645,361738.0451134673,1.8205926816035471,0.0,-0.6832863151753479,-0.6382619548865326,-0.6358814636792905,-0.003609631258351103,3.0658227128218343
0.014230841608855545,0.3648388135581605,0.19867389736752042,-2.9746452436208743,7779.863210086084,1.1047618032640287,1.031180684290999,122407031.83869658,2334343.256399267,738390.8142395298,1110352.191806214,3.6633730125442407,0.0,0.05484402034218539,0.11035219180621393,-0.26732539749115186,-0.0016265598121763746,-17.34995431633787
0.3043426584762258,0.8435410564144135,0.6081878670920084,-2.98111507647148,7919.033810853943,1.0423520549171355,0.9855432951530624,97078181.9896929,2645626.4100079495,470112.7755492761,686713.746019598,2.6674503886961793,1.0,-0.3284103206438913,-0.313286253980402,-0.46650992226076415,-0.0029840966863261004,-7.189974823042526
0.15372462349942867,0.4680666571563554,0.2810551748152308,-2.2594074240029904,7759.148397742703,0.9470669306967435,0.9712325477516602,149283662.6442154,3712352.445106107,463520.43179511774,691869.3715696095,2.5989662453866083,1.0,-0.33782795457840326,-0.3081306284303905,-0.48020675092267834,-0.002216261012789872,-12.073676165362158
0.027544055689826263,0.8128066969491027,0.8245258344107392,-1.6934247591069282,7734.407838091903,1.04432456092074,0.9287021305077696,136573447.62553012,4952452.068883468,333160.92310566024,450090.1822666695,3.615330323561922,1.0,-0.524055824134771,-0.5499098177333304,-0.2769339352876156,-0.003709947590233107,-21.89062485678633
0.13972264779242188,0.420745299526039,0.2668987053732618,-2.6686045246961116,7897.301296535159,0.8938843851833799,1.0926946168624294,184682038.15496993,4356818.131898372,472968.29442481673,705534.3932183917,2.1492001949344233,1.0,-0.3243310079645475,-0.2944656067816083,-0.5701599610131154,-0.0021974704959928392,-12.801031698260509
0.37426364714884625,0.47124433746434685,0.3656402238780968,-2.642697608318594,7753.767779831291,0.921524976695186,1.0362696684494441,108562632.30720125,2849107.1311092433,491243.7720427093,753917.5950444876,2.5140605275002628,1.0,-0.2982231827961296,-0.24608240495551237,-0.49718789449994744,-0.0025202676004813353,-4.810913745297814
0.16019019691685718,0.8047406205187967,0.825968597873841,-1.8694807606918784,7761.14691656692,1.0323045236745654,0.9480741949441184,122304568.45204863,4527246.448299164,274847.6118815891,387118.4938624632,3.1266824130316753,1.0,-0.6073605544548727,-0.6128815061375369,-0.37466351739366494,-0.0036669933511499766,-14.047236431903656
0.36961261782316235,0.28959362011341006,0.5764321666181944,-2.506132918864485,7740.688584032974,0.9527480643371433,1.017193377026123,85602842.48351385,2713707.5600378574,414828.3902528077,623122.0685741582,2.796326152558112,1.0,-0.4073880139245604,-0.37687793142584175,-0.4407347694883776,-0.0034263688753578044,-8.161092806976075
0.1940318549568172,0.9979616089893185,0.5437436525991122,-2.331082433284017,7802.046217806925,1.004883986417339,1.0970228393744867,129368984.89825776,3657642.9718435765,394995.6438691922,565240.3760923013,2.719737488305755,1.0,-0.4357205087582968,-0.4347596239076987,-0.45605250233884903,-0.002704258919603066,-10.077900546183898
0.1179663381384741,0.528679443160156,0.9138923269215999,-2.2549044161319136,7845.300534058321,0.9959635506313634,0.9866532161844884,108219185.41339964,3691419.555959562,308406.3297029646,430463.7941966681,3.1353621572218984,1.0,-0.5594195289957649,-0.569536205803332,-0.3729275685556203,-0.004228984473081494,-18.10446922496421
0.8756595896152762,0.006223126936410837,0.9508707337580518,-3.6371866583247647,7892.495851669062,1.0588245287463116,1.0507718487926856,44417381.03580015,1884396.6647712928,329951.8576529686,540471.8434028524,3.7412418902559286,0.0,-0.528640203352902,-0.4595281565971476,-0.2517516219488143,-0.0036471421408038173,3.281021098570392
0.8381437743211779,0.6034717030404311,0.7764750954016875,-2.2021988475810277,7777.246703375496,0.9917080287061076,0.8851153701071998,92967904.93432097,3808911.6364585147,264511.65010179114,420669.8184415697,2.3688357658367534,0.0,-0.6221262141402983,-0.5793301815584303,-0.5262328468326494,-0.0030450557031986656,4.797128268924201
0.0545360208034421,0.2732336658390099,0.9219554606549711,-2.4239912766012925,7882.431032978167,1.0580297746554193,0.9922583458755877,94912875.27809751,3129453.065823199,347018.476080488,476717.2008034767,3.4175689286197906,1.0,-0.5042593198850172,-0.5232827991965233,-0.3164862142760419,-0.0046512497230574885,-23.723381470642323
0.5102939744616825,0.29184226859222073,0.7528742079262227,-3.0617983118389143,7839.584885436373,0.956791229007172,1.061824658985183,70348224.07961994,2344414.04421014,397555.96105145314,609043.9787158772,3.0203884299957684,1.0,-0.4320629127836384,-0.3909560212841228,-0.3959223140008463,-0.0036629774997409665,-4.258514640018834
0.35981005359232393,0.2758959353091338,0.49332297358849164,-2.7350264867621625,7891.588446883749,1.0213750085389064,1.0181212881863269,103259577.00944872,3141756.1070596967,390910.8952888539,589416.2793758404,2.6138819277839227,1.0,-0.44155586387306583,-0.41058372062415954,-0.4772236144432155,-0.003203057670698959,-8.048164551067462
0.7604337896316576,0.8585270372423447,0.9828790091771038,-2.7000108378368894,7842.009432402816,1.0424802771681392,1.0606334039213443,80259536.37321487,3014053.860393271,320843.7479329482,501192.0055515333,2.2294937728983153,0.0,-0.5416517886672169,-0.4988079944484667,-0.5541012454203369,-0.0032163643523917314,4.522157033100299
0.13767207427693787,0.934772863992505,0.9858457701518144,-2.1028106630726318,7838.1256026540605,0.9879866634536266,1.1244963917561535,136081067.04957575,4984442.470757627,278263.22069484263,386518.85896060243,2.689868299187503,1.0,-0.602481113293082,-0.6134811410393975,-0.46202634016249944,-0.003786268887882644,-14.713880293002301
0.9734713645857852,0.725986981765132,0.8302159916276538,-2.2265204387202164,7840.488427012643,1.0368413650340689,1.004544370659378,111830569.77100793,5210068.37253075,215343.41272122983,345676.2300525836,2.1188742629699284,0.0,-0.692366553255386,-0.6543237699474164,-0.5762251474060143,-0.002930211405969902,7.595555747086495
0.08984584127669686,0.7495231691712682,0.8655056706014693,-2.2713306957573947,7809.589118376573,1.0037482228944308,0.9917550601069496,108203082.0802238,3345843.8603513297,373314.09657655854,514337.8982676101,3.1965664292517864,1.0,-0.4666941477477735,-0.4856621017323899,-0.3606867141496427,-0.0038629094878757713,-18.29217039049688
0.706486159260093,0.7987929382070681,0.613001269901435,-2.459991887832323,7751.705103952044,1.0119800595582735,1.1092669040597263,92498780.14483619,3128427.380044677,361155.1574324274,564483.34303953,2.0951737209581376,0.0,-0.484064060810818,-0.43551665696047004,-0.5809652558083724,-0.002671879946133493,3.590047296203622
0.045009501885412515,0.756723692995322,0.2863010297992623,-2.358655289310075,7877.003284085093,1.0121648754380925,1.0115337329865524,202961804.8969851,5049794.079995212,395585.858841712,580291.9889446739,2.593184527879744,1.0,-0.43487734451184,-0.41970801105532607,-0.48136309442405123,-0.0018524703736084679,-15.114221589106563
0.22641425309952234,0.09287279608891556,0.954365013861803,-2.564008974992836,7812.347021846544,0.8947265298485712,0.9578698888877609,73919512.20652089,2660899.5780196227,352987.8889070657,511679.458376139,2.6617891595939343,1.0,-0.49573158727562044,-0.488320541623861,-0.46764216808121317,-0.004766276426654895,-15.592335320584276
0.7159096493792676,0.9008111553388489,0.895290201584992,-2.30529100301714,7818.352022022909,1.0403448026603868,0.9302196357222655,96283239.51306842,3782653.9291857406,272802.47468186053,423156.30542722397,2.487764905846807,0.0,-0.6102821790259135,-0.5768436945727761,-0.5024470188306386,-0.0031117763180825006,3.8656161629224783
0.3649861739416102,0.11835058046511265,0.6525271380941611,-3.0593433535975234,7808.154925709119,1.0102038459518143,1.0222180005066686,67436327.07827134,2121934.122780031,441785.4290694284,663357.8350667136,3.787327082035815,1.0,-0.36887795847224514,-0.33664216493328636,-0.24253458359283703,-0.0038310406564658625,-9.606779472271867
0.9104518620743818,0.2754387797790752,0.8269039328623982,-2.535811490482274,7843.772011594853,1.0249468477926862,1.0554112154258184,81872237.30834468,3712835.038369907,250476.20569130825,407307.9796353614,1.9481984339436402,0.0,-0.6421768490124168,-0.5926920203646386,-0.6103603132112719,-0.0032698401831468,4.937206586224882
0.44602656368770216,0.7841035277710635,0.5157774792791382,-2.4723241227804373,7905.777650423016,1.0367260945814418,0.9989357199401694,136687084.0663536,4555268.785537664,314089.3909692539,475401.1556576363,2.4078425533900925,1.0,-0.551300870043923,-0.5245988443423638,-0.5184314893219815,-0.00265313410342234,-2.2278286039188977
0.27589707291926635,0.7928848893629662,0.2911846741977139,-2.146224581879386,7789.936831511188,1.051558129343455,0.9978840969420623,167077483.41529667,4846330.9576811725,333653.3725632629,511736.15078734985,2.3559734910743106,1.0,-0.5233523249096245,-0.48826384921265015,-0.5288053017851378,-0.001901387138453315,-3.8626950977574026
0.1661860942998623,0.44581487331314246,0.22205576380386557,-2.6388312106490033,7815.419744014905,0.961581802509627,1.0146370569034915,149137062.651085,3334321.400372939,533551.4510272618,814077.4907538322,2.360296841246965,1.0,-0.23778364138962602,-0.18592250924616785,-0.527940631750607,-0.001933184019074642,-9.895680838898166
0.4438910673762005,0.345680105633264,0.8708042377698659,-2.013198122579006,7807.2209583618305,1.0157750292593448,1.0966814391754778,107567535.81477785,5199493.8264683625,201085.49126099583,304366.8583501683,2.2946722687661403,1.0,-0.7127350124842916,-0.6956331416498318,-0.541065546246772,-0.00392907287368552,-5.969397155428368
0.9490929700537202,0.4667205334371388,0.9094099534708314,-2.3227895492700013,7848.926069493463,1.0410394144471684,1.046455431192831,96469661.89208055,4764631.557825425,213244.61633301692,345759.8784815009,1.984019130092301,0.0,-0.6953648338099758,-0.6542401215184991,-0.6031961739815398,-0.003224883778926638,6.3916039801091316
0.2291912950901063,0.876662507105577,0.511482396990694,-2.420255048196555,7862.840871390899,1.068550275162406,1.0971024271422254,132971819.54639885,3942507.7102569276,357529.7277443911,517841.30046504905,2.7185801379790027,1.0,-0.4892432460794413,-0.48215869953495094,-0.4562839724041995,-0.002714897355877984,-9.17764630290657
0.8508828962009988,0.44725095383769986,0.8239738858432457,-2.164550975059654,7833.3274017340555,0.9903455794095658,1.0205321658410016,111435366.28186995,5593977.458001276,197595.1798497742,316405.1746234601,2.0510989298170377,0.0,-0.7177211716431797,-0.6835948253765399,-0.5897802140365924,-0.003220835751374209,4.416278089231586
0.29911415879896397,0.948932783568335,0.6988200535507902,-2.4962403123393027,7794.1726256924985,0.9977874256424388,1.0041296276584957,99491380.24438295,2973388.557336257,416745.8140504832,604732.4706638128,2.6237817077722583,1.0,-0.40464883707073823,-0.3952675293361872,-0.47524365844554833,-0.003103546830290989,-7.007435133287544
0.8781695980531935,0.47937702173035,0.832409931980303,-2.8194522665351993,7820.42978734952,1.0165602125722548,1.0022694161700907,70099430.13367091,2676929.498564731,329611.747790975,529545.0628898048,2.4191307768906767,0.0,-0.5291260745843215,-0.47045493711019515,-0.5161738446218647,-0.0031827874213400573,5.056916148450952
0.42233353260200673,0.6691074624571386,0.1108412061586642,-2.8205077743591436,7803.12588704996,0.9413847621733988,1.0303902646772503,134903025.75943506,2899097.1253742804,594363.5258796358,908624.3529441423,2.3847956534229953,0.0,-0.15090924874337738,-0.0913756470558577,-0.523040869315401,1.0,90.0
0.6607998515735574,0.5967204524311839,0.4495919445596715,-2.6229547450688093,7692.724752110233,1.058605144707446,0.9517990124067979,79909676.67922136,2429040.033324678,461009.1150980217,732473.1067907296,3.4551807909234675,0.0,-0.341415549859969,-0.2675268932092704,-0.3089638418153065,-0.0024294832644723074,2.9790574750367007
0.9740072124487387,0.5117064782199142,0.03992578884119514,-2.850291886675432,7828.412947894878,1.0716252221090248,1.0042032378924017,116929739.66725186,2834062.941342226,529124.8268155418,837646.2386056809,2.476037301305167,0.0,-0.24410739026351166,-0.16235376139431912,-0.5047925397389667,1.0,90.0
0.10462361452232466,0.11268024694866154,0.7213134182917906,-2.2597211275185907,7800.924420952723,0.9618418541277726,0.9900706433114551,100408076.7880347,3257123.8257259955,361832.3918718332,507764.9695334063,3.140588571246772,1.0,-0.4830965830402383,-0.49223503046659367,-0.37188228575064564,-0.00433884185811227,-21.54406523418115
0.7509182681611163,0.7195764252809871,0.3672526618375647,-2.56215757139607,7878.890438156256,1.0512284991732124,1.0661768375336154,148039526.4589972,4924546.401003829,333636.45145604777,543389.6991734372,1.9418907865377812,0.0,-0.5233764979199318,-0.4566103008265628,-0.6116218426924437,-0.0018969598964381758,7.319844866288005
0.14924393069140773,0.6719335163173109,0.4501215406807857,-2.5482445311779234,7852.104596700447,0.9931345916285408,1.0033744217151128,128515581.5698008,3322196.9400721774,449049.10755475925,644995.4009729471,2.884515889739884,1.0,-0.35850127492177253,-0.3550045990270529,-0.4230968220520232,-0.002759116091546176,-13.739467600047792
0.878729240215343,0.22678857653311407,0.5772024167806322,-2.3706143728502393,7764.910850600235,0.9956367011474643,0.9657322845334099,88065447.5557946,3439415.012848122,295443.1723737189,483581.1445608978,2.11035207329829,0.0,-0.5779383251804016,-0.5164188554391023,-0.577929585340342,-0.002869084993174792,4.845232825487102
0.6541477556287815,0.10314742714483299,0.4247435403490098,-2.4676618659328837,7812.749493601092,1.0086780237940915,1.0402053937858784,107571472.13683881,3789743.8880577763,315888.8146495535,508080.35911280994,2.11443537174087,0.0,-0.5487302647863521,-0.4919196408871901,-0.577112925651826,-0.002827167180413058,0.34804859615287853
0.8620297137839606,0.7364648894100735,0.3399241623649183,-3.1864980728915517,7761.001599404575,1.014212059857749,1.0293284934349478,90645552.00004777,2308992.8735505026,530211.4062816331,884736.9146773801,3.26163651765416,0.0,-0.24255513388338132,-0.11526308532261988,-0.347672696469168,-0.0016885013908043093,10.55330771745611
0.5028228206236754,0.9304010199524219,0.8150219917273306,-2.574006123489414,7837.364049091129,0.9768134119367949,1.0388564022424587,98700692.37296225,3285427.942376165,349926.57516780385,526354.5204500438,2.4254002960620484,1.0,-0.5001048926174231,-0.47364547954995617,-0.5149199407875903,-0.0031588117024088517,-0.8665843638405804
0.39354458931363023,0.9598721468470757,0.24636938653988066,-2.4790245427682427,7813.757136947455,0.9748590601610375,0.8987817943671265,166615493.67427647,4108656.720869218,441215.5849727365,714417.0637041024,2.2249246959005364,0.0,-0.3696920214675193,-0.2855829362958976,-0.5550150608198927,-0.001214722272351645,4.654351187242661
0.44650511190610404,0.9877670435084532,0.9031117903662169,-2.265384991224066,7789.943411776486,0.9318941122037191,1.013197573404349,108126246.50414409,3792946.5937161585,310171.5938151,460897.1635083979,2.4475487987444478,1.0,-0.5568977231212857,-0.5391028364916022,-0.5104902402511104,-0.0032953981205727668,-2.2055581909978024
0.9795070503470411,0.5155552353093261,0.765817618856266,-2.150087870600953,7747.132469505311,1.0264705190536847,1.0003738968151539,88674254.54496786,3881828.3048531576,248654.9173506131,403667.5642750052,2.09595143504748,0.0,-0.6447786894991241,-0.5963324357249948,-0.580809712990504,-0.002951031836091459,6.992862891234974
0.2887580689715574,0.2626492788477126,0.0373844476203767,-2.656402501738639,7873.140825301909,1.0226703348311363,1.0328156266318103,171247307.2180019,3767594.486207622,509985.74745379156,787459.8481965219,2.7010262083052465,0.0,-0.27144893220886923,-0.21254015180347813,-0.45979475833895067,1.0,90.0
0.9433197338678704,0.001135088813967746,0.9325694931738493,-1.9078029381850448,7758.881442974631,0.9313003463593977,1.0939437167922303,93005615.41503343,6188091.02037231,145523.63079037744,241102.01698718205,1.6979878665723462,0.0,-0.7921090988708893,-0.758897983012818,-0.6604024266855307,-0.003525031861844616,4.65244367086575
0.45240469414994117,0.14661743687036327,0.5845325752111495,-2.572295569451554,7796.644218688421,0.8928201493639205,1.0175909418494702,92273999.73204568,3056010.8596283398,365922.9274409781,560424.9431556709,2.2401657027522623,1.0,-0.4772529607986027,-0.4395750568443291,-0.5519668594495475,-0.0034947373902565904,-6.245356709755896
0.6729456453622774,0.6481320024659822,0.7420330098589092,-2.1577928151051795,7837.301600127305,1.0478858326645075,1.0396264204871746,118747315.26105466,5326938.961075003,216789.52403646606,337716.18259233044,2.2616877986474004,0.0,-0.6903006799479057,-0.6622838174076695,-0.5476624402705199,-0.003112227715336967,1.6698883918116003
0.7477376424964407,0.47780904957425546,0.7665845467675488,-2.0794630751349024,7741.469939420126,0.9985969990361719,1.0028922698122185,91939924.01481849,3939457.1590270246,252784.5470269652,399357.524128081,2.206178748797739,0.0,-0.6388792185329069,-0.600642475871919,-0.5587642502404522,-0.003216146667931825,2.481560353751174
0.904187434026349,0.41381144558654526,0.19346555690331035,-2.3407018405999427,7823.806639226597,0.9334737286693494,1.0453806738808127,213912484.53102064,8415091.15732422,372496.6566457642,681231.422384203,2.055481796543073,0.0,-0.4678619190774797,-0.3187685776157971,-0.5889036406913853,1.0,90.0
0.4307882147748876,0.23651308646909147,0.9143993074887037,-2.604421264926841,7776.3399025317285,1.0138402545316039,1.0111566091717925,64099094.46315649,2506905.05496199,334067.1448024387,505130.2035862558,2.972687012713121,1.0,-0.5227612217108019,-0.49486979641374423,-0.40546259745737584,-0.004143411790301673,-6.974349203830009
0.5926584601801574,0.6266249775763347,0.4238936181193981,-2.0422109718963473,7778.24105823027,0.9722239102719742,0.991935997227458,151914001.48505515,5608257.784597075,261372.6454545443,412859.4274068469,2.160646916905153,0.0,-0.6266105064935081,-0.5871405725931531,-0.5678706166189694,-0.002376207038932295,1.8515492313024708
0.6221772460783634,0.5179441909538367,0.6000845702011754,-2.851706689581083,7840.280015882006,0.909107983325531,0.9820174247799837,92711952.50990565,2875296.639128247,401325.29966562643,625302.7944582137,2.1501318149920428,0.0,-0.4266781433348194,-0.37469720554178626,-0.5699736370015914,-0.0029645046215185655,0.32404795126816666
0.015297893975145563,0.14391006874076212,0.18959305025006779,-2.4417592267864126,7766.454114093849,1.0425646547192033,0.9661719472089044,148620813.18529788,3135810.1729199057,600452.7045134691,901108.9437816754,2.7000269581318266,1.0,-0.14221042212361554,-0.09889105621832457,-0.4599946083736347,-0.001821199591906752,-19.250930846588588
0.5205230727250015,0.5903940239400389,0.24839832604086443,-2.12788985455673,7738.686837490146,0.9648046279626749,1.0213977941302286,163616252.53252232,4851617.819006732,339040.40720790095,551351.0847596509,1.8665586362510558,0.0,-0.5156565611315701,-0.4486489152403491,-0.6266882727497889,-0.0016282092918627534,3.8553390743915514
0.6200193543185525,0.44667462098249533,0.1898029404052689,-3.2343351005520287,7905.941769671937,0.9516495102773653,1.023138438103868,151061768.4318156,3561113.845122372,552026.4982316314,941500.2898573306,1.9339485241778152,0.0,-0.2113907168119552,-0.05849971014266939,-0.613210295164437,-0.0010628045987998913,8.777476885123477
0.5270634338113058,0.18524859774063498,0.25704677187168795,-2.6400602445988843,7735.471882666195,1.0136535314871449,0.9396948451072886,100510552.2237721,2734936.4195558545,486151.99629234924,785709.855222907,2.7594045749595826,0.0,-0.3054971481537868,-0.21429014477709296,-0.4481190850080835,-0.0022198406409462525,0.031306024479579975
0.9714241596377455,0.5016727824146544,0.8982275960667153,-2.116959174823118,7807.917790029491,0.9835160107263182,0.9192365933427786,101911848.94163333,5044807.381313733,197199.9978543738,319992.97680607263,2.1006199199093203,0.0,-0.7182857173508946,-0.6800070231939274,-0.579876016018136,-0.003167142732636903,6.8752436930173015
0.7655299320568276,0.14984111512827908,0.63355580454072,-2.206306816018648,7823.013417960907,0.9104442867060943,0.8866243724909175,113019850.17038433,4951518.261189425,227993.8956487776,366872.7626252761,2.133916906520285,0.0,-0.6742944347874605,-0.6331272373747239,-0.573216618695943,-0.003186376203688425,1.876051183679703
0.5219246422541677,0.5997697390921591,0.8270099464002463,-3.0667094478258474,7766.150783172542,1.0462423601978326,0.9776225251454944,61855350.803292155,2020219.9118275365,434973.9550565466,662161.0131627367,4.165019737797686,1.0,-0.37860863563350483,-0.3378389868372633,-0.16699605244046278,-0.003482943229683587,-2.2932676407923935
0.33660453997910517,0.2589677824389729,0.06648603106512571,-2.8422604833171574,7813.360320853254,0.9561092798025717,1.0317038860700776,139333100.32435435,2919518.1469649696,606279.1084373114,941306.9163719158,2.3204982960530267,0.0,-0.13388698794669804,-0.05869308362808416,-0.5359003407893946,1.0,90.0
0.9058878860369256,0.1109880520374594,0.8449294837747803,-2.1283582770669986,7820.443430590282,1.0432179651203723,1.0611927932768266,93066258.27338259,5383166.31103824,172128.7102888778,281683.7419543742,1.9324383326845955,0.0,-0.7541018424444602,-0.7183162580456258,-0.6135123334630809,-0.0034033334700194163,4.2901702504374555
0.18273114702234797,0.9134678121840294,0.7722978458319752,-2.5589981786480602,7835.976616169878,0.9818279753237176,0.9979619705086974,104116677.90034267,2987309.8925203155,426053.22382062336,601399.6656924998,2.847534961996611,1.0,-0.39135253739910947,-0.39860033430750014,-0.4304930076006778,-0.0034074844235329194,-12.180852936288094
0.839295760213594,0.7855794341041238,0.5449216694703318,-2.5333812802089013,7883.986795408512,0.9961619473094387,1.038279843236028,131535775.02392592,4777592.586973907,303278.45295261213,484494.60794307117,2.0237515772178925,0.0,-0.5667450672105541,-0.5155053920569288,-0.5952496845564215,-0.0023981000646253986,6.660248026303538
0.36710894918851833,0.5771184383703482,0.402043329770555,-2.18397124968779,7723.727444315826,1.0512451485439602,0.9543558211395942,109401574.13659063,3341789.541985231,404954.4504013019,616187.0868493736,2.5681516679100107,1.0,-0.42149364228385444,-0.3838129131506264,-0.48636966641799784,-0.002555364087254466,-4.83591643146687
0.06277155207074825,0.31377967580345045,0.4585808754601227,-2.8694739885360168,7876.037965563941,1.0466314869283186,0.9901953497329322,105656209.82716177,2525910.7219038345,553347.5424416357,779262.8765915597,2.9397402621948534,1.0,-0.20950351079766322,-0.22073712340844026,-0.4120519475610293,-0.0031692034833871365,-21.22234797843192
0.07116486887111506,0.8269497986291948,0.9339257848382034,-2.073733629053833,7759.016788870738,1.0172876315881032,0.9798159906064838,107277835.81329983,3452256.0962158483,365032.39400184737,497961.6439175565,3.2970474932304956,1.0,-0.4785251514259323,-0.5020383560824435,-0.3405905013539009,-0.0038939835726652158,-19.101442483272937
0.10647439738486107,0.8533717077502659,0.9340154737075891,-2.2081202822889994,7865.203217678353,1.0561237246477024,1.113122322172992,126772060.78825673,4419268.182432232,275015.42336025496,378658.6251577617,2.9488739139917866,1.0,-0.6071208237710644,-0.6213413748422384,-0.4102252172016427,-0.003840195554875657,-16.79625663931345
0.9905972509479696,0.5448886974223262,0.9664294102547778,-1.9669809065310493,7791.707207852443,1.029737564069059,0.9839125174802978,105306183.82806173,5918785.88625447,182643.3652223198,298016.8328011983,2.055817051979602,0.0,-0.7390809068252574,-0.7019831671988016,-0.5888365896040796,-0.003204248853048248,7.5764979119323055
0.5203367810379054,0.10816284025640548,0.41584847787076196,-3.0935319851551624,7813.529591253969,0.9855128557385611,1.0007068888074162,81903761.96772003,2331246.821289136,473896.3310356228,746313.1611266829,3.183110722197343,1.0,-0.3230052413776817,-0.2536868388733171,-0.3633778555605314,-0.002953275714151095,-3.1927996549520756
0.7833476527621093,0.39875647330473407,0.37299740104657186,-2.7219722431093314,7845.407743766775,1.000501049949791,0.9905616649251296,115295724.0992944,3587229.5746844565,378135.12472539063,620496.6648227874,2.0612894224703213,0.0,-0.4598069646780134,-0.37950333517721263,-0.5877421155059357,-0.0022036463267936226,5.757442346066128
0.009036433719667156,0.060478834432406,0.5502431516537435,-2.8206416559780463,7828.32554381577,1.0870709359329518,0.9599045918811436,90764958.01665035,2272550.5839963933,559272.7333711595,770895.6593729018,3.691089957003686,1.0,-0.20103895232691496,-0.22910434062709822,-0.2617820085992628,-0.003758319831457969,-27.23492999013864
0.2416338830124413,0.6378329520396101,0.2962067790774619,-3.067819900319705,7771.377520842884,0.9554655356866104,0.9889123129897489,106083807.81060408,2288052.878757979,646748.3050113014,982081.0629456923,3.6078814081232142,1.0,-0.07607384998385512,-0.017918937054307665,-0.2784237183753572,-0.0020876831254828345,-6.964530306221974
0.6882287308676411,0.24379812726661465,0.5303793402169005,-2.52316201762329,7813.612144516736,1.0075539863657061,1.0142823878222902,95050543.90723208,3418860.5276110545,319784.5851814505,510217.17237465846,2.216748744826062,0.0,-0.5431648783122136,-0.48978282762534153,-0.5566502510347876,-0.0029579802841234863,1.0176622198419878
0.4375134403187956,0.24149476880469775,0.48958598698843897,-2.9393194013538455,7846.496887530116,1.0004733921056557,1.0724087750726095,88344772.40946802,2623281.4464112544,433371.66644604853,664742.9209611886,2.5539405546882685,1.0,-0.3808976193627878,-0.33525707903881136,-0.4892118890623463,-0.0031420415817698987,-5.610716175004015
0.9956050920733267,0.505924550159567,0.7687754185782095,-2.2806855589442283,7818.249812913629,1.007513549380296,0.9685051490008864,100417779.91100244,4460658.310859358,233983.1696760997,380389.2720627216,2.02457605482369,0.0,-0.6657383290341433,-0.6196107279372783,-0.595084789035262,-0.002947064367442404,7.228291414409256
0.18740770147844155,0.07624527341845903,0.251114462077926,-2.3932858306719167,7819.515039057957,1.0389024732927121,1.0407463335673552,143244781.90416473,3811343.2371113067,410215.0939231987,620521.0344916015,2.6369082640085844,1.0,-0.4139784372525733,-0.3794789655083985,-0.4726183471982831,-0.0025109739885933926,-13.07063052483565
0.6294514703496206,0.2490095799367598,0.6429716469566149,-2.7356087254640027,7829.315756875057,0.9196867329215372,1.0589276001638512,87861714.85631545,3081651.819955661,343850.65866807214,539810.3991323368,2.0874534268457405,1.0,-0.5087847733313255,-0.46018960086766314,-0.5825093146308519,-0.0032999610051862825,-0.9823092971782259
0.9427810432100704,0.3872787308104593,0.9645752476601406,-3.2065032171572554,7887.259669517477,1.0511967918138616,1.0354474644723248,59693451.13550534,2393929.208095775,329216.0356605925,536426.0952663613,2.6265017001998374,0.0,-0.529691377627725,-0.46357390473363874,-0.4746996599600325,-0.0033455567148598384,6.135856523820188
0.09151325367066122,0.6914662269378676,0.4787713780281899,-2.533079767794222,7786.081191306782,0.9423576464028282,1.006327119426653,119158540.17521223,2900736.5881189513,527894.2824893314,743798.9489218394,2.7018580319087713,1.0,-0.24586531072952653,-0.25620105107816066,-0.45962839361824576,-0.0028432853342320254,-17.024433619777597
0.43670927209619276,0.8650909223062616,0.06323390902963703,-2.1956178218241833,7776.762418178055,0.9478884522898763,1.0309593220948647,188715645.10311383,4647378.905390048,404447.7806261044,611789.5583251687,2.505002500718348,0.0,-0.42221745624842233,-0.3882104416748313,-0.4989994998563304,1.0,90.0
0.5101858247463309,0.6086981309863199,0.5411430521240813,-3.262505672846921,7781.272597058726,0.9460451672920367,0.9835789835228571,76807004.59606583,2043601.882231597,531884.4258946062,816148.4590201324,4.0162470634577145,1.0,-0.24016510586484835,-0.18385154097986756,-0.1967505873084571,-0.002841067449952503,-1.7060463798572414
0.5793073086580727,0.010248799757367656,0.9154163438471813,-2.118574711383742,7775.208794186743,0.9407935759660319,1.014507944272355,78674973.6104301,3950745.520554502,206674.48768727956,322705.20911610086,2.153649031809974,1.0,-0.7047507318753149,-0.6772947908838992,-0.5692701936380052,-0.004113484210102372,-3.8381842586602417
0.3030952507991184,0.38595348040098615,0.9280465542495695,-2.642086721959822,7830.596341565279,0.9982875487829698,1.0356701880152968,75964599.1678276,2697408.4058867027,353943.28906976926,519688.2110186455,2.520715166474921,1.0,-0.49436672990032965,-0.4803117889813545,-0.4958569667050158,-0.004199359992648937,-10.500679895801426
0.04123264781247325,0.5632403114583359,0.8776340326056992,-2.4168109747444615,7835.181248771631,0.9472387413175896,0.96475370386085,106534791.55498517,3077955.4118930195,414915.0086778554,564640.0919228186,3.2599861296028583,1.0,-0.4072642733173494,-0.43535990807718145,-0.34800277407942837,-0.004149863024636793,-22.655551170806312
0.04325756301163385,0.14646041739074953,0.9390086691701317,-2.226868722416404,7763.357303342959,1.0005144902646543,1.0008756256001625,85330154.2248689,2889231.6786350575,376058.66498571367,516224.59870210954,3.1981475160729675,1.0,-0.46277333573469476,-0.4837754012978905,-0.3603704967854065,-0.004880650197161898,-25.31085839760687
0.6855502002135263,0.9317798138616745,0.2120685551125881,-2.680924268411542,7743.195191190462,0.9768782890566474,1.0510187303824252,110221337.32677023,2739755.018838868,534531.265638922,817882.5044234046,2.806160455273446,0.0,-0.23638390623011143,-0.18211749557659543,-0.4387679089453108,1.0,90.0
0.47929035116492735,0.8636129701745229,0.670911746004072,-2.5488888174295634,7834.709557234629,0.9870455968412467,0.982101654592421,102521272.63325113,3266960.347345341,366793.61975351843,551464.8307646547,2.5521545799205514,1.0,-0.4760091146378308,-0.4485351692353453,-0.4895690840158897,-0.0029577656541926326,-1.7580517357900085
0.384837929114825,0.8466837118453172,0.634273014653163,-2.0538578546942414,7797.13011668692,1.0091559294372354,0.9794098584729085,131274034.73589244,4810183.814343006,256670.5801243377,381306.4308246613,2.5590294737048316,1.0,-0.6333277426795176,-0.6186935691753387,-0.4881941052590337,-0.002975696617523377,-4.5308732522024115
0.4052325094702201,0.26028865220731645,0.7443008656303632,-2.717660840172951,7870.092697321697,0.972018257150624,0.9267837744773506,81490224.29530215,2806123.2581804283,357835.6353396499,537838.8546505204,2.5942333861739915,1.0,-0.4888062352290716,-0.4621611453494796,-0.48115332276520173,-0.0038346068265140473,-7.664899615181035
0.7206304538713594,0.6908807107567987,0.7739777215438468,-3.296992138028182,7914.542080418251,1.0130107620509052,0.9705752294358458,73273270.58305563,2314808.2925307294,426875.00268674485,666750.1103175043,2.933297691193037,0.0,-0.3901785675903645,-0.33324988968249575,-0.4133404617613926,-0.0030883007721885214,2.868228524701941
0.1585548844481568,0.17482804608052122,0.9746118835359509,-2.644455810540298,7893.66802618932,1.0474468044433474,1.0595349918588561,77381915.66663767,2764596.8152979193,341111.08208794805,485066.09426814824,2.866269266456089,1.0,-0.5126984541600742,-0.5149339057318517,-0.4267461467087822,-0.0047963571437171625,-18.264028825873048
0.9421333918623983,0.6351598370003168,0.6576347782308907,-2.0888997330597454,7777.12812193078,1.0235747501562023,0.964663943199331,111491619.52183755,4764168.638194446,228234.09762592355,367862.0174309176,2.1147957557193022,0.0,-0.6739512891058235,-0.6321379825690824,-0.5770408488561396,-0.002698842032585337,7.063544924012506
0.7270775845565436,0.7331401404236332,0.3549150974182694,-2.3751544393845885,7755.865622104035,0.973706569243479,1.0117024250645252,127115037.41115972,3833549.7519459403,373385.3377273072,608536.9687299372,2.0094036372694033,0.0,-0.46659237467527537,-0.39146303127006277,-0.5981192725461193,-0.001860197570278943,7.2071907728313676
0.6334435740445999,0.14246000783924137,0.48114622615647534,-2.7815194942638937,7805.452555721413,0.9168225677768317,1.0183631516747491,91565574.83794811,2914952.565060995,388938.5018282559,619802.5182752584,2.1447152228043973,1.0,-0.4443735688167773,-0.38019748172474166,-0.5710569554391205,-0.0029834483607868666,-0.4766304309992684
0.13907453227035055,0.07627586445911268,0.4634440372241842,-2.804057021965181,7878.65551106467,0.8806561219615165,0.8737476758141784,111000828.61607316,2753393.3275701525,511728.2223382508,738819.2672560938,2.8589640431695966,1.0,-0.2689596823739275,-0.2611807327439062,-0.42820719136608065,-0.0034842755276747175,-18.490189814063356
0.8957925725880842,0.06888682534069113,0.09417034194419197,-2.1705834213537285,7792.490123902266,1.0498748848457888,0.9846931810819133,151230649.6045874,4955269.177120593,296541.7820016502,479274.4160423171,2.3303661948350407,0.0,-0.5763688828547855,-0.5207255839576829,-0.5339267610329919,1.0,90.0
0.8881395283296627,0.3963128428382084,0.5012267549419315,-2.31113070309803,7860.036032440657,0.9570302269360202,0.9771971461494591,141737456.40719604,6087869.296116643,243905.45102841535,398999.2261175857,1.9678384412210403,0.0,-0.6515636413879781,-0.6010007738824142,-0.6064323117557919,-0.0025417196734212385,6.243899836048552
0.31361796638067985,0.18797933732906824,0.36057579957442415,-2.0722798371252784,7805.6640259186925,0.9872633701882901,0.9787583868202656,154352631.94323093,5356652.461328984,292559.0735928636,445911.683870477,2.44880457210814,1.0,-0.5820584662959091,-0.554088316129523,-0.510239085578372,-0.0028713189847103773,-8.930557896732665
0.2722713993768568,0.7244420699376697,0.5983837894880221,-2.5383167337350967,7795.542349295196,1.0122337176925313,1.031297511938251,98839318.91247298,2898623.5239690635,429549.70826788264,625067.543902695,2.5823306921086147,1.0,-0.3863575596173105,-0.3749324560973051,-0.48353386157827705,-0.0031151899033664493,-9.173493278112186
0.9625798776771333,0.9257554158244128,0.40838198393791064,-2.476499357197449,7765.390395860535,1.0502773858310108,0.8549666915885195,105899687.10946725,3230700.6124445726,399229.06363306806,661218.4133017729,2.227142364578768,0.0,-0.4296727662384742,-0.3387815866982271,-0.5545715270842464,-0.0017096274847557178,11.893638728090323
0.07780458274242484,0.1024482960836456,0.4252977935006986,-2.2207627390901776,7796.594181010489,1.0043013886734622,0.989428880349682,129340640.11221619,3621412.11352251,400471.7165408358,571132.9984152324,3.177012312440163,1.0,-0.427897547798806,-0.4288670015847676,-0.3645975375119674,-0.003278295247242731,-21.345271700557852
0.27536637271532405,0.5262017807844469,0.33482732184716313,-2.4113673825323474,7754.076229923085,0.9962113859820257,0.9636691188718657,118273278.96354744,3136350.1605470846,472829.17912361183,715328.3606438412,2.440916817427996,1.0,-0.32452974410912594,-0.2846716393561588,-0.5118166365144008,-0.0023972435711060018,-7.48271367408827
0.031230968172169565,0.4028868406199987,0.44642243396764875,-2.017179203251214,7793.794840075339,1.0251760107715766,0.9100568443444091,152087913.28178415,4399742.83354005,354712.9074347563,496232.0418538153,3.5209825751424613,1.0,-0.4932672750932053,-0.5037679581461847,-0.29580348497150777,-0.0029885572871050717,-22.480253560625446
0.05032058762913749,0.41086569135928686,0.5330026963132262,-2.2283670288380435,7812.222279938536,1.080737256938007,1.0304106449444566,123142669.34016699,3550732.587486147,387300.8940826594,537341.3062425592,3.3760315346010747,1.0,-0.4467130084533437,-0.4626586937574408,-0.32479369307978506,-0.0033393941463326616,-22.056331785622035
0.0324972857089475,0.5507536282682475,0.18847986551609008,-3.128036222310819,7781.601418967715,1.0251013597780736,1.0224695028441504,127663344.08234484,2268728.3560035806,792150.4982506087,1213159.341754459,3.7989073318588336,0.0,0.13164356892944098,0.21315934175445908,-0.24021853362823328,-0.001328088526065113,-13.382277026307428
0.4749964074788567,0.58756703411879,0.03468820946678616,-2.8074875183402215,7796.941478795229,1.0556109388225559,1.0080366850002116,126370557.64112031,2724928.3399207983,614131.3680935181,946726.5368616618,2.798151704462209,0.0,-0.12266947415211704,-0.05327346313833818,-0.4403696591075582,1.0,90.0
0.3283308916178137,0.8004350575582616,0.10131070261202811,-3.0602108092119575,7880.370691776012,0.9297348244087795,0.9361457921065293,143008082.12105167,2771468.229805728,666763.0938972792,1003995.8365435936,2.5084914272306236,0.0,-0.047481294432458236,0.003995836543593556,-0.4983017145538753,1.0,90.0
0.6008857307627614,0.5255273924070387,0.07296266228039511,-2.251934598618857,7772.470177710901,0.9679784501126636,0.9317229263223812,159301569.55624104,4115903.7955699484,417360.4581476728,650134.3990147796,2.6426770711429,0.0,-0.4037707740747531,-0.3498656009852204,-0.47146458577142003,1.0,90.0
0.7831688436433055,0.8022126001925668,0.6592286730373138,-2.5604802907811193,7815.143351480566,1.0241803045134792,1.0919460630238123,97133041.08720945,3415842.2483561994,328773.61359640304,517073.0916745622,2.1765644070430685,0.0,-0.5303234091479957,-0.48292690832543783,-0.5646871185913863,-0.0027124600305579614,4.895525147532219
0.6717328339316232,0.9939331254283891,0.19117668798017376,-2.0677798671123315,7764.978014501248,0.9933246966873273,0.9544724373925649,161257043.52316105,4800535.292623453,322671.71074841154,491140.31123683497,2.5609162796561074,0.0,-0.5390404132165549,-0.508859688763165,-0.4878167440687785,1.0,90.0
0.6779015772024525,0.9887779144344592,0.03802180121713142,-2.4933624912357564,7851.520363895098,0.9980759268460967,0.9757297593811445,170357575.47975296,4079446.8716503745,444136.6615163154,676392.0682197032,2.833435305462598,0.0,-0.36551905497669224,-0.32360793178029684,-0.4333129389074804,1.0,90.0
0.7394130402594767,0.7381398953358788,0.5201560114529231,-2.433318106170291,7829.982773324609,0.9299891088326601,0.9532836959767291,126817255.56061795,4252771.322459366,321703.9564855514,509654.6026787289,2.0847659998501635,0.0,-0.5404229193063552,-0.49034539732127114,-0.5830468000299673,-0.002449149224076114,4.709264683478899
0.7373607332842126,0.4998981156299643,0.6742758820997654,-2.298162778858533,7801.231589427756,0.9604865057113877,0.9777689536050906,104025271.68367118,4052694.1205518246,271903.59926742315,429261.01388497243,2.1517554310613596,0.0,-0.611566286760824,-0.5707389861150276,-0.5696489137877281,-0.003027726108398712,2.550976671379658
0.4409505295944508,0.4155493180383428,0.23520072686902385,-2.4439359616974556,7846.421941827993,0.9838924860398686,0.9724758625266537,168112266.45826617,4812969.856797673,369329.51703620626,591641.4904492552,2.054446048573783,0.0,-0.47238640423399103,-0.40835850955074476,-0.5891107902852434,-0.0018678981879263381,0.009250840061096
0.39519105027175144,0.3499229627143305,0.32398400870077626,-2.6848652491719442,7849.382553818734,1.0147167652922477,1.029302744959647,121695273.01255232,3365368.525164068,424622.4680301449,659285.4447019323,2.3712661783468736,1.0,-0.3933964742426501,-0.34071455529806777,-0.5257467643306253,-0.0024542860356934447,-4.282750016208684
0.3505407291868505,0.7619525361049874,0.07015241277853096,-2.295405023800309,7756.761929555203,0.9583464827067829,1.0280739051840444,166668157.2742886,3820239.8220325625,500863.1584137622,757378.8931667638,2.6060800112708637,0.0,-0.28448120226605395,-0.24262110683323618,-0.47878399774582725,1.0,90.0
0.5247070317098028,0.5036064368205126,0.2400744906986369,-3.078322271793459,7805.7916226527595,0.9977527708061378,1.042547331008751,111690313.09251067,2650220.724166735,547946.9109568397,893394.7984254848,2.544219077980112,0.0,-0.21721869863308618,-0.1066052015745152,-0.49115618440397757,-0.0016748573124079394,3.3926812082233297
0.44482781763225726,0.5952438749927,0.3499220839722684,-2.326043419584974,7863.93358856231,1.078574862078741,1.0537363748339064,157157315.03702295,5330888.196093298,296866.101111699,462111.7605288015,2.2527046913570636,1.0,-0.57590556984043,-0.5378882394711986,-0.5494590617285873,-0.0022494854123037192,-1.2694344940908309
0.07886412423576239,0.07534114530860311,0.6295860002520676,-3.021699988918196,7813.114118921018,0.9774850011019298,1.05123294810812,81101959.34836407,2105002.975319769,548595.7804278273,768182.61491152,4.029372193886267,1.0,-0.21629174224596104,-0.23181738508847996,-0.19412556122274652,-0.004098027445316765,-22.974673299653055
0.9668857507338192,0.04648931233876934,0.6368495195615288,-2.5373543790895132,7889.324654905847,1.0995761236083637,0.9905509788704083,90972306.89519534,4201165.687642669,242323.81081967123,403212.0356647194,1.998545082853214,0.0,-0.6538231274004697,-0.5967879643352806,-0.6002909834293572,-0.003016496728153589,5.752696631571151
0.3139872258653106,0.034595597486729475,0.679371029362136,-2.6173889541209387,7825.280401833049,0.8916452100981016,1.1159988276181834,89674034.35847157,3018480.481137651,357830.1577896583,531724.4293426237,2.327430891985757,1.0,-0.4888140603004882,-0.4682755706573763,-0.5345138216028487,-0.004075779079132744,-12.052900881704474
0.4852322727554458,0.5101486083949968,0.716877211001594,-2.3089530877237525,7860.811545253791,0.9103391416735982,1.0020725917992412,125165651.90273881,4868210.883149437,261088.86193953484,395496.3723640998,2.253192420690885,1.0,-0.6270159115149503,-0.6045036276359002,-0.549361515861823,-0.0034031600089708697,-3.7547819134702536
0.13100110318200828,0.06197276834169508,0.8051433982664933,-2.1425415550072096,7819.433303032845,1.0783240601383397,1.0833039691953137,95416954.86524758,3661838.9948872463,275411.3611225086,389030.208934562,3.105960169013753,1.0,-0.6065551983964163,-0.6109697910654379,-0.37880796619724943,-0.0046219156513890814,-20.525800961868853
0.7142942611658873,0.8239450820347216,0.08675389135207089,-2.6222168910261825,7827.212434959434,1.0148270939691302,0.9675378606174326,138619039.50582284,3348898.0506157777,491360.1377752595,757000.6342447038,2.6884741847864024,0.0,-0.29805694603534355,-0.2429993657552962,-0.4623051630427195,1.0,90.0
0.028166634966389242,0.5759557634772824,0.9743550904293129,-2.015987945770693,7770.845027027142,0.9928492820703501,1.0674190860859414,112274620.12013078,3761745.9032228943,326036.71757516864,440816.06442978326,3.2561360487873343,1.0,-0.5342332606069019,-0.5591839355702167,-0.34877279024253316,-0.004317411192866209,-23.593217661480278
0.48620419156502814,0.5864738082251186,0.2195855901466632,-2.5560765869722544,7854.353390674313,0.9797677292044881,1.0134530264636874,178689691.42866704,4917924.32318098,399726.62716896244,654522.95618636,1.9979286518657142,0.0,-0.42896196118719654,-0.34547704381364003,-0.6004142696268572,-0.0014198260138492329,4.125274003202126
0.1079856189884512,0.05502713515780103,0.8834343970184281,-2.811892017866243,7852.7784522130605,1.0531100720781281,1.027796839629144,70336625.52118888,2278260.1438757433,417194.92406383366,585413.5959047724,3.447723337189959,1.0,-0.40400725133738047,-0.4145864040952276,-0.3104553325620082,-0.004850289171217045,-21.900907687800387
0.20181100087551854,0.529727994293129,0.4566175414477911,-2.0813663022584197,7808.040343617717,1.0247810989893968,1.1285171054365004,153479114.1098901,5146760.471241401,295442.820238777,431156.46202445455,2.4956728405599113,1.0,-0.5779388282303185,-0.5688435379755455,-0.5008654318880177,-0.002925365310760998,-12.361809822085615
0.40574355866085804,0.04090189937625715,0.5744322812540907,-2.0965308412565697,7772.873470774497,1.1315694878053408,0.9476391630790808,89867128.12074888,3620083.801804226,275875.3511124122,420120.88001831155,2.845601498922963,1.0,-0.6058923555536969,-0.5798791199816884,-0.43087970021540734,-0.003645163421215253,-8.285795008109499
0.3835592667314178,0.6966651755142155,0.29503945063082376,-2.0674170284458473,7784.789383181556,0.9745000346375966,1.0554968884444753,188033846.3324919,6180019.487604924,316759.79883289896,496404.1635348077,2.091732830482526,1.0,-0.5474860016672872,-0.5035958364651923,-0.5816534339034949,-0.001960397118403962,-1.0241110576190628
0.26160478050452,0.6101694190390214,0.726833429676301,-2.062011509278539,7754.01054185373,0.9636152415439493,0.933997447850189,107189796.86065546,3714134.2615296636,324917.3300954753,470015.3729400623,2.900205645045011,1.0,-0.5358323855778924,-0.5299846270599377,-0.4199588709909978,-0.003587313869660557,-10.796791603644952
0.659860039640469,0.3825383530919343,0.8445144434909111,-2.3617517997238333,7888.830734029882,1.0237096181952663,1.0306522961244675,102798309.43560642,4779287.259272977,224418.86625521697,350812.57377822185,2.180388368928476,0.0,-0.6794016196354042,-0.6491874262217782,-0.5639223262143048,-0.0035350774717378486,0.06531685201221293
0.15719240941851828,0.6702403352990859,0.855094749121869,-2.486926591388782,7835.512769184345,0.9955044672403296,0.9870794563317757,97164719.34715906,3004472.990636089,391204.2357558974,550668.3491320258,2.957792944563646,1.0,-0.4411368060630037,-0.44933165086797416,-0.40844141108727083,-0.0038955845644561516,-15.122429195540935
0.44628054449631366,0.7108865284839051,0.8795070595564092,-2.620002433106702,7799.513659353279,1.0045426357040237,0.9976091360437912,79434511.69105515,2720782.1840648204,371270.73164908367,556947.4789993099,2.5746667519826496,1.0,-0.46961324050130904,-0.44305252100069004,-0.48506664960347007,-0.0035478359956457404,-3.6743073229167607
0.3526817518037283,0.4131613179158106,0.4676724479996602,-1.9848824470498194,7762.849120852966,0.9679950596210809,1.0160130767679707,138069553.96962714,4892656.764113146,263286.2332620778,396176.2322111872,2.380517466743854,1.0,-0.6238768096256032,-0.6038237677888127,-0.5238965066512292,-0.002977703872836714,-7.228745562088861
0.4250734173420208,0.9152279590897564,0.37333461703866244,-2.0203626019348,7743.144134572506,0.9543689492638516,0.9578859089285438,156045355.99921486,4812152.3043608675,317683.3412835655,491138.64307780995,2.240850609706025,0.0,-0.5461666553091922,-0.50886135692219,-0.551829878058795,-0.002014880779783881,0.3226841342981004
0.8897234035153253,0.1546342376521717,0.45201542456285965,-2.8888013352017996,7802.177388180554,0.9391632850254907,1.1265464626871087,94140760.11886024,3125957.057934369,369391.60519168497,613191.3587450783,1.7699824609032877,0.0,-0.47229770686902145,-0.3868086412549217,-0.6460035078193425,-0.0025923080741950557,5.734822908250884
0.8370742605288802,0.643609073071758,0.27671880733350784,-2.410210572977541,7873.0644865500235,0.9811262116131216,0.9407304199148175,188417781.3819694,6837194.609523125,320775.6789641626,546572.3510748737,2.0548011049978276,0.0,-0.5417490300511963,-0.45342764892512627,-0.5890397790004345,-0.0013487627462649644,11.669809132724712
0.8059993150076298,0.4874971617654322,0.08424066636342616,-2.430400069917635,7826.985105637241,1.0400956402660566,0.9537802651430664,146797827.46481678,4000856.6371862236,393294.38195143937,619385.8763551976,2.6627780268520707,0.0,-0.43815088292651516,-0.38061412364480235,-0.46744439462958587,1.0,90.0
0.3626995365700802,0.9349799473982584,0.02375961867928913,-2.480285158186731,7708.193267881422,0.9722584659562186,1.0279953826971138,139676157.09511715,2878434.9442584272,663864.882810555,995846.2763760509,2.976484032766091,0.0,-0.05162159598492136,-0.004153723623949103,-0.40470319344678185,1.0,90.0
0.7959945008398026,0.4495263694242886,0.14583938839815017,-2.2484734827627086,7833.8169230196045,1.071297512613856,0.9531407217291631,157346559.06064987,5054500.203824874,302152.4099127782,476395.28679147706,2.482714485113006,0.0,-0.5683537001246026,-0.523604713208523,-0.5034571029773989,1.0,90.0
0.8770189111017728,0.8294947728785953,0.9303340346038435,-2.234833142510638,7767.430735926629,0.9869457415695904,0.9696561535015242,91269040.13766691,3744269.5526144435,268498.0525744545,426045.3943151328,2.219499647455396,0.0,-0.616431353465065,-0.5739546056848671,-0.5561000705089209,-0.003076216634153886,6.584660090371777
0.2644452988336338,0.5753458199411204,0.4901985562537945,-2.710728582000747,7835.765247637284,1.0103134685824628,1.0322029473216432,103896913.65807125,2850767.0814010617,457381.77974013914,672561.2615700827,2.5435322278017605,1.0,-0.34659745751408694,-0.3274387384299173,-0.4912935544396479,-0.0029514187233930433,-9.698490751104714
0.8766110635934038,0.6453094081657172,0.8570384562174213,-2.3752550947517665,7750.025050825601,0.9560400145074299,0.9348573097869122,80018352.09384373,3135196.239694537,308940.9947285514,493232.4688438613,2.1498169435264116,0.0,-0.5586557218163551,-0.5067675311561387,-0.5700366112947177,-0.003107953451731092,5.704301156744748
0.28613830573992055,0.7897788851162677,0.8745242039487597,-2.060326132285634,7726.938251703482,0.9397007350021542,1.0216576018357164,101782848.39235723,3582979.3689344544,333054.8727735576,483169.9545676885,2.607408494848023,1.0,-0.5242073246092034,-0.5168300454323115,-0.4785183010303954,-0.003642272877935222,-8.59932018255806
0.6870870066705473,0.18778923501294073,0.23109083706222494,-2.5801786830014866,7899.233227167896,1.0683070358810862,1.039497565144363,162444352.00940263,5483036.941898736,332703.0906003434,556368.518888042,1.8688696352573577,0.0,-0.524709870570938,-0.44363148111195805,-0.6262260729485284,-0.0017729765683508472,5.368218563131435
0.5087881162543444,0.02338461549183368,0.6608059713475491,-2.5204077387024926,7888.050769088809,1.0425961531238301,1.0942757935406995,92978967.29232636,3810142.722020023,270288.941828378,418070.6118217967,2.2480587971380723,1.0,-0.6138729402451742,-0.5819293881782033,-0.5503882405723856,-0.0037321377679693023,-5.442264598573175
0.8069299395931085,0.932242417978783,0.14045726973959305,-2.856049397249796,7875.898002774132,0.9482449330466647,1.093843758467631,143907305.05510083,3480246.4693202735,493089.77703917475,757491.747366418,2.3627077627276836,0.0,-0.29558603280117896,-0.24250825263358197,-0.5274584474544632,1.0,90.0
0.720287335741326,0.7150993878274488,0.37724756509929014,-1.673299135760671,7674.538874617542,0.9932622462869442,0.9483600309046458,147148261.90169644,5560774.493163935,251644.9545734596,407530.0413881373,2.068359307784279,0.0,-0.6405072077522006,-0.5924699586118627,-0.5863281384431442,-0.001976052420873017,6.3618531707618935
0.6706467998946758,0.35455024928833745,0.7863305166795465,-2.2473740891045484,7738.408250601968,1.010954910115366,1.0207328558741704,77470341.24132366,3224812.0359546044,287802.73160777177,451698.2199784983,2.2176616731664343,0.0,-0.5888532405603261,-0.5483017800215017,-0.5564676653667131,-0.0034460192638603305,0.19330992577910422
0.8341370711212713,0.764440479351745,0.8949896246890372,-2.9093350903711213,7788.838743737952,1.0120148114771694,0.9340320640358335,67098454.60571945,2341215.924899412,384245.8899366569,608620.1829103278,3.2242463147572975,0.0,-0.45107730009049013,-0.3913798170896722,-0.3551507370485405,-0.0031138763233749633,5.5605603833542965
0.7734858741046714,0.19704656735291715,0.21142659921841928,-2.3115994963231348,7783.047870157447,1.0275634352096723,1.0055662251944149,157040904.44709265,5067382.719493334,323804.93413725577,555083.0479941963,1.965338964750484,0.0,-0.5374215226610631,-0.4449169520058037,-0.6069322070499032,-0.0014018864883347765,8.791315492867735
0.06948001083265969,0.7440360400013789,0.23084206990823875,-2.3429916382659064,7818.83936639194,0.9952738180107401,0.9829310304190139,190593229.76616332,4344937.573379396,451686.98360155144,681036.7574090357,2.543979886182906,1.0,-0.3547328805692122,-0.3189632425909643,-0.4912040227634188,-0.0015374411108062809,-11.527648631589464
0.9426449808694889,0.4449820899860981,0.7828745425173798,-2.39419448475068,7784.265428949115,1.0017866598559044,1.0197696408702337,84086995.8557184,3537870.4014729727,267951.2099708303,434408.68763775047,2.053822597810155,0.0,-0.6172125571845282,-0.5655913123622495,-0.589235480437969,-0.0030587123445525144,6.111334017426522
0.4956403537634667,0.45067808100204526,0.6724509117284627,-2.4709663736852168,7839.051785749603,1.0848296514045876,1.0991052927683762,92778200.85967493,3437305.0939881327,304425.7660874043,463646.51574075903,2.451683625803196,1.0,-0.5651060484465653,-0.536353484259241,-0.5096632748393608,-0.003349299610981682,-3.669206988167872
0.15822448081363377,0.5513959541942678,0.432919630094835,-2.6136918488920036,7783.963417041425,0.9708713143623094,0.9537486725870978,109313967.0210771,2730559.8535764646,527797.2117013567,763166.0864295546,2.765335041625931,1.0,-0.24600398328377615,-0.2368339135704454,-0.4469329916748138,-0.0028267743591681733,-13.987842675766444
0.42213849342909765,0.4393837349417739,0.8663281664665599,-2.580632775388875,7775.318158859467,1.0339717924768836,1.0295616807720387,70765327.45866752,2590216.394799153,355357.1925961974,533624.1562039753,2.8560095757916586,1.0,-0.492346867719718,-0.4663758437960247,-0.42879808484166826,-0.0038517000436585494,-6.106301159574187
0.35602389742667934,0.31456173058761344,0.06935127303466075,-2.855639903886879,7819.57704654301,0.9286056968582103,0.9561079147597678,139871964.5648239,2891147.120521005,617952.9879712895,958167.1757162091,2.3815184198860457,0.0,-0.11721001718387207,-0.04183282428379089,-0.5236963160227909,1.0,90.0
0.8775625900708548,0.3086088702057927,0.29897027498276646,-2.2835518303896087,7821.349426608479,1.0328940094165966,1.0235809582710766,158470755.53410727,6006853.789369716,273213.71630581183,461649.5173467268,1.82146214097467,0.0,-0.6096946909916974,-0.5383504826532732,-0.635707571805066,-0.0018697306910185575,8.862289173622727
0.3170248481713001,0.49070456334840823,0.06396617456348869,-2.3740356786750474,7807.1364647107575,0.8834594204079586,0.9924045485410788,195639838.2467295,4439757.661441627,457590.45346949383,699609.2174922355,2.396710511513194,0.0,-0.34629935218643737,-0.3003907825077645,-0.5206578976973611,1.0,90.0
0.06826171833838088,0.3579657828548961,0.7350738672226205,-2.5686905884284306,7776.262524313261,1.0536139652233154,0.988734150281337,84489091.86394908,2446710.5217585466,473864.7870372472,653861.6437772595,3.3558166834971663,1.0,-0.32305030423250397,-0.3461383562227405,-0.3288366633005667,-0.0040702760120887044,-22.227172120810742
0.49299386515966803,0.10039328302646408,0.39832263661443607,-2.779050622756947,7800.184412110943,1.0717894674444042,1.0640407063709825,86880351.6729814,2669792.540503922,419084.44024834177,658087.9774129904,2.6217024726527107,1.0,-0.4013079425023689,-0.3419120225870096,-0.47565950546945784,-0.002930903468475427,-3.871148860651168
0.6524250715629067,0.24957679076269246,0.13562000135201957,-2.1253811823319775,7792.52312364538,1.0617600072414428,0.9862118349814546,214129880.40608943,7464745.407871639,343669.92479130294,620133.0105385409,2.2515406310605686,0.0,-0.5090429645838529,-0.3798669894614591,-0.5496918737878863,-0.0003343583092926618,14.876949479603148
0.8319025688888887,0.432035954435553,0.3743502951879959,-3.05338023545124,7886.910382774897,0.959955550439096,1.042643761603852,115663576.6022338,3401573.2749138754,430160.8506614166,710178.5099664375,1.8913122062805063,0.0,-0.38548449905511917,-0.2898214900335625,-0.6217375587438987,-0.0021226250965367052,6.989923163607365
0.5599034041440805,0.36942888467252155,0.7162215293087887,-3.064791152159724,7815.291356805252,1.0105197119386204,0.8573981514892234,65085680.74568194,2119879.541833109,427511.33812339575,659744.2821237586,3.8026394260069396,1.0,-0.3892695169665775,-0.3402557178762414,-0.23947211479861208,-0.0034421042390069666,-2.423053336007527
0.2634948178828089,0.7306640119456242,0.5514944591089247,-2.6676313043362354,7814.570455233001,0.9887371661242772,1.0027973607782117,101359662.05392292,2790483.9331114544,463749.7243287387,675990.8884988386,2.537743246073911,1.0,-0.3375003938160876,-0.32400911150116135,-0.49245135078521785,-0.0029772898117927543,-9.17746529023275
0.08265194632368432,0.4823901191711824,0.5306716151339481,-2.527988658487973,7891.794360114689,1.0119362688097817,0.9205048919401002,124254004.66425179,3309638.0082375403,425340.5328674896,595069.9548396663,3.3841278049842205,1.0,-0.3923706673321577,-0.40493004516033376,-0.3231744390031559,-0.0032654531190110716,-19.551930694102104
0.42424181815814477,0.700210676267512,0.9489037077723458,-2.2766718010606106,7797.759930042012,0.97669492520335,0.9558309386687541,93278505.50881374,3520990.630421133,296151.29915662244,443095.6995918746,2.5846821863202627,1.0,-0.5769267154905394,-0.5569043004081254,-0.48306356273594747,-0.003686575172860455,-4.281648152571336
0.8273350503861056,0.9663129294996172,0.818240178657651,-2.6024452529091002,7915.037969008935,0.9470236270576491,0.9131300662543235,115298900.22148772,4214023.261056394,303973.64719655504,476174.262337456,2.2087217439544795,0.0,-0.5657519325763499,-0.523825737662544,-0.5582556512091041,-0.00285549532717519,6.197518865960166
0.6103305709393423,0.5590602507257529,0.6929946427951483,-2.188328592922529,7768.159616856085,1.0031805683760318,1.1246845610357934,102935040.6169008,4056552.473837937,268442.54222754046,415045.73353853176,2.1328839543461666,1.0,-0.6165106539606565,-0.5849542664614683,-0.5734232091307667,-0.003156837421183053,-0.12758955993056986
0.17680088414108108,0.7531221997687062,0.9515793656175223,-2.3344069845793225,7896.672027592834,1.0492507744510766,1.0421071757467195,115856812.85319905,4141064.007066412,280819.1081048854,395989.9337819685,2.8943257001164375,1.0,-0.5988298455644494,-0.6040100662180315,-0.4211348599767125,-0.003933909263768109,-13.647624283714077
0.9280953303021999,0.24101198431099446,0.6312470408409023,-2.2257540653675028,7796.375280472677,1.013224729996467,1.1053908923619506,107871476.17492115,4974101.443135086,223749.20240956216,366966.38656231633,1.8580380484900472,0.0,-0.680358282272054,-0.6330336134376837,-0.6283923903019906,-0.0029215783555718777,5.598779521552899
0.07243997953059442,0.2259283909617412,0.5742781522120366,-2.0115324504969814,7755.959256263893,0.9943351650044984,1.003637654885484,120821003.35417587,3784048.5865342882,356520.66197463305,498100.78827185795,3.2563978940414082,1.0,-0.4906847686076671,-0.501899211728142,-0.34872042119171837,-0.0037165677875241046,-22.155464444446878
0.8914258882663673,0.06363553761174703,0.7995032269219459,-2.809207089665281,7823.023755614951,1.0321748101075308,0.9327170142408759,60211413.96117999,2577647.157287334,295358.95467232686,484144.3576588392,2.5538834307152163,0.0,-0.5780586361823902,-0.5158556423411608,-0.4892233138569567,-0.0033845193828142056,3.8766932076131546
0.5674169173882331,0.8509363880234977,0.9081185442534013,-1.6521932784493063,7706.308933380278,1.0267336312494415,0.9640403713449942,113289099.22601475,5390754.13940345,217710.72422883572,332451.29029403545,2.42234177385139,0.0,-0.6889846796730918,-0.6675487097059646,-0.5155316452297221,-0.003314204922615466,0.37257122625360495
0.6280917094607011,0.47312039257521893,0.6152695076490843,-2.9127602345246224,7765.233053027043,0.9840412219114789,1.0081576546882163,73782048.98665011,2324939.171915868,430746.58700818254,672536.5236288222,3.334018363479735,0.0,-0.3846477328454535,-0.32746347637117784,-0.33319632730405296,-0.0030358996404851305,0.16683298980267125
0.27273371423335313,0.3790679626184828,0.7149444496954196,-2.473356687582336,7910.226726791852,0.9394994844908597,1.0173797637952637,118486769.91941383,4092335.2973468034,306110.2282023559,445736.5995574917,2.5731639797551797,1.0,-0.5626996739966345,-0.5542634004425083,-0.48536720404896405,-0.00381581013991704,-11.7771573224402
0.7024043054430036,0.6480071083443186,0.4360154952579664,-2.6956451071106633,7860.984508263315,1.0757119694709796,0.9867913649285963,108184379.94469677,3388469.220788428,374407.0922289878,598314.2691711631,2.3402842904041408,0.0,-0.46513272538716033,-0.4016857308288369,-0.5319431419191718,-0.002297098613448962,4.4374535932459835
0.1959098359947182,0.5601843639414713,0.32692284978394026,-2.607527993496327,7831.23271823466,1.0336855516905923,0.9425119620619246,125284330.7581164,3104223.7109909104,491906.2848667697,732490.327423195,2.7280769403402907,1.0,-0.29727673590461473,-0.26750967257680497,-0.45438461193194185,-0.0023547293538807293,-10.397212686768633
0.26454135122216443,0.3961888882140772,0.1685546315666228,-2.528873402602267,7859.260506367338,1.031340341748827,1.013753152911106,180361522.54868364,4525728.269585024,429450.15539225325,685062.2822313436,2.109828953268788,1.0,-0.3864997780110668,-0.3149377177686564,-0.5780342093462424,-0.001464660803245879,-3.6439089379719825
0.6472816134567716,0.4388581076096627,0.9677057102512325,-2.1453789820938187,7829.935200230353,1.0612340472022415,1.0222978299724963,94863306.93251677,4729716.840331696,196475.87992501413,307004.5506716352,2.204938240559201,0.0,-0.7193201715356942,-0.6929954493283648,-0.5590123518881598,-0.003676642095807982,0.3193105629136852
0.10248149529991557,0.7116961073363293,0.07229418068895688,-2.783639627877769,7789.0289702361615,1.0025846286715334,0.9746073300568207,146323819.4935099,2680006.9846327775,737904.1037746182,1086504.9541085619,3.035692148677228,0.0,0.05414871967802606,0.08650495410856185,-0.3928615702645544,1.0,90.0
0.49206915222677805,0.138419836628996,0.37244246519820323,-2.3031042168174585,7833.997050128766,0.9812900894054795,0.9896675197857093,137028224.94525123,4749828.745426433,294105.2666718644,462319.36842831783,2.192599261859375,1.0,-0.5798496190401937,-0.5376806315716822,-0.561480147628125,-0.0027963170471779486,-3.372521102799368
0.06226684432336892,0.7571507980477573,0.6344656160977243,-2.324967491432053,7820.390058766061,1.0533202593445208,1.0533588023174496,119947931.42547764,3372609.482199376,409491.7091310259,562117.5336170906,3.2411460917003554,1.0,-0.4150118440985345,-0.43788246638290945,-0.3517707816599289,-0.003291856210585341,-19.53500972771931
0.9606016659722953,0.06417172982513662,0.7247778524832567,-2.797718666303261,7824.620525104697,0.9209664419591371,1.0179809586395414,75522119.49842693,3109573.875878353,295055.78028911067,488768.8777542075,1.8450710632087586,0.0,-0.5784917424441276,-0.5112311222457925,-0.6309857873582483,-0.0031704795176669756,5.399743299574535
0.09561147827332106,0.12860585337728553,0.6926530064104981,-2.0010301239066823,7800.605093455514,0.9632242533902062,0.9322261024735192,121280932.17024377,4279548.261293764,280019.1556083029,392971.14052664407,3.315254503614222,1.0,-0.5999726348452815,-0.6070288594733559,-0.33694909927715566,-0.004235461916765913,-21.89087110266756
0.9113531876000123,0.6376084183566205,0.7798595232751802,-2.28712852372533,7850.2417728456,1.0476433852020453,0.9964099717434834,108094421.46783681,4852020.425047947,227699.49644025572,364409.29964146466,2.1479491019233876,0.0,-0.674715005085349,-0.6355907003585354,-0.5704101796153225,-0.0029589067835229486,6.238756190798002
0.9634436138368053,0.03131949262947777,0.8121987784206408,-2.1463794155378233,7842.4539787015165,1.0500010431539946,0.9161582121748594,90670383.89053893,5274839.995096151,169594.107708548,280865.6519266191,2.080856160698039,0.0,-0.7577227032735029,-0.7191343480733808,-0.5838287678603922,-0.0033232843003320484,5.212240556152892
0.15774065401811724,0.4842868953879697,0.7496176643424645,-2.5400157610966256,7777.4160769725695,1.0279867100145554,0.8772800839664955,82907323.04279117,2509089.860079008,448299.3626996994,633344.9178943774,3.213168158645104,1.0,-0.3595723390004294,-0.36665508210562264,-0.3573663682709792,-0.003899672412619992,-16.374087065946547
0.47289711154187025,0.6662928310268849,0.34620024985332004,-2.3010402780778447,7829.459388761081,1.020221166323639,0.9944984438413708,153462902.34679884,4864049.631711666,319396.9760453384,500202.21317555493,2.195030063307195,0.0,-0.5437186056495166,-0.4997977868244451,-0.560993987338561,-0.0021237233457824705,0.24218534963478433
0.19629934429504942,0.03493436417983847,0.5802660557187144,-2.4519687908348016,7741.01497950102,0.9988287334312461,1.0657622395652273,84610477.12025642,2648883.255912546,426921.87466716574,620209.3983698358,2.970373064181695,1.0,-0.39011160761833463,-0.3797906016301642,-0.405925387163661,-0.003925448122809026,-16.692431918093597
0.030194399436602824,0.26257392976618027,0.6448247515831709,-2.238646728888914,7822.776640527775,0.9076479053427708,0.8979888091322298,126258765.6216785,3567759.5268182848,391204.04948646895,536035.7395053986,3.511483629141497,1.0,-0.4411370721621872,-0.46396426049460143,-0.2977032741717006,-0.0038985424975109427,-25.05128886577966
0.36102008223248927,0.9345090787899436,0.21449038766401696,-2.0652271461647427,7778.7131597047255,1.06261782655658,1.042274441518451,211945925.37337214,6487010.853685716,349361.9568892369,577065.8945294083,2.317195195101774,0.0,-0.500911490158233,-0.4229341054705917,-0.5365609609796451,-0.000951607990043831,5.594993971557422
0.5531308854582192,0.7950915914428854,0.4319994173093098,-2.2520223950300524,7786.402448884856,0.9475954557420405,0.9606170591935401,137639560.35480317,4347630.888915902,327242.3110179249,510546.0502045394,2.217588271094384,0.0,-0.5325109842601072,-0.48945394979546064,-0.5564823457811232,-0.002272506239848297,1.8655251757771154
0.9589864033111896,0.7401305443088801,0.6551926132432853,-2.143419681846814,7742.193476176115,0.9443736799703284,0.9065680028933321,104014017.84889214,3967259.180425195,286914.6846673573,461745.22665128694,2.2129037318851754,0.0,-0.5901218790466324,-0.5382547733487131,-0.557419253622965,-0.002608833875003522,7.738515106973193
0.19019036383822566,0.7205952413088255,0.5894087698713246,-2.572072435332704,7877.61764435281,0.9853316886155928,0.9991703258580341,118880518.75533934,3334871.75232026,407682.6300316768,581875.0513509094,2.9302696542951194,1.0,-0.4175962428118903,-0.4181249486490906,-0.4139460691409761,-0.0031567820497771545,-12.661546944942753
0.5982675744673317,0.3614625681522268,0.09165960819469018,-2.5813811143581735,7767.414565614977,1.0420738765008335,0.9917918257167124,121057225.46206711,3012527.592676692,511546.3557092248,804298.915161677,2.403931417559287,0.0,-0.26921949184396454,-0.19570108483832294,-0.5192137164881425,1.0,90.0
0.302739854150097,0.9638690355176859,0.9647415946947864,-2.440969354966162,7830.240519370463,1.0484171247669956,0.9800104627698958,93392571.19625732,3140206.0515345964,350982.52919720556,507047.8595526957,2.854488180034763,1.0,-0.49859638686113494,-0.4929521404473043,-0.4291023639930474,-0.0035551070694716377,-7.149827192798529
0.025842319788830174,0.98028284489821,0.561736399630924,-2.5145469263537295,7865.997076739126,1.0140395736309644,1.0103049930929995,135358255.4415859,3291682.895276964,475561.23507847945,648123.376479384,3.2825273232269616,1.0,-0.32062680703074364,-0.351876623520616,-0.34349453535460767,-0.0027915732130651023,-19.71229084432246
0.16223980074412636,0.5484004942089419,0.9965755295425959,-2.2998672667407845,7860.448317480837,1.044804153975584,0.9442695368222658,97907063.64243034,3534440.6706682933,296230.08259682945,418977.650695935,3.160058369862142,1.0,-0.5768141677188151,-0.581022349304065,-0.3679883260275716,-0.00429046748137364,-15.555714645135588
0.8792596955575306,0.027018688520773,0.6055528232010675,-2.427163263829201,7796.803403916531,1.0060916781334093,1.028742369531582,87007643.07965349,3703405.1434909585,261804.11797173283,431414.7116060913,1.9563091087445021,0.0,-0.6259941171832387,-0.5685852883939086,-0.6087381782510995,-0.003076159179651971,4.030663812682729
0.8355694094998556,0.7954761761378775,0.05704637782897703,-2.026964799464547,7732.979099795729,1.073691209780064,1.019804965985366,152740187.7950392,4403044.803389241,368406.3996224189,571280.0822456331,2.7227256873037127,0.0,-0.4737051433965444,-0.42871991775436685,-0.4554548625392575,1.0,90.0
0.4468768819800173,0.3656629895681855,0.06371922496993644,-2.391417917182193,7851.342396868039,0.9775289273791815,0.9740114268694195,188151548.65050012,4864627.688854039,390589.6151368214,607498.0179313277,2.418174721698561,0.0,-0.4420148355188266,-0.3925019820686723,-0.5163650556602878,1.0,90.0
0.41575440874123915,0.4340777912127529,0.7623073844913887,-1.9557787146974503,7782.580002215823,0.9853710424484577,0.9461722123783451,112291188.8081831,4813586.887079619,222001.09088741936,333526.79852989205,2.525507674587761,1.0,-0.6828555844465438,-0.666473201470108,-0.49489846508244784,-0.0036690339090294484,-6.362204618850313
0.16590305727785976,0.7154458349864217,0.9026719362756511,-2.6053269125656198,7771.123919641509,0.9818968343275927,1.0361639010065014,83660746.86404113,2517052.9871865483,446841.2429424484,630412.3539506678,3.1249745520492715,1.0,-0.3616553672250737,-0.3695876460493322,-0.37500508959014567,-0.003914974545137132,-14.359785139465234
0.20390009528583114,0.167950060218307,0.6782188218968128,-2.3312080559063,7786.684852299768,0.9986750165518777,1.0412586819875052,91865489.54066586,3092411.1827585236,360364.08879844024,519912.91894969705,2.798679957039022,1.0,-0.4851941588593711,-0.48008708105030296,-0.44026400859219555,-0.004056046749561209,-15.954430177029757
0.7691117736090372,0.6799798294556967,0.5871585303584358,-2.2511830221192453,7835.272157502024,1.0554004956463752,0.9675766924475497,119990253.91508144,4750754.721539822,252963.51518720004,400358.30991016317,2.2529985533599772,0.0,-0.6386235497325714,-0.5996416900898368,-0.5494002893280046,-0.0026513036126299926,4.453878116945425
0.14458990681385955,0.186842812827271,0.7782252785620367,-2.6321437442926463,7789.5188495829025,1.0497671671728792,1.0013970485859642,74881791.01159811,2392005.3709727493,425734.2617234802,602717.3692323344,3.367384076311311,1.0,-0.3918081975378854,-0.39728263076766557,-0.3265231847377378,-0.004367833794233646,-18.994301322895492
0.7321560691904772,0.3639454024366418,0.9449791979697114,-2.364612439929109,7841.97903762603,1.0540462215007262,0.9610930489705312,80243021.95801795,3719001.1668359204,232722.61633475614,368748.73730897234,2.2781342479076665,0.0,-0.6675391195217769,-0.6312512626910277,-0.5443731504184667,-0.0035977971516197222,1.7961902949035462
0.24810132154446077,0.2768466802431514,0.6384789774286699,-2.6760797645612833,7930.071772563096,0.963357508387745,0.9079544362898673,104567266.55859606,3224583.2840847205,373858.7151280606,544294.326975587,3.0042415010514394,1.0,-0.4659161212456277,-0.45570567302441295,-0.3991516997897121,-0.0037619452270383933,-13.195467437281074
0.6293723638430546,0.19772854631749712,0.6569548680893968,-2.2192425348350695,7782.424297597356,1.0225696506186492,1.028846904999861,92075048.87421715,3848327.6460937615,256700.72953244334,403466.2418969152,2.248241412252299,1.0,-0.6332846720965095,-0.5965337581030847,-0.5503517175495402,-0.0033774285233431215,-1.2691823506394826
0.9240086273414938,0.35376501066226385,0.060402987690603094,-2.4154773231213396,7816.657694335329,0.9850541936061813,0.965125920464581,151442266.27652705,4153275.946809766,387754.9473623629,617757.7628236993,2.487575512058499,0.0,-0.4460643609109102,-0.38224223717630074,-0.5024848975883003,1.0,90.0
0.7389933020827019,0.1747256132233458,0.534965507236548,-2.4720380716188695,7835.248633470018,0.98830307227801,0.9930740555361959,103373697.53646895,3934970.2405009307,290436.6883326444,467777.5485983434,2.072100425224906,0.0,-0.5850904452390794,-0.5322224514016566,-0.5855799149550188,-0.0029702931129231697,1.8713014227379574
0.6895216422155378,0.10189765793434194,0.7939007325733634,-2.912053655346032,7807.566277679078,1.0643540530064919,0.9664348501431166,56956988.35962284,2267742.9890058683,334860.59485657787,531831.068356943,3.289209460227981,1.0,-0.5216277216334602,-0.468168931643057,-0.34215810795440377,-0.003644919429039357,-0.48731584750892054
0.9329062031825647,0.8667030226023698,0.2217253767639291,-2.4401304679592415,7752.394421198855,0.9982568005170792,0.993976683210548,114627432.32776861,3217196.0779994605,441950.77931247477,684997.5037801376,2.394374051869541,0.0,-0.36864174383932174,-0.31500249621986237,-0.5211251896260918,1.0,90.0
0.07267775709099389,0.5410355817611243,0.8262033079335314,-2.7010925964861823,7794.825832686259,1.0063382158251815,0.9488546763550635,84246850.75220391,2351059.4611529494,495758.93456279393,681937.6128880059,3.5123889114821987,1.0,-0.2917729506245801,-0.3180623871119941,-0.29752221770356024,-0.004063346812435977,-20.804403240218363
0.9288547059810338,0.6604003249605569,0.5901730978479354,-2.3656075041542235,7808.945260575271,1.014852282020328,0.9715387267496863,107673242.63019562,4044319.0461965543,286381.34085714095,462495.3959902625,2.122465822543933,0.0,-0.5908837987755129,-0.5375046040097375,-0.5755068354912134,-0.00253818195538793,7.322118392353094
0.189566093643083,0.5630712853991189,0.8116112514013205,-2.343896369435982,7771.790341892062,1.014023829523825,1.0573768569979405,90643442.55627581,2974987.6328555015,380572.0733611207,541111.4928536536,2.7465667033566104,1.0,-0.45632560948411327,-0.4588885071463464,-0.4506866593286779,-0.003911937544506081,-14.323984171334821
0.4664488368507707,0.27725466874883625,0.7842602258772199,-1.8481913618323638,7735.30666240747,0.9992018901143017,1.0437931702319216,100296143.3891569,4641882.628448036,207325.5338552628,314937.7105740472,2.309167214164373,1.0,-0.7038206659210532,-0.6850622894259528,-0.5381665571671255,-0.003807304128031373,-5.667818760866741
0.8487764586664945,0.1997546271114109,0.6119923266487205,-2.854170443950426,7879.915964057934,1.053935540687594,1.0092847860408756,81087556.58215638,3053033.918012905,325749.58903889946,530249.2946221841,2.15888014567456,0.0,-0.5346434442301436,-0.4697507053778159,-0.568223970865088,-0.0030000379496067154,3.9584600824823184
0.4195515347788274,0.5429921792435886,0.2789112662124481,-2.090034140036206,7769.398890025628,1.0292791795104563,1.055998456045179,164054395.6032875,5230385.116714539,300641.22999169613,473903.53103272564,2.099753441975003,1.0,-0.5705125285832913,-0.5260964689672742,-0.5800493116049994,-0.0020344727667868916,-0.8288600128581756
0.4462071157333466,0.8436483615983715,0.016922515175644345,-2.4398614317659337,7836.865032240329,1.064098118929791,1.045598283114297,173234308.75972122,4040548.247728901,455037.4350959415,689610.1688915507,2.893108873118356,0.0,-0.34994652129151216,-0.31038983110844925,-0.4213782253763288,1.0,90.0
0.5167426541330924,0.2595530678167992,0.312895568100753,-2.1515299186726513,7788.669669338775,0.9603957637259701,1.0719154453764932,160519297.21914482,5599043.103643519,280656.29926746764,446538.89294670796,1.9900185402839454,1.0,-0.5990624296179033,-0.553461107053292,-0.6019962919432109,-0.002368509395456753,-0.8988332188585133
0.7325027232641659,0.8306858062566509,0.9224790053356167,-2.716468893736319,7881.911982904112,0.9643905930154224,0.969573928109378,92058670.35098453,3327368.2828944176,326489.15086851304,509081.2012275992,2.2993846278925547,0.0,-0.5335869273306957,-0.4909187987724008,-0.5401230744214891,-0.0031905587265588023,3.9366800697948534
0.8013883684385962,0.04797695860521611,0.0018151099211263925,-2.4593618012245337,7797.670361541157,1.0867036671577894,0.9570295713198279,132371018.24717177,3500678.6308878926,441794.6512653923,713110.1070810397,2.7324690035814614,0.0,-0.3688647839065824,-0.28688989291896033,-0.4535061992837077,1.0,90.0
0.11178307044795036,0.06685895772915033,0.14339638454061476,-1.9816012507234009,7774.952917778771,1.043741348535539,1.0253581071796756,213180819.6936155,6052267.653516416,392492.1282420539,611625.8964360147,2.3917303300080475,1.0,-0.43929695965420873,-0.38837410356398533,-0.5216539339983906,-0.0016699103644169976,-12.91837928941198
0.5897900693711278,0.25032621317739095,0.08922410276566996,-2.741920662824959,7912.344795085307,0.9398043936267281,1.0343842633079245,173778065.0286568,4451039.993495044,442189.5715681395,698358.2351932875,2.1465941908736323,0.0,-0.368300612045515,-0.3016417648067125,-0.5706811618252735,1.0,90.0
0.9053338046062143,0.20573419942069796,0.5646559304437506,-2.4606888733385683,7759.049427439357,1.0503699472938406,1.047518098254493,81565121.46082059,3186827.1161043923,305161.87044385745,502212.6593977848,1.9994693375320758,0.0,-0.5640544707944893,-0.4977873406022152,-0.6001061324935849,-0.002826870038192056,5.378987591978337
0.31122489721394303,0.7796035551362186,0.3859615921999883,-3.0243942566503224,7767.3810939004725,0.9130103297210982,0.9876874090321158,101312981.43379563,2320080.1874733213,605060.7844446857,912746.9933571093,3.5005679421534452,1.0,-0.13562745079330618,-0.08725300664289075,-0.29988641156931095,-0.002310824123081745,-4.9739555931216515
0.1684425216156982,0.5125126761911363,0.7435032828683762,-2.2260457901271122,7836.067646452418,1.1029055427996712,0.9417412481741502,103900344.12413467,3589438.9353172462,310956.9992720605,440013.0750889847,3.3316365645884787,1.0,-0.5557757153256279,-0.5599869249110153,-0.33367268708230424,-0.0038402963239663407,-15.642925134025568
0.393379300431973,0.5198996260481102,0.360705149496792,-2.554951350193277,7830.117946877698,1.137771332461111,1.0152149379209066,111049909.68215254,3254007.1567037357,402408.2201407963,619895.6444229888,2.5904816256113663,1.0,-0.42513111408457677,-0.3801043555770112,-0.48190367487772673,-0.0024299752283568734,-3.7139336429778353
0.5705781824472625,0.7283179778237313,0.04208683589373078,-2.6642410635992944,7738.323527034037,0.9919695225333237,0.9794765581965116,123606571.14151776,2709601.776620704,621780.8268913835,956838.6875756577,3.0692697578614503,0.0,-0.11174167586945213,-0.04316131242434226,-0.38614604842770994,1.0,90.0
0.8967935263331245,0.2644425969634887,0.9574192648871506,-2.2847256319561495,7886.053095940701,1.0070153766379786,1.0252844976133502,98640132.9509413,5813069.3570430195,180282.90908766602,293103.05445527413,1.9450617829987324,0.0,-0.74245298701762,-0.7068969455447258,-0.6109876434002535,-0.0034674465319306713,4.7694524480846106
0.3926718164762342,0.3640559010247739,0.95396594611629,-2.611373080225618,7867.595864218475,0.9910902445416805,1.139823472790513,82972141.80429801,3229071.8493769965,299287.5427489487,448033.629996815,2.318205937857896,1.0,-0.5724463675015019,-0.551966370003185,-0.5363588124284208,-0.00412069955161125,-7.351635076618265
0.3970891433926538,0.9802195009584448,0.47662532635527205,-2.2215958488859333,7814.21121636909,1.0157534825086567,0.9220631953490375,138740000.67471528,4353520.086476363,318856.2597320831,480058.79097822064,2.631091334947056,1.0,-0.5444910575255956,-0.5199412090217793,-0.4737817330105888,-0.0023669482424584463,-1.8598783172041458
0.9462082232725351,0.19035336877299247,0.19460326702194344,-2.607315057891312,7792.281003024031,1.0346827744291733,0.986622728920171,145223161.14307553,4230565.657117576,389090.3124950677,700547.3505175221,2.1088680580050343,0.0,-0.44415669643561756,-0.2994526494824779,-0.5782263883989931,-0.0007342597182498456,15.715351525329666
0.3119199390650756,0.9164621785734081,0.597806845589296,-2.1609922095998546,7830.816252627623,0.9271489553058652,0.9549855104358347,151178156.18805504,5087438.980381652,292978.5370770332,429613.69246750354,2.5261142665007092,1.0,-0.5814592327470954,-0.5703863075324965,-0.4947771466998582,-0.0028702148088652645,-6.341019349796294
0.3140030359974855,0.38739103115672435,0.9840231446132863,-2.3384714938434996,7745.057158173022,0.9752972500168531,0.9759734449993657,73265048.48183581,2789425.470432748,337177.7200350586,497482.978209501,2.6553365371739837,1.0,-0.5183175428070591,-0.502517021790499,-0.46893269256520326,-0.004263923267983074,-9.903744250802635
0.45800068890880014,0.1399977681074381,0.6389326749416339,-2.18459638043222,7765.865330359283,1.0195350782517811,1.0319778051350912,90474218.18654628,3572309.0068573398,285378.25187142496,436390.3933974658,2.472919860039261,1.0,-0.5923167830408215,-0.5636096066025342,-0.5054160279921478,-0.0036354246850970346,-6.332627323427285
0.6148062741527921,0.7451822188953864,0.5323452755195035,-2.1978288965715413,7779.79046598295,0.9629218282550869,1.0556548285666911,128290036.25323848,4522897.462607488,288372.19815362897,448192.36241489416,2.0771982646463445,0.0,-0.5880397169233872,-0.5518076375851059,-0.5845603470707311,-0.0025867280106706423,1.8572401540279557
0.6786577482504135,0.08572191879041612,0.7694310287658906,-2.353967460836484,7831.898213561078,1.0138545872764002,0.9714090303439613,82843031.21163704,3745487.0064590545,238453.00264879866,378008.8667423662,2.2457649415794174,1.0,-0.6593528533588591,-0.6219911332576338,-0.5508470116841165,-0.003631368060997195,-0.7930377720220037
0.5980644103617742,0.5422390608435375,0.30864132969043606,-2.552460470959484,7822.03859135404,0.9706980846656971,1.04956224023966,142571817.5566313,4179270.0035273964,381801.20855852513,616354.3730549704,1.9076753633238466,0.0,-0.4545697020592498,-0.38364562694502957,-0.6184649273352306,-0.002009948288332227,3.662721627100506
0.06407394907890389,0.4063563498009831,0.7516482569183512,-2.494674757448291,7819.154171929611,1.027631552350523,1.0261743417449338,95382798.66588381,2785488.589695179,435401.79439247184,598959.6787619387,3.1151422314550032,1.0,-0.3779974365821831,-0.40104032123806127,-0.3769715537089994,-0.004054261245151702,-22.206555461729558
0.4382733437360433,0.8274074982763477,0.8809201748082904,-2.2715968062443213,7812.548886856342,0.9698142978311242,0.9870728114960576,105597024.93581758,3873364.3290636344,288873.22900360293,431128.75925155845,2.50563363101187,1.0,-0.5873239585662815,-0.5688712407484415,-0.498873273797626,-0.0034365426522322672,-3.225082522194583
0.9099869185415752,0.7382762952975648,0.09956141130338067,-2.938375570745191,7809.511657022046,0.9500183717984615,0.9752974526785221,116736566.07749961,2688001.671254402,570534.8906229921,890086.2717129735,2.717081141606151,0.0,-0.18495015625286848,-0.10991372828702652,-0.4565837716787698,1.0,90.0
0.31294014708432355,0.31172355884840464,0.1711680933704638,-2.9768237460801728,7830.627357048,0.9862051952846929,1.0433604331972857,133113005.19902667,2931392.953586215,573122.2646727154,919186.111163434,2.1349662907638347,1.0,-0.1812539076104065,-0.08081388883656601,-0.5730067418472331,-0.0015794449185362461,-2.936960927568151
0.20699627840122553,0.023772994661793893,0.78769097085995,-2.6392995862189377,7871.752556793687,1.0102240403298484,0.9943053554401593,79338732.86611742,2734952.456461133,359247.43528502254,518879.96083072055,2.8465201211282256,1.0,-0.4867893781642535,-0.4811200391692795,-0.43069597577435487,-0.004534301828290625,-16.899526461272362
0.6680576107159263,0.6158844559344626,0.5371856708954889,-2.9185349301175294,7778.521711463857,0.9441140139670456,0.9928499436085525,84658895.04143098,2480642.30785488,453184.54283292865,712834.1751999274,2.9680131877526357,0.0,-0.35259351023867336,-0.2871658248000726,-0.4063973624494729,-0.0026678114114268943,2.340102963517765
0.6859084308986426,0.3097259600530693,0.737218809440977,-2.2095060732522955,7799.808192223919,0.9908402873061506,0.9531910604819593,94850282.7144292,4073410.836142666,240484.2034796722,378814.95586030633,2.2391681379367423,0.0,-0.6564511378861826,-0.6211850441396938,-0.5521663724126515,-0.0033718562030499635,0.4101508926165174
0.25906392309561793,0.5874751534759681,0.9885118484694744,-2.519173667858265,7836.277775275828,1.0498261527786585,1.0244619851654915,82235767.04952574,2913168.7384016835,342518.1951675619,496737.8671171956,2.7167253424174698,1.0,-0.5106882926177687,-0.5032621328828044,-0.45665493151650605,-0.004097234284322239,-10.826391419813703
0.41608279523938335,0.7759971981739195,0.08629613922178614,-2.5406820687548457,7913.472259435652,1.0178257925690037,0.8820835953883476,185478342.86779624,4543584.44915447,419001.34642614407,635689.9524259232,2.887744032882003,0.0,-0.4014266479626513,-0.3643100475740768,-0.4224511934235994,1.0,90.0
0.19780769375751084,0.8497582056790028,0.7641780350769108,-2.6498972346915814,7815.099259547296,1.019885222060304,0.9912539649464585,91776055.31988247,2644323.1687258147,452563.8721696911,641960.9979265153,2.794154829622204,1.0,-0.353480182614727,-0.3580390020734847,-0.4411690340755592,-0.0034532033490668403,-11.945171684981176
0.5793940541925029,0.12848183475550937,0.5648036870608463,-2.7100108411804102,7784.909793057912,1.0343991703710969,0.9252169087329924,73444935.88676798,2531525.623150883,381660.9740146702,599433.2407287019,2.9388471164676133,1.0,-0.45477003712189973,-0.4005667592712981,-0.41223057670647734,-0.0032891345200891354,-2.5174025277394634
0.030539923514872263,0.7234323084193153,0.3570447575964717,-2.2101182293330126,7762.704704446362,1.0578504368597739,1.0396489304305125,145188183.57526904,3562752.934644146,479785.99836689373,682158.4055550701,3.002670599086238,1.0,-0.31459143090443753,-0.3178415944449299,-0.39946588018275236,-0.002247491612280448,-18.426188054342852
0.8860179682455963,0.5793524247433347,0.36318920337716787,-2.7311575205724754,7759.3489463038195,1.0875066602736583,1.0511274780453002,94609683.57006228,2845249.526383374,421492.16305492143,701694.461853931,2.3950571685004576,0.0,-0.3978683384929694,-0.298305538146069,-0.5209885662999085,-0.0019052621096545032,9.284850823992254
0.6179157182717915,0.8512401510767604,0.1175620557096168,-2.7671266375191297,7806.749377901564,0.9360513293626596,0.9830072810022755,132561868.54213619,2990386.0486708675,559447.8399854645,856869.5137757552,2.374865507555235,0.0,-0.20078880002076505,-0.14313048622424482,-0.525026898488953,1.0,90.0
0.09413223567885932,0.0023462736656868688,0.46807474104561225,-3.012697315900553,7881.549311370759,0.8846354249768634,1.061693380141071,106824446.65640679,2515470.2871034197,560370.3590287972,800225.5386501626,2.830183503022054,1.0,-0.1994709156731468,-0.19977446134983737,-0.4339632993955892,-0.003580207006132269,-21.44854307570563
0.3709308491933445,0.3054995245415259,0.032790590792313945,-3.396100938167419,7900.993478720772,0.9760295942865778,0.9393697117363863,125489447.01484323,2331929.3833738277,740371.704607313,1149943.357233844,3.28416970164901,0.0,0.057673863724732904,0.149943357233844,-0.34316605967019803,1.0,90.0
0.7065335924178685,0.49906905102986737,0.09625084319199517,-2.459813739654326,7769.864050965903,0.9125539639010849,0.9945524847176848,143899764.04098952,3588205.1628749277,469392.0723570448,736182.5681656888,2.3425175301043035,0.0,-0.32943989663279316,-0.2638174318343112,-0.5314964939791393,1.0,90.0
0.7617210451967352,0.7876217476944978,0.16186526526731737,-2.61584771720358,7727.672292670617,0.968070552137188,1.0933244308510968,113327288.94069944,2835477.368382763,526516.3508508374,814843.2026519065,2.685097469997187,0.0,-0.2478337844988037,-0.18515679734809348,-0.4629805060005626,1.0,90.0
0.8356576745541178,0.9319785822556216,0.508128874974155,-2.1568152637375486,7803.34317362128,1.0433188682591792,0.9583736179755501,135159210.68285456,5080698.11930132,258357.05525073665,412850.63670927857,2.21024244168619,0.0,-0.6309184924989476,-0.5871493632907214,-0.557951511662762,-0.002174489119246027,7.788924846762185
0.01339269561953435,0.24786205493133745,0.08051383122083659,-3.2090470492382996,7818.7545635206125,0.9940963795116479,0.936820784352715,135360965.2692937,2194861.4702069503,886478.0859322654,1316577.5355167107,4.192222184993676,0.0,0.26639726561752197,0.3165775355167107,-0.1615555630012649,1.0,90.0
0.44189632979295107,0.9789680290113214,0.6705244080113668,-2.487814568054911,7917.069607102799,1.0656300724408005,1.028394463670839,126201217.90544234,4357158.612637803,304434.144795291,453369.94225151854,2.4992578577522577,1.0,-0.56509407886387,-0.5466300577484814,-0.5001484284495484,-0.002877365409953131,-2.0807478961134827
0.42391139147596313,0.2987899750344792,0.22457482116168104,-2.404745362833071,7795.132752867723,1.0944201414583896,1.1172864855440714,139774430.84493613,4045686.2302599014,375434.34269906994,600610.3031139761,2.132058582058892,1.0,-0.4636652247156144,-0.3993896968860239,-0.5735882835882216,-0.001963718803680927,-1.3335900750345466
0.8563161445252082,0.34532419504272194,0.850581356340218,-2.611677318835703,7809.612473138974,1.0056192615124775,0.9910332985194547,71783825.94261417,2988896.206405832,288535.1390690982,464819.9284366143,2.104162729671914,0.0,-0.5878069441870025,-0.5351800715633857,-0.5791674540656172,-0.0033247750027178605,4.142529148983289
0.98567528134501,0.6472712304174298,0.7311185213506132,-2.5430226091994763,7781.630375801072,1.049419996527428,1.0151094398938343,80016710.69684029,3051663.672747315,317094.00283788604,512398.1084928474,2.1106194264471014,0.0,-0.5470085673744485,-0.4876018915071526,-0.5778761147105798,-0.002801834894884367,7.578766925832921
0.05390373714089827,0.9458018550741434,0.3579578469660563,-2.9198570454419563,7771.680830601009,1.0179409897585006,1.009161140664436,114000430.79562683,2328443.116913878,692082.7480652421,993136.0676474908,3.69020912663433,1.0,-0.01131035990679703,-0.006863932352509233,-0.261958174673134,-0.0020341611315757755,-14.86529932561993
0.5263507698447675,0.6009729445263947,0.889373877655878,-2.2298616268833555,7702.586792181575,0.9805570088453812,0.9420846224222955,75477589.49067752,2895336.0209326614,339372.27624391526,517627.4272521419,2.636825922963205,1.0,-0.5151824625086925,-0.4823725727478581,-0.472634815407359,-0.0035763512979436543,-2.0612710554421483
0.6027384626712857,0.061056114314483406,0.558070180868068,-2.1242039164518594,7756.079973048885,0.9138127014670439,1.0375876477756578,108243226.71038383,4346639.447324127,255695.84635947505,403930.80372075055,2.0101921166082257,1.0,-0.6347202194864642,-0.5960691962792494,-0.5979615766783548,-0.0033051193986648386,-2.171465533439875
0.0029499405605212833,0.6338165920080434,0.5561914589251966,-2.244093784316727,7768.989017722271,0.9877625967419766,0.9915956294727523,125755476.32913172,3223190.7567394916,481987.165807624,654921.1470111517,3.309043522893012,1.0,-0.31144690598910857,-0.34507885298884833,-0.3381912954213976,-0.0031259715497284593,-23.948689621462293
0.15598155742858183,0.6230869827095114,0.2648713030939479,-2.3113036328903136,7803.972931283204,1.0408650538806883,1.0541074291671404,162532289.826356,4153418.542803478,410714.5201554704,617518.2464088209,2.521227319866478,1.0,-0.4132649712064708,-0.38248175359117914,-0.49575453602670444,-0.0019945643836639243,-9.993020997560407
0.8111633536841534,0.8928773321982578,0.24695182798608395,-3.107714811102591,7862.684848695052,1.1126504760160187,1.0283438958329314,128288754.33315307,3132879.260288349,514696.71918756707,904971.0876780705,2.3990891800930227,0.0,-0.2647189725891899,-0.09502891232192948,-0.5201821639813955,-0.0006416103955165234,17.327871951345777
0.9303838349796236,0.8555062417249307,0.568804355037243,-2.2445910858507436,7777.270642736374,0.9983323529394993,1.027635609979884,118087374.78982182,4359268.768901884,281883.63048153,452921.8583429155,2.0098314104701416,0.0,-0.5973090993121001,-0.5470781416570845,-0.5980337179059717,-0.0023411495614343294,8.348823521460385
0.19826391799981719,0.7391957900763128,0.8349236362288369,-2.09125790467477,7826.310629957715,1.0387618861822743,1.0012762705380505,121274888.52146322,4489367.372842878,257089.3307314981,366191.2582920357,2.903626620938025,1.0,-0.6327295275264313,-0.6338087417079643,-0.41927467581239497,-0.0037302718878557185,-12.679160748970574
0.43101360509803754,0.8861121336468324,0.28405181607082447,-2.58424316107301,7810.5995926873,1.1053601691220396,0.9791311087426727,128543317.45423287,3363549.3024013103,451305.75051981997,718802.0902701159,2.359363916925229,0.0,-0.35527749925740004,-0.2811979097298841,-0.5281272166149542,-0.0016024045212878384,2.9411097242431836
0.46512659515900334,0.4301903411048865,0.35588449992572346,-2.3186725784680866,7771.320619821141,1.0099876406934174,1.0352487190222583,122875069.2104389,3773949.621630742,364269.9427891374,569565.1342987805,2.2967090844915026,1.0,-0.4796143674440894,-0.4304348657012195,-0.5406581831016994,-0.0024394789890249363,-2.007442543481094
0.37600784112839564,0.5992663139830932,0.9446745077348657,-2.266767083371793,7820.23337761836,0.9519948615835098,0.9130405950961938,97572799.79697022,3705116.2068988136,282230.5642303393,419423.7219320258,2.661531182966611,1.0,-0.5968134796709439,-0.5805762780679742,-0.46769376340667784,-0.0038575708527936133,-6.407341089234684
0.7489662521841453,0.6787599895610216,0.7252798525347215,-2.068428972494062,7746.228348472086,1.0080910581666038,1.020828133617417,101575665.59733811,4157232.0536623783,257050.5614600031,403402.2555423076,2.207420920087698,0.0,-0.6327849121999956,-0.5965977444576924,-0.5585158159824604,-0.0029779062347659196,3.4493562141494998
0.0222030882084619,0.8534757676788295,0.94720687836343,-2.663589662806762,7822.181813521853,0.9373838941934768,1.000989076705065,99632588.41775462,2573203.139533345,513722.799924377,687517.6861494584,2.975885253485595,1.0,-0.26611028582231855,-0.3124823138505416,-0.404822949302881,-0.0038921308490603044,-22.344484085246194
0.6667389863213108,0.7991887139618816,0.9608287575637914,-1.8266053443657213,7727.218430750432,1.0352983433902065,0.9353469556377721,99885512.48400775,4609850.89882499,212016.34327598748,328401.5699701622,2.3849845907020213,0.0,-0.6971195096057322,-0.6715984300298379,-0.5230030818595958,-0.003328055767428892,2.4504594824981893
0.6733794982398784,0.4638154616471066,0.855469016297069,-2.808702354130607,7859.836032714081,1.0237269974492353,1.0557020081864024,74983547.8039828,2844130.7715135342,324764.76740310853,507811.2447074008,2.197003137765684,0.0,-0.5360503322812735,-0.4921887552925992,-0.5605993724468632,-0.0034652265815349036,0.7827261152137694
0.8521521191993695,0.6336651844309471,0.4310536148153287,-2.237794591717476,7801.9937503125775,1.0133190772913576,1.1134138391693258,145861872.07731235,5592956.366838596,266270.5915310494,434527.27264850173,1.8691019994012539,0.0,-0.6196134406699294,-0.5654727273514983,-0.6261796001197493,-0.00215618714867524,7.570639509819724
0.5787749054654124,0.6350487234537289,0.2049034215034826,-2.220570504811474,7801.457937325611,1.0097315783994556,0.9044486591325155,191200260.29669765,5760105.523409264,326424.4673858908,552421.0548953051,2.3459110212024084,0.0,-0.5336793323058703,-0.4475789451046949,-0.5308177957595184,-0.0010141351638314618,9.063512814988016
0.9290633275961288,0.6976778636386018,0.3213413365067345,-2.6135169769026767,7843.808233459967,1.0072017043700263,0.9516566416918539,142963782.29067135,4365771.486604575,370293.6087172423,626276.2491824977,2.002588037011148,0.0,-0.47100913040393955,-0.37372375081750225,-0.5994823925977704,-0.0015321361566963646,12.23943177862499
0.4440365061127075,0.8015967870970491,0.10324738366204278,-2.798560661776917,7889.270835562148,0.9939016133796897,1.026821698693837,156027624.30288765,3493868.850478949,522788.5947247525,793984.3530785452,2.6378672532255107,0.0,-0.25315915039321074,-0.20601564692145483,-0.47242654935489786,1.0,90.0
0.5111741037977867,0.3425225542458074,0.3759262866215209,-2.258759838311667,7761.76568782612,1.0183659124891946,0.9590310220589039,114583562.00361532,3689421.000139991,352411.11575388524,554365.6444658156,2.411405550574235,1.0,-0.49655554892302106,-0.4456343555341844,-0.517718889885153,-0.0025692800623416793,-1.5496320011517213
0.05172107418939399,0.8162361241269233,0.44652759287016286,-2.0608409597995423,7766.834499388693,0.9913636448410547,0.9975194690973398,153846428.7382841,4129664.0846281224,393385.6034454081,550494.4937136574,3.099010424341305,1.0,-0.43802056650655985,-0.4495055062863426,-0.380197915131739,-0.002564477551316293,-17.98762627937186
0.4980230443339893,0.37701252401630714,0.22106240917645684,-2.692787249927481,7763.694627267779,0.9976855583038956,0.9872985926482606,118177265.57308403,2986784.592240959,498650.08484900044,812665.558758528,2.2649353842999256,0.0,-0.2876427359299994,-0.18733444124147203,-0.5470129231400149,-0.0017259136110796135,2.009736709158208
0.5306168105015658,0.6892841398877163,0.7753221955718955,-2.5196138016276866,7873.349508018039,1.035138796080476,1.0154638897048112,98923449.69752787,3610246.2744359057,305122.7319045776,463279.63783497905,2.481348663169329,1.0,-0.5641103829934606,-0.5367203621650211,-0.5037302673661342,-0.0032926245491910703,-1.5754594355443032
0.8867618229511586,0.5872391678386,0.8760304337238756,-2.982982251378055,7849.48736676014,0.9306452451671743,1.039465550330629,76745348.71231931,2776422.4554871763,349017.10081582406,558991.0958833011,2.12109878432824,0.0,-0.5014041416916799,-0.4410089041166989,-0.5757802431343519,-0.0031647790650326645,5.682309337827171
0.9782084800368548,0.8888727993781367,0.8392610896248015,-2.614177073031825,7896.2075748155685,0.9998480924703653,1.0146658804262272,106582450.25765607,4173952.384478663,289721.5873558729,462348.34714963584,2.0314091634566833,0.0,-0.5861120180630387,-0.5376516528503641,-0.5937181673086633,-0.002834676953975439,8.300290817623651
0.7900649397580688,0.4185038511933624,0.06435302343517887,-2.4804508160923233,7765.105427441999,1.040395418530303,1.0200695794425336,126576644.40562333,3275953.0448750267,474192.63889161166,749789.5025471861,2.4590479381650314,0.0,-0.32258194444055477,-0.2502104974528139,-0.5081904123669937,1.0,90.0
0.21573870802226133,0.2632906074485995,0.9983108004787102,-2.4337676842673086,7876.464882205701,0.9371792029210385,1.0362966702028547,93006471.65655997,3511636.988447381,289256.00008249504,417273.2229839773,2.662752447830601,1.0,-0.5867771427392928,-0.5827267770160227,-0.46744951043387983,-0.004616222862211885,-14.812982056489005
0.5962888570645831,0.5553141285045862,0.9260952291173532,-2.3619320270401754,7900.947366995623,1.0525913048275228,0.9854595256029158,102657726.96472445,4624908.931502402,228421.348557698,352513.2139815382,2.3197220839010093,1.0,-0.6736837877747172,-0.6474867860184618,-0.5360555832197982,-0.003583403478486458,-0.41751007355408376
0.9086975909486497,0.3627359812495438,0.5484243762887492,-2.946842674233991,7795.495829011651,1.0550685996131008,0.9405591447032191,72549295.60682833,2420952.719506035,397113.8098016725,650426.6123954358,3.011725975643879,0.0,-0.4326945574261821,-0.3495733876045642,-0.39765480487122423,-0.0026701677998242027,6.117965435358595
0.8322159138717338,0.6279591267837188,0.763658462704338,-2.968267891424884,7867.158693057793,0.9688978808544597,0.9492934823705009,79237736.05244528,2696888.6805192702,373182.56743616966,592543.3629915493,2.309238379036078,0.0,-0.4668820465197576,-0.4074566370084507,-0.5381523241927844,-0.0030103477067491896,4.795891168728417
0.14575548141335584,0.690807175194914,0.12424983471102671,-2.703122814407228,7815.903924871669,1.0001809735455494,1.0577223511411669,174564220.7940112,3468304.42237354,605400.1022134029,1032101.8446284941,2.741018845045684,0.0,-0.1351427111237102,0.032101844628494115,-0.4517962309908632,1.0,90.0
0.9390584127698915,0.6811057584139847,0.4944369694989941,-2.3515796327902296,7874.4375318998555,1.0206582510940294,0.972808500604231,143423739.94587296,5863479.323115643,255506.57970155557,416851.4630880525,2.0618602716238983,0.0,-0.6349906004263492,-0.5831485369119475,-0.5876279456752204,-0.002256293172855344,8.51386849813553
0.23135480490895582,0.13207241823136368,0.45584275200847724,-2.420860922003319,7814.958163324634,0.9904146919634167,1.069228555647603,112990091.06510559,3402080.5550261005,381894.9238947556,563849.9585072865,2.6676242078473646,1.0,-0.454435823007492,-0.4361500414927135,-0.46647515843052706,-0.003355335504285745,-13.67296962602926
0.2107900032010682,0.4648193218886484,0.19995583665297476,-2.004214256018223,7770.321050199188,1.0232310490854393,1.0235411073533012,199628098.96473745,5884514.154018638,354070.80463107856,552453.2827917231,2.260047488645299,1.0,-0.4941845648127449,-0.4475467172082769,-0.5479905022709401,-0.0017092891509131992,-6.774084232853703
0.9928132669118448,0.8798861176833761,0.7498355675963367,-2.1955197859912663,7846.6553442172835,1.0385698622788948,0.9830472744498948,124864768.95693535,5702798.922985695,223379.22183869733,358016.53445872234,2.1930267857701695,0.0,-0.680886825944718,-0.6419834655412776,-0.5613946428459661,-0.0026819156151844945,8.47305452614386
0.4680355333634053,0.17139244340408444,0.5807240120684889,-2.0891101007334836,7742.4104363167435,1.1256379762135995,1.0296322537857316,87830124.46669471,3523435.048325187,288383.05750169494,442810.47974066867,2.596616582919967,1.0,-0.5880242035690072,-0.5571895202593313,-0.4806766834160066,-0.003437394832794726,-5.609010165198264
0.3307106874365673,0.7395150357759485,0.3794768817510866,-2.196018954824726,7813.000647876101,0.9251284085399045,1.0519961809095622,174768547.2589263,5469381.769532246,310712.66253125266,470304.2888137482,2.1799413160596237,1.0,-0.5561247678124962,-0.5296957111862518,-0.5640117367880753,-0.0023135295907155133,-4.476755919945994
0.45629024971146226,0.22441928790521115,0.19195596630410455,-2.957094799074123,7787.808258132734,1.074090305875423,0.9950327629710553,105849045.81332068,2568492.1334318183,546106.7943778209,890314.5244431688,2.8453895547805756,0.0,-0.21984743660311298,-0.10968547555683122,-0.43092208904388485,-0.001732258400473908,0.2767741503413532
0.5616648115265446,0.3124426575541365,0.6588646468087737,-2.4029600552173402,7799.0730416045735,1.084316883867069,1.0402226284630731,83848728.37607113,3232610.385063417,303075.684065421,469306.8942573483,2.430652884289653,1.0,-0.5670347370493986,-0.5306931057426517,-0.5138694231420694,-0.003366584786157584,-2.505619123714226
0.13025549823064672,0.6724039355116155,0.48238267208676333,-2.1631007667545976,7822.814383335794,1.0306700897547518,1.0567623879862411,148818796.4092213,4504394.419513591,317834.11503757344,451656.9610732642,2.8530952863145247,1.0,-0.545951264232038,-0.5483430389267357,-0.42938094273709504,-0.0028809023371550316,-15.089209531173402
0.8732708918699982,0.8639331273644929,0.8700642719507697,-2.70244891243855,7916.459527639913,0.9625872842023342,1.010324467360168,107104149.12500004,4076999.829913988,304999.0747438631,482376.8854111414,2.0212169141644263,0.0,-0.5642870360801956,-0.5176231145888586,-0.5957566171671147,-0.0029743785382845356,6.597608154168974
0.8763975163695772,0.7738650703527696,0.6489193657292598,-2.564473524157717,7845.858491017649,0.9558866580053023,1.0965974592202974,114957596.05675021,4189935.0508662933,310170.6330239016,493719.4577421123,1.8726374103779286,0.0,-0.5568990956801405,-0.5062805422578878,-0.6254725179244143,-0.0026354223133809706,6.516364481245368
0.439750578803201,0.4353949022084247,0.8097381130825049,-2.4739320663976607,7884.360773344305,0.9417319065628641,1.0014838755273383,104278125.72569072,3940068.7655430264,286697.4050809704,431215.81114684214,2.348827156936789,1.0,-0.5904322784557566,-0.568784188853158,-0.5302345686126422,-0.003728835199034334,-5.616057539824684
0.8652244383114203,0.6491171780300125,0.8555031540266366,-2.139133036037985,7830.256618600354,1.0240584102193708,0.9983371637230108,112569571.2855689,5481665.852616263,199875.65640637046,319120.0967030744,2.153270941308302,0.0,-0.7144633479908994,-0.6808799032969256,-0.5693458117383396,-0.0031132793330870437,5.51331731184084
0.15295732309673485,0.17616390268933324,0.18921943354675216,-2.34519336621992,7797.783166242436,0.9753148779020099,1.028136261576002,169707263.96870732,4131396.6661633784,437484.72344128654,670395.5085918149,2.413262038705166,1.0,-0.37502182365530495,-0.3296044914081851,-0.5173475922589668,-0.002013402232752046,-12.020721120971011
0.5195280478231252,0.3347000345668217,0.6693716011604662,-1.9835915047352142,7778.456183713438,0.9856138440513453,0.9441857838349209,111917096.71625149,4800241.893045784,216546.84842035334,332181.84649252024,2.392584363991422,1.0,-0.6906473593994952,-0.6678181535074798,-0.5214831272017155,-0.003425576867607749,-3.59032012550702
0.7070084202778669,0.39287028427222587,0.3928293521453115,-2.3638117382339026,7818.008072729875,1.1291890069260362,1.0148025241248722,115551190.41235223,4089647.846793638,301498.6783235895,487571.0936085619,2.2148632376739044,0.0,-0.5692876023948722,-0.5124289063914381,-0.5570273524652192,-0.002376174776595701,3.6446564089660534
0.8709250301470426,0.12646259206579719,0.0858638442563435,-2.746330568852849,7853.6887136037,1.0236402960657796,1.0520587889645667,129684134.67493439,3493671.571814587,435438.17439082527,701244.8715190263,2.36665275887356,0.0,-0.3779454651559639,-0.29875512848097363,-0.5266694482252879,1.0,90.0
0.7297613629422388,0.522372872626845,0.79997367631059,-2.174406890356151,7830.92397340601,1.043900015883981,1.010581463288401,106441153.50836046,4910419.194669775,213097.41618874122,334853.19242521125,2.214513435313535,0.0,-0.6955751197303697,-0.6651468075747888,-0.5570973129372929,-0.0032598157133368185,2.2763172578840773
0.60402825619265,0.5930751730316202,0.8791338611961431,-2.1755055893580635,7806.438135457272,0.9837646590361087,0.9346194629315655,99438842.54483372,4186966.435443323,239661.42276967352,369493.48904502986,2.347423055836135,1.0,-0.6576265389004664,-0.6305065109549701,-0.530515388832773,-0.0034728642200521917,-0.1462162464559711
0.46630245248847463,0.20546910259239587,0.4577503261768311,-2.18645937265359,7831.523339970665,1.0243769327623462,0.9455131783119283,127524894.72968045,4794921.550608413,257739.72674542936,398619.51273823465,2.42561881585343,1.0,-0.6318003903636724,-0.6013804872617654,-0.5148762368293139,-0.0030481307373709833,-4.652724271817316
0.40267646653366423,0.855163164178519,0.862858762967935,-3.1413486183881845,7730.7094131528065,1.061007601259034,1.0026897466529308,62868037.08468903,1884692.5920859007,490680.17477451434,727985.4908475192,4.740962556832729,1.0,-0.2990283217506938,-0.27201450915248077,-0.05180748863345421,-0.0034185432582872757,-4.158286105445601
0.8519330977576101,0.09927416546950268,0.14569112649163546,-3.0500956074031627,7845.649857023495,0.9580052234149071,0.9629194917015931,157305821.72250277,3869154.5169748208,507899.89007502614,945473.9936633814,2.2767564743573323,0.0,-0.2744287284642484,-0.05452600633661856,-0.5446487051285336,1.0,90.0
0.5838074288298988,0.5954838857953744,0.005168375603583398,-2.6372703220966542,7757.980111598407,1.0577810236617666,0.9542835344745675,124773660.82454327,2780558.8817795594,603825.5929501312,936699.1202352428,2.8985135928260988,0.0,-0.1373920100712412,-0.06330087976475723,-0.42029728143478023,1.0,90.0
0.7963777223744306,0.7815416859930377,0.4198924140645832,-2.6304716404584028,7908.59830497101,1.000971284444111,0.9991396692310093,146868347.5706309,4903733.749253342,337222.8226169559,546050.0276346277,1.9929628960476569,0.0,-0.5182531105472058,-0.4539499723653723,-0.6014074207904686,-0.002028428302774555,7.557889208250391
0.4306135749051265,0.877837288144629,0.1220820445137154,-2.6645088471378466,7780.682517116927,1.0245117756617244,0.9730046734723824,127623663.0125623,2875783.4721691716,577913.8047015726,873993.042547516,2.58094733171996,0.0,-0.1744088504263248,-0.12600695745248405,-0.483810533656008,1.0,90.0
0.170477735977832,0.18404188205641983,0.8597421616013641,-2.4987231302987944,7774.524424637244,1.0460128569674867,1.0907276625360856,73404019.09527203,2557059.7563812183,378842.03335870145,539879.3693299154,3.011100694687441,1.0,-0.4587970952018551,-0.46012063067008463,-0.39777986106251184,-0.004537920786298543,-17.726886761510226
0.5144906458905414,0.6987431304640711,0.4984133653039677,-2.8032012035974345,7877.1608410439985,0.9518216429487827,1.0407864084384242,114131483.68943508,3328436.3368395898,410667.4884999316,631447.4020778048,2.290328968405167,1.0,-0.413332159285812,-0.3685525979221952,-0.5419342063189666,-0.0026231857824367457,-0.6590208253273033
0.4058695283273243,0.5234909531331536,0.972205669816572,-2.268610978740969,7805.824419310459,0.9756747622559003,1.0370703981419132,92090006.2899449,3696299.6266105045,269219.8676508006,403496.50489491934,2.4045400910446237,1.0,-0.6154001890702848,-0.5965034951050806,-0.5190919817910753,-0.003939465565833907,-5.808873229254065
0.9871249515064705,0.9079432096936005,0.6014109021718264,-2.310370782471975,7796.1147468092295,1.1067355039747828,1.052303086176376,106430601.95953512,4041612.8114940925,280644.3029034649,451361.265867134,2.1673861844283997,0.0,-0.5990795672807645,-0.548638734132866,-0.56652276311432,-0.0023483911265372408,9.189061165855684
0.9409379719721269,0.48002694500003745,0.5101032634944002,-2.1697117798017422,7824.567000999296,1.084559312336609,0.9913991721878126,128252899.24184729,5622971.922125907,223484.86278446176,366578.57543819124,2.1137847378803385,0.0,-0.6807359103079118,-0.6334214245618088,-0.5772430524239323,-0.0024529014250223168,7.501813705253422
0.009390843297520745,0.7357707087834037,0.40771637739799693,-2.347393808762702,7845.498296238103,1.0079735061362427,0.978650906750349,159345322.3243483,3836025.3690733435,439946.89567033894,613385.4694567402,3.269407217473736,1.0,-0.3715044347566587,-0.38661453054325984,-0.3461185565052528,-0.002433782497156884,-20.770013728314638
0.7223473231602406,0.4529957725650003,0.13988132126763367,-2.583768701274544,7855.508960028219,0.9858738437369261,0.9571069882449023,145275547.78229475,3892230.477923552,413963.4897353203,650832.2007153446,2.500063005393823,0.0,-0.4086235860923995,-0.34916779928465536,-0.4999873989212354,1.0,90.0
0.6400937560064301,0.015455748582451103,0.11377707284711935,-2.431460663882426,7774.453039781164,0.9303886136131005,1.024607456136773,193653661.95490563,5299571.830071287,395598.0662628652,707832.4285076846,2.0421460472803163,0.0,-0.434859905338764,-0.29216757149231537,-0.5915707905439367,-0.0004719926910290663,11.928412703028584
0.4738153345108394,0.6929194956374266,0.36740476538462163,-2.545853871563744,7820.41630029498,1.031843232792978,1.0190127207729935,123288465.92122969,3541529.4742362974,398730.2133629362,622131.6035814832,2.350709710277011,0.0,-0.4303854094815197,-0.37786839641851677,-0.5298580579445977,-0.002192738255028279,0.03662869042086925
0.27405368838652966,0.21003357525790206,0.39702385127005696,-1.9843190389011485,7782.402870428072,1.0276873571912069,1.0135149465386497,144426051.41481864,5113904.0425540805,281968.02994519414,423774.46798303595,2.5454959549575196,1.0,-0.5971885286497226,-0.576225532016964,-0.4909008090084961,-0.0030190403060417377,-10.787293000468
0.8911529563479595,0.8871524722523685,0.16216636510568813,-2.6150325806978882,7838.6458414275885,0.9870958078882037,1.0248645514552295,137646646.5458665,3635265.884428824,431321.41708120203,666356.04161852,2.502549220178996,0.0,-0.38382654702685426,-0.33364395838148,-0.49949015596420077,1.0,90.0
0.17217343887518705,0.35828554757001196,0.9872236170852793,-2.4224098016021625,7735.058154891041,0.9319365981176535,1.084380857899078,76732329.34919773,2626020.6643242086,387774.274652045,552939.8062101578,2.9699351121083923,1.0,-0.4460367504970786,-0.4470601937898422,-0.40601297757832155,-0.00452987051112967,-16.25062246800955
0.7392716643749913,0.8959722255223302,0.696971859715387,-2.9588079624380756,7791.871902592732,1.0007735942052665,1.0730690537721548,78564361.35248254,2438510.9319766145,427203.70823219744,665662.2561467387,2.988617846940738,0.0,-0.38970898823971795,-0.33433774385326137,-0.40227643061185236,-0.0027554502167383577,4.361473319351941
0.9250593723010536,0.834345481291505,0.35649901407643036,-3.0301285803932236,7856.774980372464,0.9320187466760007,1.0643568435711386,130168080.42257614,3578429.880168136,456697.3899305893,763786.8632897178,1.7411022320503071,0.0,-0.34757515724201526,-0.23621313671028218,-0.6517795535899386,-0.001619939780183796,12.061428651730516
0.6582860905553914,0.39799682298237676,0.3121628416368076,-2.538949917583677,7819.548165501489,0.9470590316666068,1.0659977520404114,143963195.3081837,4422997.539763283,363991.30298130005,592856.1390900727,1.765322112620935,0.0,-0.4800124243124285,-0.40714386090992727,-0.646935577475813,-0.002121059995971308,4.019822391283796
0.3811519895120411,0.8416977891128397,0.23338939003193143,-2.6670200271451234,7757.874505036097,1.0092773874400844,0.9972963214096161,129676825.24875008,3014886.9016518705,543602.5947791561,878653.712707842,2.272217079898279,0.0,-0.2234248646012055,-0.121346287292158,-0.5455565840203442,-0.0012964839006463801,3.2010556902900156
0.5905822061903736,0.5711699612056754,0.5076458842193899,-2.629202787064218,7813.622733164288,1.009106815368573,0.9574583852933202,96767945.51610714,3029337.9577405443,390080.1906916749,608668.8948546089,2.349069535739474,0.0,-0.4427425847261787,-0.3913311051453911,-0.5301860928521052,-0.002701085795979371,0.48581078606108363
0.7348081578609899,0.4195170896873121,0.7514907862106435,-2.2323218781642913,7854.870692785845,0.9859249064796687,0.9568995632301576,113075721.03429773,5184098.010009529,217278.172864427,343085.6227157875,2.2123407937268285,0.0,-0.6896026101936757,-0.6569143772842125,-0.5575318412546343,-0.003249176081872957,1.971546700457278
0.017990033712303285,0.4381909619727796,0.9162003959069809,-1.8828978982159192,7760.852682902112,1.0017787275677412,1.0191982005253668,117551601.26643772,4139077.61822672,290279.653958298,392732.19929857337,3.4128275922233033,1.0,-0.5853147800595743,-0.6072678007014266,-0.3174344815553393,-0.004401992998850742,-25.121893343709935
0.16741260879412803,0.4212621407638972,0.7231750811131026,-2.6023765423479643,7839.654276290254,0.9675060179113474,0.9920038285527362,94431041.21447362,2815132.4210485523,419594.9429392718,595202.6188307033,2.8387880888394488,1.0,-0.40057865294389744,-0.4047973811692967,-0.43224238223211026,-0.003901344703466949,-16.255316709105017
0.30102687419085317,0.014602995114659078,0.35145806814807995,-2.4645387084330745,7878.732675660753,0.9320442336356473,0.8847555541385506,138485630.2092395,4086951.2275557895,358640.41209272,545738.5677624732,2.6479783979720684,1.0,-0.48765655415325715,-0.45426143223752674,-0.47040432040558633,-0.0030400816040031435,-10.440536512158474
0.6450489989132,0.6447181539089439,0.9527117500424754,-2.2483200066240463,7856.701940842236,0.9314301486901929,1.0030789620533915,117436474.24355724,5369344.678935871,220800.55998027258,342887.88043407863,2.131222339077925,0.0,-0.6845706285996106,-0.6571121195659214,-0.573755532184415,-0.003476849898420513,1.3445771464337533
0.20494396674634122,0.621259027797494,0.9401697635225242,-2.5536888227388994,7812.762772054091,0.9911669093221339,0.9576022519986553,84153212.89153914,2716412.851106262,395445.79721403663,565147.3865656294,2.7465883427220295,1.0,-0.43507743255137626,-0.4348526134343706,-0.4506823314555941,-0.004054317365644515,-13.042364497534557
0.66648229306662,0.7713724449990671,0.0820901698253027,-2.6371855695538855,7737.230319894357,0.8883846190636697,1.0219286367518898,130658243.77202854,2911477.2257256443,587995.3103558479,907054.7524314547,2.6159662174762106,0.0,-0.1600066994916458,-0.09294524756854528,-0.4768067565047579,1.0,90.0
0.7860244047584448,0.6567423186151758,0.7912562430311243,-1.987093928879579,7787.377129085138,0.9711304676715335,0.9630972734124401,120020597.7730308,5634692.7646534555,212910.94460287716,336408.7411472725,2.203553832502016,0.0,-0.6958415077101755,-0.6635912588527275,-0.5592892334995968,-0.003081501024479163,4.020834356038556
0.30251536484119457,0.38585561432282345,0.3209512556925441,-2.1584307530447786,7746.940467799943,0.9706644161709194,1.0401182657899273,138549811.89171547,4040939.067060533,375708.4258977369,573185.5240953341,2.3836900818957485,1.0,-0.46327367728894725,-0.42681447590466587,-0.5232619836208503,-0.0024738305406006526,-7.280825228987965
0.2564229981979015,0.41218363164354993,0.5442822834245847,-2.6250765420010547,7832.307064222604,1.0309452100228622,1.0343038494825683,97571773.44018584,2882473.256565957,420663.80250383116,615965.8693166028,2.6590549784479407,1.0,-0.3990517107088126,-0.3840341306833972,-0.4681890043104119,-0.003314946998616096,-11.531155778059237
0.2610621627100897,0.6862652231245708,0.7875394658440429,-2.4526023331044846,7843.090424904703,1.0052547014970612,1.0477447766330563,101837473.77236572,3341116.96524779,347190.55225316616,500929.66680804995,2.7594156838983057,1.0,-0.5040134967811912,-0.49907033319195004,-0.44811686322033883,-0.0036326080942432485,-10.365943930609511
0.752348180935905,0.4402993921204531,0.6536059012456161,-2.7991333246176766,7772.2984578603455,1.0069879033714306,1.0937051991522835,74550527.86210434,2578468.3006807095,373646.2590024654,593564.7413220146,2.7332570805461436,0.0,-0.466219629996478,-0.4064352586779854,-0.45334858389077126,-0.003014450014485025,2.6892168018775386
0.2951282276493936,0.824878091869137,0.8963787519246371,-2.089350517593904,7798.017216653687,0.9731396963500554,1.0160878182157682,117191518.34994242,4381003.5370048,259852.90481718534,376874.6403558473,2.580240158970268,1.0,-0.6287815645468781,-0.6231253596441527,-0.48395196820594644,-0.003626126059611451,-8.054119877575982
0.46545435691214576,0.8485600213932545,0.4701608819074409,-2.1128715969652996,7784.233775296999,0.9464156459218798,1.0079356658635155,149911860.56466314,5028438.617306561,286869.2753246226,437961.0567609787,2.21291749362245,1.0,-0.5901867495362535,-0.5620389432390214,-0.55741650127551,-0.0024259939645097884,-0.7017555029897657
0.8032830201501686,0.07343029695900032,0.33260550494570745,-3.1434761205564206,7914.470469860693,0.9133268681812793,1.0421786252436087,121898329.61117056,3691633.241758134,429657.70685533364,716132.7855814102,1.6847446071536232,0.0,-0.38620327592095194,-0.2838672144185898,-0.6630510785692754,-0.0023160641268058927,5.0187895969684995
0.8047853181392198,0.44275823319895635,0.6424156883922655,-2.2650357812731032,7807.151477540935,1.0153059563835711,1.0141184023458205,105695539.71651849,4354187.508208983,251650.8728162467,402319.5527121362,2.062934024965054,0.0,-0.6404987531196475,-0.5976804472878638,-0.5874131950069892,-0.002932351913343557,3.8403844103768456
0.36803128710198435,0.10055238967754081,0.49152502576754264,-2.6540490858066033,7760.115244073626,1.0122594167752577,1.0437032718503545,82529303.0514395,2560389.653867174,429091.7922102013,651570.7808545916,2.991710753858531,1.0,-0.3870117254139981,-0.34842921914540836,-0.4016578492282938,-0.003381110940239088,-8.769554557641062
0.31881026272858776,0.6588784342953793,0.22440505945950778,-2.1799714899084153,7765.041726356252,1.0028735544790333,0.9960075669631745,171810914.5419336,4668289.343573059,370315.3537455319,586591.1993049226,2.136500841300304,1.0,-0.4709780660778116,-0.4134088006950774,-0.5726998317399392,-0.001568263400715481,-1.1588969275689323
0.08642649517673377,0.06835512299091771,0.7677073502262683,-2.4617677994969327,7784.294626074593,1.095689281288289,0.9833079565339148,77788914.59416036,2536567.487027186,410007.32101723604,572236.7619462367,3.1365700354452923,1.0,-0.4142752556896628,-0.42776323805376326,-0.3726859929109415,-0.004543516455421198,-22.987512091086987
0.1410157060490416,0.6988835600637944,0.5928732208674033,-2.596005026225267,7954.698538505581,0.9517915509428311,1.008557745785865,145074075.4986234,4103526.66059753,376058.4367643202,529547.797297673,2.8913559332623873,1.0,-0.46277366176525686,-0.47045220270232707,-0.42172881334752255,-0.0032191564317494174,-15.243667632946519
0.6417020148026825,0.5012591179735896,0.6387409128877826,-2.3146310252532865,7858.972668284107,0.9792105224725731,0.9423679402568934,118974302.38517576,4694394.356449319,257898.1806247191,401999.23357901373,2.2754978855606103,0.0,-0.6315740276789726,-0.5980007664209863,-0.544900422887878,-0.003051388880290453,0.5275505976998716
0.23090769484047088,0.3682820406640201,0.6698954329180925,-2.335396377530417,7777.455748993014,1.0802429978590882,1.0070058095416443,88167825.60741103,2964488.044042248,371471.8876996424,537235.4231428392,2.868092820733664,1.0,-0.4693258747147966,-0.46276457685716077,-0.4263814358532672,-0.0037605623961206418,-13.490674137805751
0.3229344463479951,0.42443684611056526,0.43256404269303134,-2.3121316466570323,7789.111607917952,0.9772576422965359,0.971967402999304,120054208.22051749,3623189.538424471,374002.3012941227,562167.1420290841,2.6281571518588738,1.0,-0.4657109981512533,-0.43783285797091587,-0.47436856962822527,-0.0028727167803920275,-7.8703150095574586
0.6802803601962006,0.22761428124337452,0.616887778006942,-2.5555918960581696,7911.9577497082455,0.9717256897649077,0.925987665663493,108263593.52559982,4243067.639500767,280885.8535439799,445144.71071297955,2.1954755785224487,0.0,-0.5987344949371716,-0.5548552892870204,-0.5609048842955102,-0.0031932648924183306,0.2791926954941708
0.7290895222608035,0.7538148717784102,0.15951434268861492,-3.182788779263576,7875.584355433129,0.9267387318542235,0.9644346763810572,118234528.19460572,2626312.58469539,591647.7076583719,915665.2340384141,2.5690632685591055,0.0,-0.15478898905946872,-0.08433476596158591,-0.4861873462881789,1.0,90.0
0.11430925913103288,0.4016491564095897,0.46091384649284256,-2.3935733664314185,7846.345524316335,0.9425389235737218,0.9312397050826816,135654738.98915863,3633005.5064217043,408666.606632008,582450.772310058,3.1012375395763065,1.0,-0.4161905619542743,-0.417549227689942,-0.3797524920847387,-0.003102772169921295,-17.659237914937847
0.9508884944584364,0.07712157806751166,0.11149252030571469,-2.7596433315709143,7788.255309487107,0.8917259338766198,0.9660011591746483,117965272.18615055,3051788.75368913,480377.19184424024,778349.7483722036,2.1113776777315807,0.0,-0.31374686879394253,-0.22165025162779645,-0.5777244644536839,1.0,90.0
0.23164116231797915,0.5629063873037147,0.6747099323160802,-2.2224256054102076,7838.331545603125,0.967288067396122,1.0163519016028353,125896313.4591953,4295819.618316334,290233.0052835755,417396.14090917,2.7147282083092477,1.0,-0.5853814210234636,-0.58260385909083,-0.45705435833815045,-0.0035438996871207454,-12.24103679461722
0.7119656015245622,0.4726070515560266,0.23018369153712337,-2.186301665161606,7791.486193466587,1.006212336440575,1.0239088783793548,185730764.43634287,6350949.841620074,291778.94262639,493763.7660023388,1.9523872744145234,0.0,-0.5831729391051571,-0.5062362339976613,-0.6095225451170954,-0.0013295055356568677,9.038921421647089
0.8136534538966018,0.4386654018891633,0.7619131005319519,-2.68174687591923,7870.516033370076,1.094366231445374,1.0627234986089154,81338592.70811602,3272082.3158430676,293192.93511286174,467769.85357453435,2.2087615816883464,0.0,-0.581152949838769,-0.5322301464254656,-0.5582476836623307,-0.0031633169909578264,3.681471279539508
0.4346728633398681,0.296057203146623,0.9558984154849959,-2.519365063214024,7911.350172741918,0.9858158830984904,1.0339354494054394,90719112.71905535,3832045.1011106404,260082.07809028035,392957.8006973132,2.3418408172346883,1.0,-0.6284541741567423,-0.6070421993026869,-0.5316318365530623,-0.004132399180910382,-6.404776320329262
0.4121968701965864,0.5033695157550098,0.6838305741142361,-2.545301692013089,7775.7362308731645,0.9668138747495334,1.000328344301386,85472402.80863044,2793909.3653818746,390239.8496063043,584772.2924097929,2.5502304996069007,1.0,-0.4425145005624224,-0.4152277075902071,-0.48995390007861983,-0.0034254671291146115,-5.936388601624174
0.12435510800042252,0.7403866726683858,0.43564701529293987,-2.442710734211339,7911.206417982527,1.0652424442824673,0.959940435122254,152027302.60471618,4206076.73570076,367313.09474340494,524762.8370908655,3.1196252437201957,1.0,-0.4752670075094215,-0.47523716290913454,-0.37607495125596085,-0.002630245173328252,-14.291421621899751
0.11133131907162183,0.7352651271941634,0.9425669668757203,-2.3286500440595885,7866.684175589121,0.9801530196645601,1.009683860941164,116063471.85268982,3759757.60324725,321965.9890774485,445783.9868180351,3.0866366552040034,1.0,-0.5400485870322165,-0.5542160131819649,-0.3826726689591993,-0.004005996600916779,-17.22430525581055
0.12069270243770776,0.8256346192445174,0.7170839516946311,-2.6610865685315095,7872.956516718249,0.9820867926641209,0.9758130196656591,107994012.53771068,2905059.713410619,456830.4070233323,635223.53713243,3.021744186373936,1.0,-0.347385132823811,-0.36477646286757,-0.39565116272521283,-0.003425711143210725,-15.9008166612054
0.8266757435203659,0.4412894310917073,0.864061917936297,-2.4967939209427588,7780.8811875353895,0.9904394035053724,1.0664506973939123,76413394.34039044,3166033.849141112,284691.116971797,455210.53354027553,2.02684869664203,0.0,-0.5932984043260042,-0.5447894664597245,-0.594630260671594,-0.00331276935910066,3.949938161502658
0.9893899822689631,0.666103322723184,0.8623114785219148,-2.2198154313870524,7826.071709984353,1.045172054717198,1.0331973604256837,105350879.18702072,4985264.936981952,213677.6035159143,344660.64096561295,2.0535892656839065,0.0,-0.694746280691551,-0.655339359034387,-0.5892821468632187,-0.003002225168142145,7.677300703343326
0.644691842441243,0.6467997872043644,0.7589684827356276,-2.3568912389278696,7751.616426587674,0.9030237289971124,1.035974233270894,93052469.7001171,3347597.6371058254,327850.0241887756,507691.14156832476,2.1270259712735604,0.0,-0.5316428225874634,-0.4923088584316752,-0.5745948057452879,-0.003175530593350542,1.0061395918726497
0.8760674640324991,0.3584026535297037,0.8790618228026968,-2.0455415163233974,7804.702996507797,1.012291382846055,0.9952854808057559,101885555.95376861,5495323.330896429,177127.3788282693,286545.9350926061,2.0641690318004926,0.0,-0.7469608873881867,-0.7134540649073939,-0.5871661936399015,-0.003333850226068691,4.5998908225464525
0.36436621017479764,0.09110133653263279,0.8373405807732346,-2.2675564766071985,7831.881375105795,0.9294739549915619,0.8935007388995923,89194505.14814776,3639654.902488911,261490.3480345476,390871.3514445733,2.6920654488883295,1.0,-0.6264423599506462,-0.6091286485554266,-0.4615869102223341,-0.00429292829627686,-10.120240078815318
0.2425091543044557,0.17829208445501069,0.1517357648180846,-2.4826129862062154,7760.682839344103,0.9431045559937952,1.0515576892187393,154116480.37586334,3569035.653021198,508080.0498141573,807860.8045907536,2.0643030310055166,1.0,-0.2741713574083467,-0.19213919540924637,-0.5871393937988967,-0.0016322618257043134,-6.325422031324795
0.10128985858194994,0.6405873489413739,0.20399379529267353,-2.6828155340301256,7783.170339411771,0.9634780523226233,1.018582077535815,150585467.56236714,3049298.844424204,622343.749787885,955050.9562555132,2.235479773570567,1.0,-0.11093750030302144,-0.04494904374448676,-0.5529040452858867,-0.001472624639124922,-9.805586200973892
0.2042109080889224,0.3848511963586881,0.7601849239635601,-2.1670182125794297,7803.105134701144,1.0012156609344594,0.9845355064682365,103692363.72555803,3689766.872475173,303354.7823196494,434343.1210460604,2.9836330507456,1.0,-0.5666360252576437,-0.5656568789539396,-0.40327338985088,-0.00400200126029128,-14.78247677551851
0.049984254863452655,0.747058690187145,0.5669363969946959,-2.2286350404816977,7878.52123435225,1.0832019331398068,0.8898248759374977,146456239.9931518,4351742.078392351,341455.2621396157,470808.9681201373,3.717707968863445,1.0,-0.5122067683719775,-0.5291910318798627,-0.25645840622731103,-0.0030824166296642584,-19.970090801497616
0.36169671120994273,0.8837457169321811,0.9985004366294342,-2.648124514641322,7816.318780855258,1.0515922281675547,1.015005849735217,79129482.20977747,2657153.900027673,381461.6069310831,559425.4521767036,2.673088413999669,1.0,-0.4550548472413099,-0.4405745478232964,-0.4653823172000662,-0.003622212579309735,-5.513502012451752
0.48922405644765793,0.9277100077908944,0.7331917421970129,-2.6615762690741676,7871.37157480095,0.9809304462779683,0.9734020642089177,102092074.9482638,3232466.669139249,370488.9076730394,556010.0441267645,2.573692408631443,1.0,-0.470730131895658,-0.4439899558732355,-0.48526151827371133,-0.003021624674626916,-1.2423431890100645
0.5068485422283119,0.6672517351244956,0.8066572983401257,-2.1962692954941962,7833.348214759776,0.9488042736213901,1.0935355066811003,124662763.21660443,5205794.963781762,236224.9157999675,357367.52124622255,2.1850263380316353,1.0,-0.662535834571475,-0.6426324787537775,-0.5629947323936729,-0.0033982775468277453,-2.3349752725650106
0.7034352721370047,0.4351280711486818,0.22679709520513874,-2.8217864880687693,7773.791910968825,1.102631638387236,0.9574300162167102,106034584.60521658,2778673.3352971612,490506.78945999726,830622.4185231117,2.498076588674467,0.0,-0.29927601505714674,-0.16937758147688828,-0.5003846822651066,-0.0013630559031653983,8.550803089099954
0.8038583635933161,0.1605438426007321,0.7200376438466516,-2.478638383968517,7808.964338590599,0.9545783472493653,1.0176222062432918,84773223.22101693,3560471.4961636597,269116.6872447135,434186.516442879,2.014096529832317,0.0,-0.6155475896504093,-0.565813483557121,-0.5971806940335366,-0.0033013038337872565,2.497695927818434
0.9473772210869466,0.9358289877661868,0.1846078344143722,-2.887338432647365,7692.488730172306,0.9762422733019048,0.965171171349511,91911910.47460261,2227444.861515519,600705.761232986,928287.206882482,4.208292653254249,0.0,-0.1418489125243057,-0.07171279311751795,-0.1583414693491502,1.0,90.0
0.4080897400474973,0.12050965452386768,0.8353066751938856,-1.9069058919637258,7663.604536938708,0.9516190229745853,0.9855511323944829,74235150.13566358,3238606.989526546,293565.20605751546,442984.65690072154,2.388512594601391,1.0,-0.5806211342035493,-0.5570153430992784,-0.5222974810797217,-0.004176137250550261,-8.432455842016502
0.5073221884851896,0.923244621860151,0.5080009662188252,-2.4671321626006115,7880.158683205583,0.9553236621912278,0.9861711964327655,145030938.4160387,4638463.117314885,330520.9245964573,505005.2917759671,2.238885027543608,0.0,-0.5278272505764896,-0.4949947082240329,-0.5522229944912784,-0.002437422848551392,0.5243736748447034
0.370503116932767,0.7513572915046667,0.7317008462123464,-2.448612196246625,7863.774078363522,0.9786187063463381,1.0210210908495259,112786467.40941325,3792432.6933814734,322123.890448595,474933.59692885185,2.5700290743449226,1.0,-0.5398230136448643,-0.525066403071148,-0.4859941851310155,-0.0033196346718337858,-5.892557567872419
0.8421520972137843,0.5606155354735968,0.5817983727900367,-2.486802118427189,7881.738030292251,1.0289189258948401,1.079478556566231,122714880.41568685,4903577.284526077,273830.2918663909,439488.3418226193,2.007419973201863,0.0,-0.6088138687622987,-0.5605116581773807,-0.5985160053596273,-0.002666226726771033,5.392012198376399
0.659688843068676,0.32869379515816216,0.05595753090978113,-2.6983538058944365,7818.741823569581,0.9428996778223598,1.002463891027752,141674644.45348743,3336326.7523206905,507544.361431065,801652.2320438445,2.391121359888295,0.0,-0.27493662652705,-0.19834776795615547,-0.521775728022341,1.0,90.0
0.174008309381566,0.08800737766008987,0.8025411064069378,-2.776504805595347,7817.743677119085,1.0510814562597084,0.9864691111008854,69271627.89903416,2268468.609892588,417551.4291772236,597066.0218043822,3.5487282607361212,1.0,-0.403497958318252,-0.40293397819561777,-0.29025434785277576,-0.004530228300616097,-18.122249148205057
0.1416277426378046,0.3905458918923924,0.8328478341455102,-2.1053332125286652,7843.956589918324,1.031736172592211,0.9174706461676697,113134866.31512088,4245143.721754961,258140.5394887267,364144.7590433699,3.2871635369869097,1.0,-0.6312278007303904,-0.63585524095663,-0.3425672926026181,-0.004231078401803989,-17.873129090672347
0.9739015592894056,0.9608312430900593,0.907613205373865,-2.656143582952476,7809.2750311809195,1.0250710681099768,0.9620089687343983,79708520.30191712,2907567.517171297,337398.33510012337,536752.0563636404,2.2165559726549047,0.0,-0.5180023784283951,-0.4632479436363596,-0.5566888054690191,-0.002886596741827872,8.443967373601513
0.845630650380858,0.06815742381889425,0.9349811193909531,-2.5411989460798816,7842.751379220327,0.8903019018340449,0.9242838791273346,74688123.17299223,3568295.43772215,238963.2899047908,388603.2448741274,1.970582826371761,0.0,-0.6586238715645846,-0.6113967551258725,-0.6058834347256478,-0.0036363720713400985,2.8928186348492666
0.489857702536904,0.3488674456597214,0.6556020898542965,-2.465919972176858,7901.922286097381,0.9596535753004379,1.0163363996658494,117699355.71531847,4501594.162048093,278330.1992012337,424746.26020700054,2.259964825227956,1.0,-0.6023854297125233,-0.5752537397929994,-0.5480070349544088,-0.0034178854167905446,-4.327206937236124
0.046813852515028107,0.23077325902212553,0.9296933590047131,-2.0246361349749695,7782.983233158998,0.9418890017764484,0.9909523676115976,107369453.9539426,3776534.6584790396,304638.1656363784,417830.7703792189,3.2811551993068098,1.0,-0.5648026205194594,-0.582169229620781,-0.34376896013863806,-0.004732924711058157,-24.514679178771075
0.032830204035786105,0.9462364211004634,0.36959697083683346,-2.1652327827491624,7787.560974359146,0.9885686323462232,0.9853645959926621,171003005.22788888,4180683.590662779,424535.9353864376,603168.8690806811,2.9736655579666254,1.0,-0.39352009230508916,-0.3968311309193189,-0.4052668884066749,-0.0020694602992332497,-16.45833101932613
0.2114092139231917,0.04604688254779845,0.4213868336148044,-2.40436448178567,7888.322596862257,0.9839914053229086,1.004634654080293,138051815.97696215,4285242.606486442,330727.17255416105,488323.5166651987,2.6909585923408437,1.0,-0.5275326106369128,-0.5116764833348013,-0.4618082815318313,-0.003337695394631279,-14.774289094523393
0.04067434097695846,0.28695317064174036,0.827838433455168,-2.1837959670505316,7861.581349352093,0.9998399978109761,0.9250349478900446,117972697.21033558,3949335.6638574614,292483.3994535602,399326.502058983,3.617931394691571,1.0,-0.5821665722091998,-0.6006734979410169,-0.2764137210616858,-0.004415769546115233,-24.607829543266945
0.8665451732133773,0.8178712727044024,0.01803978190593387,-2.5733141338471404,7794.851725694138,1.0339311151306059,0.992935618301931,134981462.04767364,3209662.911873446,519495.0632312949,805625.9790531499,2.6965471734176942,0.0,-0.2578641953838644,-0.19437402094685008,-0.46069056531646113,1.0,90.0
0.2065729465030569,0.4323884155777405,0.7915076061569414,-2.1318237238630435,7833.0897399558,0.9725777297123773,0.9792457901881646,117408283.55597004,4371290.265085327,256908.68578428132,367238.0974181555,2.842601775078946,1.0,-0.6329875917367409,-0.6327619025818445,-0.43147964498421076,-0.004012863154935691,-14.394685181558366
0.333722261636928,0.09309741158464693,0.27975398116081024,-2.6548245602467584,7785.707936731609,0.996121482363292,0.9775082088765216,109253611.13361669,2880528.4134232076,483426.77735045477,749727.4179770647,2.4258098188341015,1.0,-0.3093903180707789,-0.2502725820229353,-0.5148380362331797,-0.0025771513905127816,-7.538167183879992
0.12052312965169705,0.8080382711042499,0.6677735638625961,-2.9799132948071505,7823.392728715823,1.0071945162583078,0.9601750153542749,89005194.98601694,2212459.131323237,566021.3634013522,789030.4649544671,3.7543408243753724,1.0,-0.19139805228378257,-0.21096953504553287,-0.2491318351249255,-0.0033192533178117473,-15.901712392557428
0.5943046293912355,0.44390129322490285,0.22791412381884668,-2.0517820179374313,7725.68194372703,0.9414157200189107,0.9609687644278316,167156154.10185653,5089783.761143424,322745.28916821233,534585.7471562802,1.854881157958397,0.0,-0.538935301188268,-0.4654142528437198,-0.6290237684083205,-0.0015431721775649595,5.397953294271371
0.4284731285777033,0.0919930202800834,0.7880106599580087,-2.132028800934604,7844.590837883317,0.9885042924312772,0.9924434702610359,103257415.26038,4828937.378327068,204162.5022510885,309162.98000018456,2.40038693886416,1.0,-0.708339282498445,-0.6908370199998154,-0.5199226122271681,-0.004077170787924658,-7.878244371496621
0.06366259841665882,0.08768916781505101,0.9558409524158915,-2.1558168220102334,7710.1247420341615,0.9610112989004992,0.9962215899589846,78979800.05564258,2771644.6841716752,380920.6783243999,527268.3187933286,2.973146858822296,1.0,-0.4558276023937144,-0.4727316812066714,-0.4053706282355408,-0.004998704996157218,-24.334860493891586
0.3867539354890498,0.9485450328733381,0.5820190656814729,-3.273107977430209,7763.218546141129,0.977233806311002,1.0944694615217332,79305965.3336459,1991798.9922300032,571184.4694577445,849152.4595350235,4.282793409586501,1.0,-0.18402218648893642,-0.15084754046497645,-0.1434413180826999,-0.0027300668388488113,-3.480983500929863
0.06443211436420639,0.20658045133761363,0.1415610495417473,-2.1348822798424925,7815.617309949823,1.0352250440444382,0.9911097544793402,228695311.15767848,5969856.288766613,425824.88710347994,665828.0022683563,2.4177276428901093,1.0,-0.39167873270931436,-0.33417199773164374,-0.5164544714219781,-0.0013572793289969081,-13.160283832610013
0.8929241808332966,0.24280067832250452,0.27019651862270655,-2.4245648820270302,7775.80019850368,1.0862971729128292,1.097636434289338,128165407.52216038,4280707.954890041,327683.00893681135,559961.5830198893,1.8342498746004403,0.0,-0.5318814158045552,-0.4400384169801107,-0.6331500250799119,-0.0016994789380969733,9.626928492486126
0.46222353734899224,0.7757374424137778,0.09241841110325313,-2.423160407860786,7795.075754480545,1.0545493224927371,1.0302491191311016,148874205.47697788,3638100.9369801665,469078.93121125485,714734.5081926534,2.713359581260244,0.0,-0.3298872411267788,-0.28526549180734656,-0.4573280837479512,1.0,90.0
0.2216169325969131,0.7679111100866337,0.37569657008429713,-2.7373570552842375,7726.551385321234,1.0204688246742029,0.9397555209467585,98925985.29007012,2379416.915464927,590272.3112499943,875499.4349298254,3.646893490290416,1.0,-0.15675384107143667,-0.12450056507017464,-0.27062130194191675,-0.0023336727920634306,-8.455072806560711
0.4022213242804447,0.31612602641168874,5.8387566639778646e-05,-2.416702638044826,7758.9139352783595,0.9625322979256921,0.940821881785287,153691899.36545444,3377313.498822038,560676.2116108899,872695.0375804086,2.6715103580035624,0.0,-0.19903398341301445,-0.12730496241959138,-0.46569792839928753,1.0,90.0
0.6429248672539399,0.9495217647458365,0.8274726230140834,-3.1180181761515797,7810.090259900585,0.9084970769594197,1.0420449808722658,78801799.8421239,2330890.028535565,453352.00465352804,696024.016387742,3.1240654671819654,0.0,-0.3523542790663885,-0.30397598361225797,-0.3751869065636069,-0.0030323997636889175,2.5791867043631953
0.019436434060060796,0.06162536402017759,0.24492377559265588,-2.7518108216401393,7851.693910149307,0.976055390681213,1.0172213142064346,144669986.72385016,2977207.6521048755,605908.2942104274,887442.6684171315,2.7081754056852057,1.0,-0.13441672255653223,-0.11255733158286847,-0.4583649188629589,-0.0022868998419391475,-21.821436196021388
0.033589617205115066,0.27876152753452665,0.5365514437491513,-2.289841342271006,7865.919502909609,1.0683410613139148,1.0677286356712197,134245684.1078356,3911957.8330452926,347845.6116479883,480744.70230379066,3.3879245960343414,1.0,-0.503077697645731,-0.5192552976962094,-0.32241508079313175,-0.00348995261137867,-24.05887969877981
0.4037361545159094,0.6756201070031899,0.05976029949363733,-2.585509301858341,7795.591074838424,1.0060725359592437,1.0392139476114695,147289461.41706803,3265863.2698230175,550007.668290326,839298.169805704,2.5700874056786014,0.0,-0.21427475958524853,-0.16070183019429596,-0.48598251886427973,1.0,90.0
0.49135304923749873,0.529309772382932,0.6811736846963599,-2.0819060322436753,7739.1844813287435,1.0046263689004478,1.0550809236162495,99118991.37504621,3796013.156348847,291509.805945971,442808.16815825016,2.4099981449336743,1.0,-0.5835574200771843,-0.5571918318417498,-0.5180003710132651,-0.0032967512680701612,-3.3892486917220133
0.8655618767587897,0.6135309065275669,0.5882349125015481,-2.261388860335501,7834.0702415633,0.9582137500760474,1.0037163582714053,133255315.96455991,5497862.1981095765,246474.28487995573,395726.74927329697,2.0306146019300657,0.0,-0.6478938787429205,-0.6042732507267031,-0.5938770796139868,-0.0026211373207437032,6.013381331502405
0.08216008615170348,0.6048161677151337,0.1974410663188895,-2.474192784798653,7880.597283780618,1.0433947728858586,1.1257997969867333,213601127.1841628,5184902.788876418,428428.04949061543,655865.2863061778,2.2016888476797063,1.0,-0.3879599292991208,-0.34413471369382215,-0.5596622304640587,-0.0014368877134681456,-10.819743773077306
0.33910699085780766,0.4134923589007358,0.38306036239863867,-2.2388598230250527,7779.172896349322,1.0064369162278175,1.0145694623073116,127602660.80136801,3910946.6721940646,354448.52071777143,538470.9128665494,2.516742617243569,1.0,-0.49364497040318367,-0.46152908713345053,-0.4966514765512862,-0.0026865299929122355,-6.732785581116346
0.8351546034944753,0.8614617970281591,0.7907223620581271,-1.9556052354480307,7728.301072674445,0.9529359434051285,0.9869163004639372,110071538.00636853,4577292.704071655,242204.80157589063,381292.5058475753,2.1107219959415793,0.0,-0.6539931406058705,-0.6187074941524247,-0.5778556008116842,-0.00288325656190188,5.833224767588341
0.20773228000693353,0.7522000575707654,0.5923318718509384,-2.3599337334351347,7795.406698315225,0.9567328240666922,1.0177367225428295,116420138.4862896,3371630.2154738824,404290.27050426137,579440.3169658658,2.7683396838248755,1.0,-0.42244247070819807,-0.4205596830341342,-0.4463320632350249,-0.0031181808079402476,-11.65858260935914
0.03128619887682524,0.941787984601031,0.09760780802087377,-2.073308135487739,7634.66043942916,1.0314499590249013,0.9323024294433031,149803850.07544205,3040891.8950845525,711291.9806174629,1020340.7383370835,3.090127188192954,0.0,0.016131400882089843,0.020340738337083487,-0.3819745623614092,1.0,90.0
0.47193664545099484,0.45517987217560024,0.704622315127144,-2.3068308844584897,7801.50997808561,0.9301255645797737,0.9122949518875318,99853895.25042512,3588766.4438944347,309320.9881243316,468741.57136194385,2.5685125678432392,1.0,-0.5581128741080977,-0.5312584286380562,-0.4862974864313522,-0.003447877784625662,-4.420524427945352
0.09218866730401594,0.31188601764016644,0.6253665563258765,-2.369505429446041,7794.668820106783,0.9637228487614553,0.9523636468485879,105120786.76183046,3018564.992762171,432847.82463144657,605084.645827645,3.121939414859672,1.0,-0.3816459648122192,-0.394915354172355,-0.3756121170280656,-0.003792279789609587,-20.70052381157079
0.2276160060243274,0.6666325172496351,0.06349787148148453,-2.3386938840461378,7764.849000388485,1.0123349722581463,0.973455725292427,162254429.6094835,3548018.655645468,546131.0371525215,820128.8803942155,2.8401725131911695,0.0,-0.21981280406782636,-0.17987111960578453,-0.4319654973617661,1.0,90.0
0.2938394546928327,0.46467175517825793,0.047220663323118486,-2.2729551992855974,7804.372222116904,1.0918988425698546,1.0478440563846039,175697828.96356958,4321522.263646316,414532.7602476693,633396.6147926945,2.7775391996488956,0.0,-0.4078103425033296,-0.36660338520730557,-0.44449216007022085,1.0,90.0
0.29839939075838917,0.7369973831917289,0.32755750074841883,-2.5122313401166276,7737.168682357461,1.0677400892714548,0.937521312234351,107933004.27885628,2787634.159444753,516998.47497238696,788493.0055958217,2.788336003084972,1.0,-0.2614307500394472,-0.21150699440417833,-0.4423327993830056,-0.002098325937740923,-4.582448517569063
0.8820756258074135,0.8423651197752116,0.31490756574826534,-2.738128566488231,7914.403659795928,1.0423171613201274,1.0324531187656154,164560446.54317796,5200644.419525545,371701.7585929035,627524.1096310961,2.015216424068968,0.0,-0.46899748772442357,-0.3724758903689039,-0.5969567151862064,-0.001367133320987275,12.876091967944673
0.14971319945641523,0.5002967671755586,0.3540229074010516,-2.2531967435059665,7836.135180128388,0.9856715667136559,0.9744933228970178,162559751.0698281,4541374.568186814,351930.2898910227,514592.2271292832,2.725486904754511,1.0,-0.49724244301282466,-0.4854077728707168,-0.4549026190490978,-0.0025573498254532227,-13.609911682161165
0.20207567770045304,0.26152145583745173,0.8856569407706381,-1.949088213686656,7773.681226452806,1.0233561499607051,1.0564006967931645,99949014.54961812,4179936.8354587345,236894.7493491084,339735.70926803973,2.8027950771233465,1.0,-0.6615789295012736,-0.6602642907319602,-0.4394409845753307,-0.004441554730672917,-15.68490843061604
0.6947330800193621,0.39844830579258705,0.061248120281489835,-2.6796450508583085,7776.527253859265,1.044665799778364,1.0145400024012785,119473225.24390315,2897644.5141352313,531924.2659627207,838659.6733578804,2.490858578041735,0.0,-0.24010819148182752,-0.16134032664211956,-0.501828284391653,1.0,90.0
0.6672812015296907,0.2249660814970176,0.1827173013555011,-2.433542730799354,7780.311892534567,0.9859074530432046,0.9340864750968433,150601932.37749517,4225475.149803354,387733.1178569956,662678.6872590192,2.06391855443495,0.0,-0.4460955459185777,-0.33732131274098076,-0.5872162891130099,-0.0012437393850847388,7.749350172019529
0.9517171215211262,0.7879789092806925,0.7231135409267888,-2.481929441016521,7849.504929475409,0.9332803919550345,0.9936903554914711,114678383.23257814,4379028.283789698,287758.0991168009,460108.34365163645,1.971358658022236,0.0,-0.588917001261713,-0.5398916563483634,-0.6057282683955527,-0.002722137100225809,7.551786104515754
0.8692472299605314,0.5308875658541029,0.4296618922147857,-2.490815066656013,7793.964676243763,0.9736552658017579,1.083498445499245,121049886.36396891,4087612.212653876,330469.0906751432,542093.7755639437,1.812646247955177,0.0,-0.5279012990355098,-0.45790622443605633,-0.6374707504089645,-0.0022240801823650742,7.367966049724604
0.6752220329842306,0.9154157263230537,0.19875326192196052,-2.239710891041129,7811.991321433328,1.0856436880238873,0.8951678147841483,144463042.7315462,4268420.095537269,341599.8569256277,522336.64175216114,2.9074699018128056,0.0,-0.5120002043919605,-0.47766335824783884,-0.4185060196374389,1.0,90.0
0.905622837079071,0.6703682896285685,0.7366596344275147,-2.512644820324287,7879.2709601819915,0.9816922704782096,1.0455778297410219,113306016.18157259,4618495.845730784,271347.6748167234,433665.2308279626,1.9957578111569398,0.0,-0.612360464547538,-0.5663347691720375,-0.600848437768612,-0.0028641995280421855,6.3158489050739295
0.7012368164021248,0.7437669484199282,0.6786302922757619,-2.600515211625502,7872.910974200226,1.0076749760286026,1.028660821689146,104964249.33250466,3721527.2843712866,320064.3795521519,498459.459717228,2.246768453571862,0.0,-0.5427651720683544,-0.501540540282772,-0.5506463092856275,-0.002873898838222094,2.895984365229623
0.10586898080492022,0.19246642417267182,0.08711863299693287,-2.551783910166986,7770.419830617282,0.9865202855003372,1.0454606982267431,181346093.5345168,3532841.0912490925,606254.7663707437,1015137.2715227888,2.5447009624136614,0.0,-0.13392176232750894,0.015137271522788797,-0.49105980751726774,-0.0005610504438601411,-4.323017370622061
0.7652446958308716,0.6544989076869725,0.3133316910091106,-2.8621179257610843,7830.430994275411,0.9948774020024623,0.9467216947598945,117120113.7734488,3161634.788241574,453117.4491224167,750907.3555816745,2.005563877984236,0.0,-0.3526893583965475,-0.24909264441832552,-0.5988872244031528,-0.00171918286974201,8.59905004202599
0.059995756378024886,0.111909377761039,0.16442662088908155,-2.2884433828785795,7782.37056124727,1.031834061116749,0.9897918729143145,171229253.9440049,3897626.4636553763,485768.54621561826,741542.8971771562,2.7057797852087675,1.0,-0.30604493397768817,-0.25845710282284384,-0.4588440429582465,-0.0017446524857925383,-16.051090303384903
0.6849166589191076,0.15014845390893974,0.25882515170326403,-2.255086063249495,7808.352113905993,1.113225249406503,0.9978484448795732,140737075.94055283,4944790.219130587,288168.1069031522,477560.8750860821,2.0482611992218156,0.0,-0.5883312758526398,-0.5224391249139179,-0.5903477601556368,-0.0020508450535160457,4.118878657283702
0.6146405752691818,0.062129891428872194,0.06998772771068915,-2.9218031951704826,7777.56943510147,0.9276623207543326,0.9980056508432711,116329978.40761235,2639141.5222376557,582832.4680090006,932346.0880167735,2.823363270719409,0.0,-0.1673821885585705,-0.06765391198322654,-0.43532734585611815,1.0,90.0
0.7324417929034123,0.742301187822015,0.539037399044761,-2.076256305064411,7807.794823578209,1.055621064956039,0.9745587038827641,134843222.6178646,5562474.170206938,244672.56984858628,387505.39309328696,2.2940953595274007,0.0,-0.6504677573591624,-0.612494606906713,-0.5411809280945199,-0.002504831320437351,4.400207386835685
0.2635322936717744,0.057065031247828045,0.7187839338091407,-2.8750076755905583,7792.791137471575,0.9489714567135242,1.0727492381248585,71364875.90395091,2268857.7829317614,429204.86477414786,629495.0392476703,3.476332198059705,1.0,-0.38685019317978875,-0.3705049607523297,-0.30473356038805904,-0.004228257586647931,-14.071943947924712
0.8191090926478912,0.2901201403326544,0.8946003022181076,-3.166446060318406,7879.959143488613,1.0244314067293099,0.9904345240409447,60070066.02454065,2334349.0053321854,339962.68049825996,546326.6344618432,2.833020815814534,0.0,-0.5143390278596286,-0.45367336553815685,-0.4333958368370932,-0.0034717621213706806,3.2128072908149967
0.41722008171726255,0.005271195334403003,0.9241557340777703,-2.0512954125404037,7799.465563129874,0.9723067452730169,1.0485254019637198,86931307.45543852,4357190.324614077,193103.24199020787,292250.53683780076,2.2966773108368934,1.0,-0.7241382257282745,-0.7077494631621992,-0.5406645378326214,-0.00445355607430206,-8.787177377066392
0.8446526650544217,0.6603067547041479,0.9136743898406147,-2.1678547829317525,7736.662828787184,1.0115934093849337,1.0003041831641455,82679353.39798652,3548521.6266524587,267068.8020331968,425218.67478542036,2.1831799155470346,0.0,-0.618473139952576,-0.5747813252145797,-0.5633640168905931,-0.003204700168964206,5.3379693097166125
0.7530822833944638,0.8596754508388004,0.2021066789478642,-2.52994066232416,7834.577766029643,1.013370721218833,1.0320198069192243,138525890.40369132,3807001.7446094356,403483.0890624454,621020.4735377161,2.512536158181922,0.0,-0.42359558705364947,-0.37897952646228394,-0.49749276836361556,1.0,90.0
0.8373234257361396,0.595053040277599,0.7416028134005858,-2.4437509847202916,7782.203586760692,0.9692473005081241,0.93209363604868,86130335.30744249,3234839.0393749005,314625.2760604655,500837.13706826867,2.2452954981339834,0.0,-0.5505353199136207,-0.49916286293173134,-0.5509409003732033,-0.0029888800304431777,4.787921763763919
0.5661203909090058,0.7367344778930733,0.24266599898304966,-2.2345170286004614,7748.103056416499,1.0012854598906107,0.8947473351557043,150360566.07613742,4173022.325301236,391142.6050070118,648061.9056993856,2.1617852029428613,0.0,-0.4412248499899832,-0.35193809430061446,-0.5676429594114277,-0.0012976626972650007,7.3344672612336375
0.283010197229147,0.543579652181078,0.5915209873778153,-2.160480805784876,7845.252425176254,1.0270943505042596,0.9967068534497613,133249312.02678812,4852344.456689574,269265.1667233719,395061.1438359871,2.6728000441128272,1.0,-0.6153354761094687,-0.6049388561640129,-0.46543999117743456,-0.003285235704415238,-9.903797000144188
0.8609535282810408,0.15667671058245072,0.24666956995091135,-2.4330754074907386,7712.645048250717,0.9899393741658202,0.9421909290400111,109784213.64221787,3269741.4216116713,412870.4419662459,708536.4827829245,2.04787539952624,0.0,-0.41018508290536304,-0.2914635172170755,-0.590424920094752,-0.0016453031682443413,9.052848356193522
0.9096394434380373,0.8764690253952283,0.5863998656606737,-2.405312858631697,7790.088878933902,0.9877280561641562,0.9733328166179809,106867355.92253003,3701896.4508862933,323092.54882184096,516983.7412391504,2.2137901975981666,0.0,-0.5384392159687986,-0.4830162587608496,-0.5572419604803667,-0.0023856247942682027,7.942262021066991
0.16959239706191265,0.3088739462269629,0.9651148668791371,-1.7361390589854417,7731.537041457069,0.9920138365547776,1.0199681809225878,104374200.52822423,4607817.265976974,227653.91348756835,324771.8682633679,2.8187924185682465,1.0,-0.674780123589188,-0.6752281317366321,-0.4362415162863507,-0.004568155549366657,-16.798720744375675
0.3244349317562538,0.773373817731439,0.38969441826802376,-2.3755925971860115,7847.166105895159,1.0332242012186952,1.0398363295811728,147908411.39864397,4394668.139340827,348735.4342925262,526169.1473553922,2.3891101186171038,1.0,-0.5018065224392483,-0.4738308526446078,-0.5221779762765792,-0.0023242205916631864,-4.610545696213013
0.05093801103541438,0.7323647198991693,0.8228330458321748,-1.9131262419764177,7776.802224320694,1.1301021974080177,0.9768577188734222,118846251.05573215,4176407.4978273986,295429.00460761157,402941.99894744955,3.604888420210394,1.0,-0.5779585648462692,-0.5970580010525505,-0.2790223159579212,-0.0038089954496464988,-20.83453340112229
0.5818087037544991,0.15152573966845304,0.9569587542564855,-2.140007630582283,7811.649835434883,1.008368342170349,0.972967631938893,81893281.60698417,4146329.295067274,197836.6702828027,307941.46034577145,2.2834896559247286,1.0,-0.7173761853102819,-0.6920585396542286,-0.5433020688150543,-0.004031600944326459,-2.960387823330297
0.1710940299544765,0.4991287585389221,0.13843612941687655,-2.4190766744866035,7828.873137406201,0.9556574557517467,1.0302154200085778,223051287.06686652,5188120.672377702,447429.80510756996,725974.7999321074,2.2807227501500726,1.0,-0.36081456413204294,-0.27402520006789255,-0.5438554499699855,-0.0009453832918123214,-3.317743776153012
0.10335685338486027,0.35717844189645065,0.12817954019095287,-2.1904585596387243,7795.623833487475,0.963065051648246,0.905856682206506,224176951.2563274,5219020.747657281,411072.00275544164,658626.9491933592,2.495203019348716,1.0,-0.4127542817779405,-0.34137305080664077,-0.5009593961302568,-0.0010114818593185831,-7.774510213673182
0.39933709308807613,0.4437418597091691,0.7681141196586397,-1.9152483423007876,7697.304981110454,1.0471518817832464,1.028537174985504,87713502.4345613,3585452.560354399,292341.5454905373,436884.0501832644,2.5968278330090366,1.0,-0.5823692207278038,-0.5631159498167356,-0.4806344333981927,-0.003693929109430639,-6.8427140426619495
0.04219642170520864,0.9121387837135748,0.8323577235047067,-2.07383124425195,7763.062849252213,0.9516895468197306,1.074954833359922,126775253.93967848,3761437.266015592,376437.19516822434,508851.9064344866,3.107410062873633,1.0,-0.4622325783311081,-0.49114809356551337,-0.3785179874252734,-0.003603921460521183,-20.21656284006525
0.43218478822896905,0.1487203651667099,0.9490271134382761,-2.3237096374516755,7826.350571052417,0.9753578741505027,1.0721018380304042,81216711.03311744,3626606.2873272384,241816.58195182978,366255.77296190866,2.315917668515011,1.0,-0.6545477400688146,-0.6337442270380913,-0.5368164662969978,-0.0042951634453625,-7.4079892625784005
0.17303185213070107,0.2751801721531019,0.6212949404222212,-3.0289900409058177,7819.410738800178,0.9733749422300069,0.977856834138044,80283151.5775201,2150049.9795421455,525743.9007206493,752762.0778269371,3.8512149927566526,1.0,-0.24893728468478674,-0.24723792217306292,-0.22975700144866948,-0.003785234551968298,-16.570947827768617
0.8232626044160101,0.08146523288570716,0.8432819735833144,-2.4813383971512124,7820.795803861496,1.0851895653788235,0.9111747138149913,64399831.89447301,3035156.298509356,249765.03966881425,404837.0056283506,2.2986340986151905,0.0,-0.6431928004731224,-0.5951629943716493,-0.5402731802769619,-0.0035372419511813568,2.459759445912912
0.8681169398326648,0.09690782717550331,0.43915069920276595,-2.57930561017493,7721.170016307984,0.9838707709001993,1.0040566822687016,82181869.51723544,2806841.766449658,375223.8471163743,623566.0201622122,2.549500947729795,0.0,-0.46396593269089387,-0.3764339798377878,-0.49009981045404094,-0.0026262573047502926,5.163433359936519
0.3613190836125313,0.9882367668490187,0.775450398488589,-2.243769953671462,7792.136110099302,1.0366579491484662,0.9491844824141275,104570779.38139363,3537778.395412997,333857.25626399147,489572.52717869374,2.850452190167891,1.0,-0.5230610624800122,-0.5104274728213063,-0.4299095619664218,-0.0031648873372495004,-4.6580472396997905
0.19498355486889477,0.344532320953785,0.9440196339959133,-2.4083395115978394,7877.501954128679,0.9665888229695333,0.9140528538464395,94594346.34747744,3383681.944385246,307482.3420353104,439995.67370912415,3.038513401809948,1.0,-0.560739511378128,-0.5600043262908759,-0.3922973196380104,-0.004446070048722873,-15.367003387033602
0.8842583464904729,0.43919848042014925,0.33112415859433353,-2.5294765558080994,7805.206000205368,0.904960710335933,0.9410860950290801,139830128.31535083,4330413.619335166,360663.1768958229,604808.6500046497,1.7439464344388904,0.0,-0.4847668901488244,-0.3951913499953503,-0.6512107131122219,-0.0019269260982855338,9.078420985975317
0.9381034590566696,0.5187595943441433,0.9925015475639739,-2.151012317035945,7855.585711135246,1.0418280183007207,0.9701947824307867,104836208.96521096,5941398.349171632,189358.4333066735,307894.31878323684,2.0917622365693056,0.0,-0.7294879524190377,-0.6921056812167631,-0.5816475526861389,-0.0032998191814282837,6.714271889746673
0.9931599040464167,0.14705850939455034,0.6561364571569439,-2.257994945002226,7785.358330393578,1.0713868047531288,0.9708497697666635,85935418.52348386,3936390.1352029233,232508.75335156382,386114.7772207759,2.047958469955492,0.0,-0.6678446380691946,-0.6138852227792242,-0.5904083060089016,-0.002959103457067145,6.459825326112721
0.06250321487839883,0.7106199670995197,0.006538841974001043,-2.7232306718831847,7812.408857711967,1.0372571777263024,0.9371098260427472,161644370.73372796,2808243.5914989295,765347.4105487904,1118901.0287288849,3.0842991696362256,0.0,0.09335344364112909,0.11890102872888487,-0.38314016607275486,1.0,90.0
0.37505981144985046,0.25565729858325653,0.7765650202768662,-2.464037355032942,7791.907166348376,0.9715030373687931,1.0654586485306399,81511871.29031982,2981342.003669187,332801.64326226583,497093.21028797695,2.4015001985694466,1.0,-0.524569081053906,-0.5029067897120231,-0.5196999602861107,-0.003956601552410604,-8.756852957798426
0.5826671419876315,0.6665077522571021,0.9168594226982706,-2.3923193086387253,7865.408796011747,1.0261189268005935,0.9708367616606791,97479846.33964044,3957360.2279923055,261826.2193651614,402104.5249215233,2.372275907777261,1.0,-0.6259625437640551,-0.5978954750784767,-0.5255448184445478,-0.0034825460485468423,-0.15095222154446475
0.1855813378112505,0.6344387844020709,0.5945207765390244,-3.439959851653894,7706.574412543069,1.0581416846339446,1.0184312031640075,67666505.23942333,1659275.415699038,628232.7166771926,897805.326065753,5.928650564709838,0.0,-0.10252469046115344,-0.102194673934247,0.18573011294196765,-0.0032737866212554493,-13.503327767720126
0.9699718913860135,0.13151401285539374,0.5316860968795833,-2.27757321713259,7723.207558645729,1.025722793396451,1.01181861325082,84642857.75083436,3404128.7506542555,293267.2761463135,489636.8391843157,1.9516624153871394,0.0,-0.5810467483624092,-0.5103631608156843,-0.609667516922572,-0.002733981183565207,6.60763533068064
0.23992820614171562,0.17850741959274918,0.33079139963554316,-2.274128711841617,7848.768317949658,0.9074628601731216,1.0162345892129476,173459788.13122237,5337589.47857068,319439.8060633436,480048.03570997046,2.3236279698727813,1.0,-0.5436574199095091,-0.5199519642900295,-0.5352744060254437,-0.0027970334130428495,-11.520945250347435
0.15429728495287134,0.9702522944969026,0.2673947618587469,-2.586211832616856,7794.741564996694,1.0619998048735084,1.050657492159973,142683062.00190544,3219459.518915346,540392.7801432122,822909.8330356643,2.37492274482614,1.0,-0.22801031408112546,-0.17709016696433572,-0.525015451034772,-0.0015587742957439634,-6.107177773941768
0.5314853745861989,0.08519813074985096,0.5426300313610293,-2.480042726888851,7830.1074232214305,1.01521740813941,0.9702128984427612,93090932.38612877,3374982.805031407,314992.03713153896,491566.6513107109,2.4633789950534095,1.0,-0.5500113755263729,-0.5084333486892891,-0.5073242009893181,-0.0033380767322117705,-3.954077349525228
0.2667059639260208,0.8067507616545526,0.37903238307275927,-2.5349543602249742,7832.6301963601845,1.0137325989197439,1.0234212186835117,132906445.68817598,3507686.853416121,433325.8217275036,648040.6252589828,2.576790689732297,1.0,-0.380963111817852,-0.35195937474101724,-0.4846418620535406,-0.0022790481366798715,-6.314990148532164
0.8228085992661938,0.5647267305110908,0.6318236231433626,-2.2843169667004615,7790.794645294816,0.9629520217194734,1.0320594567909218,110355808.63997813,4292230.669993289,270393.5456679087,431508.61813080317,1.9759529737805501,0.0,-0.6137235061887019,-0.5684913818691969,-0.60480940524389,-0.002798478283111303,4.744048221914955
0.9122899702057853,0.8042974487635852,0.727156732241189,-2.303257423599378,7822.074537837918,0.948703440954948,0.9185126698358754,113488259.57168776,4427983.48049901,265819.33047327376,422923.90036816313,2.1361916606683358,0.0,-0.6202580993238946,-0.5770760996318369,-0.5727616678663329,-0.0027487183854009926,6.966583592196018
0.27086764957877185,0.7039305812325775,0.9521369358164715,-2.4954625889225506,7815.516434810836,0.9896266840392723,1.0636997091083342,89190992.74138595,3016138.6591800856,357046.9303523486,517268.0923829313,2.5779203142883143,1.0,-0.489932956639502,-0.4827319076170687,-0.48441593714233716,-0.003884419288423242,-9.710139447630386
0.11144545457291823,0.44085106710483285,0.6316111644612177,-2.001678793562909,7806.342010122691,1.0391359332286871,1.0195572139127012,133195274.75557327,4658033.461826142,293467.6250653106,412114.31553839816,3.119653847531718,1.0,-0.5807605356209848,-0.5878856844616018,-0.37606923049365637,-0.003651961500534026,-18.792552942368147
0.8109974549819764,0.6741049217862798,0.498659481802989,-2.34913390242054,7819.9816722289825,0.9170348396469811,1.0449446869725723,142234900.4982916,5163672.031718337,290791.329194007,466973.74834393756,1.8944324618780868,0.0,-0.5845838154371329,-0.5330262516560624,-0.6211135076243826,-0.0023798122559539744,6.053382289012681
0.2205987342713037,0.01562410908769981,0.8194813474101245,-2.4005712528762175,7852.699410319844,1.031358797010933,1.033175285880821,83631375.55629829,3182573.8265157524,300301.92534243275,435028.3868437908,2.8835565776186485,1.0,-0.5709972495108103,-0.5649716131562093,-0.4232886844762703,-0.00460254856715225,-16.35764244226968
0.600473694135048,0.7681797831672615,0.8773339456263395,-2.486501200830619,7800.745333508521,0.9751341475248414,0.8860727940204621,84541657.45466372,3024464.244554111,339533.08614649484,521330.42642734584,2.4883282123977835,0.0,-0.5149527340764359,-0.47866957357265416,-0.5023343575204433,-0.003312767845145813,0.7342258368105483
0.2226332598763107,0.6800254771209513,0.07592232325330468,-2.195776112834623,7806.094374992263,1.0064228861119424,0.965303793002696,199360489.25889185,4824955.374520594,395290.0518183832,592072.737083856,2.769133786948102,0.0,-0.4352999259737383,-0.407927262916144,-0.4461732426103796,1.0,90.0
0.44545529114706156,0.6229146418616939,0.3815006996678976,-2.3798629006939582,7805.163369463741,0.9496305379063457,0.9801080639981637,136409077.2612166,4024158.395514726,365058.1174352927,565056.2621878689,2.3009268107141283,1.0,-0.4784884036638676,-0.4349437378121311,-0.5398146378571743,-0.0023557793149590993,-1.6271419125262625
0.15806894685813902,0.35665641097149503,0.0031983595358401245,-2.0299021463922555,7751.63720140278,1.0985983506220292,0.9950185533564309,189976694.3518024,4473883.131059856,436798.31106048863,661143.1374231181,3.139637526930901,0.0,-0.37600241277073054,-0.3388568625768819,-0.37207249461381975,1.0,90.0
0.9084224664495179,0.06914586666360477,0.21458842374952977,-2.5249165727324203,7887.987338176412,1.0021847792663423,0.9656091176717958,176350051.43176284,6606116.836226991,309878.96552520344,542397.2645811784,2.055246366141701,0.0,-0.5573157635354237,-0.45760273541882157,-0.5889507267716598,-0.0013225496232578517,11.100031646456742
0.41433920404940805,0.18255356855177685,0.19666043647292036,-2.347658855173596,7845.088429927095,0.9727739661787319,1.0413067701523482,188810111.13312525,5873722.389551138,331934.93719651987,534031.1212277014,1.9674958311950395,1.0,-0.5258072325764002,-0.4659688787722986,-0.6065008337609921,-0.0018972158997124016,-1.7868826390002397
0.16352090021733862,0.9808322625756792,0.22951235184291632,-2.37579180566254,7776.641505757638,0.9674977136516473,0.9498426921504968,174848155.2202235,3902522.5367359756,500891.84953158017,783492.9917125639,2.364092510502562,1.0,-0.2844402149548855,-0.2165070082874361,-0.5271814978994876,-0.0012105598269891611,-3.2881175306291865
0.8242724473926399,0.5067058075977271,0.6436446299145618,-3.4734993824369904,7952.653814976179,0.9947681263396578,1.116692402149098,81545090.7539831,2581498.23103606,432279.05634396477,691457.2442798569,2.198336850439924,0.0,-0.3824584909371932,-0.3085427557201431,-0.5603326299120152,-0.002867154171191451,4.481785998190492
0.092272172055125,0.7223817098391714,0.6023548916616157,-2.163686550707278,7810.421259139564,1.0538289872431326,0.8824944835423417,124254738.77829954,3707323.4386019423,363096.2547175069,504333.8959057637,3.5527355790208195,1.0,-0.4812910646892759,-0.4956661040942363,-0.2894528841958361,-0.0032326644912676907,-17.80028693531561
0.16709518938493956,0.9631808287888567,0.9672151103149335,-2.8687430024405054,7761.090309743268,0.9015146367682568,0.9954117433561595,82780952.78917524,2218883.547143591,527669.3823414071,737780.7655174821,3.8021613036370514,1.0,-0.24618659665513268,-0.26221923448251794,-0.23956773927258973,-0.003698984906653948,-12.984590685635862
0.9341119616794299,0.8468086751435369,0.02120493038227331,-2.315332124839009,7774.370770864621,0.9185875214153072,1.0297623772550544,166775312.78052312,4158377.724756145,433493.1394657456,672428.9996778326,2.501044547419819,0.0,-0.3807240864775063,-0.3275710003221674,-0.4997910905160362,1.0,90.0
0.19239640073589542,0.8223519702653095,0.045789623334672125,-2.3822892658915227,7875.464917386875,1.0928651675107635,1.0057741583594777,205141299.77992547,4778290.346755682,418795.874907735,620011.9179567547,3.0158852820438753,0.0,-0.40172017870323573,-0.3799880820432453,-0.39682294359122494,1.0,90.0
0.18359739458318217,0.6831805957430621,0.9063312682128563,-2.4090249032852245,7858.682003743176,0.9369044619169443,0.9510029892011591,108213931.03449821,3488596.347334394,341648.8790506868,484270.9933800269,2.9503170367082014,1.0,-0.5119301727847332,-0.5157290066199731,-0.4099365926583597,-0.003944011235641799,-13.686428012714561
0.6911930513417384,0.9965550526557333,0.03728219865249388,-1.9078593531182457,7719.33808328774,1.0392689333750218,1.026745688415365,172675173.03526443,4844882.788798805,358529.13397086243,546475.6876979303,2.738956482523231,0.0,-0.48781552289876795,-0.45352431230206974,-0.4522087034953538,1.0,90.0
0.17325008740639466,0.5839198136433381,0.7474723984745943,-2.559837442674416,7822.284879715578,0.935111443072097,0.9516836364024237,97746168.68116045,2849668.9558268953,430766.217842763,609813.8928459401,2.826833024367209,1.0,-0.38461968879605285,-0.39018610715405994,-0.43463339512655824,-0.0037574224889637842,-14.936404799290951
0.6753307480314666,0.9179523013187201,0.19033611443203552,-3.174328398486555,7857.18092421694,0.9528135598478296,1.0326937691912799,114321586.93233435,2556093.020748961,592317.1654144349,906231.4273652586,2.7338986759244444,0.0,-0.15383262083652163,-0.09376857263474143,-0.45322026481511113,1.0,90.0
0.09980206738159494,0.5497611612671807,0.5117183701353051,-2.2115070442857636,7848.408315104382,0.9504384373057474,1.0152944615919282,157266421.8059483,4683243.791957574,323741.15112895577,456914.0012861846,2.8741875789708358,1.0,-0.5375126412443489,-0.5430859987138154,-0.42516248420583286,-0.0031249896449162145,-17.93034560226566
0.4226505197050236,0.9683451875689312,0.07700326187035963,-1.9365563876866185,7743.779262358661,1.0216078643188216,0.8980834488913683,183596890.1450933,4978614.67035041,377618.6108503895,568762.1072291757,2.9478590822853037,0.0,-0.4605448416423007,-0.43123789277082425,-0.41042818354293925,1.0,90.0
0.7882880577036238,0.14020658806335892,0.43402971592686374,-2.515464167507399,7904.697674728401,0.9763806076188832,1.0209911264624139,138201258.81273666,5634158.028766102,274695.46631098783,450079.71136287367,1.9214104705450628,0.0,-0.6075779052700174,-0.5499202886371263,-0.6157179058909874,-0.0026647322751594347,3.658558442696801
0.05631338410684769,0.04124193449318656,0.910257848383432,-2.27424206202023,7812.19591317589,0.9813782382411578,0.9944383808875371,89591792.97636566,3077836.187216522,347434.67578983254,479694.3266425628,3.2646126229392487,1.0,-0.5036647488716678,-0.5203056733574372,-0.3470774754121503,-0.004971391226088188,-25.15317861804483
0.7621770936905573,0.5052000413017299,0.33793361549343204,-2.465770628505896,7833.138318757883,0.8889637173224146,1.0306770435108272,166720802.48826107,5497609.743726269,333119.37776198203,547752.0836143746,1.7326818026077888,0.0,-0.52411517462574,-0.4522479163856254,-0.6534636394784423,-0.002005343506959135,6.716895166200544
0.34618667827355126,0.5714277283347464,0.6476523554548289,-3.1346784262804968,7839.323257835563,0.9246482590324916,1.0080777264310277,82633226.96372315,2251892.4423676017,501577.6501155043,741679.546539736,3.379870665984613,1.0,-0.2834604998349939,-0.258320453460264,-0.3240258668030774,-0.0033415247414878436,-7.630694783372025
0.9776095295123081,0.0749154145203952,0.10638629119668397,-2.969709823887197,7971.684895311146,0.9983107005036335,1.0426188759773465,146785842.61242497,4162938.3801061567,426019.9576583905,690307.446641287,2.1071631527994605,0.0,-0.39140006048801357,-0.30969255335871304,-0.5785673694401079,1.0,90.0
0.048685342902907595,0.3299914637889232,0.45255393170579483,-2.45378049749408,7899.5227568606815,0.9548667164960337,1.0709907911884224,156767165.8351158,4127636.460878824,392525.22049065045,550103.6477611747,2.973807946270985,1.0,-0.4392496850133565,-0.4498963522388253,-0.405238410745803,-0.0031149288678838645,-21.92878733510831
0.24598392664352492,0.11839428431909844,0.3962987151490132,-2.880443041396943,7796.049558566173,1.109549324962677,0.8831876040926289,83363732.17941639,2252045.4097018293,520508.40095828153,777417.7650978444,3.7118232816447554,1.0,-0.2564165700595978,-0.2225822349021556,-0.2576353436710489,-0.0031389530989173456,-12.54003602285831
0.31249254653022235,0.6467093742605744,0.45414200054352355,-2.1681397641403977,7769.590722834381,0.9645458987389102,0.9544317445550079,129509477.7820673,3951290.444709583,355590.9419303151,530218.1844291307,2.6544925865257323,1.0,-0.4920129400995498,-0.46978181557086923,-0.4691014826948535,-0.0027122153281417694,-6.957008334557216
0.4826723164880403,0.31657965720002773,0.8163634539773101,-2.73758641355536,7712.215832053694,0.9942156330011113,1.0767260525642994,61893382.264491566,2222334.845099092,387893.9821564398,590875.2655711336,3.7381523122846794,1.0,-0.44586573977651456,-0.40912473442886643,-0.2523695375430641,-0.003803183603171805,-4.980023994489276
0.1373342196334917,0.9656044907701572,0.07061232371087649,-3.0337278755919876,7782.953639549651,1.085558018360157,1.0955708761080758,127309053.78045693,2308522.2275340375,783291.7967419287,1143636.3283261089,3.8917568670442377,0.0,0.1189882810598981,0.14363632832610887,-0.22164862659115245,1.0,90.0
0.99993346026017,0.09507728658075479,0.7362821764425533,-2.7149039352448083,7888.524092395556,1.0731544692289505,1.0240577101313406,78539461.28867328,3575477.96307794,260709.55215480892,433279.1705813956,1.9583344706603716,0.0,-0.6275577826359873,-0.5667208294186044,-0.6083331058679257,-0.0031234994086901517,6.218856138825135
0.7825009803272113,0.8588039178034832,0.3583069318070931,-2.731947931381619,7819.951565494861,1.0749109735459768,1.0187424658055315,114093012.329084,3279761.0840014233,416212.5735459307,683117.6322290746,2.090754399531103,0.0,-0.405410609220099,-0.3168823677709254,-0.5818491200937794,-0.0017243752187573107,9.347202036987888
0.9146719331437372,0.5546318862954643,0.7314831006589512,-1.9693257106455273,7754.31029995149,0.9999727405276382,0.8493414562761455,102391616.34276554,4567203.971030472,217618.71922875886,350130.36482394754,2.289945524539517,0.0,-0.6891161153874874,-0.6498696351760525,-0.5420108950920965,-0.0029244705441106265,6.061742915766429
0.2559998681298667,0.5667391539000544,0.6617989528421446,-2.3092514463407907,7788.544631740483,0.9471042981252045,0.8809302966874575,103376352.47258793,3245253.836347494,380623.68602737365,551518.6039685677,2.937435663772164,1.0,-0.4562518771037519,-0.44848139603143233,-0.4125128672455672,-0.0034809734185565298,-11.146516079409238
0.4259551576439246,0.02200998072742621,0.7881796504042771,-2.358482226350832,7757.928034507621,0.9710141152695055,0.9170201468534338,70121485.90280761,2813407.115336204,315732.00683844904,479541.2213173014,2.5641141400884186,1.0,-0.5489542759450728,-0.5204587786826986,-0.48717717198231625,-0.004160758003872854,-8.339463113102724
0.45957416331339707,0.8912805833340999,0.8056115102364164,-2.698379221230909,7819.276518806927,1.0498229886804242,1.0475481458515254,83894886.45182946,2727310.0404608566,390130.2638514104,583411.9867557925,2.515894609640597,1.0,-0.44267105164084225,-0.41658801324420747,-0.4968210780718806,-0.003224414039114685,-2.295901792496796
0.20998875802768585,0.34285629534560136,0.563082956056352,-2.198710794943986,7820.278428368856,1.0022583532317928,0.9716125823956657,120847683.73842233,3985146.7506545875,310760.18909557955,449695.68525187613,2.953914940146525,1.0,-0.5560568727206007,-0.5503043147481239,-0.40921701197069504,-0.0034931546798755452,-14.104399771468408
0.794683069018996,0.44723981096481075,0.6917659722704321,-2.297923375049313,7783.208785262165,1.0629041886642185,0.9522693766179515,86390799.43835968,3503521.00816494,278560.57580481184,444130.83687561174,2.364501055120461,0.0,-0.6020563202788403,-0.5558691631243883,-0.5270997889759078,-0.0030435885726557525,3.474570509357367
0.3235398970949599,0.11172604372414882,0.7058358427999524,-2.6177285372188535,7823.085038103283,1.0039645368258128,1.0388276642791894,78789442.45334814,2741634.2936847084,360646.1516413124,535566.1117000671,2.506707178603121,1.0,-0.4847912119409823,-0.46443388829993293,-0.49865856427937577,-0.004037519609215511,-11.329026418829642
0.021459790416485904,0.7783314559510651,0.23390729951937803,-2.022053572438417,7801.909648343131,1.1526136600806447,0.9574765592354787,208868569.22757742,5684518.1489808895,427799.7315897478,643630.3016473154,2.8163372628884256,1.0,-0.38885752630036025,-0.3563696983526846,-0.4367325474223149,-0.0014304708916230825,-13.73358608647846
0.14428086257597286,0.42805416513696964,0.5281802607752483,-3.0852765214427578,7789.13793175775,1.0225303813677975,1.0461536597592198,83529201.59310868,2069940.3135351837,580989.9313447883,828750.4630075111,4.171533977799792,1.0,-0.17001438379315958,-0.1712495369924889,-0.1656932044400415,-0.00331631145804986,-16.496709582778756
0.8493428994722478,0.4477947232869326,0.16685707499237742,-1.8845264707456868,7691.744903581484,1.1496724511054632,1.0736937014864272,125127043.62773101,4280966.670513267,327001.7016422658,517335.66088068567,2.521523608995275,0.0,-0.5328547119396203,-0.48266433911931433,-0.49569527820094506,1.0,90.0
0.865362450830903,0.040704391776007515,0.1745920357493229,-2.541702926274593,7862.282661422027,1.1156941817601813,1.0302758695336787,167777466.7278477,5679065.167126443,331579.3475282615,590596.9049458319,2.1279250755322665,0.0,-0.5263152178167693,-0.40940309505416816,-0.5744149848935467,-0.0009045340971330111,12.740953270032971
0.7942753269110442,0.9865471293154915,0.9250857011574648,-2.2635269638659197,7815.698692751752,1.0032968522614873,1.028776440756616,107431845.3916713,4371456.619082974,252983.03037572966,393975.3974583804,2.144224044413004,0.0,-0.6385956708918148,-0.6060246025416197,-0.5711551911173992,-0.0030195797178377767,5.577803425197175
0.13323533320366696,0.6620411880039555,0.6261894720042369,-2.3325827370091567,7813.203564105734,0.8900360156766955,0.9911653585835073,127666401.47283134,3585305.782610905,398553.7601796483,559675.3462289264,2.9045856427680317,1.0,-0.4306374854576453,-0.44032465377107355,-0.41908287144639367,-0.003365772477143934,-16.087192172891925
0.06041414396183697,0.09365021764964586,0.2127731657774744,-2.2008895595835116,7839.707323358917,1.0702014891435883,1.0445163761637404,193021787.71149147,5222902.417768554,381129.57698478125,570133.3962095951,2.632793836951223,1.0,-0.4555291757360268,-0.42986660379040487,-0.4734412326097554,-0.0022055769367677475,-18.228594002489352
0.7384858261200248,0.2778470117452992,0.26207791152122745,-2.1913492906136707,7764.460694956067,1.0344733563670008,0.9786807016314422,143517918.14746508,4800306.787176503,302607.31028751016,505718.0893500571,1.8918881359762845,0.0,-0.567703842446414,-0.49428191064994287,-0.6216223728047432,-0.0018350755871801604,6.423741780887919
0.9068985296473266,0.9986382131792341,0.40416027935760124,-2.9170991154204184,7871.846558908298,1.0033662827335728,1.0285093139683572,122912833.98081166,3502518.944432181,428945.6854703982,705776.2328080845,1.9998296553997454,0.0,-0.38722044932800254,-0.29422376719191556,-0.600034068920051,-0.0016659780410463012,11.562352251272484
0.025182891782473477,0.2120965910649792,0.9944185936069744,-2.4309327886361474,7791.272746538486,1.0191845542284508,0.9780367389787512,80982440.37606457,2600371.8666059067,410353.6514312347,560030.6909263389,3.1886865532153292,1.0,-0.41378049795537897,-0.4399693090736611,-0.3622626893569342,-0.004895496513941021,-26.01007850455274
0.3468269041134511,0.804755761117754,0.6113330126830383,-2.2497101093987313,7727.723533804154,0.9037912713668033,0.9720404837379825,106648299.76633039,3243949.105293642,409103.17151081795,603466.6041340771,2.4437125408727147,1.0,-0.41556689784168865,-0.3965333958659229,-0.5112574918254571,-0.0029956495753750275,-5.95641908973429
0.8976708692863935,0.38961026323261183,0.006996344106006713,-2.9062184438980054,7963.0822320487205,0.9546751384015171,0.9092537052281282,164784210.60734203,3868614.0222566784,492507.3520451951,782365.4657467722,2.6859955636395343,0.0,-0.29641806850686414,-0.21763453425322776,-0.4628008872720931,1.0,90.0
0.938188185709444,0.6097000731555685,0.7382307819604923,-2.582903403228153,7826.315453740537,0.9547743827846731,1.0110932533882941,94147408.64022547,3566281.609132224,303611.98056709615,488437.2636669798,2.0429504908600244,0.0,-0.5662685991898626,-0.5115627363330202,-0.5914099018279951,-0.002879468606981423,6.650559343082456
0.5256334749565938,0.8617728553055496,0.5775966319097274,-2.9717317200598607,7784.9935323749305,1.065834254476847,1.0796210358905218,80089298.4189807,2314699.481228352,472534.53583328245,720517.3527327065,3.3638340999120255,1.0,-0.3249506630953108,-0.27948264726729355,-0.3272331800175949,-0.0026826473270483587,-0.03372900677243251
0.5231123521118555,0.14293276314039866,0.9909385729349541,-2.1759340503671494,7801.266691422833,0.917251156488466,1.0496179071371765,86117175.04494675,4214132.144530296,208378.5168985312,321326.7854737518,2.057242898752532,1.0,-0.7023164044306697,-0.6786732145262482,-0.5885514202494936,-0.004190423691746454,-4.581708023095768
0.47575244114433,0.573028233467194,0.7283596557804174,-2.5565775606570735,7744.181635141649,1.0622151860691955,0.9167111206081185,72497516.1606134,2488405.6092640944,395670.32227778103,598231.6467202071,3.2300692845427577,1.0,-0.4347566824603128,-0.40176835327979293,-0.3539861430914485,-0.0033767233223927825,-3.6983792603732795
0.1208135992240822,0.6705918918954858,0.4719313764760532,-2.359109657344601,7828.2945755362725,0.94876399506424,1.0159728873855571,141597932.64067474,3770348.6985721793,406999.12708584784,578235.8974751333,2.8874571460247953,1.0,-0.41857267559164596,-0.4217641025248667,-0.42250857079504095,-0.002845554818624647,-15.48786254023937
0.9810417994317835,0.7987329524054662,0.34180465883320205,-2.8006861607226914,7856.844343289869,1.0140484927436793,1.0081248726555885,134077217.04228401,3955056.6155056343,403481.0262740186,682648.4562928632,1.9201964386304218,0.0,-0.42359853389425917,-0.31735154370713675,-0.6159607122739157,-0.001510555909242771,13.328867301963593
0.40139443039707867,0.16470976279219124,0.684077945753286,-2.556401754833456,7807.687492009401,1.0408890572061575,0.966783536949515,76520614.1851562,2747523.1019649105,351346.4932148259,530101.73425857,2.5459258237745925,1.0,-0.4980764382645344,-0.46989826574143,-0.4908148352450815,-0.003804872757244146,-8.187750860171139
0.6484817720121429,0.1902291066386769,0.3429919698203602,-2.6657489566151353,7887.244708951521,0.9656390527047142,0.9417587563113509,130743979.26449256,4136367.32987304,360234.4737136737,583752.0414216454,2.0380143885285684,0.0,-0.48537932326618044,-0.41624795857835456,-0.5923971222942863,-0.002432696665047163,1.7350161976341738
0.2103654537205114,0.54008910569782,0.4807830868070911,-2.84684088664906,7815.166002965107,0.9995038809194744,0.9344914263426097,95634161.62189284,2442174.5901559643,531573.9030367616,773441.7896778358,3.200641093728643,1.0,-0.24060870994748348,-0.22655821032216422,-0.3598717812542714,-0.0029948216849425844,-12.152721412432808
0.3687247152339949,0.9045706709306696,0.012330687830231259,-2.97088625032103,7879.3372100342085,1.0256870700642047,1.0170531926609372,147542459.85632372,2846442.0679347967,663337.1618652638,996645.2799633556,2.7429435074932043,0.0,-0.052375483049623105,-0.0033547200366443723,-0.45141129850135914,1.0,90.0
0.278192496127794,0.6330482484508942,0.9246533761158693,-2.0519981900035136,7787.714494589128,0.9709047519745841,0.8748149292634745,104583846.26061666,3997973.343818061,268924.2769294759,390916.1877849939,2.9296587057297856,1.0,-0.6158224615293202,-0.6090838122150061,-0.41406825885404286,-0.003920992991236862,-9.830261491629898
0.8695263727726431,0.1963020037803883,0.8412122361963956,-2.304083372067886,7865.61416273579,0.9856268272826466,0.9629455049753329,97051533.33604026,5004330.729137369,201894.18740048487,327543.0538494827,2.040396165993248,0.0,-0.7115797322850216,-0.6724569461505173,-0.5919207668013504,-0.0033927908707489856,3.854002267295563
0.11393640258670347,0.531157034086035,0.22827252111141902,-2.5837269040262676,7877.899852339703,1.0140753770349313,0.966732634876856,171255953.74002558,3906952.097013612,480667.28009288287,724943.9484729611,2.672826492062685,1.0,-0.3133324570101673,-0.27505605152703894,-0.46543470158746303,-0.0018467617102414402,-11.718294823986376
0.2460214158475096,0.34268751972150074,0.7570494892821762,-2.1271678251353774,7819.357142596473,1.0442691406418672,0.9836308681137186,104583229.7664525,4017495.6406971645,260120.46607923182,376540.3899391915,2.9286593597004758,1.0,-0.628399334172526,-0.6234596100608085,-0.41426812805990487,-0.0039962318674422815,-13.18262859014181
0.6823649595173102,0.3839676830578113,0.40342872208388203,-2.365158237878022,7842.581383203625,1.068645582414351,1.0037252835515982,128080741.6365518,4611080.154205917,290431.15111850854,467187.85493139783,2.1280713024253584,0.0,-0.5850983555449878,-0.5328121450686022,-0.5743857395149283,-0.002449251937906965,2.849820408867899
0.397248261522864,0.19069634149029205,0.8276152845734273,-2.3843491666269734,7890.782454346391,0.9532781029041945,1.0169573831553476,101670354.79560389,4238454.800167351,250267.53878228742,375545.4694808787,2.3384916959648567,1.0,-0.6424749445967323,-0.6244545305191214,-0.5323016608070287,-0.004099371513793574,-8.397234191509483
0.8106122239991177,0.6392047220103071,0.7434586105711063,-2.4637886681186765,7801.853244887629,1.0334200057179013,1.0604533654325716,88912877.78383526,3430300.0355088306,296420.35810667806,469304.16650106007,2.186080355122479,0.0,-0.5765423455618884,-0.5306958334989399,-0.5627839289755042,-0.0029852651129787817,4.45914060215868
0.1814611482594855,0.9510785326751805,0.4941265082322785,-2.265597998195998,7826.281076757816,0.9825592630350378,0.9002545106364563,142996552.93153006,4007809.807207462,368972.5826211871,529706.1134907498,3.0468150129870684,1.0,-0.4728963105411613,-0.47029388650925014,-0.39063699740258634,-0.0025993051375411066,-10.515934874716606
0.9783999113947575,0.9187739411858512,0.5835399416760219,-2.343756582305634,7777.7146004116485,1.0361875479794302,0.9796632178274486,104211239.72693789,3705295.2309412644,314882.1396602729,506944.13593714347,2.2461883245775836,0.0,-0.5501683719138958,-0.4930558640628565,-0.5507623350844832,-0.0023007670898103176,9.256652633758067
0.9379549223165486,0.3749250704840474,0.7212158167528396,-3.3542984039774053,7887.72759804439,1.0565849710998687,1.0603175827356406,65481267.79511902,2298126.968627628,384086.85961191653,625120.8775546897,2.8505705929460268,0.0,-0.4513044862686907,-0.37487912244531035,-0.42988588141079465,-0.002999285786915473,5.901188758480092
0.4745642612990787,0.2484294088708324,0.050844692155115445,-2.430499494669395,7744.723682019088,0.9670658121479944,1.05731606343941,142055802.47510904,3379154.314209103,514624.5971777821,808132.3832075436,2.3293884345643234,0.0,-0.2648220040317399,-0.19186761679245637,-0.5341223130871353,1.0,90.0
0.7051286183783747,0.9952773855896899,0.6533596283926386,-2.2227680844630004,7833.70378091651,0.9577503514776917,0.9405005696856046,135573029.78384557,5104849.4449511515,260554.745150854,403306.7204881466,2.2874623443140716,0.0,-0.62777893549878,-0.5966932795118534,-0.5425075311371856,-0.0026039701585507742,4.37802953183197
0.9567362195430855,0.013931749669851268,0.6353601395458928,-2.818301123946462,7721.699419493273,1.0031538540534457,1.0764337528810726,61359598.79854697,2380030.0883222227,340327.92822248617,567221.5118004191,3.1309481283948304,0.0,-0.5138172453964484,-0.4327784881995809,-0.3738103743210339,-0.003047025916076058,5.464913110776735
0.05222059845661055,0.48322677136437486,0.7847227705105715,-2.8030343957038157,7818.504457823169,1.0019989953089745,1.0279389533727337,86820847.0334287,2323522.9420805573,514879.5782095876,704263.7823086868,3.49931910862049,1.0,-0.2644577454148748,-0.29573621769131325,-0.30013617827590205,-0.004043350040186023,-22.500244436215144
0.48477826220526815,0.6177257795977574,0.49752752114933585,-2.3761870689995064,7794.633454577733,0.9843048251706294,1.0392893778812737,114907280.15168037,3691031.840866488,347305.5565541633,532377.7937837784,2.3602478969276186,1.0,-0.5038492049226239,-0.4676222062162216,-0.5279504206144763,-0.0027291594656661594,-1.9954909941767411
0.3656425446623596,0.5660232028589255,0.4429831855706974,-2.6449161494267814,7819.057541132199,1.0337255500035172,0.9673405867462145,102875245.82578033,2918531.5107881427,439945.82958249166,664932.4932082455,2.5181968705887687,1.0,-0.3715059577392976,-0.3350675067917545,-0.4963606258822463,-0.002717404866373357,-5.500848758817835
0.8785780676135391,0.7702127735248887,0.8729057902511274,-2.36004948571476,7825.9928578420795,0.9088281194184414,1.0412709706279408,113478143.16039154,4702817.762128567,257394.8057928718,408764.40620226954,1.9253481823339265,0.0,-0.6322931345816117,-0.5912355937977305,-0.6149303635332147,-0.003041208439208267,6.296077422616424
0.9070382973420191,0.2527606852973241,0.29328340093299937,-2.1416300251109504,7756.375239845219,0.9614546405458833,1.0628426731342522,160760924.7407721,5979819.931469212,269558.87569809787,458360.5978083029,1.6547409188173032,0.0,-0.6149158918598602,-0.5416394021916972,-0.6690518162365393,-0.0018476693649781394,9.281728550702752
0.2071918007228934,0.2156070891244199,0.9761498624627393,-2.1585139526071804,7804.616061304403,0.9336230146346791,0.9981156609524824,92880298.20562938,3690548.7565816133,268383.21766444796,386438.05822359124,2.7493094028720204,1.0,-0.6165954033365029,-0.6135619417764088,-0.4501381194255959,-0.004661971614864563,-15.605775087824853
0.818427558257873,0.8936367778788344,0.6922149583487417,-2.3292704232078627,7846.402231749424,0.9677655167372752,1.0278898212417007,127894253.65780847,5020980.901063166,263210.87649001024,413484.0086487988,2.099926093093719,0.0,-0.6239844621571282,-0.5865159913512012,-0.5800147813812562,-0.002684986515267342,5.838766016765458
0.17864979686632182,0.823451493793976,0.8846977953806786,-2.9672628747903222,7814.9215797708675,1.03330068863833,1.0916322229851358,78437392.17662857,2212803.335817325,491349.8513690201,693685.5932601811,3.646058646273313,1.0,-0.2980716409013998,-0.30631440673981886,-0.2707882707453374,-0.0037354783783294264,-13.055387156068551
0.9162576608869692,0.7706216364345209,0.38987067313538876,-2.3831012047168425,7868.869786273311,1.0352065984005663,1.0017310219145839,159719127.75522542,6069984.310447017,279603.73021309427,462670.121055923,1.9446803754493123,0.0,-0.6005660996955796,-0.537329878944077,-0.6110639249101375,-0.0018014386667709779,10.483168987760395
0.34468474151759626,0.8363488421535981,0.08973088790811172,-2.4690006058748213,7860.170255446084,1.0122693893815642,0.9643082774023024,179961427.31508648,4230914.837438824,444313.12013509666,668098.1355896456,2.8109960669890954,0.0,-0.3652669712355762,-0.3319018644103544,-0.4378007866021809,1.0,90.0
0.5382945472044368,0.2454221145826775,0.07447161022693898,-2.491240870302441,7830.754972043892,0.9752601363164846,1.0150192113415681,161980518.9689637,4139175.933004783,422828.989864155,666089.9328064851,2.3931113615564734,0.0,-0.39595858590835,-0.3339100671935149,-0.5213777276887053,1.0,90.0
0.4099900540219707,0.6266861661087484,0.8457081964642372,-2.8839160646350717,7799.265814651465,0.9994485531097597,1.0625531072756615,72782855.44927596,2350821.33271604,415561.5162632766,619866.6623007373,3.2300711733902654,1.0,-0.40634069105246207,-0.38013333769926266,-0.3539857653219469,-0.003628121145054627,-5.380751500875501
0.6244474731232129,0.6461749719177965,0.20006826965530625,-2.3493217948414236,7792.768581814722,0.9369295139529373,0.9900917435072089,200376165.33935553,5682764.45131174,369332.51551924285,635451.3009861071,2.0702362125093714,0.0,-0.4723821206867959,-0.3645486990138929,-0.5859527574981257,-0.0008303581325013569,11.445859617025363
0.2744233584337208,0.3789766970230715,0.028140527338980925,-2.6363478898266597,7850.877578435545,0.9949204836234811,1.1028967365703126,176045897.81202066,3757731.22381095,527971.2363670965,808950.0426002162,2.586059209699996,0.0,-0.24575537661843352,-0.19104995739978378,-0.48278815806000075,1.0,90.0
0.863038049343836,0.8549949175907925,0.23883444614580582,-2.294669114720028,7744.599707878456,0.991412412915842,1.0687775791643903,178995624.72290105,5174673.000189529,360986.94063915225,646070.5866804551,2.3393643114987372,0.0,-0.4843043705154968,-0.35392941331954486,-0.5321271377002526,1.0,90.0
0.08588363247089537,0.7686831603738269,0.624888623038652,-2.6160392585984535,7902.691901156977,0.9433839310540384,0.8813921438555888,124902772.35623193,3183817.0695031933,455846.47125717864,630404.0097577999,3.3338229082703346,1.0,-0.34879075534688764,-0.3695959902422001,-0.33323541834593307,-0.003250412847044788,-17.96386735693928
0.6300937178206153,0.75760676496678,0.6914628803272522,-2.3770239169059817,7784.833341309774,0.8819059967242925,0.9320256458892853,105597772.43098453,3570564.977210429,335907.04010036244,517929.11556949565,2.320413329997441,0.0,-0.5201327998566251,-0.48207088443050433,-0.5359173340005118,-0.002956432930975998,1.36161479536554
0.31937844502643475,0.8521288891831252,0.45645410436120953,-2.516902393456667,7805.077188774683,1.0074438768228433,0.977643605004007,115363539.74079618,3179061.194991247,438701.62766506,653893.2722441653,2.5882491183442258,1.0,-0.3732833890499143,-0.3461067277558347,-0.48235017633115485,-0.0024934630697721156,-5.201951597635588
0.08671346923216335,0.20317383050634275,0.5180547699565848,-2.4124018447252147,7823.292598694545,1.023810586432055,1.0366798889449154,112618682.94846028,3170002.172775345,423517.3117243576,597509.820042103,3.1052440251327464,1.0,-0.3949752689652034,-0.40249017995789704,-0.3789511949734507,-0.0035402492903917034,-21.05176398869425
0.6503146664893065,0.25939142937449255,0.4840314113033249,-2.2194622320519204,7729.781344046627,1.0017422521145192,1.0021878060333838,96459182.26880647,3479387.8497243607,327247.0912287714,521130.90925886336,2.2108164569847317,0.0,-0.5325041553874694,-0.47886909074113665,-0.5578367086030537,-0.002861494895301678,0.5162232043231647
0.007847198550863318,0.7913683631604885,0.7607571289503,-2.6224077270740063,7875.413509417528,1.0318855182387334,0.89492700899214,108416689.20934725,2759998.007800926,496525.7809593904,665613.6677640835,3.546400443602955,1.0,-0.2906774557722994,-0.3343863322359165,-0.290719911279409,-0.00357892293577812,-23.391192371040635
0.5422631618099408,0.8557091072485064,0.8735446276571148,-2.538678130675431,7784.107795704143,1.0255588554584256,1.0497515077388264,82452021.79320033,2889981.183106388,355047.01094004896,539018.6778280286,2.3373832755157116,1.0,-0.4927899843713586,-0.4609813221719714,-0.5325233448968577,-0.0032854837936278055,-0.2305063583021827
0.359924432502402,0.2538209914240875,0.566625724224226,-2.233295419818979,7776.678411012796,1.0437835828693254,1.041717132254822,98584655.88625076,3502092.780302173,321189.2577421171,482003.8478408937,2.62954200064722,1.0,-0.541158203225547,-0.5179961521591063,-0.47409159987055605,-0.003448930397983066,-8.655640848966868
0.4952841811008287,0.4012894607175867,0.004237173540564144,-2.181747924391123,7789.191074631279,0.9762490372163297,0.9457940755817256,187662246.72729653,4767402.305405209,381148.2978170908,593679.7246602603,2.651878167706433,0.0,-0.45550243168987026,-0.40632027533973974,-0.46962436645871336,1.0,90.0
0.09483379971925511,0.6675632146985206,0.39192912157277465,-2.2573080430742203,7847.136709502804,1.0022284237800503,1.068201382434573,170874531.50501555,4747237.352262878,349429.79315122834,499734.6952123627,2.6779716393577937,1.0,-0.500814581212531,-0.5002653047876373,-0.46440567212844125,-0.0025250872652726195,-15.79807673362744
0.34872629749660367,0.662861459180206,0.5532205324292164,-2.483935951882793,7825.963114308505,0.976793724602102,0.9031994083472452,108195932.9711288,3240592.685489893,393474.8601817741,584403.0704705646,2.7764008801037243,1.0,-0.4378930568831799,-0.41559692952943533,-0.44471982397925514,-0.0029806844771294435,-6.4640732986792955
0.42678949864339294,0.4194680799115381,0.9395671119090909,-2.7900118809458796,7711.696826383205,1.040956300552736,0.9524412468463841,57120212.18087736,2065994.1745381826,396885.3257642192,598093.8623264435,4.23486725538411,1.0,-0.43302096319397254,-0.40190613767355643,-0.15302654892317805,-0.0039816295317334546,-5.928585700817575
0.7108737722281563,0.5065293909992822,0.03201909781613585,-2.644117869971301,7719.1414239897495,1.0161621248954968,1.06540429743193,116075431.86587594,2693598.4836118766,588062.8004186588,922573.5479031629,3.074981138392295,0.0,-0.15991028511620176,-0.0774264520968371,-0.385003772321541,1.0,90.0
0.2741576984629591,0.1743642781708748,0.32506748607061603,-2.516607270820361,7901.829986033117,0.9806880918583232,1.0337665488757146,154758103.94792792,4562574.428937235,360191.0576215534,545954.0995705832,2.3300991436764273,1.0,-0.4854413462549237,-0.4540459004294168,-0.5339801712647145,-0.002760663655319226,-10.047684697378443
0.8905782219696243,0.8040579618631117,0.18890884576632933,-3.2843368842188694,7837.146829207669,1.0242906147919748,1.0216257186528943,96117179.60615698,2263265.0820450997,585300.5821900091,909127.9841771141,3.4298988850505134,0.0,-0.1638563111571299,-0.09087201582288591,-0.3140202229898973,1.0,90.0
0.4552282787692576,0.5658028303303092,0.3211788134912403,-2.6104212420362307,7790.235795874746,0.9243384933780248,1.0536853227227818,128970732.64741126,3434997.068747359,442489.1191133317,695354.9235044358,2.052519569491438,1.0,-0.3678726869809547,-0.3046450764955642,-0.5894960861017123,-0.0021271062523957646,-0.5613604393218417
0.2927690707895202,0.6896366468093941,0.6093908174182955,-2.7625913043526045,7860.222454886548,0.9410347800165053,1.020459496380756,103907406.97117051,2914176.287583624,440062.84405008727,642936.8443122943,2.53334507672849,1.0,-0.37133879421416105,-0.35706315568770575,-0.49333098465430203,-0.0031645874667582154,-8.668020382736607
0.04576735482875281,0.3652477537070981,0.9236985828252561,-2.5631576969037706,7876.093643285587,0.9323372899422265,0.9706776179803611,99278558.42143261,2921828.387015181,410542.35747436475,561661.0654547595,3.199056603993909,1.0,-0.41351091789376465,-0.4383389345452405,-0.3601886792012182,-0.004522611061640044,-23.669516365204096
0.13660456577571936,0.6294998678861018,0.8354417770413354,-2.071645097923336,7785.118597951629,1.0374473796651458,1.0298209587953446,109605337.8841185,3825212.9006295274,305704.0405518218,427865.3106342712,3.0850714211410315,1.0,-0.5632799420688259,-0.5721346893657288,-0.3829857157717937,-0.003927972502555175,-16.5019116224987
0.4751467037807227,0.5939859523625387,0.6041508449394233,-2.5882832176424664,7838.788863631867,0.9650593932454247,0.9876118207109679,101796602.17943314,3251224.295444351,367039.49382463447,556844.9675582227,2.4741046911067013,1.0,-0.4756578659648079,-0.4431550324417773,-0.5051790617786598,-0.003062626200031423,-3.1875090346952284
0.08581095585102709,0.7660040265574715,0.7646809816119104,-2.0772837334655936,7831.634386030616,1.0370118333011709,1.0252554749047251,136154879.51066032,4630793.801524805,300380.15232022095,414361.6768982334,3.1667346943107515,1.0,-0.5708854966853987,-0.5856383231017667,-0.3666530611378497,-0.0036282485773395916,-18.38767686737704
0.5784028142267287,0.5527993141075834,0.08189529924413558,-2.633858336195517,7845.5322147578245,1.108870067745937,1.0333996181921463,137013383.48358294,3416790.206844166,466719.90633083065,724938.5106998455,2.7122477969919934,0.0,-0.3332572766702419,-0.2750614893001545,-0.4575504406016013,1.0,90.0
0.5646732802392219,0.290598141538258,0.3528300827368812,-2.1961168882574222,7780.3454395286235,1.0247937888094025,1.0856036403532257,135379817.77466398,4724431.794609592,289636.33581779816,461371.7056494713,2.0080775305705463,1.0,-0.5862338059745741,-0.5386282943505286,-0.5983844938858908,-0.0024704342023280246,-0.021022057821806328
0.9689600242309561,0.55127191118052,0.6135364914190294,-2.5592521284415684,7846.747944577556,0.9293259636219815,1.0942036714436112,119913295.37865815,4636822.186286677,294657.2501496269,479393.15250241925,1.7828005506492586,0.0,-0.5790610712148186,-0.5206068474975808,-0.6434398898701483,-0.0026352345121286175,7.453779170434965
0.16642469097326457,0.5617442631065398,0.20824080177289198,-2.081549579226595,7772.631296423255,0.9881222287343457,1.007338631691448,198057118.47959217,5296245.345235514,351187.1390563874,541812.4854396293,2.240030640118143,1.0,-0.49830408706230367,-0.4581875145603707,-0.5519938719763714,-0.0016486069590886175,-7.965285888258183
0.40091592437658496,0.9794598619593433,0.1694077743139962,-2.097413469730369,7792.242899542894,1.0481308271226675,0.982483032628199,178142087.91734356,5092727.256184994,345723.3316827571,519554.99647205917,2.643420770216104,0.0,-0.5061095261674898,-0.48044500352794084,-0.47131584595677917,1.0,90.0
0.14819779795921761,0.6645141220316372,0.4062739301435316,-2.5035751828066095,7837.066582632877,0.9928747038919873,0.9728893970841751,132532121.68909228,3365804.513275833,457057.7508286099,661415.8127170241,2.8829198075453886,1.0,-0.3470603559591287,-0.3385841872829759,-0.4234160384909223,-0.0025965440259346434,-13.241284630662726
0.5192964539448436,0.24824674554913642,0.785186542296944,-2.176528153189702,7821.559454263106,1.012933185313945,1.040389776731449,98383854.04652761,4405999.001201405,222447.7243250522,341231.59149129456,2.2518840583807123,1.0,-0.6822175366784968,-0.6587684085087054,-0.5496231883238576,-0.0037575489441901344,-4.2618131205419125
0.23969743644151856,0.7629241435839118,0.7894660386257192,-2.754135614569356,7771.885644610352,0.9591978917874142,0.9801087023769899,82605714.0246259,2374494.766453619,478595.4941735903,686843.8940841517,3.4087071197255367,1.0,-0.31629215118058523,-0.3131561059158483,-0.31825857605489266,-0.003569085927196268,-10.726648025908222
0.591747402381151,0.315700580084562,0.29422622308944085,-2.4771124880021453,7845.617006449734,0.9879771998824829,0.9887465215118936,147083361.58373755,4607670.500521899,345207.6894402633,558441.2609009597,1.9898004992777736,0.0,-0.506846157942481,-0.44155873909904025,-0.6020399001444453,-0.002199663564226746,2.0414749022049747
0.048904778737392095,0.46152977936989437,0.5189014103849822,-2.22387744449836,7812.985954890947,1.0411695730336488,1.138947371738611,134367754.99872053,3819894.699089688,375038.4162163311,520316.9072899335,3.095552666531104,1.0,-0.4642308339766698,-0.47968309271006654,-0.38088946669377916,-0.003229834475912168,-21.683459464217712
0.6413149679321642,0.8384490422322514,0.995761101631636,-1.907357789835573,7741.6424303544545,1.0818992726217027,1.0719519094710626,98599877.09659824,4557759.000274997,210558.66608435163,324132.28238359233,2.2480147408924975,0.0,-0.6992019055937835,-0.6758677176164076,-0.5503970518215004,-0.0033600411553383032,1.9828449315137249
0.10770302962945136,0.17071248586631432,0.6513426499655112,-2.1341192078741402,7707.510498217842,0.9526926791148277,0.9840071214945436,95581180.97289826,2994670.6662423033,419680.682884877,590652.385572739,2.9250484940889034,1.0,-0.40045616730731853,-0.40934761442726103,-0.4149903011822193,-0.0040467143866613885,-20.792084219116386
0.23918379815325264,0.6721655402713058,0.696740782717506,-2.278802803479959,7830.750400806956,0.9638511026490167,1.0147888957129119,120175999.2748919,3936743.163477716,317571.03147213464,456388.4201070364,2.7633656878840998,1.0,-0.5463270978969506,-0.5436115798929636,-0.44732686242318004,-0.0034661487090996727,-11.259823969276159
0.7211590884323444,0.28247404753670263,0.6621949446381813,-1.7038208674447337,7698.703476956022,1.0205953360444278,1.0084706023369079,105772951.47797754,5181100.4343927195,189661.82376072955,301454.8062929539,2.1411476150090087,0.0,-0.7290545374846721,-0.6985451937070462,-0.5717704769981983,-0.003196530438759679,1.3017800883798394
0.8099118000050965,0.837511381865898,0.49323222549160833,-2.38013897830157,7794.385345410376,1.033843595864162,1.0060490994831932,114852651.37965485,3883371.6396938157,323852.94724471815,518496.2125581931,2.2050105373540614,0.0,-0.5373529325075455,-0.48150378744180694,-0.5589978925291877,-0.002227123637402537,6.977735760375417
0.9702784862864653,0.3237348656439519,0.4835077389853504,-2.601595000566663,7872.346800745989,1.0050584234221658,1.057073437489941,121925487.32730967,4708577.519501953,297054.7042373703,493481.17901968124,1.8332809096028362,0.0,-0.5756361368037567,-0.5065188209803188,-0.6333438180794329,-0.0024687196767713693,7.6906332687533165
0.24270597623851622,0.059572892657319035,0.9810184545057167,-3.0489837327263176,7870.291183924769,0.9721147108925238,0.9949125350129442,60693068.307493776,2125345.708876952,389386.59921482706,567298.2055713837,3.627624802713568,1.0,-0.4437334296931042,-0.4327017944286163,-0.2744750394572864,-0.004830127897954826,-15.049921229731368
0.8625208483052268,0.14566533622638655,0.5319055532887669,-2.5374256283942076,7807.488209253996,1.036353683834566,0.9561405824653786,87232071.08110313,3312623.219391609,306580.73019957833,503787.22378501896,2.172742699715999,0.0,-0.5620275282863166,-0.49621277621498106,-0.5654514600568002,-0.002842984527432719,4.490689259839307
0.6016375715884319,0.6918806773319874,0.8053170508719986,-2.2292375026145503,7860.930707088601,0.9806655343410364,0.9641883043697389,121270880.96373272,5195340.522014238,229096.79589207977,351543.59660508763,2.332244394688413,0.0,-0.6727188630113147,-0.6484564033949124,-0.5335511210623174,-0.0032655970470274855,0.22255979599844267
0.20148716941233172,0.9927930629524405,0.0802816187183201,-2.740297762350881,7922.491443608905,1.0052121335158686,0.9867345300667911,186941505.3988014,3779740.9585525943,552306.6078015808,811219.6882759623,2.9992216251121646,0.0,-0.210990560283456,-0.18878031172403775,-0.4001556749775671,1.0,90.0
0.9933717777522588,0.9458809695297532,0.9221772320484236,-2.8958269335967333,7781.870932898696,1.0560211983109484,0.973932506174551,67140246.24976046,2359552.652572836,381173.9807330479,608132.7364475372,3.1991712545383892,0.0,-0.4554657418099316,-0.3918672635524628,-0.36016574909232213,-0.0029020656530035467,8.674473260906
0.1873406884026604,0.7274679859474321,0.03333476540531289,-2.406031989703867,7836.679991249557,0.8878370571448011,1.0221150480136625,224250312.80067775,4657199.623732016,489204.521163131,727751.833709814,2.5422138217894914,0.0,-0.3011363983383843,-0.272248166290186,-0.49155723564210174,1.0,90.0
0.951842737871039,0.022304659056399348,0.5972958608434535,-2.705666323134638,7838.1602878391,1.0202460334796923,0.9435462020091043,78926078.05705267,3155505.327420654,298668.6167520553,497621.96244536544,2.083826033814232,0.0,-0.5733305474970639,-0.5023780375546346,-0.5832347932371535,-0.00297317735059656,5.549099749501803
0.6465606578796884,0.22432504949226112,0.7829155760830971,-2.647796491475821,7765.5930911534015,1.011577097104111,0.9781051524134362,64792813.57379721,2523600.6516958335,335168.69402518356,526504.8531468611,2.9267393405226243,1.0,-0.5211875799640234,-0.4734951468531389,-0.4146521318954751,-0.0035850968397954062,-0.9853845565771451
0.9382651967883798,0.010976281472598767,0.6139533222762136,-2.306547676667167,7852.243969567848,0.9675651469083091,0.9042498600475852,108020802.47690843,5133354.563141645,218821.60025801012,363599.39801577607,2.024968710128771,0.0,-0.6873977139171285,-0.6364006019842239,-0.5950062579742458,-0.00303045394855593,5.167521404038165
0.3097001546976644,0.5676278436209987,0.7186194425039106,-3.151710629978693,7836.895681916104,1.1249941214541443,0.9670604003820904,68018856.4510613,2015745.1186879177,480212.0912789153,703111.670890349,4.159726547690853,1.0,-0.31398272674440675,-0.296888329109651,-0.16805469046182947,-0.0035615924728054334,-9.176075441002716
0.2012812100172103,0.28784315145977524,0.4447045308966231,-2.652342272213467,7758.194131272715,1.032367725428362,0.9511160023757729,91488007.53947279,2472625.169772328,510203.2005434032,747153.4755797527,3.3085513198376097,1.0,-0.2711382849379954,-0.2528465244202473,-0.33828973603247803,-0.0031542098789688324,-13.918862745341773
0.9191534683737985,0.9823050776891317,0.9583480308811682,-2.7499903203516873,7854.419050609671,0.9439405416561524,0.9965767543456896,89916332.20259859,3210332.084186165,335480.7032385007,529257.6205960583,2.1727489908547146,0.0,-0.5207418525164276,-0.4707423794039417,-0.565450201829057,-0.002972669653455097,7.565373360173243
0.42117355056467465,0.15090440771690122,0.6460450060118197,-2.564245894613071,7904.1040392169125,1.0238596395144892,1.0855673101970793,100503428.51403245,3764316.098175501,297110.18852713227,450361.35308031115,2.378074286944672,1.0,-0.5755568735326682,-0.5496386469196889,-0.5243851426110656,-0.003695424150406541,-7.483636791979645
0.16290794322662144,0.28473314999087684,0.7396011635124004,-2.331647796597804,7799.554997015829,1.0059020879457534,1.000699593337743,93455450.5120249,3088998.7290536994,365426.01454473706,519089.1348439758,2.9832139626031005,1.0,-0.47796283636466136,-0.4809108651560242,-0.4033572074793799,-0.004121955896225287,-17.377188750898412
0.0982779770721229,0.9153083913282948,0.07031545249844608,-2.6456032467312665,7832.443441728324,1.0391397941037168,1.0078533667588108,166955436.93834075,3173603.091233768,646085.3461292161,939623.0362089206,2.9846078952471813,0.0,-0.0770209341011198,-0.060376963791079354,-0.40307842095056373,1.0,90.0
0.9568216009599758,0.8812826028750671,0.6043016724742807,-2.75488874502678,7873.177845363689,0.967878730621373,1.0438280030944354,111618538.19236603,3748689.479006363,351996.1559604994,564757.4780239414,1.9932937736818588,0.0,-0.49714834862785795,-0.4352425219760586,-0.6013412452636283,-0.0023945008253027254,8.58362100247074
0.41332006711628183,0.4720491167628293,0.3938481991813672,-2.6972744961455923,7889.208926636978,0.9382921917193088,1.038905334157401,135817946.8877905,3890701.696657657,400499.1451871554,615548.5780994765,2.207776974714156,1.0,-0.4278583640183494,-0.3844514219005235,-0.5584446050571688,-0.0025967957710493275,-3.9279406386887707
0.7980554731965122,0.5686357123496392,0.034963939692124114,-2.5876158535269003,7893.416449653885,1.0573233293992133,1.078376780572141,169043568.26927242,4474085.475480981,404600.4105474392,633931.3529617256,2.4253672921260394,0.0,-0.4219994135036583,-0.36606864703827446,-0.5149265415747921,1.0,90.0
0.4277151885839297,0.5119477884383958,0.541438957134065,-2.1753043089081707,7810.984831531849,0.9690625643814919,0.9837132112528904,128979662.23268108,4593718.306397341,275925.2425494628,417407.74673759885,2.382659868693143,1.0,-0.605821082072196,-0.582592253262401,-0.5234680262613713,-0.0030248858358769533,-4.71835205900614
0.38133238364889827,0.23122006707957526,0.26304505705231374,-2.774465982266842,7899.59316685917,0.9984366757663892,0.9436526472898137,134910252.99208555,3554067.7757053133,443949.9918010507,696415.5628218116,2.4524127347608298,1.0,-0.36578572599849896,-0.30358443717818834,-0.509517453047834,-0.002353250451821926,-4.408172345826774
0.07847926265392685,0.5788000987149402,0.9581873807794894,-2.318092053153459,7882.883650429277,0.9546487667734368,1.0018634358755356,119617697.95969978,3930666.9699489125,308240.5001290658,424076.1461843552,3.1274990695238576,1.0,-0.5596564283870488,-0.5759238538156447,-0.3745001860952285,-0.004268248052002247,-20.137408992410933
0.8125412392937562,0.6968019090592176,0.5243961794585432,-3.036150124947957,7854.300649390696,1.0251436079252327,1.0373727496535738,89210018.91834864,2703787.0512147336,422750.5866048989,677072.5569345772,2.330418354367431,0.0,-0.3960705905644301,-0.3229274430654228,-0.5339163291265139,-0.0024342214577632105,5.92197465938807
0.11308247491060575,0.2469984728716797,0.7957638830671823,-3.1065572010394353,7876.198550263515,0.987430186581063,1.053508288743441,76626731.63739544,2133548.885981452,498773.91901415394,698480.161028361,3.7450012899607987,1.0,-0.2874658299797801,-0.30151983897163903,-0.25099974200784025,-0.004360612247151188,-20.355771175779143
0.3762916630974945,0.38170484063723986,0.5676239589190177,-2.2184691383373236,7828.749745312835,0.9814320154225329,0.9997350364775598,123346435.87543528,4449025.121038757,275375.4783882861,412855.8457893207,2.4593809871869685,1.0,-0.6066064594453056,-0.5871441542106792,-0.5081238025626063,-0.003293862854876523,-7.345971596198009
0.6303870079988003,0.08631376299511627,0.12500809468708857,-2.1073769827587165,7704.475277491205,1.0058408993823873,0.9970430822327514,164267614.49409765,4661149.694710029,369665.4695083165,655121.0135516752,2.1222207616400124,0.0,-0.4719064721309765,-0.34487898644832476,-0.5755558476719975,-0.0006346559455607456,10.698503923647895
0.48436746121019386,0.09334498478598953,0.24456622396634453,-2.2295119070770353,7807.184598266621,1.0203699001419066,0.9305817225354899,149444238.9505169,4804990.823012079,310084.22332063306,497873.0897312319,2.203613479291536,1.0,-0.5570225381133813,-0.5021269102687681,-0.5592773041416927,-0.0023058463600459573,-1.6994857504363239
0.5363315528202197,0.9205192885917162,0.3765597304151752,-2.445030153329438,7851.004358329361,0.9443106930582894,1.0344781204363718,166499039.05587167,5088326.209791453,347995.10477141466,547619.9538157615,1.998449673062314,0.0,-0.5028641360408362,-0.4523800461842385,-0.6003100653875372,-0.0019302202207703589,3.5096769834439456
0.5436682963936902,0.24310393006324868,0.15672711835659245,-2.2976795501329064,7799.166058356468,1.0274628024097676,0.9920540836350944,181113484.1664084,5358895.640054895,345396.8563140467,585705.636986733,2.1835040291329424,0.0,-0.5065759195513618,-0.41429436301326705,-0.5632991941734116,-0.0011341838355028657,5.820610199568929
0.19845774902917787,0.47355983661533085,0.10897188912038941,-2.2456359056383004,7806.784087512344,1.0138100143760296,0.9725326569335883,236369613.37964183,5772778.771461165,398935.4928146031,683905.7808811982,2.4729454353442106,0.0,-0.4300921531219956,-0.31609421911880176,-0.5054109129311579,-0.0003594715949067056,3.3768309270355026
0.08102841420893386,0.10870122214765847,0.057653599383462914,-2.723493839086202,7922.376070028902,0.9874241121017653,0.9980191854587296,200194554.37526092,3943867.15153805,561545.8448424161,850716.7055441153,2.864219095263474,0.0,-0.19779165022511982,-0.14928329445588473,-0.42715618094730523,1.0,90.0
0.6135512552797158,0.09660688724964375,0.1165080623141467,-1.98916938603387,7684.098846709743,1.0405287774271288,1.065044706009939,170173759.3364061,4951135.907859203,354670.04622995114,634395.4484401485,2.0666851964305137,0.0,-0.4933285053857841,-0.3656045515598515,-0.5866629607138972,-0.0004267721196918435,12.166018959709742
0.3028594855009578,0.36245418984074984,0.2954137851435648,-2.5124281715482506,7846.035209449258,1.0087541321755165,1.053852586823713,143330424.49360937,3952011.558449376,398124.7925752539,610280.5854643494,2.362654332521396,1.0,-0.4312502963210659,-0.3897194145356506,-0.5274691334957209,-0.002368999667995841,-6.9328636903982215
0.6067661952633541,0.9669213010901556,0.9227916964931311,-2.12195610111303,7758.512683968053,0.9761978080569454,1.043055521380873,103472933.7673262,4037272.388192027,272322.17294944375,415036.77529824176,2.288590201463061,0.0,-0.6109683243579375,-0.5849632247017582,-0.5422819597073878,-0.0031897922886271928,1.7542822172503172
0.07525253544638578,0.18479434132958417,0.06219647035422046,-2.4041420563880918,7728.784861461074,0.9547207524058081,1.0622316822387199,162792237.8559963,3194665.0740336296,656091.5775507439,990005.7752165378,2.4939376388977195,0.0,-0.06272631778465151,-0.009994224783462239,-0.5012124722204561,1.0,90.0
0.36754562293234727,0.40903521971516293,0.16414708749428167,-2.468337335261522,7845.047763501846,1.0214554617875777,1.028414102061073,188538144.0214176,5056795.161519864,396840.231625867,649889.9658253691,2.1063298090097295,0.0,-0.43308538339161856,-0.3501100341746309,-0.5787340381980541,-0.001270666770390134,1.014378001967959
0.4525825818235826,0.4736906221557733,0.858047804898605,-2.2844786709239413,7787.353407437605,1.0075947746185745,0.9402632709645052,84318861.82969183,3285100.3517020685,298650.9564146282,450467.3994929718,2.6165147179192516,1.0,-0.5733557765505312,-0.5495326005070281,-0.4766970564161497,-0.0037557681895332993,-4.971997310312663
0.3115846665393412,0.16397698214769352,0.5672042013319838,-2.0793666688483126,7801.177675823042,0.9387417661501646,1.012869630855692,126616239.63183978,4741311.362904411,253111.51623257218,376345.281778199,2.4555844879257296,1.0,-0.6384121196677541,-0.623654718221801,-0.5088831024148541,-0.0036096346723760815,-10.96241788025931
0.006251558866600856,0.42552843926784895,0.58497978538442,-3.0766717274001216,7849.817171961382,1.0744823152233351,1.048249244509364,90998803.7127055,2109642.710714389,616371.8653253661,839061.6614145607,4.0387122748686615,1.0,-0.1194687638209055,-0.16093833858543927,-0.1922575450262677,-0.00346860757710937,-25.368988630301597
0.24180766303108828,0.38002669309355425,0.6035062739592753,-2.184974478395173,7789.780973948643,0.969327435977628,1.0204510783275667,114160831.51887678,3806835.137126104,323833.985726866,470756.60949019936,2.7650959424376373,1.0,-0.5373800203901914,-0.5292433905098006,-0.44698081151247254,-0.0035462441128491936,-12.685056956396622
0.5955807082791591,0.5979655011615009,0.9072305717050695,-3.140629056502813,7884.281482414964,1.006572903775211,0.9668607520351752,68657483.7360746,2313835.3798445077,395359.60993167275,609720.9398920893,3.0213176401136375,1.0,-0.4352005572404675,-0.39027906010791064,-0.3957364719772725,-0.0035191437267473,-0.25239672851295936
0.7680365369690114,0.38654749968324953,0.425541077044228,-2.6844341107734566,7850.072415524196,1.0821473266058268,1.012670652918638,102809167.40697707,3411965.83897502,353476.7808604994,574325.6567415626,2.2148157168437352,0.0,-0.49503317019928655,-0.42567434325843734,-0.5570368566312529,-0.002436940808792627,4.5441095697445775
0.8894574668606762,0.019262390840086425,0.6447199710383421,-2.4758160448514226,7870.476751702448,0.9996808786441373,0.9556997660963579,95953500.34554149,4337295.537503043,243399.65138367488,400995.92905858083,1.9924600413282536,0.0,-0.6522862123090359,-0.599004070941419,-0.6015079917343493,-0.003146688215636205,4.065142581675605
0.9603388460016004,0.7237080393357023,0.5129188408946496,-2.2342566013502467,7828.5059776888875,1.0942322387452283,0.9502143254903215,125577612.85664228,5008753.871727014,249608.5244441123,406713.56889438187,2.1967802747057004,0.0,-0.6434163936512681,-0.5932864311056182,-0.56064394505886,-0.00226237127265234,8.848297769141839
0.5133110277231796,0.15819131239012535,0.07282200291248764,-2.943699872527712,7701.765169965067,0.913605651244978,0.9755561679043807,106459509.2295264,2273729.3749453095,669899.0180367527,1060244.4000930178,4.033350086227938,0.0,-0.04300140280463899,0.06024440009301785,-0.19332998275441238,1.0,90.0
0.9412222895329043,0.15306649547409065,0.11581519361095133,-2.5777279364292633,7810.723678410401,0.9500589087648205,0.9994960343532396,131512755.10305268,3666661.822316769,409240.29095052095,659809.2855514121,2.287952346421432,0.0,-0.4153710129278272,-0.34019071444858784,-0.5424095307157135,1.0,90.0
0.6843575856075733,0.538329245075858,0.8547963105021383,-2.0247771125042378,7801.309083632791,1.0249874867193964,0.9269107065579928,104855787.26845184,4964230.73038848,197372.33063949036,309151.8033291577,2.336424059732847,0.0,-0.7180395276578708,-0.6908481966708424,-0.5327151880534305,-0.0033883851318652633,1.3970936290940053
0.32497811267488175,0.22312185156420042,0.19523647185933737,-2.678992570212706,7819.2644225724935,1.089907551592114,0.9875227136134626,125075033.92190796,3132181.2881559404,486807.00687697507,771465.8204391008,2.3519752227058377,1.0,-0.30456141874717846,-0.22853417956089916,-0.5296049554588325,-0.0019313051276820905,-4.566956198534829
0.27093523101833894,0.9998300212662824,0.6428690260545731,-2.688256536291868,7748.484146085914,1.033061156357619,0.9673592066193663,87003645.71664579,2403897.54550051,504682.3953356389,729492.6649711848,3.459738982580649,1.0,-0.2790251495205159,-0.2705073350288152,-0.3080522034838702,-0.002935230584683558,-7.515458814644063
0.285157411102529,0.4212264843523268,0.6138279084753736,-2.140392360057319,7840.825182481577,0.9719270816368443,0.9342573690690789,131181625.88645153,4825755.881372042,267373.9854448446,392978.6312824749,2.711063115238657,1.0,-0.618037163650222,-0.6070213687175251,-0.45778737695226857,-0.00348417736961952,-10.694802060101793
0.6049783767104562,0.7280597573349266,0.15570870971523226,-2.853383300502301,7767.026182416373,1.0098794375492401,0.9968121642374581,108463104.76966064,2542467.156608267,578852.5255282373,892318.6102584454,3.125676071515922,0.0,-0.17306782067394666,-0.10768138974155463,-0.3748647856968156,1.0,90.0
0.3829541543494173,0.212319207907375,0.2693879521605844,-2.0936032474343444,7792.419043770905,1.0614719361005351,0.9768801113018883,153919348.06927487,5107546.2889063535,284057.0987688088,444893.09144748765,2.3389240538320486,1.0,-0.5942041446159874,-0.5551069085525123,-0.5322151892335902,-0.002392133387574369,-4.63955673200671
0.20509814974379634,0.7072382397049506,0.8613429440844714,-2.7690042673817152,7669.046602003769,0.9860320670363301,1.0601774660458325,69707832.73796548,2052331.2726144823,504424.1824898914,719402.7097258924,4.480666625467913,1.0,-0.2793940250144408,-0.28059729027410757,-0.10386667490641735,-0.0038118313764460014,-12.552162528084125
0.2161752187196283,0.8230462024647183,0.5961765195062037,-2.2349691851809586,7695.484075044072,0.979960855247751,1.0781295465468717,100857630.11208382,2961265.6461827173,452804.17671033554,649853.8160054438,2.657173477482851,1.0,-0.35313689041380636,-0.3501461839945562,-0.4685653045034298,-0.003043262410069646,-10.802191283253428
0.6800668872440129,0.5102727337837677,0.28413096302871327,-2.699145367284636,7775.967068550285,0.9738864931053102,0.9346181619330025,114591665.28464021,3072831.066243108,461654.8126439914,761350.6226811265,2.100974444434341,0.0,-0.34049312479429805,-0.23864937731887353,-0.5798051111131318,-0.001798673105310812,6.216406230816073
0.07826318451421836,0.9122589068971442,0.6390815243550404,-1.8377587869864795,7728.640571681058,1.04735679179535,0.9849719040587254,132563164.37896644,4237501.973799699,333165.990034209,458674.09455504164,3.3190401873245947,1.0,-0.5240485856654158,-0.5413259054449584,-0.33619196253508105,-0.0031273415215518673,-17.414864860624768
0.24434026338101925,0.37312903054508084,0.3152401443281269,-2.3303919901986334,7856.620643731357,1.012031715271531,1.008720021783791,161045888.06837833,4756987.124901962,339272.68030271155,511260.59290548175,2.4326240644552937,1.0,-0.5153247424246978,-0.48873940709451824,-0.5134751871089412,-0.0024968238708263143,-9.600769386363872
0.1418581740097334,0.5372600192543987,0.8828606404979247,-2.4509657735440857,7952.375302587461,1.0215243800126514,0.9495727854550422,117740307.6100986,4062624.154371003,294087.82992216776,412647.8796747842,3.1686575882993067,1.0,-0.5798745286826175,-0.5873521203252159,-0.36626848234013865,-0.004136631231247438,-16.812266310788885
0.739850482728203,0.9764279819328479,0.05907561862108739,-2.4361978684016488,7772.186069678405,0.970570787572939,1.0627655929559903,148687766.89976665,3571654.817922093,490918.1249964299,750839.8273648669,2.528818071643433,0.0,-0.298688392862243,-0.24916017263513315,-0.49423638567131334,1.0,90.0
0.6198959069431392,0.8095536238525655,0.3450155000325058,-2.265689508654131,7751.441019081605,0.984658492900295,1.0706412714433209,139779900.01450777,4250073.562364604,352535.7493306443,566913.7632876788,1.972047536335187,0.0,-0.4963775009562224,-0.43308623671232116,-0.6055904927329626,-0.001839570875424333,5.546677051501632
0.20760893471373867,0.7160158788567514,0.9706163642246802,-2.4648887549716294,7894.69457994114,1.0687490722085116,1.0383195333586859,100046997.04527836,3482347.4624189753,313759.9398895151,446746.160096836,2.9415581671955127,1.0,-0.5517715144435499,-0.5532538399031639,-0.41168836656089747,-0.003974002115110755,-12.40284542684708
0.8557660206270823,0.29267233667009096,0.9628042740082144,-2.170452474825972,7817.242569216015,1.019107965925668,1.022038327137966,89483939.12681693,4808142.492539278,187446.82232230197,302899.6703527387,1.9875929905503624,0.0,-0.7322188252538543,-0.6971003296472613,-0.6024814018899275,-0.0035084107164491934,4.097607997856169
0.21255669745766678,0.922540517598057,0.921484125954909,-2.351976783728275,7916.375455856188,0.9765198613055572,0.9208971668526504,130871605.41918904,4553036.121585592,282060.63030753785,399495.89962668146,2.913034402819477,1.0,-0.5970562424178031,-0.6005041003733186,-0.4173931194361046,-0.003638800971029383,-10.959271873615737
0.8584941290005638,0.7294882152326835,0.22548917530498253,-2.5540058021412264,7871.568783152518,1.0088583622375573,0.991534120377588,202494110.05292177,6425020.135316311,361058.69339340134,645972.1620390456,2.22964784074217,0.0,-0.48420186658085523,-0.3540278379609544,-0.554070431851566,-0.0005130520848458317,18.824050860588248
0.6017909139109254,0.5816424323714714,0.7549582456376297,-2.6607472832176082,7833.962677193566,1.0361683082844277,0.9546785832115335,80585687.05253406,2850885.586391416,348677.76820059685,537536.0318920653,2.4304218787474854,1.0,-0.501888902570576,-0.46246396810793466,-0.513915624250503,-0.003273401284696403,-0.334438728169296
0.6549770405956022,0.5542479670807183,0.5341678728754894,-2.2720977789555206,7785.02970291131,0.9381549365049898,1.054658297808149,122045352.68410209,4354237.093708392,293264.2420585939,460717.9507720507,1.998603374422123,0.0,-0.5810510827734373,-0.5392820492279492,-0.6002793251155755,-0.0027272786882897,1.7353409131347668
0.8199600711810336,0.8617184392842933,0.10710968566841123,-2.3153465695696345,7799.4399265285165,1.0507479024821291,1.044816858086018,151153962.02769518,4202820.417638524,376631.7209055581,581222.879733488,2.58432886226437,0.0,-0.4619546844206313,-0.41877712026651204,-0.48313422754712604,1.0,90.0
0.7020374619530034,0.9177890049313443,0.09387545994688337,-2.350307605132002,7787.445441460294,1.0029044765460675,0.9577879525285481,149737940.23488697,3819512.261993866,439191.420190594,672719.0475590182,2.7520848171305543,0.0,-0.3725836854420086,-0.32728095244098176,-0.44958303657388915,1.0,90.0
0.5009596897959252,0.24003123879855276,0.7031691376917076,-3.1033407555213905,7800.109774983436,1.0381160899678157,0.9947725577069121,62290448.734618396,2068185.858681076,420302.213681258,644752.2994544053,3.903103751231539,1.0,-0.39956826616963137,-0.3552477005455947,-0.21937924975369222,-0.0036219418726335037,-4.705412085658086
0.7312684588873171,0.8859872002397576,0.49638172773415595,-2.001418594631554,7732.427320907457,0.9765633284394966,0.9295814939347384,127766395.81500167,4527954.443852227,288913.1038895784,457434.98112640076,2.251602977423616,0.0,-0.5872669944434594,-0.5425650188735992,-0.5496794045152769,-0.0022555009876861886,5.661831213982666
0.497409712690647,0.09086089661537396,0.7664027873535755,-2.3870859917954803,7852.1326277807775,0.8749404075070983,1.0416421927952568,102721211.94725287,4289655.842831184,255823.24732406947,392833.5683021558,2.066881962035709,1.0,-0.6345382181084721,-0.6071664316978442,-0.5866236075928583,-0.003915813379946128,-5.6926981096512925
0.17582387367618788,0.4482194572409502,0.11713549325492371,-2.4129187263533556,7854.201373170264,0.8865917621578743,1.0203418987519552,269813184.8497566,6768920.373350934,446815.17842201144,746354.6510213922,2.2061860247247043,1.0,-0.36169260225426936,-0.2536453489786078,-0.5587627950550591,-0.0006669855082700122,-0.8986362404044819
0.8266006336348115,0.49940030933125434,0.5056483593765636,-1.9837247354621652,7757.959630462496,0.9714393425948579,1.046492895475611,138521173.31853145,5866512.534603506,222504.958694757,360693.40654243715,1.9690105369264197,0.0,-0.6821357732932043,-0.6393065934575628,-0.606197892614716,-0.002530832949682765,5.440844680094724
0.1306039355436427,0.09415055783834284,0.7980311196283913,-2.5073398123877055,7896.600255665668,1.015608928000111,1.0231173642891476,93914475.85312544,3167234.4294501143,337561.7405396825,476383.5983461745,3.1254056021016665,1.0,-0.5177689420861679,-0.5236164016538255,-0.3749188795796667,-0.0045590597289046145,-20.341887432474078
0.7342145042785332,0.42406090263580154,0.7110647470553135,-1.9368377165697486,7737.582027190124,1.0062909344032407,1.0358450289686634,103809396.62615216,4698101.041976015,214131.91662294246,338552.8056551678,2.0846815122167928,0.0,-0.6940972619672251,-0.6614471943448322,-0.5830636975566414,-0.003168185416731252,2.0526162954285354
0.013221719874668147,0.2539072215333273,0.8762478129012711,-2.5095875345800644,7806.3334265288995,1.0617700964900345,1.019260646402653,84942449.91741921,2553722.8505083746,441376.1070479468,597920.5300422495,3.252943773224481,1.0,-0.3694627042172189,-0.4020794699577505,-0.3494112453551038,-0.0045731971427433096,-26.77489617694923
0.35880783668692895,0.8968494805075843,0.5440755964201743,-2.530823659621927,7893.177552256847,0.9961767805947336,0.9149295924315651,127812235.3375571,3802456.6670055855,364922.38333709404,541097.5994500349,2.7967974693491437,1.0,-0.4786823095184371,-0.4589024005499651,-0.44064050613017125,-0.0026978741464611187,-4.455547357675577
0.6201372465946137,0.22999802405592076,0.3819999041180789,-2.278119479018,7836.5976472296725,1.0294169530471495,0.9846919545179342,136427483.38773453,5054108.036696677,272327.6722494721,436344.81766956457,2.1683587559635717,0.0,-0.6109604682150398,-0.5636551823304353,-0.5663282488072856,-0.002591894830739164,0.6652031769700919
0.7673235505932713,0.643923184440387,0.614283013318514,-2.1311355043941944,7721.943637212344,0.9496606262615325,0.967089619201105,100760822.69901627,3718958.3872604305,311646.9667709947,493421.0756759451,2.2156797266948343,0.0,-0.5547900474700076,-0.5065789243240549,-0.5568640546610332,-0.0027481904072026637,4.081442222554529
0.02012718022615579,0.9366908701009605,0.3404213931131741,-2.8396877889545182,7769.360876943895,0.946686265771176,0.9270270473512746,126174217.21676151,2439577.868113271,725222.5440831495,1038706.8558009444,3.509786208982502,0.0,0.03603220583307074,0.03870685580094438,-0.29804275820349957,-0.0019127170850613607,-16.517218705679625
0.31835497153537506,0.3663299663626434,0.6867960016221215,-2.12403446284524,7810.440674357407,0.9051959588002815,0.9879628016905232,123077203.94884051,4592261.579082236,258562.4382199491,380801.9438347118,2.461981182231269,1.0,-0.6306250882572155,-0.6191980561652882,-0.5076037635537463,-0.0037023042469268267,-10.004293161478689
0.3468944501979561,0.8506716350766103,0.3795592370298707,-2.0192558929085047,7747.574883202976,1.0313783491296225,0.9296625284155906,142425589.4233159,4399106.1553365085,333303.8017007272,506881.1105939519,2.6160960251891496,1.0,-0.523851711856104,-0.4931188894060481,-0.4767807949621701,-0.0021785920497347285,-2.961028895642837
0.5035747641436911,0.952884744035156,0.9045964278128006,-2.291832167908216,7813.167750982261,0.9871976854678007,0.939243208542946,102579109.53897342,3736703.8676786474,296500.9402245772,445338.515677686,2.6053474151708307,1.0,-0.576427228250604,-0.5546614843223139,-0.4789305169658339,-0.0032760257160626355,-0.7980543500008537
0.17722492842336054,0.30888102144991414,0.316651258422089,-2.3970206648048995,7832.807440011097,0.9807539447301362,0.9814344764405895,146451464.3671624,3872176.240099013,406603.7673585938,603943.4387618847,2.7299113318617514,1.0,-0.41913747520200884,-0.3960565612381153,-0.45401773362764974,-0.002598208678537078,-13.106462028656082
0.2216303171045847,0.5152511469261921,0.7121469890487999,-2.298437925572484,7748.592702691834,0.9549970902448195,0.9416019038997377,93557488.20023891,2968653.546175703,402418.996595031,578097.9239527363,2.7649235187647268,1.0,-0.4251157191499557,-0.4219020760472637,-0.44701529624705466,-0.0037062209528401875,-13.083505094047677
0.9164791785729244,0.6730302481967524,0.748763502236921,-1.9641884653877213,7769.370984705484,0.9571237474476806,1.0548576336104916,126553190.1069844,6083475.906729532,207898.20911809246,333443.25660940615,1.986047453932658,0.0,-0.7030025584027251,-0.6665567433905939,-0.6027905092134684,-0.0028755550146693704,6.491531149684603
0.6677575549660132,0.9407187175059021,0.5311028501014982,-1.9534441783172238,7748.7521823649,0.9792633457627778,1.0409235799681438,143020159.2357972,5433058.699881589,242555.56267341546,379525.0992018405,2.134185180601312,0.0,-0.6534920533236922,-0.6204749007981594,-0.5731629638797375,-0.0023611243131695186,4.239648578451295
0.42859395629789326,0.5683068697680945,0.8271642430207923,-2.4403687815546826,7883.616670081322,0.9669536459583092,1.046471503741466,109395479.49738452,4147822.2414921536,281184.7938943555,420716.3408513552,2.303434127958618,1.0,-0.5983074372937779,-0.5792836591486448,-0.5393131744082764,-0.0036343756820773104,-5.175261043259649
0.34950616859418204,0.5923513053436723,0.8842270372737789,-2.801439272273502,7838.253993820604,0.9237244514858071,0.9779319915535017,81774994.47910562,2603294.233021546,403516.4188507823,595577.9992986827,2.662370066097235,1.0,-0.42354797307031095,-0.40442200070131734,-0.467525986780553,-0.003811100661144241,-7.539679089564665
0.5227424828655537,0.17582313215123896,0.014027960987149892,-2.4635742933527154,7872.886452586975,1.095250837397594,1.0334650877206746,173180209.21964362,4580431.318279895,389525.93491053337,615251.8881607589,2.56298957382166,0.0,-0.44353437869923806,-0.3847481118392411,-0.487402085235668,1.0,90.0
0.14825875087073512,0.9218082563087696,0.74652093511193,-1.8853278186414963,7672.080266537419,1.0187102174884592,0.986529902552371,104747801.86201553,3407328.1356906896,396224.13797807397,554594.3043022396,2.983689696708828,1.0,-0.43396551717418,-0.44540569569776045,-0.4032620606582344,-0.0033666548348246124,-13.785547955568667
0.344055577282974,0.8424320758361777,0.65269939531389,-2.358322922000465,7807.03698777177,1.159752924041456,1.053230339689889,97327098.95111403,3263757.9120969055,349311.87222554325,513199.6356395146,2.827836214792567,1.0,-0.5009830396777953,-0.4868003643604854,-0.43443275704148665,-0.0030654803312941347,-5.991319526457804
0.24951161750210252,0.23387191981821023,0.29376686071821795,-2.3703672445514696,7828.115636567221,1.00792565223067,0.9736085337738414,142967491.48921973,3988626.346191138,380248.5828093178,576802.5373083396,2.622888444378803,1.0,-0.4567877388438317,-0.42319746269166036,-0.4754223111242394,-0.002546207467096783,-10.056434783107939
0.6424222797635875,0.45043247429445077,0.0969808700889081,-2.0390208815484496,7756.714788501573,0.9809022215247453,0.9644807555083096,171737730.57458928,5073175.467225006,317767.14833034965,497720.3439991654,2.3908961622844602,0.0,-0.5460469309566434,-0.5022796560008346,-0.5218207675431079,1.0,90.0
0.1424201465547911,0.5290707395673054,0.30973836578339314,-2.0870027351291207,7776.360522884576,0.9342104411685372,0.9877552623118419,175853473.40724972,4797619.308816759,350415.7510849622,517082.913816635,2.4998699314953226,1.0,-0.4994060698786254,-0.48291708618336504,-0.5000260137009355,-0.002307871081280165,-12.814005448293194
0.299840949827102,0.6421764115658802,0.8233314878875273,-2.491829058236997,7819.453704821021,1.0596607334410972,1.0927197600074265,88246555.79348841,3017885.523543719,352499.7955122351,513691.8902000605,2.6254354951130923,1.0,-0.4964288635539499,-0.4863081097999395,-0.47491290097738154,-0.0037094943338581597,-9.121131771594996
0.35823619201414086,0.25771102598931744,0.07391767280266864,-2.2018196074442997,7811.1775553399675,1.0218464204781996,0.9784645130176258,187186611.76890886,5080180.401144872,352484.9619923565,547656.9523690591,2.4952094616560476,0.0,-0.4964500542966335,-0.4523430476309409,-0.5009581076687905,1.0,90.0
0.4606970091008511,0.3093342429427787,0.020718872415362938,-2.7259386211693775,7846.6593208894155,1.0589120260992244,0.9559257733061588,140917794.78563648,3154626.245481936,544147.3690321739,850607.6888656785,2.766546878053951,0.0,-0.22264661566832303,-0.1493923111343215,-0.4466906243892098,1.0,90.0
0.40833129678923097,0.34633047057403094,0.6857713037611505,-2.0243141225064756,7800.792370950666,1.0008138250956395,1.0511434313732675,118564728.35730073,5057839.286844513,224888.13834499352,338702.6059228171,2.3873672014696545,1.0,-0.6787312309357235,-0.661297394077183,-0.5225265597060691,-0.003602029386108841,-6.959729496819303
0.8326323467448848,0.06874839566472714,0.8667515882029578,-2.3726776293024283,7776.211259735393,0.8775881646996174,0.9473011498048057,75258536.93386048,3478457.9659745055,244117.17264858546,396373.0810255103,1.9540475356281357,0.0,-0.6512611819305922,-0.6036269189744897,-0.6091904928743729,-0.0035659205980392355,2.603949243084955
0.10226279181174255,0.4754425776806015,0.41633303984430353,-2.545542511887012,7851.242573810733,0.9992525260495393,0.9646044779816462,128152459.16787398,3214549.1933729053,471167.25817381823,673522.672861046,3.0332208901678177,1.0,-0.3269039168945454,-0.32647732713895394,-0.3933558219664365,-0.0028408011183284195,-17.25857012604289
0.026124261507953474,0.09148114718685586,0.5576571524850661,-2.567145715879277,7883.675765831476,1.0018876695640877,1.0519770178701835,116553395.65736502,3087759.9643963994,445699.9091802755,616424.3531554979,3.292147006845208,1.0,-0.3632858440281778,-0.38357564684450207,-0.3415705986309584,-0.0037789223338262094,-25.89465098887502
0.6557003151730613,0.06773541698153226,0.5069863553638674,-2.147521620518627,7772.223434545163,1.055929643197299,0.9702867390808673,99518816.90751344,4043134.8400059207,258576.6644629573,413535.9529195491,2.303547514575659,1.0,-0.6306047650529182,-0.586464047080451,-0.5392904970848682,-0.0030971452905953706,-0.45264847449561785
0.18913661206791976,0.8828311027242298,0.366895138590535,-2.7878058041062257,7881.157024159806,1.0513268697505325,1.020015528039452,129063069.12680596,3085052.010954931,507379.3937860839,748539.3686975797,2.670303668311383,1.0,-0.2751722945913087,-0.2514606313024203,-0.46593926633772337,-0.002175356484799784,-8.669257464906675
0.9406331325266999,0.1896262514230205,0.380896099966166,-2.2689135265801057,7791.357124660041,0.9864464194579875,0.9899887047331841,132512390.9466904,5088185.447220543,270318.76548801945,454913.94934259413,1.8359868332739762,0.0,-0.613830335017115,-0.5450860506574059,-0.6328026333452048,-0.0022448168421271455,7.829583494116811
0.2783241061043862,0.22007181698414782,0.24770451844826985,-2.2391989750050705,7749.834780439957,1.1050905132026505,0.9724899428865187,123976662.7959507,3499369.875987091,421656.7834909236,651136.7587312286,2.6277869708674033,1.0,-0.39763316644153773,-0.34886324126877133,-0.4744426058265193,-0.0023619118189032967,-7.96026957250594
0.38543266058524694,0.67063685670598,0.27871003676614553,-2.6889742664621235,7895.3050098418025,0.9926377221669535,0.9873408458380681,158306971.8983501,4166281.819105554,429404.5360054974,674236.2956359765,2.168527586230827,1.0,-0.38656494856357515,-0.3257637043640235,-0.5662944827538345,-0.0018999959800539742,-0.7298474032197895
0.03703552509650835,0.8282247205601627,0.36083470610226587,-2.34093993671663,7784.572794918835,1.063615538545149,1.0436251538421217,142546661.7396022,3388616.2888578437,502205.5390499529,715180.7577001209,2.9412445517967956,1.0,-0.2825635156429245,-0.2848192422998791,-0.4117510896406409,-0.002160458322619322,-17.132918106460885
0.5913915691482069,0.271045776971965,0.44712062805037267,-2.5714233581371984,7915.14264664807,1.0074272685304149,0.8988834791819725,122934121.51649043,4225217.966877073,317532.85721569194,501910.15893218893,2.32863663475076,1.0,-0.5463816325490115,-0.49808984106781107,-0.534272673049848,-0.002805994595922029,-0.6029334292620057
0.2739809872296241,0.8953384887102145,0.8933860671782317,-3.220631100155426,7849.676504466522,1.009676803769948,1.0058168935060585,74483611.25784382,2063719.2177123348,508047.6164149622,732702.5385354517,3.9209382192259428,1.0,-0.27421769083576825,-0.26729746146454825,-0.21581235615481145,-0.0035637631144594616,-8.47496539463247
0.5619607677952253,0.21270537370752818,0.7666472645537818,-1.8911752653226617,7764.4956166170905,1.0512886153600027,0.8784399396955642,93837829.390775,4543355.942406298,192997.71840225146,298820.31509172794,2.553716487257726,1.0,-0.7242889737110693,-0.701179684908272,-0.4892567025484548,-0.003691306296899121,-3.22761269542605
0.2366336021461157,0.5257357127651386,0.005964636039904185,-2.418493733747415,7842.778107975311,1.0713386463981378,0.9239077755892459,180480830.37803435,3941145.720309109,487020.28622770344,737352.4865610898,3.24056065891997,0.0,-0.30425673396042363,-0.26264751343891024,-0.351887868216006,1.0,90.0
0.6927501363436043,0.6275506206925301,0.13277000770746505,-2.7826019975671383,7840.431917914118,1.0467393159347398,1.0500085913729376,124817566.71732676,3116592.8261783766,489024.39396477654,760891.0154001369,2.4519806135192344,0.0,-0.3013937229074621,-0.23910898459986307,-0.5096038772961531,1.0,90.0
0.7512896621206221,0.3806292543010333,0.9987675933708013,-2.4983105718015057,7811.917274695873,0.9886151955671536,1.0268446830502516,73843626.59449366,3274199.0047699627,260036.53699447546,414020.4375216164,2.081963990669889,0.0,-0.6285192328650351,-0.5859795624783836,-0.5836072018660222,-0.003621606124664052,2.482525175789487
0.9619518613332795,0.08000027437372839,0.33779868529497814,-2.099936517689356,7770.534835066966,0.9537981017315564,1.0045659060297862,152261334.4424827,6321078.291961201,237430.18845331276,404391.38955810945,1.7332667969925686,0.0,-0.6608140164952675,-0.5956086104418905,-0.6533466406014863,-0.0022048225408224462,8.455790736768481
0.41320954332266957,0.38436048577987836,0.41327961899575133,-1.8249500877781784,7733.3457707566395,0.9903653283879078,0.97121410880144,143977957.27673626,5403815.942370636,267029.9684758512,410903.33490415383,2.3766096040620313,1.0,-0.6185286164630698,-0.5890966650958461,-0.5246780791875938,-0.0027650666351521276,-4.779493775306914
0.586806970291637,0.2654488964703325,0.4218970542789793,-2.7384739039391954,7834.152191473718,0.963744077883116,1.003127691722023,103385705.01908259,3164675.8283371385,393060.637514488,623149.3048374702,2.189358138858427,1.0,-0.4384848035507314,-0.37685069516252984,-0.5621283722283146,-0.0027349652033267146,-0.4937034623223191
0.2032018863462281,0.3524247733913595,0.7508618626356311,-2.6187544908758102,7813.019273917522,0.9615113399781946,1.0525508399338863,86896777.99819879,2700339.865755589,411749.34770088404,590178.8889652559,2.637100906588025,1.0,-0.4117866461415942,-0.40982111103474406,-0.472579818682395,-0.004021770821672287,-15.020657576654184
0.5164428280787388,0.31030208014504845,0.22898417551421013,-2.0943953056373927,7756.945866698249,1.0014268765755843,1.0248920521926455,164948703.13751435,5279370.370076916,302865.4049308386,492240.19908448413,1.9570561574341279,0.0,-0.5673351358130877,-0.5077598009155159,-0.6085887685131744,-0.0018577559174619788,1.613116749723531
0.8649680081529253,0.883589087704971,0.33069965846714267,-2.2442402256942744,7824.934608521224,0.9928929906151691,0.9377593850022934,178374373.51079357,6346583.411991176,295269.46980977216,496103.41066016094,2.0579140323411376,0.0,-0.5781864717003254,-0.503896589339839,-0.5884171935317725,-0.00145852830665268,12.234176316721287
0.8869380588502812,0.36548231440959844,0.04247174267490824,-2.4976672428245865,7843.087930836774,1.005698933209686,0.9700165294913242,153935191.6418881,4100940.9240672416,403636.7910794608,641798.0330869815,2.5566147840162494,0.0,-0.4233760127436274,-0.3582019669130185,-0.4886770431967501,1.0,90.0
0.2818315291193114,0.0029323717848355893,0.42624253733999085,-2.606340507802353,7804.221845554477,0.9916883159762995,0.9822584885549175,96984295.68605332,2830247.6413583546,434421.50623261766,653058.6127664053,2.526277914368757,1.0,-0.37939784823911765,-0.3469413872335947,-0.4947444171262486,-0.0033581193291793,-12.074877283329037
0.7486957100382834,0.4539312767188754,0.23587064557210652,-2.651629126537517,7773.72176551594,0.9757831051078438,0.9870316492546113,129784831.7930612,3486688.4725272697,438518.77834338386,745282.010441473,1.9432773928939642,0.0,-0.3735446023665945,-0.25471798955852704,-0.6113445214212072,-0.001351320772251882,9.520255648244088
0.6399465091674709,0.5790352567791344,0.20144379162175144,-2.7120311406150304,7850.178567077121,1.0233995829073432,1.043309908606796,168540513.56799716,4531039.93903332,430880.79507989966,738342.5574786136,2.062562232280192,0.0,-0.3844560070287148,-0.26165744252138645,-0.5874875535439615,-0.0009453841518221439,10.56416020796485
0.7516658497556029,0.01384440547549676,0.12167801184263188,-2.025466306556667,7761.462779095211,0.9696232292320155,1.0099622026550052,223397245.77780154,8741113.30176417,355238.0929935755,658254.7435313547,2.219353671697931,0.0,-0.49251701000917786,-0.3417452564686453,-0.5561292656604138,1.0,90.0
0.6615125288204299,0.7608490985426674,0.2972005123914323,-2.290500434032309,7794.2913099291145,0.9896887613222132,1.0344621052471556,167046377.965152,5250160.134285825,327423.71351792425,537394.9933433871,1.8648811610028115,0.0,-0.5322518378315368,-0.46260500665661286,-0.6270237677994377,-0.001601450677302069,7.652798536726493
0.8557474673179017,0.7063080078814223,0.9514603427867308,-2.3924666445654443,7792.399276893587,0.962075706128775,1.0555877371470537,90300155.13037235,3735250.3797458285,267567.2063547769,426193.1246120133,1.9939847115736828,0.0,-0.6177611337788901,-0.5738068753879867,-0.6012030576852634,-0.0032073689496184363,5.867415591698478
0.8203658428934966,0.4785623404128429,0.835008654211378,-2.335124163127745,7790.105647006478,0.9990320418178571,1.0126944756373084,86038508.58437204,3653958.2299186294,260123.2419608024,414733.564788056,2.1306664882152635,0.0,-0.6283953686274252,-0.5852664352119439,-0.5738667023569473,-0.003249434381987573,3.9519645600493867
0.4140672886209003,0.7693804697756013,0.5608242312956138,-3.0114005382080675,7793.19440754364,0.9952826892330625,0.9895962281444741,83434433.95434462,2264246.9324729065,509636.8552471387,764930.9067666653,3.5152455490204506,1.0,-0.2719473496469447,-0.23506909323333472,-0.29695089019590987,-0.0028296558812429214,-3.6749491045952993
0.35754711839114817,0.706702705615734,0.34819245084138845,-2.5098318134607953,7822.1984518485015,0.9718260321774218,0.9934827014288066,137139666.22249854,3701360.129883841,416110.53830235323,638038.8026686022,2.4025128470546755,1.0,-0.40555637385378107,-0.3619611973313978,-0.519497430589065,-0.002192338693113669,-3.1817878639412314
0.5357168881904525,0.8667541833530464,0.9624062624045815,-2.157270691163528,7782.163711276401,1.0107405646492003,0.8378675353510844,93192619.69855896,3630507.3585417722,284400.87384807516,430740.5119534217,2.795059174708817,1.0,-0.5937130373598927,-0.5692594880465783,-0.4409881650582366,-0.0034032501373312822,-0.40553698279488515
0.01311006317653936,0.7475859906893985,0.9069424052588734,-2.360638756337505,7895.595260954376,0.9057762688210771,1.0346407444027197,140804070.34873286,4074475.086081926,347604.5655329626,465012.4422698959,3.220112025587479,1.0,-0.5034220492386249,-0.5349875577301041,-0.3559775948825042,-0.00395920016136264,-23.557086313466204
0.6212853093302179,0.8723570677234882,0.7649108040273566,-2.1352892165153468,7777.393264817439,1.0514261856089544,1.0166639507597894,104454467.99120426,4084238.707811612,266002.75741132925,407597.4839431693,2.4138837445969297,0.0,-0.6199960608409583,-0.5924025160568308,-0.5172232510806141,-0.0030119782695320466,1.6529297844271227
0.7667779765923413,0.055948096748061525,0.26843046102507884,-2.0001894641445292,7715.334181191413,0.9670385465483156,0.9971686551814806,141813571.87224093,5060366.370255933,276041.3499889981,463032.0846287539,1.771135378758316,0.0,-0.6056552143014313,-0.5369679153712462,-0.6457729242483368,-0.002108580763905855,5.2810861366566755
0.5400455619834983,0.21885076979940807,0.05347984394057099,-3.8567827958201777,7811.2631119904745,1.009893220711374,0.9327593474251082,91010295.87978615,1726143.3113228928,788980.5985469519,1246478.9488886492,5.622969552945247,0.0,0.12711514078135985,0.24647894888864924,0.12459391058904945,1.0,90.0
0.06758195307025926,0.9507347048773626,0.5771005511366047,-2.2107152442603875,7832.67778828922,1.031041861874421,1.0815169917551595,148339914.6936108,4240212.071279555,345113.36012083874,475293.83162969444,3.0679506181037346,1.0,-0.5069809141130875,-0.5247061683703056,-0.38640987637925306,-0.0028938688214546517,-17.374854869422144
0.02963675833098604,0.04534943419585258,0.47615330893861646,-2.1679336980209625,7808.477694358395,1.0655075576347408,1.0117960034216478,127517014.56813894,3699078.0842963206,374587.90258722444,523845.53749947937,3.47383349687798,1.0,-0.46487442487539365,-0.4761544625005206,-0.305233300624404,-0.0035018432659605072,-25.26823138412016
0.7287717660261742,0.7457500294380078,0.8988504423134996,-2.514888757297706,7864.945914292218,1.0266842023242018,1.0714267142695326,97213103.60901222,3906815.794123139,276888.95321948,432784.14128702134,2.0971757614662145,0.0,-0.6044443525436,-0.5672158587129786,-0.5805648477067571,-0.0032318706019602936,3.4790528853146796
0.34252967301816584,0.022562932254883837,0.1531527931007433,-2.321277350300138,7860.470078680789,1.0082121808150921,1.055033539493343,202873130.95086417,6539121.472341051,350187.6424332624,565866.9473345842,2.0189251719573993,1.0,-0.49973193938105376,-0.4341330526654158,-0.5962149656085202,-0.0017895298527775606,-4.155727054607418
0.47762849159748005,0.3638075197746319,0.8144240627464236,-2.1549632123948315,7841.321800195906,0.975513728147808,0.9993765862996193,110794096.4448393,4954692.220108404,215558.35477575907,327025.2881585852,2.3424388233198816,1.0,-0.692059493177487,-0.6729747118414148,-0.5315122353360237,-0.0037581421177159875,-4.8703512754853655
0.19767969459808835,0.33584621702163886,0.810847541281715,-2.748780257548268,7834.869586738026,0.8764365359622289,1.0226134075869506,87686011.4977642,2631360.9193786816,428085.24669439427,612488.8279209848,2.6681802960928325,1.0,-0.38844964757943673,-0.3875111720790152,-0.4663639407814335,-0.0041907698505720134,-15.435158814771896
0.7123316389394886,0.8242071939276636,0.9696795990679271,-2.2993710881018474,7816.77967750625,0.957966540750517,0.9835915338925254,101807418.41949186,4132963.019309144,258512.71805422517,402017.1455052744,2.1576960569182098,0.0,-0.6306961170653925,-0.5979828544947255,-0.5684607886163581,-0.0032728183898163375,3.4870959727647133
0.3402758381077812,0.6694516391055895,0.6458245408700458,-2.646680138930558,7905.322209883525,1.0724268507375656,0.9695012369882161,101628791.49481052,3210612.3133446327,366566.06651016505,539764.0595980738,2.89351334590374,1.0,-0.47633419069976424,-0.46023594040192617,-0.421297330819252,-0.0032367244645705924,-7.220175635720885
0.158492201632723,0.26121720158724937,0.9492687733433314,-2.376700287511328,7882.497003466151,1.0052633282879178,1.0114269346139213,95006089.4259136,3505510.196278565,290408.5805850736,411942.86425495066,2.9928234028144685,1.0,-0.5851305991641805,-0.5880571357450494,-0.4014353194371063,-0.00462386894736329,-17.730774118175162
0.8166046884812154,0.510679058848881,0.8666083778824744,-2.3938794964161945,7859.203859313896,0.9261680191033068,0.9917833245134198,106980872.80841826,4710723.827226501,243112.98651744824,386867.02368003834,2.0110019051601786,0.0,-0.6526957335465026,-0.6131329763199617,-0.5977996189679643,-0.0032779285122373995,4.0452515250746295
0.7282400092013265,0.4355878266564447,0.28660413610231417,-2.300671316082095,7737.071647787159,1.0822887562792536,1.0299792489037332,118340210.13694167,3716851.1870952356,365910.45976414497,607237.320818465,2.0331178932182605,0.0,-0.4772707717655072,-0.392762679181535,-0.5933764213563479,-0.0018428172176159986,6.7054195480588845
0.8814230701249433,0.8153557352059912,0.9932984524362601,-2.8160142417120393,7796.665816991122,0.9478783098766543,0.9676921798714592,72792886.21117592,2611927.1352339233,356783.5279050394,566923.3361844887,2.619021069964102,0.0,-0.49030924584994373,-0.4330766638155113,-0.4761957860071796,-0.003155487687934616,6.598493666244227
0.21270514469606508,0.30990242575284305,0.44900175175911716,-2.2020978121499035,7819.872813900209,0.9628102349621892,0.9732124436278462,138989386.54120678,4324473.992191594,318695.15802233847,466797.3989656724,2.742663940098257,1.0,-0.5447212028252307,-0.5332026010343276,-0.4514672119803486,-0.0031390371842491575,-13.298311290398807
0.6906296293863886,0.6812381499630065,0.2964921325357172,-2.478225500831351,7853.090346405998,0.9635643433419075,1.0119263413837978,173671913.42823237,5489489.126357695,343743.17762077745,566015.132359915,1.8372990240455238,0.0,-0.5089383176846036,-0.43398486764008504,-0.6325401951908953,-0.0016604887338479636,7.627379410535113
0.12956554056975253,0.05383303126721594,0.9396607759206121,-2.194190717932462,7866.278674941526,1.0416218456830073,0.966138229322054,93687980.9475498,3781082.700089791,247326.28995411601,349006.8672674687,3.2518120967208892,1.0,-0.6466767286369771,-0.6509931327325313,-0.3496375806558222,-0.004951440324098488,-20.669734693778988
0.9169691418152698,0.446208008619814,0.8119403770875848,-2.477863545878124,7824.087844068365,0.9282289626463716,0.9550653723115378,91579750.13575399,3773969.6318618096,271280.6723044535,438170.31922888267,2.0099453755386123,0.0,-0.6124561824222092,-0.5618296807711173,-0.5980109248922776,-0.003131594192180576,5.64250965392343
0.09280763182849465,0.21909006896810299,0.7287624311960152,-2.065856781831723,7770.3009041857595,0.9439624485224801,1.0639142910435633,112294093.88446468,3750265.574433708,329164.8246553409,458945.1026799872,3.0318229509112857,1.0,-0.5297645362066559,-0.5410548973200128,-0.39363540981774287,-0.004226195310843555,-21.598705813172487
0.3584759427172298,0.7750144147509188,0.8664443411701742,-2.30676667912465,7838.264604719412,1.0882453521152538,0.9806354115788702,98143861.50764935,3627279.404742802,291169.11429150734,428638.25429886545,2.8307741259189863,1.0,-0.5840441224407038,-0.5713617457011345,-0.43384517481620277,-0.0035619673123630183,-6.075291521071751
0.0709632670839495,0.8145119598467119,0.9775381056696444,-2.096649402133431,7814.136989364468,0.9833839522392254,0.9812789279047898,121705908.41340321,4040449.455976634,301387.1260163589,410353.7747819868,3.2790785248883294,1.0,-0.5694469628337729,-0.5896462252180131,-0.3441842950223341,-0.0039807476249458275,-19.298903605775024
0.5494053671961182,0.42866645289400745,0.8706315816428236,-2.016511627531069,7802.641029887352,1.0058815350446852,0.9235593207807893,102610202.92535922,4808253.16437203,198355.35319434278,305358.43095082056,2.40795379337639,1.0,-0.7166352097223674,-0.6946415690491794,-0.518409241324722,-0.0036862991217076224,-2.4507648024162485
0.5657246004011748,0.779992444574879,0.12803534454276733,-2.051858585624216,7758.656285307884,0.985332597897228,1.0707279004737456,179155837.82392812,5214450.844444149,322131.6849409464,493353.50755338324,2.3020575086364756,0.0,-0.5398118786557908,-0.5066464924466167,-0.5395884982727048,1.0,90.0
0.6357555505739537,0.40937161463855903,0.2042378350818152,-2.4797930458532433,7821.030194489226,0.9826629083100088,1.0409780449093464,176707491.10048214,5196304.17112568,371524.18024088745,627377.0526837145,1.93905411657478,0.0,-0.4692511710844465,-0.3726229473162855,-0.612189176685044,-0.0012751305115410146,7.611798566273134
0.8076697141053967,0.21837247485174838,0.17811280873612423,-2.20946661398666,7816.61559479881,0.986837106797471,0.9404341566821489,203779935.90446082,7748693.865882158,334678.51469766063,594784.9250779372,2.1270923883530664,0.0,-0.521887836146199,-0.4052150749220628,-0.5745815223293868,-0.0008232679359344278,13.011972989474273
0.20073311360055637,0.1950781840886341,0.2894135479452453,-2.7735803288301675,7709.366583263296,0.8871067122663185,0.9552686139363199,105170897.4035376,2377727.849368111,627828.0289764664,944894.7190129916,3.666926916651719,1.0,-0.10310281574790515,-0.055105280987008357,-0.2666146166696562,-0.0025871342526180502,-12.373165724253187
0.8893079807026726,0.0742277965615206,0.23625944783059033,-2.8918998987883944,7700.9722836798155,1.038561848350604,1.0306043053856824,88573932.9395041,2438195.679595047,487529.7693230029,843855.4078399234,3.1692330833641904,0.0,-0.3035289009671387,-0.1561445921600766,-0.3661533833271619,-0.0015940706910853118,9.506410903320006
0.5029976669704355,0.22158341083748254,0.6482757287222909,-1.9687773480676716,7753.0695612611225,0.9500866733634835,1.0786576191090025,112573788.74360353,4816431.707103856,221441.9604158137,340211.77968865767,2.139461417644594,1.0,-0.6836543422631233,-0.6597882203113423,-0.5721077164710813,-0.00350995784146627,-4.579311084552245
0.2682574906750294,0.7611690386926223,0.8093450606096899,-2.406383295744815,7856.276694485012,1.0896117165143586,0.9927544105969046,99550506.08350535,3389825.718726097,327799.808983586,473139.4413402762,2.9814770400178294,1.0,-0.5317145585948772,-0.5268605586597237,-0.4037045919964341,-0.0035801240243104023,-9.560220769940848
0.3219052180334296,0.70077409377839,0.4272158053027399,-2.7868753958519594,7791.507241424126,1.0860645129829867,1.0143563041968333,94619639.26553282,2529773.8472459745,501616.6123160757,752516.2243157978,3.027364690025117,1.0,-0.2834048395484633,-0.2474837756842022,-0.3945270619949766,-0.0025511624135743554,-5.870177486141653
0.5012293396331285,0.1594256720260726,0.338155029163034,-2.123738044275676,7745.77581405801,0.970949301094605,0.9386652618759809,124886890.237818,4117075.2085766513,326945.15465560224,517675.06440702954,2.3339088735205777,1.0,-0.5329354933491397,-0.48232493559297046,-0.5332182252958845,-0.0026195516279068336,-2.4891758386692224
0.7005734323450066,0.7956826802297253,0.8656302314447617,-2.1192397357728208,7819.729520279371,0.9083952247401219,0.9529327786954411,127482568.08255306,5596320.1786307795,225799.95915981868,351715.7437408832,2.190849729275697,0.0,-0.6774286297716876,-0.6482842562591168,-0.5618300541448605,-0.003170908293606961,3.0618105897159147
0.40178297784855277,0.020194486514329105,0.667730516904092,-2.109562602293592,7829.4214036420835,1.0542667082689305,0.9350898656164017,100078373.00747454,4362050.361468024,219728.30501642072,332687.843087854,2.668362560650363,1.0,-0.6861024214051132,-0.6673121569121461,-0.4663274878699274,-0.003924106928001041,-8.899872560198116
0.3793896748150451,0.2830665318431234,0.7579593550727027,-2.740834274258381,7833.222380790237,1.0332761046446008,1.0096044249182352,73929859.11898784,2561064.616942313,371877.4867427581,555728.3073340195,2.7638109667303645,1.0,-0.4687464475103456,-0.44427169266598054,-0.4472378066539271,-0.0038784426814165423,-8.429933506965867
0.27839968918576397,0.042096366209846185,0.7740493287282347,-2.49822842788547,7794.029751603018,1.0582866779748799,1.0613322208967761,71880040.45072487,2677913.819382043,342533.90080781805,503592.32416096155,2.6934135780946593,1.0,-0.5106658559888314,-0.49640767583903844,-0.4613172843810681,-0.004364155252325343,-13.64338050427904
0.13394575757787233,0.3406248244225395,0.4790704497398843,-2.527286630574892,7835.446738453456,1.038637796255016,0.9793715841642477,110163247.37091628,3012983.971617922,447122.9706017322,640089.9944821122,3.020908104112687,1.0,-0.36125289914038256,-0.35991000551788777,-0.39581837917746265,-0.0032420500316221934,-17.204400995307164
0.4420743887924028,0.7528345109375564,0.10216846659893189,-2.7507601411251423,7780.285153602225,1.0488634952626814,1.0988309547675228,124603775.28086282,2802296.323231169,580599.3501527602,884860.6946216418,2.6311705557218517,0.0,-0.17057235692462833,-0.11513930537835823,-0.47376588885562965,1.0,90.0
0.11007251307275262,0.8191028730165475,0.3479268958581367,-2.7639748195941722,7782.697491421119,1.0428251508308692,1.0078792372984484,114976252.14922674,2566891.2847931795,607731.394425101,884610.7268751682,3.0836653708226036,1.0,-0.13181229367842714,-0.11538927312483184,-0.3832669258354793,-0.0021613667436993678,-12.716281815294238
0.3217822345995639,0.1159147716193001,0.3939913374815174,-2.536965287798829,7870.820782833968,1.0290472090778955,1.0011353140228123,118668807.96140338,3614174.639612201,365408.3638408975,554365.0904993563,2.6542964898968733,1.0,-0.4779880516558607,-0.4456349095006437,-0.46914070202062536,-0.0030761810300538816,-9.498822512827498
0.6727345498269016,0.8824998381264402,0.48188695843894996,-2.7729756083501904,7866.252848903886,0.9851849140438818,1.022601278529651,115781812.15328035,3430865.9123408,400981.43793699506,631005.2462285904,2.2275439841910623,0.0,-0.42716937437572133,-0.3689947537714096,-0.5544912031617876,-0.0022589180315826254,4.592151270179155
0.7578273732764588,0.2870098327592986,0.9277821383027939,-1.9000174251344035,7751.835517385639,0.9192918156049212,1.0515108763657732,103032829.35328007,5600489.758843619,169418.4289553571,269870.54482328804,1.9198433607665586,0.0,-0.7579736729209184,-0.730129455176712,-0.6160313278466882,-0.0036009449737712494,1.9524988801737742
0.5691748145303684,0.5619856437389759,0.31799311296659566,-2.4285952829248116,7802.914081948684,1.0636852205544491,0.9180365274863421,123471540.81350303,3674725.079687453,377801.9132649138,606009.7205746874,2.415975264087003,0.0,-0.46028298105012316,-0.3939902794253127,-0.5168049471825994,-0.0020440104519083746,2.8156067804043303
0.7164170387474849,0.6428685420226601,0.272545270935891,-2.835498630434964,7762.117617896737,1.0074663436542395,0.9104418552990933,106691283.4172694,2710970.714678758,512842.36489602464,856962.3638292248,2.6455014650930035,0.0,-0.26736805014853626,-0.14303763617077517,-0.47089970698139927,-0.0014868334139130118,8.864806140827856
0.26432883130263457,0.855479667150095,0.9517381891435043,-1.961693519791206,7805.494973977376,1.0133083149011062,1.016266973051441,126814614.08052279,5283611.862948229,259172.56092742828,373636.1016613727,2.6539231754016486,1.0,-0.6297534843893882,-0.6263638983386273,-0.4692153649196703,-0.003708076228434323,-9.174335985438994
0.2828380791199709,0.27374197736212674,0.5389998392093661,-2.3578902793998,7879.548892343068,0.9435851599507127,0.9767969952288146,132233625.20793001,4435823.843217781,302211.6880347499,446190.6476533583,2.565048652931323,1.0,-0.5682690170932144,-0.5538093523466417,-0.48699026941373547,-0.003429732266041713,-11.278180716879625
0.1349409838634385,0.8492581629213738,0.24532804471791017,-2.711135711296021,7958.564914915481,0.9973280154405092,0.9922975119155332,206525033.49433133,4906304.577345774,462927.34964985435,704609.480975695,2.2788083419473106,1.0,-0.33867521478592233,-0.295390519024305,-0.5442383316105379,-0.0015553004334868362,-7.579098687398922
0.682934447642542,0.9866654086252359,0.9554301970767056,-2.665925380002475,7908.031461304805,1.0463843178419037,1.0628124055528878,98281360.35202947,3649691.9789138124,309408.09978304413,475191.9864631937,2.291043190961538,0.0,-0.5579884288813656,-0.5248080135368062,-0.5417913618076924,-0.0031466198580730204,3.3938539851381258
0.47028339634552435,0.2228875809861805,0.1708836264070981,-2.677456775266136,7823.902459557161,0.9821440956366099,0.9157057012919922,142699830.1837185,3559704.166977535,466662.6110526412,770611.7506517718,2.1542027983777587,0.0,-0.33333912706765545,-0.2293882493482282,-0.5691594403244482,-0.0014883571266107955,1.848760246853054
0.7612076889974412,0.6699426334633387,0.9972759078900555,-2.2230954455124423,7771.273933903458,0.9194406825338555,1.1035665901008547,98936303.0364146,4305058.164074222,239808.47716703557,378506.58885327604,1.8325432899573364,0.0,-0.6574164611899492,-0.6214934111467239,-0.6334913420085326,-0.0033794156444680173,4.034283400119026
0.054976597250628305,0.908029082221265,0.3840589310010779,-2.250070807551398,7817.51966985608,0.9831072482469897,1.036143702396522,171896094.7382698,4304898.490650487,401454.762220655,570381.5952738983,2.8217288292374083,1.0,-0.42649319682763576,-0.4296184047261017,-0.43565423415251836,-0.0022013780580326537,-15.819328420305034
0.7185525335754496,0.0986371631695433,0.8020764248007087,-2.350544183589862,7835.504961896115,1.0120521071044442,0.9576496141317009,81856408.45481662,3804709.8987822323,230999.5792111449,368168.60537113436,2.2115650790412564,0.0,-0.6700006011269358,-0.6318313946288656,-0.5576869841917487,-0.0036166714991840354,0.18770174509304027
0.5881479269881681,0.024712392593599652,0.5025289155225795,-1.9309093678435445,7761.847276460732,0.9223672706826138,0.9513075873015269,128424175.75575884,5569512.374819335,224129.31199671148,355756.9570841314,2.1904852194851765,1.0,-0.6798152685761265,-0.6442430429158685,-0.5619029561029647,-0.003213824976253471,-2.415011749270729
0.5919176035838597,0.31609247624903336,0.9828358197155579,-2.0583762962460246,7782.241465080904,1.053563905172063,1.0063537759955556,82837573.07414661,4135678.218400017,200310.9694759855,311513.1166243116,2.2923324956929987,1.0,-0.7138414721771635,-0.6884868833756884,-0.5415335008614003,-0.0038892935370712627,-1.6951367261356047
0.6026090871278543,0.10120412702253133,0.974177216493368,-2.3972217993311764,7908.11397477742,0.9535278956074487,1.0227149614900075,91376174.34473296,4782827.5971303005,204333.65920046033,319609.1101298798,2.076587755967359,1.0,-0.708094772570771,-0.6803908898701202,-0.5846824488065282,-0.004065293353455491,-2.656793604915311
0.18848445651408002,0.8395974575497983,0.17183282486578708,-3.469634789484492,7850.753308196688,1.0064902229179804,1.083659878552076,134663426.49953383,2362559.6982627707,768666.9543170133,1261259.8964264097,2.986419208958392,0.0,0.09809564902430466,0.26125989642640973,-0.4027161582083216,-0.0007483239834871006,0.9349003057316168
0.2190698630829553,0.7507523080872776,0.7512611519187506,-1.980116359982447,7742.515129222136,0.9456005123772382,0.9555589031627383,116157838.5448043,3957034.346738537,321531.8498410036,459108.90627878305,2.8975786240549826,1.0,-0.5406687859414234,-0.540891093721217,-0.4204842751890035,-0.0035226594899996763,-11.683286516172135
0.337517170897517,0.03680672690100578,0.09709959364339896,-2.547645294177063,7798.283727535234,0.9685193112010156,0.9972754380999457,172185922.36165324,4035363.60683304,475612.5512817654,798612.9469957199,2.1895333452754713,0.0,-0.3205534981689066,-0.2013870530042801,-0.5620933309449058,-0.0010305403691850813,0.14880944976381372
0.9124030468053688,0.304801292643323,0.49553650431612095,-2.8795709948271893,7817.727586461838,1.0237501312824409,0.9818095003391643,83437841.04587881,2777124.825158664,378175.9361432249,623813.5064170469,2.290160955309297,0.0,-0.4597486626525359,-0.37618649358295314,-0.5419678089381406,-0.002573421319194101,6.395043984086893
0.6766990184793652,0.4815392134131728,0.8461376826119529,-2.283165559442962,7709.831014728818,0.9756566548376514,1.0440475457152354,74487060.37276106,2987048.62647517,313974.8214899152,491271.80008777976,2.3965752661584987,0.0,-0.5514645407286926,-0.5087281999122203,-0.5206849467683002,-0.003431946977766753,0.9371113675217373
0.19076769756329073,0.6080428233354561,0.4750242428494715,-2.6123339845837354,7843.445726366048,1.075195923673422,1.0136199626136257,108722066.74850562,2961920.0508567896,451784.49612831284,653881.0923728601,2.846974108233897,1.0,-0.35459357695955307,-0.3461189076271399,-0.43060517835322065,-0.00290877553488558,-12.503352045979273
0.10168561137284052,0.5651084816563576,0.24289018560076206,-2.499260993071879,7805.294986282981,1.0211533892100448,0.9932342722038969,150536580.5086179,3401148.2654410303,523201.3867435785,783911.0512120796,2.6311105054887034,1.0,-0.2525694475091736,-0.2160889487879204,-0.4737778989022593,-0.001904015280915107,-12.525411812193894
0.44804979957530744,0.3685776407964275,0.4671938251144453,-2.5366786756555557,7844.398493654936,0.8987397247870003,1.0291053827502903,125747744.95921686,3906478.8351034755,358727.01958450256,550530.2054403231,2.195648875558603,1.0,-0.48753282916499635,-0.4494697945596769,-0.5608702248882793,-0.0029268906692739025,-4.341587426221611
0.3870087618899378,0.49169944618810807,0.18850412456325363,-2.4678162998378674,7807.002377733406,0.9953612994992498,0.9823640714905698,164532082.16534355,4201258.937265653,425768.40985348355,692236.5534513369,2.082832881559141,0.0,-0.3917594144950235,-0.30776344654866306,-0.5834334236881717,-0.0013902219544361057,1.2248089466748908
0.6379482770713788,0.2042162807603098,0.4727275154244633,-2.0432075727752856,7765.537478532813,1.1068516893076963,1.039685576374538,111098537.54982376,4573975.992224834,237046.55298614182,377368.6062888575,2.212738484767928,0.0,-0.6613620671626546,-0.6226313937111425,-0.5574523030464145,-0.0028960324827425566,0.019063533985459458
0.4491022684480752,0.2657594135623849,0.08156324629795446,-2.280176068137302,7824.793841283124,0.9301712887785761,1.0207818622097782,199852483.99177662,5525822.42776211,355845.7264357132,556514.9559148478,2.2604792607009077,0.0,-0.49164896223469545,-0.4434850440851522,-0.5479041478598184,1.0,90.0
0.9817209623246744,0.21320408410119152,0.2655851984230368,-2.4278597924857404,7852.065503064859,1.0192033425550264,1.0865128412751859,169599150.81445777,6772409.916112149,285631.3714000443,495599.53137097054,1.8269662954650743,0.0,-0.5919551837142224,-0.5044004686290294,-0.6346067409069851,-0.0015385765333991918,11.635811065758048
0.6420950598983641,0.7828816744073731,0.7855447384181764,-2.9609487566168404,7788.570340846455,0.9665910654862856,1.0896288936744107,75433566.77879444,2399835.58125956,417403.0652540821,643526.2948995761,3.0495364542450685,0.0,-0.4037099067798827,-0.35647370510042387,-0.3900927091509863,-0.0031086896103797827,1.6358611166295027
0.6725693271602525,0.7963517051133321,0.27213877879090165,-2.4500447278237347,7799.675755959652,0.860643788958708,1.03601542287775,191582626.88181996,5505541.439623909,379977.1411361417,632695.7310903696,1.7672961298056749,0.0,-0.45717551266265466,-0.36730426890963036,-0.6465407740388651,-0.0013356261662250618,9.483586828642636
0.38571854462995964,0.08697610341004357,0.9553345085087875,-1.747319842300747,7702.339179712488,1.0070733484637826,1.0949926945633972,81680967.74951583,4217828.215463175,204306.17209713082,307160.6420771931,2.3705524563112137,1.0,-0.7081340398612417,-0.6928393579228068,-0.5258895087377573,-0.004468564318180734,-9.338903132376775
0.7598023071909825,0.40686331219046445,0.9158764126268746,-2.6600008579725376,7903.146005749632,0.9318050824284763,0.9960243276460095,92506311.71990664,3911128.380161675,274359.1581215823,435437.9815981858,1.9656666247631716,0.0,-0.6080583455405967,-0.5645620184018142,-0.6068666750473657,-0.0034906030815769675,2.524906697212298
0.014405275248853199,0.5258055915189082,0.6541558728386432,-2.5491940769022827,7800.932845113281,0.9819128272938736,0.9152168804259028,104084095.65032978,2633220.9829217265,528079.8791731,715739.6218384139,3.270976315775155,1.0,-0.24560017260985714,-0.2842603781615861,-0.345804736844969,-0.0035997040341088442,-24.487153936769555
0.11243580576178003,0.7468001707990639,0.26495729102381765,-2.716696579666147,7814.595829086203,1.0027150894057806,1.0150523852967335,140198047.14149806,3002814.517693522,585687.0852211624,876325.9483851829,2.402164591015726,1.0,-0.163304163969768,-0.12367405161481712,-0.5195670817968547,-0.0018332132257972964,-10.80289826759796
0.8343652437417907,0.4958043363557851,0.5302070297940811,-2.206915289469361,7687.9227037709425,0.9848935420081825,1.074656001741401,91567735.03681505,3306009.810807344,342467.2410277754,553678.6189099386,2.103708322997792,0.0,-0.5107610842460352,-0.44632138109006136,-0.5792583354004416,-0.0025921511420688836,5.356278694768761
0.8696564529523291,0.532990318584501,0.4808961160645999,-2.0180891150952975,7766.031058315462,1.037211287308473,0.9937556487715014,130933310.92108718,5408876.07453818,227743.65278992755,370821.03040452214,2.079414753620066,0.0,-0.6746519245858178,-0.6291789695954779,-0.5841170492759868,-0.0023908991729346286,6.7075300799078335
0.6240199024417808,0.16740211070730432,0.6114086369982533,-3.1220651622472504,7831.603020038246,1.0214056180590438,0.9639950159841348,67180962.54832023,2213886.335337252,411903.4536022097,649247.9686578047,3.388479743379532,1.0,-0.41156649485398616,-0.35075203134219535,-0.3223040513240936,-0.003307659262292039,-1.3711184058146557
0.5058540846955712,0.9538406364966842,0.7068816247851731,-2.6710162838819675,7801.111686341121,1.1181709093156569,0.9975375545800514,81831943.76568559,2630971.555749065,405118.1029769841,610085.3263290625,2.786106474691483,1.0,-0.4212598528900227,-0.3899146736709375,-0.44277870506170336,-0.0029255960693361505,-0.5947775193340732
0.22675354300233147,0.46162606831074243,0.5143575824214698,-2.69422964332056,7858.360517292477,0.954413835125977,1.0153274599392776,109976851.50210534,3007588.9942272175,444985.10010583006,648068.0955623098,2.659113807784174,1.0,-0.3643069998488142,-0.3519319044376902,-0.4681772384431652,-0.0031864160005188437,-12.257120864677493
0.5433845443945233,0.28552376547585046,0.567849916814054,-2.3691938860024244,7831.5502645388115,1.0779850814887701,0.9228285248070354,95758651.80886018,3556927.4577313014,296687.6021467701,460373.7601471634,2.6537386371394693,1.0,-0.576160568361757,-0.5396262398528366,-0.4692522725721061,-0.003191443040271894,-2.7400281670566997
0.06211829289121033,0.7299383001299048,0.3082612416064859,-2.1812304093001895,7782.806561700221,1.0668815568569947,1.0113806429343728,160524276.150055,4034922.4067446482,424910.28296209563,618013.9293982768,2.9241333926878705,1.0,-0.3929853100541491,-0.3819860706017232,-0.4151733214624259,-0.0020216568934395226,-15.159570830793655
0.5912365121141858,0.36423217961276727,0.37018761536158407,-2.2156832813409415,7821.196701617997,0.9797695196560603,0.956549152691569,149156093.62976545,5336602.183483242,275330.5164711833,438812.5734215611,2.1630512224075638,0.0,-0.6066706907554524,-0.5611874265784388,-0.5673897555184872,-0.002437864067146583,0.9095875648228358
0.04298565264181101,0.2800478769383466,0.7274483020762043,-2.923592644690414,7834.983539958999,0.9927093704830436,0.9926630117050755,84646545.94468299,2202023.521119914,538892.1890717093,738862.8446237824,3.781960203263103,1.0,-0.23015401561184387,-0.26113715537621757,-0.2436079593473794,-0.004147997559333059,-24.352973260838894
0.8798579295250675,0.9753036613387939,0.1058068276562631,-2.3815249686307824,7790.115174512216,1.0279137424704996,0.90149175718323,137159891.2166448,3597629.4615127714,441728.6324991108,679158.9746168581,2.875817844301886,0.0,-0.36895909642984165,-0.32084102538314196,-0.4248364311396228,1.0,90.0
0.8090344145796607,0.8413943062170813,0.037228880383479025,-2.371319809394774,7854.688364110363,1.0142271967835508,0.9525089486387858,178918499.06755352,4780656.227313476,371205.85285240813,572991.6049513861,2.685724199614513,0.0,-0.4697059244965598,-0.4270083950486139,-0.4628551600770974,1.0,90.0
0.0014597903688896231,0.47249780155413174,0.42030306300554393,-2.2593146867408693,7816.897613256175,1.0334012493920848,0.980487526606182,146067275.93967903,3675570.2343387813,437656.9819782562,607947.8561725068,3.415372665736345,1.0,-0.37477574003106257,-0.3920521438274932,-0.31692546685273104,-0.0027516287074807397,-23.64684471495889
0.8580586215835055,0.24884962625285,0.3793511479478246,-3.2451620493708297,7869.485984602085,0.9066275280976234,0.9490062985355108,98540213.79190578,2764499.7823352534,466478.2821457608,775582.5919092273,2.123937492536655,0.0,-0.3336024540774846,-0.22441740809077268,-0.575212501492669,-0.002286606636258072,6.427080729629928
0.9200242356931934,0.07019915002249927,0.8522021376764891,-2.0586461577181905,7771.773834482834,1.0425265922954015,0.9515797745672736,78883655.97379225,4322434.345293661,181183.3315610683,297726.67025132,2.028762517197778,0.0,-0.7411666691984738,-0.70227332974868,-0.5942474965604444,-0.0034183300503201307,4.435246388951487
0.0985223097687254,0.6638016537591236,0.63395831487789,-2.369355566453661,7760.150666212738,0.9436297650562733,0.9435093196171896,107014244.28703198,2907859.730069832,477675.4551738817,664261.9624303373,2.943558303268982,1.0,-0.3176064926087404,-0.3357380375696627,-0.4112883393462036,-0.0033985084141669353,-18.02243818317004
0.9275256501417259,0.9593978941985605,0.13895197713056084,-2.5167227469447035,7810.491651227852,1.036143623116124,1.0059102741997012,131778765.49418673,3507407.6182515477,435841.060951358,671647.9780339843,2.6415870666603403,0.0,-0.3773699129266314,-0.3283520219660157,-0.47168258666793195,1.0,90.0
0.5426846402804318,0.47610131182483045,0.7406783430756534,-2.5914041466292823,7800.086103683022,1.006028984696858,1.0108792469042445,80112693.87513185,2847076.945218098,349733.7967999766,535975.3345476219,2.3420168134414676,1.0,-0.5003802902857477,-0.4640246654523781,-0.5315966373117065,-0.0034140424460348106,-2.380014393299181
0.400827987566132,0.13777036147973917,0.9719906126566128,-2.4946168766952828,7766.596409046438,1.0210852185639496,1.0019979915661938,61066763.998509064,2558663.954488766,309479.7742691054,466591.13749042066,2.9103983798884916,1.0,-0.5578860367584209,-0.5334088625095794,-0.41792032402230167,-0.004402326942083599,-8.473942226683633
0.9020102283253694,0.34361398134730897,0.9550910289957631,-2.648960307973787,7768.275193887557,0.8968424322640387,1.0588040347254861,69666660.68952575,2925791.4908231655,288673.1330588727,468796.8903017727,2.095676474931416,0.0,-0.5876098099158962,-0.5312031096982274,-0.5808647050137168,-0.0034088286492239632,5.1835956754082275
0.49083366928049815,0.7805992329679016,0.34931196304841317,-2.9155327857081246,7845.750937085511,0.9313784458431801,1.05838320388315,125650668.8878921,3180639.3522472344,486237.42041634524,764334.4797503296,2.033652162539946,0.0,-0.3053751136909354,-0.23566552024967038,-0.5932695674920108,-0.001992818208609517,1.6770310556162187
0.5866744001357291,0.5467668891610412,0.8594117142052698,-2.0262644004058874,7785.268768597675,1.0655532844165887,1.0681356429532038,101356970.25451349,4692142.17156584,205494.53436565681,316154.72487262613,2.242295693511779,1.0,-0.7064363794776332,-0.6838452751273739,-0.5515408612976442,-0.0035069093766980693,-0.8610100516858736
0.5282823277940686,0.7722815143658257,0.8508695774266896,-2.528437452810145,7839.2834805173925,0.9947855175189931,1.0575730315592236,94902671.9283413,3404502.9789737356,318369.6021688829,482770.73083033797,2.3730083811476588,1.0,-0.5451862826158815,-0.517229269169662,-0.5253983237704682,-0.0033465669056012746,-1.092571634986097
0.6052940818264698,0.4759416723641015,0.05062310727571085,-2.620563046515307,7751.939302794158,0.9908827474730939,0.9185778865772225,123517521.78241187,2832889.5790556157,579753.3905811041,906324.9432104091,2.764526623066463,0.0,-0.17178087059842273,-0.09367505678959086,-0.44709467538670744,1.0,90.0
0.9478066957277766,0.37164565299161484,0.532981953729798,-1.9683222043023563,7713.536688233036,0.978080844400664,0.9593930085288508,109145679.79712632,4497325.064754618,251992.9141368852,415004.3377186123,1.9862210148500374,0.0,-0.6400101226615925,-0.5849956622813878,-0.6027557970299926,-0.0025869163181713914,7.004651944689243
0.67903298479962,0.016215548662384567,0.33626003469788124,-2.305252051838952,7844.827154512581,0.995930916963603,0.930649585392155,140531433.54331157,5273932.6199187655,271319.03222666425,443562.87245230697,2.1119689918876237,0.0,-0.6124013825333368,-0.5564371275476929,-0.5776062016224752,-0.002543744523014521,1.5762326621828748
0.9276927165265836,0.04408782421487364,0.6494781107050649,-2.4988139339863955,7810.756339618541,1.0628168224121557,1.1345714933588678,82967722.9198928,3730998.0325335185,251503.9176089071,416104.7027182413,1.838094330595893,0.0,-0.6407086891301327,-0.5838952972817586,-0.6323811338808214,-0.0030899755460155566,4.912630500709369
0.7179644859110277,0.18268925765477018,0.6939054566234432,-3.0445631489935563,7861.155786841603,0.9773929718357529,1.0472823697400182,71893813.25307357,2578074.545976057,358686.0642633015,571386.2435979323,2.434890500873833,0.0,-0.4875913367667121,-0.4286137564020677,-0.5130218998252334,-0.0033480551324104662,0.7144478562478795
0.34429895160254176,0.6911492728042122,0.710782493906887,-2.32245928529315,7840.207009383146,0.9695414076576815,1.0756811502822419,119416659.8520851,4148737.979677569,298772.7159449635,438920.0122197991,2.4280929446155914,1.0,-0.5731818343643379,-0.5610799877802009,-0.5143814110768817,-0.0033670406307984074,-7.130208546318443
0.32754596128206653,0.9918516300230262,0.38082661182419175,-2.2873731906099484,7787.736662355431,0.9265716968320022,1.0287207610442681,158019846.7552992,4357520.062437056,377221.5249913217,571801.113485264,2.2252559778500767,1.0,-0.4611121071552547,-0.428198886514736,-0.5549488044299846,-0.0020378088024418212,-2.382683040642835
0.7924963942101568,0.16818741908513388,0.7062558567651276,-2.690431001250827,7860.2920344439,0.9737934417015456,1.0408874384664246,85048464.09648338,3444587.529681159,291491.5074242681,469479.9431532135,2.014916792129937,0.0,-0.5835835608224741,-0.5305200568467865,-0.5970166415740126,-0.0032846665143525956,2.312528725270834
0.4378803068282534,0.9625648961167533,0.34709317025623293,-2.0387335164277816,7753.565293510244,1.0066486292624028,0.964115247017301,158877985.37442368,4922742.832017023,309489.1479037314,483255.67085636035,2.235981973717225,0.0,-0.5578726458518123,-0.5167443291436397,-0.552803605256555,-0.0018224523121839011,1.8590376801345734
0.038153689026011676,0.1478738156907575,0.6821154461311142,-2.088357951052914,7807.198968511389,0.9899652587864406,0.9910787440080819,120387652.81147566,3875723.8901861273,322451.522065213,443246.8163155536,3.4670850617246165,1.0,-0.5393549684782671,-0.5567531836844464,-0.3065829876550767,-0.004171151091207734,-25.36626857931279
0.46471794932549504,0.12297791604345662,0.25803893405356093,-2.697538872079055,7833.177554010613,0.8868189238020813,1.018896886845875,139615256.17189398,3764147.980252007,431617.4480029885,688662.2842069736,2.0122973713060324,1.0,-0.38340364571001645,-0.3113377157930264,-0.5975405257387936,-0.0023836530603487662,-2.3855201177483174
0.09409010831283955,0.13683834212338314,0.46928764035274695,-2.196961052423983,7742.769215237732,0.9981174727440691,0.9926391486209727,111811856.26303066,3189501.6634910465,439774.74062443315,626198.2081524958,3.0167507493146273,1.0,-0.37175037053652404,-0.37380179184750423,-0.39664985013707454,-0.003431574403343955,-20.62962745379023
0.42375509488210383,0.2880554533351029,0.05759397292402403,-2.813804266732226,7848.929841976418,0.9725158669389757,0.9940982293640207,144968263.18288743,3171577.9652235038,556689.8232723972,868817.3727539006,2.4991775342371727,0.0,-0.20472882389657548,-0.13118262724609941,-0.5001644931525655,1.0,90.0
0.018054077614130363,0.4960157833840049,0.8612212129057132,-2.4841614178314106,7820.085872023875,0.9766774699269593,0.9473909105893037,98443727.65104279,2762422.3722321107,456697.37289374217,617060.6923472187,3.300066670913154,1.0,-0.3475751815803683,-0.3829393076527812,-0.3399866658173692,-0.004202149455248065,-24.780698878856494
0.1281645340160325,0.18882185108714533,0.2314512997775222,-2.324317974096302,7800.053811428285,0.8880330082471516,0.959019481828784,173826345.24261522,4159327.3260665527,441319.54040300776,662960.3490146219,2.51125832189523,1.0,-0.3695435137099889,-0.3370396509853781,-0.49774833562095405,-0.0023061993839401723,-14.451317598879193
0.14962019874295604,0.2342898787280955,0.9581093071638951,-2.45477784779102,7899.893985881302,0.9562454022969814,0.9406121847513755,94960297.7393744,3359640.6835589586,310405.62892905256,439528.35047909146,3.0830063257400595,1.0,-0.5565633872442106,-0.5604716495209084,-0.3833987348519881,-0.004691910038436584,-18.354479674323233
0.8640992371019279,0.4032779993721796,0.2364445951989206,-2.6463102978984687,7745.5361241485525,1.0206757088368417,1.0734627528349352,120796874.89243905,3360709.9849126595,428289.3572684342,742120.1608858906,2.013225180556714,0.0,-0.38815806104509404,-0.2578798391141094,-0.5973549638886573,-0.0012157887184021613,12.053832854263383
0.26708415237596245,0.5077478521795137,0.8817580797979093,-2.4774386664461887,7915.295923137799,0.9547481294488404,1.0574231426929652,112774209.48898673,4095163.806701297,292391.88832646917,423916.354455025,2.4898319040687196,1.0,-0.5822973023907583,-0.576083645544975,-0.5020336191862561,-0.004021531885837634,-11.219786608025743
0.5030246190231479,0.09805015515027218,0.6779426444869098,-2.30422487375888,7842.029202127607,1.0179153179804514,0.9225260532437922,92869288.91836238,3813449.7362414445,255804.34738445282,394103.4308767509,2.5569780793651717,1.0,-0.6345652180222102,-0.6058965691232491,-0.48860438412696566,-0.003705151372053407,-5.29652084247309
0.6563963972073396,0.12752275185573014,0.31747328546095527,-2.0350449114218776,7765.621164343105,0.958795377961504,1.015677371052244,155405456.4257541,5940171.911235546,249006.34713289398,407260.23292840633,1.9555477705094317,0.0,-0.6442766469530086,-0.5927397670715937,-0.6088904458981137,-0.002367442015688398,1.9943256045196307
0.5501526223356124,0.39145213870485857,0.9254892940309383,-2.4928689080382394,7915.787457304611,0.9940496970809289,1.031478006093698,98251324.36089973,4307273.011651685,247523.65413548533,380698.9836284212,2.1883697124768653,1.0,-0.6463947798064495,-0.6193010163715787,-0.5623260575046269,-0.0038039470474411537,-2.5333976268688723
0.9172372879711083,0.38517280789454394,0.41184101901839854,-2.3419423722729142,7864.049776649451,0.994402707731541,1.0063795013217898,151418405.64344335,6394493.093879552,257756.17324586125,429284.21459572494,1.8800904185348144,0.0,-0.6317768953630554,-0.570715785404275,-0.6239819162930371,-0.0022338687209206886,7.837554252943136
0.8177900860252632,0.6325250616085907,0.49503652969234313,-2.5503386265409205,7840.358507579491,1.0213051620162945,1.0368766860120793,114871643.78572479,3951256.684787685,326584.71029334684,525880.0651067211,2.043717908344153,0.0,-0.5334504138666474,-0.47411993489327886,-0.5912564183311695,-0.0023977563116146117,6.017291170858961
0.8075313676723004,0.45165080539341507,0.7078927723674233,-2.510460927750179,7852.987139512145,0.9939539531107543,1.0584808274069326,100580835.07592124,4050320.982419002,276932.5109107391,441651.06311306305,1.9699918434909112,0.0,-0.6043821272703728,-0.5583489368869369,-0.6060016313018177,-0.003058797035377766,3.7096506960626705
0.1040169032039101,0.012760529083466856,0.5637018349753788,-2.5550086654868145,7894.740810501229,0.9475272070302191,0.9478983037446831,113861916.71159822,3236794.8442122806,402320.70085271157,570497.449560554,3.214879726403746,1.0,-0.42525614163898345,-0.429502550439446,-0.3570240547192508,-0.003940333635782622,-21.52005101359672
0.019368819473513484,0.22517878243095785,0.629034599502916,-2.2779345705930956,7859.869616678603,1.0422185294417017,0.9997309124458066,123623491.632111,3660835.106102259,355437.1827152448,485971.02975154883,3.6059526647013667,1.0,-0.49223259612107884,-0.5140289702484512,-0.27880946705972665,-0.003879121859860917,-25.969551678993106
0.5630164333319752,0.7199175290169293,0.16528872802859143,-2.816676331318272,7830.498238208285,0.9840628287227009,1.045779061279575,127726836.34888728,3040960.2304786015,520153.8905776062,799969.488405556,2.3483500228793304,0.0,-0.25692301346056257,-0.20003051159444404,-0.530329995424134,1.0,90.0
0.09450350205438113,0.05905464635804333,0.13793200044377932,-2.1471537599931425,7786.037322917172,1.012913582917854,1.0021182138460867,200395904.38633192,4961347.462960123,387479.10927251115,602103.3060176572,2.370738376328191,1.0,-0.4464584153249841,-0.39789669398234284,-0.5258523247343618,-0.0015938212568403997,-13.466168206046078
0.7947877186162237,0.19410031975225386,0.44054446691608207,-2.691647579334024,7876.753870738168,0.9683332783803189,0.9981836941669904,115970373.16159594,4049402.680562621,333264.3048852723,545457.0985158787,1.8991838383809552,0.0,-0.5239081358781824,-0.45454290148412135,-0.620163232323809,-0.002629750785887761,3.9931261910801723
0.5953135743035454,0.8733787232734759,0.5263496797142697,-2.5625447472633214,7915.345073669579,1.0495042675698072,0.9603158292886143,128745386.48399788,4277838.3436563425,325714.9797598777,503713.6755509012,2.3743117872617256,0.0,-0.5346928860573176,-0.49628632444909876,-0.5251376425476548,-0.0024676968603066234,2.2261811150636035
0.9886393286962526,0.12212506279563688,0.4716446151277335,-2.301173223542133,7736.380727172337,1.002923680915877,0.9522539253524784,92436312.86505911,3544619.143547289,301674.2816755478,507556.5452084257,1.9903289984405625,0.0,-0.569036740463503,-0.49244345479157425,-0.6019342003118875,-0.0025666096064129542,7.407689596100244
0.12160002483618906,0.21713252449792084,0.48934344680446573,-2.042556155790595,7797.096757872898,0.9527868648316032,1.123737853742641,150861160.37617308,4926483.192247744,298810.9745308666,427819.3478461051,2.6170530684188154,1.0,-0.5731271792416192,-0.5721806521538949,-0.47658938631623693,-0.0034213914268121535,-18.758422337542576
0.2594068078842298,0.7128614440836584,0.07743182508737606,-2.3528875241470564,7790.69374882089,1.0899997701307007,0.9714433402801212,157256723.91161957,3632821.5991898337,498766.3470640478,749608.9624519674,2.995439773998389,0.0,-0.2874766470513603,-0.2503910375480326,-0.4009120452003222,1.0,90.0
0.7178327445168294,0.4053103607544926,0.363711344545263,-2.363675103153437,7742.089717952654,0.9761611757962431,0.955292432983556,110262142.42839888,3466489.3753927397,376814.01657697005,613839.0294015035,2.079372032156951,0.0,-0.4616942620328999,-0.3861609705984965,-0.5841255935686098,-0.0022261399756239673,4.460663453497663
0.0016862923269977625,0.03568847951913672,0.7936982043860898,-2.483628983266336,7801.915587978421,1.0100500214836319,0.9857863329931928,88296067.8129327,2585578.507567409,453241.57387709955,614922.7746130129,3.342786086145917,1.0,-0.3525120373184292,-0.3850772253869871,-0.3314427827708166,-0.004647519267062071,-28.956826347063373
0.8150052479218662,0.703065766905703,0.494108075012151,-2.199003751312397,7753.602660517939,0.9237978831746321,0.9774730933266769,124528047.57061021,4325327.1432836,302293.95764356625,485906.3659959371,2.007393282968568,0.0,-0.5681514890806196,-0.5140936340040629,-0.5985213434062864,-0.0023386293571411483,6.3338185315349165
0.4300023603986112,0.21732759187920248,0.9043846672078989,-2.377451587830688,7869.798706653364,0.9869009219320904,1.0198529427811769,89634192.82441178,3860462.6783476956,246726.02644059586,372612.3841513751,2.3938436162357526,1.0,-0.6475342479420059,-0.6273876158486248,-0.5212312767528495,-0.004150258166258537,-7.126984518860624
0.8752525021452623,0.25358310338745926,0.5259706812451503,-1.9047836188676124,7737.969597099206,0.9568165148880248,0.9561588972871675,124596358.19766527,5568095.495716481,204576.55582733138,335190.50937559264,2.0086465879939004,0.0,-0.7077477773895267,-0.6648094906244073,-0.5982706824012199,-0.0027306174509065763,5.208100034666597
0.8074823422101294,0.6792390169160483,0.1744436417403131,-2.792671100630549,7818.127116203438,1.0643275734901851,1.0308692296941258,110617707.75504348,2881859.753662533,485921.9632803417,757672.8326628787,2.373064296796536,0.0,-0.305825766742369,-0.2423271673371213,-0.5253871406406928,1.0,90.0
0.1015728524333838,0.9688747798027698,0.9881306516244797,-2.216424771239457,7780.497800940465,1.1252895188621275,1.0486870719924795,96832560.14970618,3159376.427266088,371283.8663449885,508290.60928095767,3.220379667031096,1.0,-0.4695944766500164,-0.49170939071904235,-0.3559240665937808,-0.0037729600029010324,-16.545099270758676
0.6536183135512925,0.8654757317469673,0.35294524207158845,-2.569552253114712,7845.93716369301,1.0252496106688214,0.909805902342563,133680243.3618975,3855283.1387528,387630.829639322,625234.2094741884,2.3069403852946553,0.0,-0.4462416719438257,-0.3747657905258116,-0.538611922941069,-0.0017841160105537346,6.650947084583521
0.8749222166862619,0.5260144542357584,0.7121211386913682,-2.061632311374596,7792.110467076705,1.1075721361791693,0.9927254167251938,103476409.1269231,4831889.260716296,204896.08055959674,328471.7946368641,2.208817120924432,0.0,-0.7072913134862904,-0.671528205363136,-0.5582365758151135,-0.0029449143476500553,5.2852027760610945
0.2252221089226004,0.26803448316593054,0.6324698184819267,-3.2018967551202673,7824.511278342108,1.0163203112575572,1.0141772310752661,72489367.18681605,1997183.0586526655,519146.6313871735,752960.0875594378,4.214045315728878,1.0,-0.2583619551611807,-0.24703991244056214,-0.15719093685422436,-0.0037801171581909477,-14.220787987829922
0.7497395087376398,0.29165815020985547,0.8005683099608799,-2.1374020769707283,7789.821182294348,0.9756959361336669,0.9827847021724182,95434691.42994565,4441650.590811534,215051.4611450382,341841.85044020414,2.0722916139018883,0.0,-0.6927836269356598,-0.6581581495597959,-0.5855416772196224,-0.0034178875597679153,1.7124926191880867
0.38381605630584215,0.9290050742481599,0.27989369547728454,-2.4852940311913185,7859.39170163154,0.9424225627277294,1.009849978684863,191098539.81435007,5219034.835977345,390752.41776268894,618219.1182147072,1.9842159325236828,0.0,-0.4417822603390158,-0.38178088178529274,-0.6031568134952634,-0.0015600604494944012,2.054213100946864
0.4574629973606995,0.9552725702297626,0.24019256774388584,-2.5003587117072934,7851.468817008714,1.065430636595637,1.0339010867943579,181700572.01252693,4980275.691538613,392203.9230906581,646242.0055527645,2.1874094794014884,0.0,-0.4397086812990599,-0.3537579944472355,-0.5625181041197023,-0.0010743187213659536,7.316246533630235
0.38199368648860293,0.7747185772604148,0.04044358971086903,-2.9409123447325944,7734.149038411715,1.0833376631946046,1.0715617862739988,112593481.89677536,2286304.0616733753,709130.5584427493,1074932.2432548872,4.063297755464366,0.0,0.01304365491821331,0.07493224325488718,-0.18734044890712678,1.0,90.0
0.8066362046881059,0.5844879518124355,0.9187266416910042,-2.6378402819433733,7839.752709571077,1.086547459806466,0.9901697285065245,73370784.4207911,2977316.804702187,295745.74823421903,469832.49881014944,2.2898974411186184,0.0,-0.5775060739511156,-0.5301675011898505,-0.5420205117762763,-0.003305765922151557,4.300541334584256
0.17116575743806192,0.8495611160826826,0.9898888489370662,-2.980393979611655,7875.541723984048,1.0888155801201085,1.0854763647716639,78183606.02938776,2294734.361695398,459550.1512335392,645099.3849308782,3.3121306440873455,1.0,-0.34349978395208686,-0.3549006150691218,-0.3375738711825309,-0.0038700442803724015,-13.467692611973042
0.6886480260866006,0.8469467485810281,0.7333425292280201,-2.640068149054289,7897.9014071001475,1.0049444264772098,1.03993784215392,108320777.06662741,3850350.941229545,319897.80997899553,494946.9634055391,2.2079986311009323,0.0,-0.543003128601435,-0.5050530365944609,-0.5584002737798135,-0.0029125186126986243,3.009484354050567
0.5944147993452988,0.19691312608471606,0.7992394300522598,-3.4173218535359258,7793.457461327327,1.003984407060002,1.002046676817288,53440622.44894594,1818648.3056978884,419761.8450215385,654337.6920844801,4.547080073538683,1.0,-0.4003402213978022,-0.34566230791551994,-0.09058398529226341,-0.0037179091821297706,-2.464856246546141
0.3422534898108348,0.403716841248074,0.3204748121685329,-2.688523245294432,7768.447305648195,0.99110810211152,1.0328750524182684,107581550.35804766,2783674.9687976507,501650.0535325653,771909.5136050193,2.5956115167996483,1.0,-0.28335706638204955,-0.2280904863949807,-0.48087769664007035,-0.002421073713128459,-5.652692744176601
0.7193060047157871,0.47714018649590983,0.3131167426425724,-2.5513463280407036,7815.531724636705,0.9873400757339013,1.0357550446724402,136141209.00965413,4147563.3942292947,368434.19921931805,605614.4894436434,1.865151717153727,0.0,-0.4736654296866885,-0.3943855105563566,-0.6269696565692546,-0.001977993674191907,6.097509144140435
0.5121241608427489,0.9014582028836177,0.4101506302632734,-1.9315606930742582,7690.985767514604,1.0191433589683538,0.9437763347753602,124511221.88561492,4031825.131516482,358311.2612339154,558039.7888550087,2.4500486548483873,0.0,-0.4881267696658351,-0.44196021114499134,-0.5099902690303225,-0.002114379119288326,1.961772271823527
0.09938208082216947,0.10110262053371745,0.1293899878092941,-2.117518087418663,7765.777729698175,1.0479991067390555,0.9656510489174105,188531726.3585632,4584726.276263616,411092.6411016047,645104.8209049045,2.5384654008977092,1.0,-0.412724798426279,-0.3548951790950955,-0.49230691982045816,-0.0014347779386467475,-12.113817670863156
0.5273382393879117,0.655740759110778,0.7300943155387777,-2.227890392112655,7846.2136985802435,0.9758126543871645,1.0605592115446107,125947374.04317799,5150577.558252135,241878.58009472015,367424.4294777345,2.249230601096983,1.0,-0.6544591712932569,-0.6325755705222655,-0.5501538797806034,-0.0032387835484697005,-1.8082805453289303
0.7705378677816859,0.04980374228842004,0.08724248694370762,-2.69315082475602,7791.17308772519,1.0103938454517454,0.9648855836566221,115141522.16441093,2993228.394996755,483318.247127705,779177.6675197046,2.3213471106706205,0.0,-0.3095453612461357,-0.22082233248029545,-0.5357305778658759,1.0,90.0
0.043398413907032626,0.5769885020996075,0.6474525837642249,-2.5890667887301078,7773.74820693437,1.0234987640375686,1.0099165926751832,96251855.94472405,2505334.150494438,527146.0983224573,721151.8688878039,3.2620271631974562,1.0,-0.24693414525363244,-0.27884813111219614,-0.34759456736050875,-0.0035371321002311456,-22.095459331218162
0.5398877383801233,0.5761901730272719,0.5366855703350999,-2.095619909081046,7727.855833610614,1.0284842058092107,0.98826069782539,103245470.18805331,3676613.017998338,325188.16998820135,501874.967207256,2.462853392968683,1.0,-0.5354454714454266,-0.498125032792744,-0.5074293214062634,-0.002829847055572327,-1.052020609745341
0.6078417993588979,0.7322015359876121,0.5995601181883448,-2.567763429267198,7842.501368017682,1.025645595102215,1.0143131547242215,102465875.30003917,3415421.9557191255,344603.35758549854,532303.2185868241,2.414141077597081,0.0,-0.5077094891635735,-0.4676967814131759,-0.5171717844805838,-0.0027856096507465284,1.1123654650449666
0.6626718385670223,0.7029844124960332,0.4880163729401397,-2.578915772483696,7808.896994094635,1.04313756950025,1.086398523370538,104632537.48622498,3359370.0778680774,364414.767471181,574311.2448384813,2.197804785327187,0.0,-0.47940747504117,-0.4256887551615187,-0.5604390429345626,-0.0024511784911171357,3.18731494452906
0.6799503755153236,0.11429966953532611,0.6446158383027651,-2.6192827568483072,7849.729682866562,0.9165676318161635,1.0230531680582078,93987309.82381122,3606415.266031649,301413.9237052689,479164.6184332328,2.0331414649161585,1.0,-0.5694086804210444,-0.5208353815667671,-0.5933717070167683,-0.003354046925647599,-0.32819076873408903
0.6370314419350068,0.03955986161556077,0.4188522117544804,-2.6042848310622775,7827.09024352162,1.0389810167586049,1.0347111104279856,98118199.39443077,3366825.468557923,339283.7241734366,545578.722710373,2.2118584454901224,1.0,-0.5153089654665192,-0.454421277289627,-0.5576283109019755,-0.0028909587490383295,-0.36836106945526126
0.8088393900314265,0.20774116878429857,0.7574798738936418,-2.487476395818229,7777.76766963729,1.0338801428910596,0.9903757939536356,70540570.46420576,2975047.384248476,287255.2664996581,462797.91548167064,2.148654305462477,0.0,-0.589635333571917,-0.5372020845183294,-0.5702691389075045,-0.0033284938881047105,2.708095425927773
0.646209438896745,0.14959989364924528,0.009486666786570723,-2.3223142118998137,7824.157452395099,1.0526180134767538,1.0145273697827546,169396961.31197357,4642971.849856905,366916.2841269526,584375.0339490669,2.4961309061006163,0.0,-0.47583387981863917,-0.41562496605093313,-0.5007738187798767,1.0,90.0
0.060607693593116886,0.18387048236474343,0.015370887373688236,-2.092074583648786,7806.281969372397,1.0809259538379288,0.9257158510829906,221375883.22055185,5164971.3095951695,477812.7569760243,720138.8788948535,3.298837780227165,0.0,-0.31741034717710814,-0.2798611211051465,-0.34023244395456703,1.0,90.0
0.700958818037405,0.9775197042567318,0.7929898324413012,-2.6329702494308225,7850.279687654634,0.9500407918443078,1.013959010237275,102040559.24168871,3447545.180684252,342970.62401032035,529370.4838936684,2.281210298141734,0.0,-0.5100419656995424,-0.4706295161063316,-0.5437579403716531,-0.002902308377447687,3.908360881870397
0.7037658773508252,0.5405444741433015,0.9713117205597603,-2.2313398849281905,7860.582792228519,1.0163989610781656,1.049061859750626,106947450.88092826,5354140.380731085,201577.31353991246,316793.676544744,2.111325559455453,0.0,-0.7120324092286965,-0.6832063234552559,-0.5777348881089094,-0.003520465053191437,2.1760637046042213
0.9960898209178832,0.7724360541851482,0.5392111836212272,-2.858920922170431,7786.155810732853,0.955529114760221,1.019131871406645,90621519.5794164,2789575.7021209947,411241.87733950804,670254.4531924126,2.357577536911359,0.0,-0.4125116038007028,-0.3297455468075874,-0.5284844926177282,-0.002275045819174578,9.348676271042388
0.7450337179377333,0.8434256938555531,0.5316066001151879,-1.8885725623985377,7723.653935168208,1.109382662063526,0.9941149954994909,117174544.4451305,4646108.113361372,252466.14694391258,398933.65167307324,2.3328034965748534,0.0,-0.6393340757944106,-0.6010663483269268,-0.5334393006850293,-0.002387289679198626,5.2813414015819475
0.3465550444099611,0.7532170568919273,0.8867807202535145,-1.9248022572206298,7763.418059365323,1.0138922098735246,1.0106909774130752,112763610.13692813,4623680.310821807,228951.5280692775,336469.3757878214,2.5545407550919643,1.0,-0.6729263884724607,-0.6635306242121787,-0.4890918489816071,-0.003633413006903588,-6.595122909226479
0.8063323038989169,0.12320138689243748,0.31830209635149825,-2.120168819334222,7753.659557068043,0.9739896271512423,0.9902711341769839,139216623.1009042,5120348.217795491,269647.4315833377,450097.39960352104,1.8441609626659026,0.0,-0.6147893834523747,-0.549902600396479,-0.6311678074668194,-0.0022636566792604215,5.632672929746299
0.5893926568075349,0.982803947080201,0.0335447483964054,-2.2902975605271965,7808.074856747281,1.0068545912872229,0.9958731579415777,178046856.4670928,4407997.510922812,408440.96045865904,619573.8914098932,2.7967418004970233,0.0,-0.4165129136304871,-0.38042610859010684,-0.44065163990059536,1.0,90.0
0.19129060100734654,0.16446983124825318,0.5746013705886623,-1.9009507350976835,7763.485114353102,1.0850196440367414,0.9886036458858515,114947411.72048211,4346530.177174644,259375.03126938187,374919.36687498336,3.0820490661854554,1.0,-0.6294642410437402,-0.6250806331250167,-0.3835901867629089,-0.0037550240026544544,-16.133807200075065
0.8806115497114606,0.6328639396476226,0.5710321822600111,-3.435313791135968,7766.248088290869,1.0784291776718349,0.9566214988340838,62860715.70103687,1850705.3579433172,490427.748663467,790815.5593124983,4.580884728854029,0.0,-0.29938893048076143,-0.2091844406875017,-0.08382305422919423,-0.0025511776055044968,6.496568902220492
0.5339832040764043,0.9333234657203139,0.003467760496958278,-2.3627277616586326,7829.615444505122,1.0148696826760308,1.061265210440117,187255562.5368801,4480265.73708808,423390.4674702232,641896.7783945284,2.7332245716083934,0.0,-0.39515647504253826,-0.3581032216054716,-0.45335508567832133,1.0,90.0
0.40188822772626104,0.1274246514536777,0.0748705941459225,-2.870873318812614,7816.824281048798,1.0801188163831488,0.9997755773108247,145994311.78136677,3119054.396981896,575389.5136026877,1054008.6414152817,2.6060469515703932,0.0,-0.17801498056758894,0.05400864141528169,-0.47879060968592135,1.0,90.0
0.04533143016585019,0.7949567591189377,0.7446919876631773,-2.1525292254735966,7778.905428370672,0.9866779223628823,1.037614058638166,122000877.26917541,3556319.4726827894,392347.71993078507,532968.1968178432,3.2301474370440646,1.0,-0.4395032572417356,-0.46703180318215676,-0.35397051259118706,-0.00354785347156573,-20.702506426285144
0.8762077408976968,0.5357759182907188,0.9709590050769971,-2.1480790212182317,7842.259677157944,1.017975431863906,1.037131609794835,108117901.48867056,5908860.920753343,190017.42695745113,306213.6017178831,2.022249714567096,0.0,-0.7285465329179269,-0.693786398282117,-0.5955500570865808,-0.0033294131232612227,5.5852196221153
0.8674182695947257,0.2718395070843516,0.46655534036012214,-2.2980808456034194,7819.824930181382,0.9670141948012239,0.979874075835056,128924464.59053919,5114008.514609403,261580.36413311804,430218.5808236034,1.9559552630261665,0.0,-0.626313765524117,-0.5697814191763967,-0.6088089473947667,-0.00256370614815884,5.633541897979459
0.07460240965557693,0.012672772405006756,0.9732531792476644,-2.2482390418958405,7849.23701245383,0.9743270799548808,1.0151534401596412,92775917.00919074,3450092.3898512735,290596.276932443,403903.1926747092,3.1952686247728455,1.0,-0.5848624615250814,-0.5960968073252908,-0.3609462750454309,-0.005145285170245127,-24.120913512236683
0.2871027924463148,0.5481863464358648,0.3965427989992506,-2.4257943028772737,7845.586866378863,0.9336961943687152,0.9980683514505975,146278595.59429199,4155916.625964345,373613.5377069144,559093.9956590252,2.4311870195156127,1.0,-0.46626637470440796,-0.4409060043409748,-0.5137625960968775,-0.002628673950431254,-7.894790592125627
0.31567801599854123,0.4682513773943365,0.832043726542455,-2.8980644788250807,7787.903376416059,0.9750772612742111,1.1077162438107033,71913700.12162963,2278150.469279368,429468.9652712028,630470.8829903309,3.428914276484048,1.0,-0.38647290675542456,-0.36952911700966906,-0.3142171447031904,-0.003910326321135187,-9.635415815823173
0.292378106420384,0.49004011669522485,0.9929895567928338,-2.7480309091001267,7896.948276190232,1.0478319760039627,1.0135358306915792,78106094.27327862,2758274.843407769,348312.1899119927,510545.64939383155,2.659241091922926,1.0,-0.5024111572685819,-0.48945435060616843,-0.4681517816154148,-0.004178709797160237,-10.005431361096683
0.7823382633859844,0.4717017136845787,0.4611764540329636,-2.4668253794338852,7812.735799762926,0.9462376562768896,1.084519102476369,126253795.54418202,4395972.842837255,316858.68119024683,512232.8702762996,1.8029412273018364,0.0,-0.5473447411567902,-0.4877671297237004,-0.6394117545396327,-0.002463586406324319,4.863776909825209
0.9053887356368322,0.9926591645314706,0.20404056539363705,-2.696518023628512,7868.228997033934,1.0756109019165334,1.0673226687115493,127108693.3278317,3483697.548976395,422300.646195144,648743.2840637662,2.6008684275927463,0.0,-0.39671336257836576,-0.35125671593623375,-0.47982631448145074,1.0,90.0
0.9990997647168951,0.025893390782813608,0.34390955852282146,-3.2673734413746613,7933.0517107771875,1.033709940493743,0.9699625404544352,99877554.9874787,3119393.7071292503,423038.75565714034,725048.5093628342,1.9237170028415689,0.0,-0.3956589204897995,-0.27495149063716584,-0.6152565994316863,-0.002231214962838824,8.8538488760903
0.7757251869913181,0.46086696734158095,0.3040738312128557,-2.412223090009578,7755.055401365328,0.9563919185433283,0.9767787127419721,127277716.1264943,3817753.3142111325,376936.82477978925,626930.9026538302,1.928107767824359,0.0,-0.4615188217431582,-0.3730690973461698,-0.6143784464351282,-0.001868814472221501,7.539777529244688
0.34575565881999204,0.9089951966473152,0.8149810028314504,-2.1933726532197664,7780.152347167177,1.0089514870954208,0.9756610775353144,104434128.82764104,3625258.7149948957,322341.1882699271,471987.66621055,2.7620715588148332,1.0,-0.5395125881858184,-0.52801233378945,-0.4475856882370334,-0.003339625739021185,-5.697602602837538
0.7194566930605107,0.9754263786798935,0.4873371743105425,-2.0319351868973095,7745.662625252534,0.9634275321366308,1.0257917136514774,141986083.5256426,5032287.0991986925,271248.4976127639,428416.3567392203,2.0294274580562246,0.0,-0.6125021462674801,-0.5715836432607797,-0.5941145083887551,-0.0021555825066918045,6.105912247320568
0.999629382296449,0.7773236148883548,0.5617649385361142,-2.674503390479457,7714.353606196303,0.9256970869250416,1.0819184637234753,86846984.7577852,2732792.862753057,411419.1637562484,669240.8516786582,2.6462902021389603,0.0,-0.41225833749107366,-0.33075914832134184,-0.47074195957220794,-0.002329990416588953,9.196391737913538
0.9541603424918309,0.09482985454637147,0.18127642995659482,-2.3509504796488674,7780.2615390924875,0.9423075051807419,1.0169288835744223,191497833.9958762,6322378.0204961,326784.3583841081,593830.874446128,2.053990988247885,0.0,-0.533165202308417,-0.40616912555387197,-0.589201802350423,-0.0006118438156832585,16.386507148556166
0.33799293010731396,0.8856746271421222,0.11663875086513485,-2.7076765453828187,7833.741829369772,0.9854186502101316,0.9927843216554614,148608198.97262895,3198648.381826802,564684.5273965114,847010.6148640771,2.640751099609854,0.0,-0.1933078180049837,-0.15298938513592292,-0.4718497800780292,1.0,90.0
0.4740767017541288,0.6611805709072722,0.470685363300502,-3.3357306664943938,7858.951562673278,0.9200482931786587,0.9144643447313926,89469130.16412705,2202491.2982744663,561535.1394607596,861774.3322206136,3.421780161216716,1.0,-0.1978069436274863,-0.13822566777938639,-0.3156439677566568,-0.0026112291404209523,-1.7464139198027446
