idx,captured,t_final,h_final,V_final,gamma_min_deg,h_max_after60,sigma_engaged
0,1.0,450.39090841698055,27722.98446458449,900.6065890543695,-13.989859340365387,59785.96539410431,1.0
1,1.0,6136.58879673638,32945.01022229072,913.6996929586329,-11.828133719544754,59999.670427851255,1.0
2,1.0,9703.860813386502,29212.49676083035,903.5660839300099,-12.75665782370998,59989.93562716578,1.0
3,1.0,9284.304234651738,27842.52600997728,900.8445146502017,-12.989672455493348,59986.15715789357,1.0
4,1.0,6566.485004621303,34878.469324066304,924.2404794958563,-10.12672840259608,59973.76329767888,1.0
5,1.0,6280.335393219076,33166.377145466075,914.9130168272557,-11.065037310862953,59987.25907694368,1.0
6,1.0,7143.5842203568045,33089.43774286679,914.4914999259275,-9.855594119390124,59976.029553188644,1.0
7,1.0,750.1615009523961,31584.070107917916,908.2554073778923,-10.388373162905106,59997.248135186965,1.0
8,1.0,7111.634890755982,32393.560692312316,910.6697723400669,-10.030234484453583,59992.26238157191,1.0
9,1.0,454.19523617300194,39482.69809790311,948.8455404982251,-11.177384919960327,59965.45824521462,1.0
10,1.0,10874.204471679115,32390.296786261133,910.6518073494367,-8.741228759047319,59991.91033420853,1.0
11,1.0,937.5846738914997,32516.633977721438,911.3469129112675,-10.536600440164117,59991.60725285078,1.0
12,1.0,6288.14218092766,34450.63779798954,921.918968990783,-10.894301703058439,59976.26737172491,1.0
13,1.0,875.2221982227873,28888.993846861595,902.9242615695068,-11.971970936348416,59985.48446610291,1.0
14,1.0,7412.365752724918,31064.40959388624,907.2302512651434,-10.689486666807554,59975.860585861505,1.0
15,1.0,12311.17958650552,29114.75824565129,903.3722278850227,-12.495696658584079,59987.230177870726,1.0
16,1.0,6430.162804020364,30020.40823773144,905.1666909562715,-11.87443245360798,59998.12611966042,1.0
17,1.0,2107.8012525332397,31691.78418906734,908.4677338729363,-10.818230427274516,59980.23608749713,1.0
18,1.0,6324.735489919652,36156.85761258273,931.1409820673052,-11.23318413788106,59992.81293894228,1.0
19,1.0,6471.878583386491,34736.13084315135,923.4688010606897,-10.122627250647243,59974.28470866108,1.0
20,1.0,6040.341278674541,34501.22996939102,922.1938144404144,-10.148343039532412,59977.421972108285,1.0
21,1.0,5598.938880217319,28357.51227494937,901.8686812918212,-12.47494738803121,59991.164380225666,1.0
22,1.0,878.4551342648675,27776.81730890932,900.7137423724892,-12.280063702874667,59988.30309386964,1.0
23,1.0,995.9885070470899,34314.929202790045,921.1812962033168,-12.033390514933522,59967.56683659691,1.0
24,1.0,569.2513326348782,31762.20063657982,908.6065084100803,-9.541765331475622,59998.250596113634,1.0
25,1.0,838.0999227040772,28503.050423577875,902.1578761781072,-12.085069757064202,59987.22142067359,1.0
26,1.0,627.0190340951845,31325.997306474877,907.7464618879127,-10.028233471015003,59993.950412432496,1.0
27,1.0,601.6275151368847,38280.94200138198,942.4886870566129,-9.250408823779605,59977.74833745057,1.0
28,1.0,925.3524344286276,33886.39834327628,918.8478321442881,-11.944659518595714,59981.975101710144,1.0
29,1.0,568.219723573053,28556.461325960354,902.2639809691809,-12.242201506531362,59974.53691133322,1.0
30,1.0,5049.535032171304,33227.3411976735,915.2468668054375,-12.296115596077275,59994.85875818068,1.0
31,1.0,750.7360053485828,30553.495032419647,906.2210551779935,-11.791738595826406,59999.19065008672,1.0
32,1.0,514.132064321677,34472.47342589481,922.0376031237023,-11.041430813584563,59982.995615135886,1.0
33,1.0,732.5096330605762,37162.57417483559,936.5319996313737,-10.448187027104366,59987.06264359479,1.0
34,1.0,585.1249897461616,34577.847574152416,922.6098806791936,-9.277279153802535,59997.87881770213,1.0
35,1.0,6462.36062023663,35200.33320007064,925.982945038253,-10.362509316962774,59988.901494592414,1.0
36,1.0,1370.843691798431,33034.83774088171,914.1922466426859,-9.604201424263064,59990.94906417974,1.0
37,1.0,556.0947912413849,31295.506284586263,907.6863089626823,-10.655311670613123,59980.18998522192,1.0
38,1.0,12519.463655766656,26521.36044551561,898.2109789486876,-12.80669476736561,59984.51119121012,1.0
39,1.0,6289.938577950959,31014.91204636008,907.1325362383619,-11.453712901749782,59999.81054839526,1.0
40,1.0,699.3083815651389,29704.83798601116,904.5418790723355,-11.500950909999514,59990.01517389099,1.0
41,1.0,6360.433086870653,33343.68257944387,915.883617506457,-10.061486255570287,59982.29739317685,1.0
42,1.0,12550.97548678928,28457.030282175143,902.0664422585274,-12.149440577255751,59992.16941342105,1.0
43,1.0,5391.497727558649,29786.392514636995,904.703399856713,-11.578483887467597,59987.58112743496,1.0
44,1.0,1117.234366322322,32704.281506106967,912.378319051375,-9.845383480793522,59992.279205196544,1.0
45,1.0,6470.404956739972,32857.889838281575,913.221716365741,-12.673015961148014,59975.55444471565,1.0
46,1.0,5459.171908637439,33367.26883661987,916.012651205782,-11.003859475297585,59996.20563353684,1.0
47,1.0,621.1582183408913,35483.65572255638,927.5139065228312,-11.613585059091953,59973.06638155052,1.0
48,1.0,6679.328896067958,35701.72128943354,928.6904345131394,-10.914876846722738,59972.50058618115,1.0
49,1.0,6628.208984594152,34802.409854735175,923.8282127026512,-10.566151290869273,59977.523779417235,1.0
50,1.0,477.85114311231786,34777.95367372594,923.695611153915,-12.326451163023926,59990.73596397096,1.0
51,1.0,12508.483005900955,31281.2842253655,907.65825001383,-10.973624045357147,59985.85334572144,1.0
52,1.0,1319.5747093791492,34747.12758469872,923.5284433592605,-9.535426854035906,59988.47122998869,1.0
53,1.0,508.1216917255725,34390.272610270986,921.5909180148734,-11.433085639989011,59989.69251014392,1.0
54,1.0,487.9547441861167,31470.18988738337,908.0308643774782,-12.905500092117805,59987.2275536653,1.0
55,1.0,700.3403149782903,32250.139599925154,909.8800108145914,-11.036677644074574,59987.07312799796,1.0
56,1.0,753.6736796943355,30552.467712794543,906.2190246456544,-11.146155983132303,59975.031717933365,1.0
57,1.0,458.8412418258588,29783.46686866226,904.6976061116909,-12.8262764162013,59970.290561419744,1.0
58,1.0,1082.6759423083138,29377.038350678864,903.8923308914669,-11.411594773451649,59977.024483182126,1.0
59,1.0,2227.827089155046,27945.894338263875,901.0501925829768,-12.485874569427393,59992.29720707013,1.0
60,1.0,4560.420537647644,39335.63058056543,948.0700235578306,-9.727200964317062,59978.08101776771,1.0
61,1.0,5035.994510586692,38875.929011310305,945.6415919798329,-10.316145151059308,59992.278647107545,1.0
62,1.0,6600.151324347484,30104.15146495988,905.3324152181001,-11.197485670357322,59993.83565917164,1.0
63,1.0,942.3029000046009,30661.99204672346,906.4354739497271,-10.481229129890405,59974.44605294359,1.0
64,1.0,1133.9859145756295,30588.732228572208,906.2906995505017,-10.49113982905444,59980.909111952846,1.0
65,1.0,5437.379166393118,32595.393867876064,911.7799667369258,-12.111331728265972,59992.610778590424,1.0
66,1.0,722.3243501745629,34785.05163352122,923.734098396285,-9.801426312965724,59970.84345946799,1.0
67,1.0,642.3032952436151,35472.11111139476,927.4515761061921,-10.61175874530434,59987.7944408415,1.0
68,1.0,637.4442006298013,34202.21574530998,920.5681451542038,-9.67493988940574,59995.266394968094,1.0
69,1.0,6111.890873336268,35123.17111277724,925.5655297123611,-10.561418032090883,59974.04826126587,1.0
70,1.0,805.2351988705526,27250.55351201766,899.6655985973305,-12.910541126066901,59980.127584303744,1.0
71,1.0,492.56776665492333,34927.66458094577,924.5070304821116,-10.281481102308337,59980.4507392098,1.0
72,1.0,781.8057262868979,32238.59359166704,909.8164002918102,-9.885450045280002,59972.46565190728,1.0
73,1.0,7230.598909872198,34934.2480967717,924.542695312792,-9.755099886237131,59979.33788144113,1.0
74,1.0,577.0352853948915,30098.698422833633,905.3216249368259,-10.890291648195307,59998.545377052535,1.0
75,1.0,1408.161369236299,33119.04678004007,914.6537389186244,-9.789550987444578,59977.409811901285,1.0
76,1.0,5971.910696447911,37034.06643345499,935.84497486719,-11.005764266530017,59989.80665810244,1.0
77,1.0,5603.459293800046,32231.63374868143,909.7780541092965,-11.054424586082405,59993.979810840014,1.0
78,1.0,6154.672455435468,34108.578793720204,920.0584413809073,-10.11231552547749,59989.28168446388,1.0
79,1.0,773.0831374436468,26438.41486213518,898.0453458978582,-13.675892137587807,59976.46539815185,1.0
80,1.0,12630.540173572606,27926.34998462928,901.0113081636963,-12.734310781875921,59994.26742048748,1.0
81,1.0,492.6569488356645,32738.40212264733,912.5657315335476,-12.028872322758923,59977.531476589575,1.0
82,1.0,672.5681710651686,35353.75710371498,926.8123171740784,-10.354620306215658,59968.84134936926,1.0
83,1.0,811.4805644520194,36864.44243454632,934.9373201067342,-12.732405764728687,59962.24034972559,1.0
84,1.0,5905.9850543442935,33105.33218566428,914.5785952897284,-12.230264175913247,59994.81627702664,1.0
85,1.0,7346.807784028183,29376.438508645213,903.8911417913084,-12.127111397210548,59994.95228933681,1.0
86,1.0,624.9685399914581,34524.381366791895,922.319557232882,-9.630008828895502,59989.5249692222,1.0
87,1.0,5901.028159264723,35976.40029558346,930.1701769169426,-12.06849691653262,59994.81241697294,1.0
88,1.0,6277.6037359380525,36859.090141771034,934.9086649654404,-10.079870091254344,59997.71801905997,1.0
89,1.0,1089.132377384013,26909.168051572837,898.9849254130232,-13.229803106416224,59980.135211294124,1.0
90,1.0,6236.689347378181,29889.59490033507,904.9077475272884,-11.545405065928831,59984.11482796329,1.0
91,1.0,1149.3908387441766,27512.8071776598,900.1880954852992,-12.782361432223645,59982.855519159304,1.0
92,1.0,689.8269262675747,26504.484715398885,898.1772828273616,-13.661488347152812,59992.928069578666,1.0
93,1.0,436.20745973870356,27607.41347062592,900.3764978668645,-13.434860187190504,59236.10859159717,1.0
94,1.0,1056.8220959393557,30358.896163354024,905.8363309739736,-11.667447321621,59991.11657049723,1.0
95,1.0,779.3731950732991,33922.09344288754,919.042439578513,-9.891227246210955,59991.09406790876,1.0
96,1.0,1401.73605941136,28078.249671200414,901.3134693906579,-12.393031479829284,59986.535003978664,1.0
97,1.0,979.2549188986654,29423.68911299122,903.9848038113018,-11.60505146401277,59980.009258844126,1.0
98,1.0,5917.485891247687,33511.65094444299,916.8021080343678,-11.143978948248035,59985.8215782518,1.0
99,1.0,525.387383119951,34528.102866634326,922.3397682284166,-10.310783034393635,59983.7557800253,1.0
100,1.0,7310.004385881399,29255.02868359907,903.6504275483773,-11.888624154802772,59987.08943978446,1.0
101,1.0,6329.978441099118,33683.30462335532,917.7397512015208,-10.100583402149809,59994.950072022024,1.0
102,1.0,8034.576122514554,27663.977902119797,900.4891208184708,-13.029439149035273,59991.492161858085,1.0
103,1.0,514.8467985835964,31565.885951873563,908.219557081573,-11.033040645415861,59995.52785809763,1.0
104,1.0,677.5757982692572,34714.14551259679,923.3495485141715,-9.422276983949295,59998.22967749187,1.0
105,1.0,1024.9680173062195,32588.92502884899,911.7444065913674,-9.14956014212926,59986.02090712487,1.0
106,1.0,794.0611731659856,31168.5434320256,907.4357866135168,-12.020807662536798,59958.33112368356,1.0
107,1.0,533.5285763193632,37353.382051550805,937.5511121955733,-10.270912937053122,59984.196563188525,1.0
108,1.0,5992.269337014682,31804.44329106998,908.6897472768524,-12.054584898878298,59969.82320257858,1.0
109,1.0,668.2418603869081,30081.32334587952,905.2872427863258,-11.53529113253132,59989.01887348183,1.0
110,1.0,747.3012295305758,33590.98090682479,917.2355663840178,-10.116208704355474,59981.03425997567,1.0
111,1.0,963.6499064883208,36335.56321971272,932.1013131874606,-10.56221187528431,59977.9622265578,1.0
112,1.0,4918.132824492346,33508.08101799591,916.7825969097919,-12.88535216751498,59987.79420513886,1.0
113,1.0,4813.551439389636,27663.238204412202,900.4876481426688,-12.971407899409117,59987.63928675867,1.0
114,1.0,789.6822904989072,34819.749353083855,923.9222154141486,-9.154809816926559,59989.946273656096,1.0
115,1.0,461.8983568714826,26009.88980596239,897.1890735884612,-14.010481250115637,59627.82725268151,1.0
116,1.0,5947.469517012561,34421.831498849504,921.7624382301967,-9.838578312501975,59980.055096894335,1.0
117,1.0,11413.333824453764,27448.1673967647,900.0593436064636,-13.305326010240655,59996.71852230128,1.0
118,1.0,745.8737396809204,36268.01003308943,931.7384174377042,-10.849378405427831,59999.99318702601,1.0
119,1.0,6409.7755536902605,32620.33982579449,911.9170846240263,-10.7164724242931,59999.67962057542,1.0
120,1.0,961.2428569525291,28352.609914844248,901.8589381017262,-12.280802803291738,59995.96860754497,1.0
121,1.0,1044.0952052274852,31800.69298082396,908.6823576686646,-8.76728647232707,59983.1050564022,1.0
122,1.0,1110.8523185090853,35875.365837858066,929.6261757854068,-10.378971190616237,59985.30759787843,1.0
123,1.0,685.3378657356301,34927.206592947965,924.5045493732629,-10.922072955844907,59984.78368661934,1.0
124,1.0,4271.313482585568,32013.14512754319,909.1008648539851,-9.99337971615165,59994.51854083091,1.0
125,1.0,902.4935211118087,30503.93286376801,906.1230879283128,-11.113007722930735,59998.11270720837,1.0
126,1.0,6335.85323055218,34064.79027180305,919.8199807045477,-10.82452780787837,59984.91299057476,1.0
127,1.0,978.1705494972192,30645.394115950618,906.4026758105178,-11.811953357633202,59998.256156137664,1.0
128,1.0,8883.01046201846,28175.436532097552,901.5067343440345,-12.496938065600062,59985.19475701284,1.0
129,1.0,6104.956124575112,34729.899272206516,923.4350015011509,-9.379174006646169,59982.01204391059,1.0
130,1.0,824.6655031580266,32403.974890892052,910.7270910383818,-10.46340145241554,59984.67419315573,1.0
131,1.0,6020.954355916534,34788.19817333395,923.7511593276789,-10.433656041651238,59978.754990962465,1.0
132,1.0,5591.347294543881,31753.79132075182,908.5899368682354,-11.449683211450115,59977.12589840464,1.0
133,1.0,6741.323542361003,28486.73713713,902.1254657607907,-12.449926280830612,59998.84180636637,1.0
134,1.0,6963.730639837989,31812.275850135426,908.7051803229258,-11.4169155950957,59994.896931229254,1.0
135,1.0,664.5648342537928,31886.501724845955,908.851417935388,-12.067960705818724,59964.74134214155,1.0
136,1.0,645.2480133874697,30101.959747688747,905.3280783454125,-12.458424722916542,59987.867776113504,1.0
137,1.0,549.577026155319,37995.56506903519,940.9724841449753,-9.306406624853212,59983.185803425935,1.0
138,1.0,589.028845721056,29778.627074061675,904.6880216272504,-10.64208933014863,59998.18777463369,1.0
139,1.0,650.5669854977866,36194.29817429429,931.3422672166419,-11.67328249134962,59957.02610559159,1.0
140,1.0,576.7754513449074,29722.288047257225,904.5764421274691,-11.719489612234856,59996.8772504297,1.0
141,1.0,606.329747178881,32295.384987475256,910.129236556261,-11.050788270490916,59970.78886740038,1.0
142,1.0,917.69977016112,32743.998443304394,912.5964662791608,-10.307307471243938,59987.48125311851,1.0
143,1.0,6749.979337120819,34976.60291865829,924.7721091248411,-10.758321940999531,59978.23155600692,1.0
144,1.0,812.0128678589673,32291.700747669034,910.1089452958435,-10.846345039028055,59981.579740859816,1.0
145,1.0,513.8981901510199,37352.30335280652,937.5453541065484,-9.549807336107328,59993.19738218629,1.0
146,1.0,561.035206222431,34452.87181324382,921.9311072532611,-11.370272869944158,59995.960415640046,1.0
147,1.0,621.5938031222761,33779.99603188387,918.2674758345843,-10.91896973161203,59982.68606184811,1.0
148,1.0,6194.967331311304,38554.552791506525,943.9399630373911,-9.636443558040394,59976.62770444561,1.0
149,1.0,3300.2448812332013,35004.850005211716,924.9250754298054,-10.50420941959515,59981.21458031141,1.0
150,1.0,11974.433377219868,27772.397626113845,900.7049456209774,-13.14834472383801,59985.67724001742,1.0
151,1.0,5468.166591718174,33984.608392130925,919.3831626616247,-9.277615748169985,59980.55419146785,1.0
152,1.0,408.8234295508216,37511.38519301219,938.3941296700126,-12.40259960586662,59967.601366760384,1.0
153,1.0,1065.6659550656384,37552.12634217289,938.6113723955626,-10.939175007317397,59975.22086447335,1.0
154,1.0,523.1745141204099,28101.045478028253,901.3588051836739,-12.841607673649351,59992.553011036805,1.0
155,1.0,507.8606640395155,33595.2949144996,917.2591319104131,-11.676202419805275,59983.60007656253,1.0
156,1.0,6896.781618932067,31842.995094048896,908.76570573075,-11.491717278788942,59984.197638527934,1.0
157,1.0,500.2217263710209,35545.52961365531,927.8478941530752,-10.406384584655193,59976.55719998284,1.0
158,1.0,612.4109320798779,34002.87164490475,919.4826771532958,-8.83107613985292,59994.4313440817,1.0
159,1.0,1512.860580073313,32033.17506424742,909.1403102363644,-10.159597915330664,59981.919921369874,1.0
160,1.0,524.2541001280022,34347.731438329414,921.3596566928204,-10.78663023608291,59982.35637860407,1.0
161,1.0,767.0342652810476,35192.2759495438,925.9393678787596,-11.615621211804655,59974.798972049764,1.0
162,1.0,6665.094302167902,35106.72946759847,925.4765615035049,-9.341653129378672,59995.005709883626,1.0
163,1.0,653.7218367207884,35367.69597356465,926.8876285527624,-10.048323348204349,59986.25787456068,1.0
164,1.0,814.8145982897985,37766.996474096166,939.7562409109414,-10.509812249450086,59992.22254181641,1.0
165,1.0,417.31377865159766,34203.57483484987,920.5755410401382,-12.752045686568845,59989.06512892232,1.0
166,1.0,3848.449328164048,32810.88543844415,912.9637224489329,-9.853981889133768,59986.87745023281,1.0
167,1.0,6254.739311547596,32939.20997299328,913.6678786908218,-11.582215570466861,59999.90682019732,1.0
168,1.0,11732.578629277155,31227.68604345717,907.5524963072586,-10.43320646223843,59993.85769311962,1.0
169,1.0,5079.094444464276,38566.448649736616,944.003007172469,-10.978354069581531,59988.02738069034,1.0
170,1.0,544.3234346967232,27932.113443967828,901.0227750388418,-13.17924798242809,59976.112253298306,1.0
171,1.0,582.7572770718249,34401.164913876055,921.6501206746287,-11.030421389139835,59993.894308575,1.0
172,1.0,573.9543397635358,30580.968003710346,906.275354514489,-11.395890018017301,59987.84457328898,1.0
173,1.0,6444.958387726274,32147.18646826478,909.3647980337212,-10.130139632635277,59980.06320204614,1.0
174,1.0,5211.020669829741,31890.570382842747,908.8594331059867,-9.491525178956385,59978.55969565742,1.0
175,1.0,12369.833818102177,28396.010324029565,901.9451900177411,-13.018324229063648,59993.426034081946,1.0
176,1.0,1003.2557136665852,30084.33281657023,905.2931980941374,-10.5434197732577,59976.34336670818,1.0
177,1.0,632.0419653213086,29960.39803999029,905.0479120058037,-10.693421038695954,59984.15573591502,1.0
178,1.0,5886.610307030275,35286.31997961813,926.447864914218,-9.764459694608695,59987.37160793264,1.0
179,1.0,575.4489974322971,29600.160288748873,904.3345139488486,-11.545758802688226,59980.998330518734,1.0
180,1.0,829.2315024678642,28948.32232521296,903.04200693794,-12.360232904312545,59978.95453687462,1.0
181,1.0,396.1120228853824,31258.719416794665,907.6137294728032,-12.91220899661066,59983.83893388341,1.0
182,1.0,5996.525648544736,33713.06988174938,917.9022387506117,-10.580730019341686,59985.04031794582,1.0
183,1.0,923.9629963287965,33140.38456036584,914.7706378287985,-9.892231608810102,59978.78046264205,1.0
184,1.0,872.7197917439864,30833.183428201213,906.7736754382536,-10.552545198565243,59979.80962859283,1.0
185,1.0,3009.122564633946,28731.328818744303,902.6112687681824,-12.50324265411918,59979.32405703334,1.0
186,1.0,790.9072886087322,37116.70686103174,936.2868460086421,-9.976309120122101,59997.67545091265,1.0
187,1.0,6223.677982424833,34215.21842024737,920.6389004748729,-10.811440478542595,59995.65800768907,1.0
188,1.0,5734.527775880108,35200.14584941921,925.981931787962,-11.422575091823855,59979.43363154858,1.0
189,1.0,11235.382356631408,28454.71246071288,902.0618368752783,-11.817083257887017,59975.1571239203,1.0
190,1.0,563.086162397005,34319.90137601508,921.2083344809572,-9.906284130038612,59990.37589641901,1.0
191,1.0,496.44744905043177,35079.40661273357,925.3286935048441,-11.231659051744147,59986.95939316037,1.0
192,1.0,12316.853141699472,29577.669436643442,904.289952777177,-11.633166705557842,59999.13314605879,1.0
193,1.0,6307.272708852735,31216.931764551442,907.5312755151886,-10.31312154320122,59989.72015644761,1.0
194,1.0,6631.86247544498,30858.77197726454,906.8242151545456,-10.68958269557161,59994.54989673916,1.0
195,1.0,6558.072147681371,33144.76094399568,914.7946118794601,-10.29161682308042,59977.20815370932,1.0
196,1.0,6013.094043354667,33371.79157547787,916.0373916370919,-11.034399925967383,59972.844498152495,1.0
197,1.0,6442.757986124616,35125.13918673935,925.5761786520833,-9.926754442168225,59980.64631778479,1.0
198,1.0,992.8843992032735,30483.086816622974,906.0818788909186,-11.14884469194817,59979.948838301105,1.0
199,1.0,5005.752472660246,32711.74105572266,912.4192951787936,-9.575645412379506,59996.58605327785,1.0
200,1.0,12352.465174548775,30006.127372097704,905.1384262722947,-10.62579998059869,59987.97953412366,1.0
201,1.0,6298.0244360617335,33384.101078938875,916.1047239168697,-11.742453135043876,59963.28663686508,1.0
202,1.0,737.6095182592418,31386.354175344153,907.865520942066,-11.661898375211775,59991.14247419235,1.0
203,1.0,482.53507672873985,33198.54168609615,915.0891715369204,-12.205172450887925,59993.28779552736,1.0
204,1.0,1250.9263511453362,30190.6907433569,905.5036363142792,-11.658954962183945,59983.72984393735,1.0
205,1.0,470.42680636465667,34764.09635127865,923.6204677750482,-11.799028940531352,59989.352735141074,1.0
206,1.0,913.4897785947792,35993.44667946596,930.2619269220777,-10.424411789630252,59978.968191649066,1.0
207,1.0,4966.598027421253,34532.61202235273,922.3642562586018,-10.482643983775123,59980.3257536391,1.0
208,1.0,472.23870213700087,32792.611053646935,912.8633987865129,-11.285989480035024,59986.63404797586,1.0
209,1.0,663.4644627660439,36675.95799622378,933.9276522190809,-10.653017933343186,59988.79972391947,1.0
210,1.0,1006.6183065565888,32969.96104461021,913.836534502359,-10.729305208329622,59985.05024565364,1.0
211,1.0,868.206440288676,34164.085133183435,920.3606206933274,-10.674020887379017,59990.827973217594,1.0
212,1.0,5596.970991483218,36747.3362832979,934.3101446895972,-9.83735828192962,59993.93380806776,1.0
213,1.0,732.7413498452329,28198.354295940375,901.552301517686,-12.476731919869687,59998.02033263148,1.0
214,1.0,739.1205009783414,28175.232642355066,901.5063289401821,-11.41649402072357,59991.80709727028,1.0
215,1.0,2240.720009345407,35993.029641712725,930.2596823829433,-10.055896561344056,59994.36048098921,1.0
216,1.0,1627.894844858234,30304.407619537076,905.7285730080262,-11.72622663664049,59974.76353150996,1.0
217,1.0,6814.8154248592355,33042.12194683237,914.2321760890826,-9.696967508289964,59994.55739296839,1.0
218,1.0,6924.038808161678,33460.47408116696,916.522363522597,-10.195366939884822,59976.09894340303,1.0
219,1.0,801.0078783046562,33265.043938124814,915.4532695919007,-10.942416155392767,59978.1995441947,1.0
220,1.0,11842.900745375433,30491.229308094385,906.0979754463102,-11.77952617214358,59986.78913176474,1.0
221,1.0,3410.8930718633205,31625.744665055958,908.3375631934945,-11.087496546942045,59986.581651619876,1.0
222,1.0,1133.9691218442435,32824.84897333194,913.0403723683723,-9.48640473328415,59979.27025780534,1.0
223,1.0,12394.920381894715,29473.22628884745,904.0829864569738,-11.184625124581714,59998.199231176884,1.0
224,1.0,8994.528087126624,29267.185588418062,903.6745338423506,-11.792682260557516,59992.26341009937,1.0
225,1.0,1160.6379922568765,33004.395074167194,914.0253508231151,-12.658646494773112,59988.80359552275,1.0
226,1.0,6160.671803799671,31114.645335827878,907.3294112819805,-11.279509252689142,59979.328436153555,1.0
227,1.0,931.3563677231961,28047.81880846637,901.2529451097218,-12.182381239819327,59988.48457824073,1.0
228,1.0,6238.743917035432,33426.6334181764,916.3373333021558,-12.006194437641698,59979.300949558055,1.0
229,1.0,6716.272917757337,34187.35202912548,920.4872557816755,-8.823754476248789,59985.476226328115,1.0
230,1.0,6050.02169808006,28702.08492612259,902.5532008666935,-12.535560267864906,59987.66918778647,1.0
231,1.0,711.5900505863858,27702.751229183406,900.566311395778,-13.010702676146884,59994.98442432278,1.0
232,1.0,583.677877140003,34699.867381364886,923.2720925694307,-9.43297741483298,59994.89534885808,1.0
233,1.0,6523.668239811365,26975.875507350665,899.1179766543581,-13.075512458166418,59996.50386289323,1.0
234,1.0,11561.23522968754,31579.28591175459,908.245975430901,-9.89263310869277,59994.829936634196,1.0
235,1.0,6839.639658097492,33021.604280820415,914.1197007891858,-10.102976615279216,59977.045240476415,1.0
236,1.0,6433.719728914801,33901.058287057254,918.9277624845894,-10.865528399880303,59971.86682312639,1.0
237,1.0,6545.984601154085,33842.24829398698,918.607068816208,-10.347471967433089,59995.603511946276,1.0
238,1.0,464.21940256709445,33069.6758721464,914.3832003878633,-11.228871852057893,59986.975943623,1.0
239,1.0,7176.30370823549,30401.56920789562,905.9207120668459,-12.090614804771828,59979.20620752318,1.0
240,1.0,5721.149079011605,33829.749581646414,918.5388975606772,-12.271358410266101,59986.862712678776,1.0
241,1.0,1096.7240986626655,30455.64105602076,906.0276200904724,-10.445794313451534,59997.85758790841,1.0
242,1.0,822.4255454856838,32608.904249481664,911.8542305575727,-11.317031308698303,59969.646240794056,1.0
243,1.0,843.1738348868267,30067.18830443446,905.2592709817364,-12.327699646503568,59983.28989049801,1.0
244,1.0,5762.88923021076,32703.682392778454,912.3750279719002,-10.34214610850822,59998.751091651604,1.0
245,1.0,991.9288158105146,32642.34487908897,912.03801954139,-9.039439445569487,59979.74472276799,1.0
246,1.0,420.5087178188113,34587.75898098278,922.6636894074293,-12.564997394595677,59975.33301789303,1.0
247,1.0,885.9839488268121,34392.2170490319,921.6014868668934,-10.112656879874761,59981.895413713435,1.0
248,1.0,6808.779679615406,34705.571543255624,923.3030373031944,-8.934687516126518,59987.62092243274,1.0
249,1.0,5100.204681583039,31657.796983372344,908.4007442681598,-11.83556754715785,59984.55072311728,1.0
250,1.0,937.0036137318571,31303.14737490388,907.7013837933515,-10.224339080139673,59979.6328176329,1.0
251,1.0,6013.850168083925,36133.72368681708,931.0165882544927,-9.533839442962805,59991.20561358936,1.0
252,1.0,3312.0059298922956,39169.37660765693,947.1925249142997,-9.602098120077383,59998.44328596149,1.0
253,1.0,901.6970551763671,34628.566917556986,922.8851996542733,-9.723706606373115,59994.65057894971,1.0
254,1.0,6213.190810699644,32630.508041876514,911.9729689925502,-10.531865060422655,59969.935477001876,1.0
255,1.0,5754.541403891484,34967.87912466463,924.7248618199814,-10.614951692150767,59992.85198293101,1.0
256,1.0,6167.343820379397,34662.37447936718,923.0686686471252,-11.101143095375544,59974.82194206781,1.0
257,1.0,1016.158752059302,33294.29960612957,915.6133953369406,-10.67934516915258,59981.49176907827,1.0
258,1.0,1299.544908493394,27181.250438357405,899.5274658569783,-12.702863374722655,59998.67936840296,1.0
259,1.0,12301.424971408687,30299.274068517563,905.7184200079902,-12.379439882986393,59987.905777831285,1.0
260,1.0,11911.301595906898,26385.245979518353,897.9391552536754,-13.259787454492427,59994.503842939244,1.0
261,1.0,6619.64817010031,31322.297145713896,907.7391624250936,-12.392353847295695,59954.348189585864,1.0
262,1.0,12490.42078147155,27712.200455158923,900.5851219255552,-13.090337496829397,59987.51155326521,1.0
263,1.0,579.6831825761658,32970.37748361328,913.83881825843,-11.18202813387083,59997.43009225645,1.0
264,1.0,706.6735104350146,27477.128278597494,900.117031549294,-12.326130777005803,59999.58762065462,1.0
265,1.0,1821.3959114728987,29718.929594610476,904.5697902117295,-10.907710450693736,59984.55877592771,1.0
266,1.0,859.6229480986547,28498.45604596639,902.1487484342023,-12.550534832053803,59985.61918131489,1.0
267,1.0,753.6950811126375,36164.11666403357,931.1800112215229,-10.295418834882568,59988.12862109104,1.0
268,1.0,6314.6454601451005,36438.34993358756,932.6531978825778,-10.861302120587885,59990.80267399145,1.0
269,1.0,11042.409995007658,27203.2475270105,899.5713123955788,-12.922305026389326,59998.45922016317,1.0
270,1.0,713.1863633153682,36054.26483261596,930.5891952423142,-10.72811030862933,59989.74710361783,1.0
271,1.0,712.6563339287407,30676.89722222119,906.4649259838615,-9.917782391879907,59988.61220339244,1.0
272,1.0,11700.187262215994,29176.0381026354,903.4937768353776,-12.22991765446764,59999.6341720388,1.0
273,1.0,1064.1317287037189,35469.49861700688,927.4374703964147,-10.213105886716217,59996.141071875565,1.0
274,1.0,6355.327857554765,32359.170098945073,910.4804630227729,-12.42420786460586,59995.901293242736,1.0
275,1.0,4148.603062649936,33883.958972776374,918.8345312660016,-12.443635004397867,59967.622673113365,1.0
276,1.0,6793.273119249867,28667.796106911726,902.4851101109531,-12.137256671616006,59987.59501569707,1.0
277,1.0,6528.629546956195,34470.46675962625,922.0267014694142,-10.510052630521649,59981.33124281376,1.0
278,1.0,798.2069255849852,29915.80379851655,904.9596345113296,-11.934044975675763,59990.07868754926,1.0
279,1.0,6223.636389357581,36583.35851931347,933.43119616495,-12.433741657502324,59996.49307805123,1.0
280,1.0,562.5405262000925,35921.17783369949,929.8728834721204,-10.935596068709003,59983.632756482075,1.0
281,1.0,1135.987850168755,35534.383493189394,927.7877381258382,-9.711580946003298,59992.32131160295,1.0
282,1.0,741.9585674448156,32388.302301624517,910.640829246481,-12.363039774209323,59991.66156041722,1.0
283,1.0,757.2298020577304,31692.843130112004,908.4698209805584,-10.523173204528739,59974.233443617006,1.0
284,1.0,663.3151422511418,33992.17995619461,919.4244206724709,-9.16347197001011,59986.384907827836,1.0
285,1.0,1744.2415576360565,34833.499380777226,923.9967513487088,-9.314068380550278,59995.64369782649,1.0
286,1.0,6433.82486089254,35254.903747438395,926.2780297388874,-10.229557905414996,59974.78236771019,1.0
287,1.0,11889.96717501609,31519.634698946855,908.1283648469654,-10.325221260037504,59976.447547871765,1.0
288,1.0,1934.1986713559638,37054.96030226987,935.9567133400105,-10.214751553037534,59974.663079417754,1.0
289,1.0,756.2040432684025,32369.69951694035,910.5384285288326,-10.502773527797867,59968.768476379664,1.0
290,1.0,745.1705216364678,38641.25980161928,944.399379836201,-9.675051553053198,59989.07241207363,1.0
291,1.0,709.803919897146,35481.41091006801,927.5017869195921,-10.234542798896905,59992.363150265395,1.0
292,1.0,827.4967341759607,29928.90661936369,904.9855735047739,-11.832398121703292,59989.876523993196,1.0
293,1.0,5438.864852980284,33662.61641963916,917.6267971494045,-9.155084244005183,59995.99048525775,1.0
294,1.0,634.3798306685302,30938.27182147771,906.9812140423538,-10.52368585598752,59994.10215981587,1.0
295,1.0,615.7375389521031,36366.324570812714,932.2665138309458,-10.291517265681021,59975.11050531311,1.0
296,1.0,6824.9624081046295,29895.015108282245,904.9184784459304,-12.007928923089437,59998.28856922281,1.0
297,1.0,485.8942482052029,38977.34373656969,946.1778939355025,-10.970915737546578,59992.60732575802,1.0
298,1.0,681.252542869575,31564.889548273997,908.2175926123334,-10.235973452758255,59990.29246000844,1.0
299,1.0,673.8186728223526,36966.05992892165,935.4811849103866,-10.734435669753314,59978.562763188354,1.0
300,1.0,11715.297196408974,28539.069522502523,902.2294324031797,-12.27200980908269,59989.983292877485,1.0
301,1.0,1981.40410317979,36881.47056491191,935.0284792660221,-8.825854714184599,59993.68161614357,1.0
302,1.0,833.5999187948336,30394.20890855261,905.9061585532697,-10.498277201152396,59975.46839317094,1.0
303,1.0,6377.42755215168,30409.33212532915,905.9360613871353,-12.10726620133959,59963.92132948105,1.0
304,1.0,758.2342221501534,28202.310715127744,901.5601677624066,-12.48928803259583,59976.786608128255,1.0
305,1.0,481.19239225449326,32888.34702707613,913.3888463665809,-11.093613208291195,59981.83999615974,1.0
306,1.0,4920.841103961496,35649.66753553774,928.4097319361397,-9.81863288678637,59995.285532944145,1.0
307,1.0,602.9848923996628,31677.38815235627,908.4393596263309,-9.642749012156383,59996.68951431469,1.0
308,1.0,5296.238627945928,31637.336236304385,908.3604129145565,-11.828991018047846,59985.49376643583,1.0
309,1.0,767.2841080377852,36798.11176196996,934.5821330894948,-10.378974821304977,59989.165806109406,1.0
310,1.0,453.22910912309976,33621.168736183114,917.4004558473154,-12.632442447981523,59988.850668174164,1.0
311,1.0,933.1596346189427,30667.408147029055,906.446176075165,-9.955554414138751,59989.957475923664,1.0
312,1.0,5541.739929236665,32064.508778106356,909.202012460089,-11.716581905229342,59993.61419922897,1.0
313,1.0,1019.9311011231672,34265.311691902076,920.9114343815393,-9.834267074791528,59983.647494366814,1.0
314,1.0,660.1635608849119,30716.02573265655,906.5422371577187,-11.218265220929311,59994.85940821547,1.0
315,1.0,3666.0527904227256,39061.72390927308,946.623869145408,-10.756768160084947,59999.95136178376,1.0
316,1.0,647.7865891579548,31632.246081718982,908.3503791002393,-10.09501069434488,59987.81423129913,1.0
317,1.0,484.2982006760264,31487.299491142043,908.0646042453999,-12.46536710733257,59988.18316341381,1.0
318,1.0,753.2912244086076,29182.498453330783,903.5065898895737,-12.533011835316037,59975.14650460572,1.0
319,1.0,1036.477461120038,32574.432534279476,911.664733952505,-10.115203994647736,59998.267617431185,1.0
320,1.0,3353.3690195778236,29788.88279099544,904.7083313927424,-12.298705641479351,59983.34482070628,1.0
321,1.0,6858.132688553222,34070.11862866834,919.8490010009134,-9.453435021538912,59984.580683210144,1.0
322,1.0,6184.261239551652,32381.67818939632,910.6043676077002,-9.862673027091594,59994.7300338017,1.0
323,1.0,531.2705933860426,32102.846103581112,909.2774996491664,-11.962881510550556,59990.97798014852,1.0
324,1.0,765.0976815429206,32836.72169683899,913.105539888972,-10.229663024908708,59996.88426179096,1.0
325,1.0,779.3343743452316,31434.69398732375,907.9608624489694,-11.066918108704263,59967.64494351056,1.0
326,1.0,601.6054511841288,36796.59350440297,934.5740014680351,-10.815681004376613,59988.80142367154,1.0
327,1.0,5863.522884459485,36524.41911054119,933.1150576752497,-9.894231796452567,59986.38476068869,1.0
328,1.0,1193.1755945622326,30221.642703799007,905.564866902367,-11.248872434256814,59988.37878753882,1.0
329,1.0,5716.669288849075,32380.52133734838,910.5979996955243,-11.42777950171472,59976.53320332477,1.0
330,1.0,945.7503219512379,28308.488461781093,901.7712435587241,-12.774089959595138,59980.627342026535,1.0
331,1.0,6408.400245623296,32638.00650020732,912.0141781033999,-11.540317764821726,59995.82166396605,1.0
332,1.0,9669.328593179358,29922.825067491325,904.9735342690125,-10.991514587338555,59980.84289888298,1.0
333,1.0,745.2344413858038,27325.503787851332,899.8149599241024,-13.197637889004799,59992.92636564271,1.0
334,1.0,1843.0660288948611,28720.220297322954,902.5892117241283,-11.261399066446922,59986.33788140862,1.0
335,1.0,722.3094542853859,32182.595073968543,909.5078207990919,-11.143636564212809,59972.20693012411,1.0
336,1.0,564.7182811849863,34541.73937066201,922.413822373773,-11.48043262557485,59989.57978931364,1.0
337,1.0,604.6378960896225,32545.079266954082,911.5033416172834,-11.36321350533623,59993.59531616674,1.0
338,1.0,6510.086133454801,31921.057589274475,908.919489686912,-10.881623561220227,59979.4585386591,1.0
339,1.0,658.3624259432801,30677.918772113113,906.4669444857573,-11.319570883154395,59988.51343765823,1.0
340,1.0,636.8039747159204,28570.237854123767,902.291346770572,-11.644225608167377,59979.26262195624,1.0
341,1.0,6301.74348103738,33988.31207788196,919.4033445618938,-10.644659660940663,59992.90141813653,1.0
342,1.0,4782.85430974191,27784.277821768243,900.7285912422276,-12.779422880940086,59997.44231988868,1.0
343,1.0,443.405069932601,32919.87765080934,913.561832818175,-11.306530282678679,59955.42673983645,1.0
344,1.0,586.6699684472869,33999.789348187565,919.4658828467922,-12.299932470115163,59962.71953896587,1.0
345,1.0,5333.752295363633,27875.19605328208,900.909525917199,-12.77626641615033,59989.25729950418,1.0
346,1.0,6549.8737250532595,28139.934129686673,901.4361400583578,-12.930135233363735,59992.23353132215,1.0
347,1.0,5904.784664339838,37359.69113201177,937.5847892914024,-9.76979278574146,59998.69969401366,1.0
348,1.0,1622.467440253269,28003.071737383354,901.1639387315914,-12.508782243485244,59977.58203116284,1.0
349,1.0,6079.335770305371,32805.442318061396,912.9338417381066,-11.695535507382086,59985.07948977668,1.0
350,1.0,415.41719406343225,35143.47208084115,925.6753688678632,-10.307624304324705,59947.72559880419,1.0
351,1.0,1248.8891543040695,29630.88328624973,904.3953814318546,-10.466145221027533,59986.77152155947,1.0
352,1.0,6497.362959375579,33991.75797277549,919.4221213049955,-9.893466123982513,59992.69212700564,1.0
353,1.0,12127.371859134353,28500.693892324,902.1531944224671,-12.079287301206955,59987.68575000356,1.0
354,1.0,1307.3346462322122,35552.299079153534,927.8844272044926,-10.829197947296896,59996.3180301938,1.0
355,1.0,6380.608093006046,32285.855855193848,910.0767530830154,-12.292256691493229,59979.91216144477,1.0
356,1.0,5186.060484894435,32047.357100506382,909.1682380390272,-10.71649937629064,59982.4918131024,1.0
357,1.0,619.60517352546,31946.747941399884,908.9700934452314,-9.904363385445238,59992.62699243814,1.0
358,1.0,6597.9607503758125,32341.517529885143,910.3832751438282,-10.544976248412544,59995.543039792545,1.0
359,1.0,3719.238957465049,34914.482677259395,924.4356158981211,-9.41589300407431,59992.32307682022,1.0
360,1.0,6630.09069563966,34855.95360099992,924.1184572195255,-10.807442424669775,59995.46090853572,1.0
361,1.0,709.9083347836439,35083.769279004635,925.3523053991112,-11.19699654480948,59958.80108575536,1.0
362,1.0,5193.867276978457,31297.95041598733,907.6911309322608,-11.418189304817034,59995.65104513494,1.0
363,1.0,559.3938222626889,29174.766739486113,903.491255269033,-11.755170768675043,59972.78253816366,1.0
364,1.0,4222.871813328385,33821.20087895007,918.492267626429,-9.68345511856159,59983.96496315647,1.0
365,1.0,1092.4029542600535,35257.655387152736,926.2929063286676,-9.763783321771399,59988.79203183807,1.0
366,0.0,14400.0,252260.5360864873,7351.681929997272,-6.078807437768644,1508825.2754775363,1.0
367,1.0,707.624369217788,28939.202552150025,903.0239086589926,-12.455044512608053,59999.17789168362,1.0
368,1.0,568.7925370420716,35067.54670255056,925.2645013514025,-9.682069012560605,59991.34646818122,1.0
369,1.0,6461.332560441252,32787.38031795725,912.8346806879952,-10.277545077272666,59997.70342623512,1.0
370,1.0,6289.752138114078,32456.05210673221,911.0136618708557,-11.522994193569202,59993.755337987015,1.0
371,1.0,963.8848468932362,34569.2461347514,922.563181045659,-10.370645332134835,59987.97359632011,1.0
372,1.0,1070.5515505798787,32206.287003156027,909.638388466989,-9.636053147459153,59978.88581247171,1.0
373,1.0,6616.448642282862,33606.51618650092,917.3204257993159,-10.237549393150447,59975.88250360341,1.0
374,1.0,6609.036286957223,33018.98215092258,914.1053255489604,-9.871355127133102,59977.847601107824,1.0
375,1.0,6491.275490793826,29743.80074668913,904.6190499071362,-11.131912771672962,59999.21006093071,1.0
376,1.0,6558.350907839641,27863.957607305543,900.8871627431098,-12.533464955655091,59986.617034296076,1.0
377,1.0,975.5215367352813,31133.29981534921,907.3662300862175,-11.063290053394748,59999.42728191423,1.0
378,1.0,6460.630515586534,35337.3661773557,926.723749142804,-10.331726106715077,59992.315891168204,1.0
379,1.0,850.7764377987573,38491.48642578288,943.6056577689827,-9.634619545425117,59994.40101045833,1.0
380,1.0,6233.137264755925,32066.95172646446,909.2068229028209,-10.092186560200988,59988.673841937845,1.0
381,1.0,6265.311685161552,31360.46661120084,907.8144577092474,-12.095420530290003,59972.3369900399,1.0
382,1.0,4888.680924948244,28667.264940625086,902.4840552744872,-11.01679404019546,59999.589809623496,1.0
383,1.0,989.040403991217,30914.130870994115,906.933542991764,-10.672742850491211,59983.48886549649,1.0
384,1.0,903.602914501289,29869.44249423872,904.8678485514044,-10.722646994983199,59984.23036082506,1.0
385,1.0,6793.437897793617,30783.318588105234,906.6751785772702,-11.997126498167967,59996.02630685636,1.0
386,1.0,529.9761755068041,34937.29237855734,924.5591865875537,-9.754808837870458,59996.210982477736,1.0
387,1.0,1660.6991513079865,28801.503785807057,902.7505937257669,-11.60226411510716,59974.89757465642,1.0
388,1.0,12174.007935916707,26591.353986824255,898.3507211146533,-13.502113768277948,59976.8196258229,1.0
389,1.0,915.4234387169375,32787.82659058804,912.8371308778185,-11.689480313119052,59988.11430860476,1.0
390,1.0,529.5011232283581,29260.670508592873,903.6616149850436,-12.091225670950706,59971.953094764925,1.0
391,1.0,920.6361921859308,34405.34747234424,921.6728529638021,-10.558814543612232,59990.32791209948,1.0
392,1.0,6591.235669618719,29017.381871831283,903.1790428357525,-11.754357038737268,59992.881702178456,1.0
393,1.0,12042.301387681637,32489.474069659664,911.1975265184833,-10.342688512496194,59994.84503148423,1.0
394,1.0,654.4743231459748,36391.44706746972,932.4014086993599,-11.415111659598388,59980.97522814504,1.0
395,1.0,574.5512897446152,38132.83929596146,941.7021414380915,-10.66799577317985,59991.12301505096,1.0
396,1.0,3276.877807225381,35520.13840297261,927.7108508597452,-9.813450992458689,59983.83454922992,1.0
397,1.0,2418.7705058752294,28058.93341418095,901.2750516105295,-12.242220187268124,59991.81631471294,1.0
398,1.0,6751.491603951253,29025.9135415175,903.1959707076674,-11.226144789659926,59982.66509687892,1.0
399,1.0,6891.495292965989,32041.380581305286,909.1564689708822,-10.05405966142649,59991.17329152456,1.0
400,1.0,6289.482864604945,31105.547856823512,907.3114547442867,-10.727078683248251,59982.538362751766,1.0
401,1.0,6692.111662111936,29459.460079856577,904.0557030636784,-11.823672158734002,59998.93036704446,1.0
402,1.0,6587.171730337379,29321.90457533322,903.7830286787631,-11.679566996688077,59980.78414878969,1.0
403,1.0,815.8374467436311,34774.82284378575,923.678634328919,-10.25214129296,59981.92882404063,1.0
404,1.0,6622.785373398355,32579.535833992308,911.6927902309159,-11.571561328938827,59980.27911878248,1.0
405,1.0,379.7313964973433,34590.742621276855,922.6798868532619,-12.784539760840602,59955.97541214243,1.0
406,1.0,10692.904830891646,31147.214320764222,907.3936923743828,-10.263264923973214,59988.20004349476,1.0
407,1.0,6110.831263591229,34230.05322921541,920.719618538958,-9.764015539872544,59983.35101497353,1.0
408,1.0,6229.752741846358,33965.44412104428,919.2787264237712,-11.486412724898525,59973.74916945002,1.0
409,1.0,852.5245732305972,33649.89242055943,917.557319022546,-11.699870398171585,59976.565834510046,1.0
410,1.0,3725.8967415509537,38056.89101421486,941.298525316811,-10.499467942216716,59990.37484538123,1.0
411,1.0,6605.031517029291,34840.464663480416,924.0345062274068,-11.491571818138112,59985.706023719205,1.0
412,1.0,12370.945467727379,31368.542724125542,907.8303881985838,-11.033610452484988,59989.639535849165,1.0
413,1.0,11658.490796538192,32164.797821068707,909.4097260848223,-10.060056058918502,59985.666700307534,1.0
414,1.0,564.9552774320739,37421.70671461496,937.9157529500917,-9.160751963250629,59996.19888386962,1.0
415,1.0,12017.342909997946,25909.363704278807,896.988068818369,-13.748138653314356,59997.17178940661,1.0
416,1.0,948.8395113332975,35199.94836297616,925.9808637188929,-11.778620102036355,59987.56851287623,1.0
417,1.0,6044.997778628829,33593.556934590975,917.2496381672845,-9.541108546309319,59993.239061716704,1.0
418,1.0,748.32414956567,32830.32734817822,913.0704429182613,-9.48513421127757,59977.37770946659,1.0
419,1.0,1579.3638771613573,29693.566754769545,904.5195535237949,-10.924390834458176,59979.1256338161,1.0
420,1.0,1533.4521762678376,30936.417332069726,906.97755209022,-9.358481090849597,59976.945652079194,1.0
421,1.0,12330.580181922614,27920.471287405413,900.9996118416607,-13.10791573514234,59970.90076292436,1.0
422,1.0,554.4290857478114,36089.521905719055,930.7788613976452,-10.918565068444632,59980.713961231835,1.0
423,1.0,431.95028283062913,34928.13126730423,924.5095587063317,-11.14086989598401,59983.91583734411,1.0
424,1.0,526.9110065098537,37360.77366616089,937.5905675973344,-11.364246054560065,59993.40002069272,1.0
425,1.0,549.8515426185489,26121.03599830983,897.41125375408,-13.710374916595288,59973.96102407151,1.0
426,1.0,6211.553881419889,33105.823418435466,914.5812869151964,-10.550610712180562,59989.78593544618,1.0
427,1.0,428.5220152363444,32164.803484169992,909.4097573004074,-11.841434250548383,59976.91649375436,1.0
428,1.0,6797.077581443547,32116.848986566612,909.3050699009201,-11.247307672182616,59995.453765674036,1.0
429,1.0,658.1732010072744,32019.728943882117,909.1138307203066,-10.264495497931577,59991.915630611686,1.0
430,1.0,1897.7504168713988,34263.81312723015,920.9032826289978,-10.695103226418569,59989.81402773042,1.0
431,1.0,6236.850412168311,33681.96370759627,917.7324304744367,-10.050685982128881,59976.911738993214,1.0
432,1.0,888.1153990605748,33151.853983963825,914.8334665067633,-10.487830437067908,59975.96563101348,1.0
433,1.0,1092.400872997843,36050.19137931204,930.5672793898639,-9.131679359793639,59990.44509875411,1.0
434,1.0,954.765877500365,32117.41656218612,909.3061873793849,-9.986573944013358,59978.69110225416,1.0
435,1.0,6299.511799040429,31800.36185682752,908.6817052189157,-11.11104126940313,59986.19615189264,1.0
436,1.0,380.0673701986077,32259.64569867397,909.932379336039,-12.474782968935491,59976.94143948012,1.0
437,1.0,1455.479507251873,31579.378777156293,908.2461585142495,-11.219394380957919,59984.095146144595,1.0
438,1.0,12697.926642097365,30268.803764814013,905.6581539766876,-11.992338286876363,59997.00774242137,1.0
439,1.0,11780.228652009528,30082.830407808306,905.2902250498038,-11.152679563426757,59999.170648057414,1.0
440,1.0,6308.105452542254,31594.22414214889,908.2754254818161,-12.06901622002724,59990.140351765585,1.0
441,1.0,5745.695824639828,31584.199383208655,908.2556622399858,-11.180231881431075,59984.279385208334,1.0
442,1.0,932.4790821548863,28445.654410229607,902.0438387717227,-11.81642766189781,59983.38435558018,1.0
443,1.0,6319.735531136798,34330.5497753973,921.2662368083729,-10.210056929028086,59987.845761184915,1.0
444,1.0,516.3688808244509,29976.74459313937,905.0802687130812,-11.606520809113562,59967.11676595362,1.0
445,1.0,498.218314342357,29561.85726906606,904.258622594418,-12.33303934751107,59982.19632021832,1.0
446,1.0,7634.107631466425,30389.24395018853,905.8963411943665,-10.074261879437772,59978.53856112192,1.0
447,1.0,6224.60829403386,30987.647850692538,907.0787077903265,-11.133383953351782,59998.571180597144,1.0
448,1.0,689.8846838813658,30429.536578366988,905.9760094867255,-12.354768137951442,59973.86986510826,1.0
449,1.0,770.5057158836569,34393.86900210553,921.6104658344731,-11.641072266931769,59992.09852064595,1.0
450,1.0,1425.1257184059352,31127.72000537914,907.3552172574306,-10.216092396357363,59989.0724955965,1.0
451,1.0,5501.842578103987,34866.607498238525,924.1761973336246,-10.11646977400037,59999.63719350621,1.0
452,1.0,5867.900043559109,34577.79968973939,922.6096207081429,-10.675652718724104,59984.17575785542,1.0
453,1.0,12063.171115618588,28302.0241459899,901.7583944507649,-12.117841341545137,59981.69466193882,1.0
454,1.0,1062.916424863118,32735.263497472162,912.5484938662195,-9.317734974472291,59989.94508025537,1.0
455,1.0,3572.5103818886455,26997.73176196361,899.1615651226908,-13.145599326933015,59985.170144933916,1.0
456,1.0,870.7599832055281,34893.828319731416,924.3237066884406,-11.944011611474902,59997.300901304814,1.0
457,1.0,6442.563619620617,34901.597064524765,924.3658008893321,-9.398384519400217,59985.28440010692,1.0
458,1.0,1459.432489575662,29947.198264571594,905.0217831307106,-12.429082726000576,59987.06203817363,1.0
459,1.0,615.5919432043156,36038.92150243027,930.5066427533103,-11.745241658557543,59987.77303089868,1.0
460,1.0,542.4275343253748,33075.56881233827,914.4154964502216,-10.460892159230731,59981.68894424882,1.0
461,1.0,519.0799978949025,32118.732844064096,909.3087789516252,-11.397394265015711,59978.90884550376,1.0
462,1.0,465.49027402753495,34824.16174142973,923.946134709842,-12.518800621090051,59970.39483552607,1.0
463,1.0,788.4139172637225,28831.39777840793,902.809937618373,-13.09372348412838,59989.15085853084,1.0
464,1.0,6618.993940098672,29411.705702918636,903.9610508707622,-11.702796597786712,59999.612919766776,1.0
465,1.0,624.1656493917566,33913.37537786062,918.9949132412758,-11.157323038606288,59975.08548438012,1.0
466,1.0,746.1579284958897,34052.675820965356,919.7539971230199,-11.71328785000169,59957.00153447345,1.0
467,1.0,1911.5281111247311,31249.443397434476,907.5954270905645,-10.260802195424047,59997.82074353278,1.0
468,1.0,11612.496928626824,31910.28517147668,908.8982696789618,-9.936537605367121,59986.56747098022,1.0
469,1.0,830.1572725622027,33677.74576247045,917.7094022101056,-9.451875737741874,59988.59781559022,1.0
470,1.0,5886.860313630937,32629.528306831588,911.967584539739,-10.56234121641673,59982.9794700889,1.0
471,1.0,5483.578941336198,37557.161440138356,938.6382172041398,-9.370561898943466,59991.72085283943,1.0
472,1.0,5743.338684351731,32674.13068445097,912.2126775379619,-11.211262933412836,59995.600399776966,1.0
473,1.0,1050.3735601055816,31781.193217348817,908.6439342425265,-11.361352942859961,59998.5548906736,1.0
474,1.0,419.3108578359059,34292.43319139381,921.0589542595085,-12.03745091161255,59992.804831698646,1.0
475,1.0,480.842279311271,32825.614633669924,913.0445751057114,-12.087559763446718,59982.21940777949,1.0
476,1.0,1427.2937098735517,34015.88083796427,919.5535559264509,-10.635611135399534,59980.6774984671,1.0
477,1.0,475.92053533880176,35079.42318434618,925.3287831959593,-12.15454526610282,59981.102281999774,1.0
478,1.0,663.8337389066202,36665.60782813619,933.8721754006679,-9.603462656541362,59980.185687103316,1.0
479,1.0,6281.749192701945,32826.57956788206,913.0498716355849,-11.837976169876786,59971.897711391124,1.0
480,1.0,6251.667941683323,31527.42277274343,908.1437210965432,-12.50126437064312,59973.722359806445,1.0
481,1.0,12491.284672513277,29862.00432078157,904.8531214889321,-10.138362905057937,59992.406854060835,1.0
482,1.0,551.018555848465,31367.789239515216,907.8289019304401,-10.21895335286472,59973.07140979158,1.0
483,1.0,882.6460243451505,32380.216556061994,910.5963220138555,-11.081579644087135,59987.533914805026,1.0
484,1.0,3824.7618451535914,29595.019053859964,904.3243278308322,-12.995329728363194,59999.51086671263,1.0
485,1.0,6381.967871416627,36763.02300358176,934.3941824693832,-9.984906792836382,59980.40009597454,1.0
486,1.0,7075.401585730172,29524.339131300974,904.1842793009014,-12.482041969554453,59998.0624748928,1.0
487,1.0,608.4459554807313,31000.15518657257,907.1034018196291,-9.527479159588157,59994.20914127725,1.0
488,1.0,4319.693607362725,37681.36050446766,939.3001328100527,-10.953410343367977,59987.79149362173,1.0
489,1.0,5905.526923613535,37136.09714632277,936.3904923131281,-9.513179067006037,59989.67035266847,1.0
490,1.0,535.4097761355976,32705.89853030875,912.3872017077117,-10.660077772831057,59988.35448460484,1.0
491,1.0,6459.54801847601,36186.9421234687,931.3027237861647,-9.92996169221752,59968.54509237124,1.0
492,1.0,1968.441087452628,28001.295311415197,901.160405036353,-12.861704622022852,59982.789125376774,1.0
493,1.0,774.6092048879266,27532.677917654364,900.2276705274359,-12.82488524990186,59997.06397389433,1.0
494,1.0,532.5962029767386,32953.23483828164,913.7448028382015,-12.885712904784905,59971.254838087516,1.0
495,1.0,4516.5036392434,31023.944761234532,907.150368968934,-10.713841693112025,59984.03088797722,1.0
496,1.0,4638.435485474711,31140.913029234685,907.3812559823165,-10.958186086599989,59991.903524224275,1.0
497,1.0,2734.3058966175527,37697.35649972636,939.3853472695265,-9.924733621249985,59972.536692671754,1.0
498,1.0,6446.25439390595,33004.792979562386,914.0275324665122,-11.28059145239946,59971.86151421875,1.0
499,1.0,999.251946822796,32287.9008303067,910.0880164331045,-9.740615601441997,59994.63261700856,1.0
500,1.0,773.1225455015452,31384.8156703389,907.8624863320368,-11.927867025756415,59982.07231621903,1.0
501,1.0,1099.7886274262871,34454.701438845026,921.9410481861603,-11.242981060503078,59973.316697512826,1.0
502,1.0,874.0558357207959,35841.89243603705,929.4458705040078,-10.329783157847952,59977.26088601975,1.0
503,1.0,6356.076270701297,34767.29728638468,923.6378258906193,-11.355046183607989,59965.88210389894,1.0
504,1.0,673.6670844657591,29252.804463768625,903.6460169961357,-11.955204591419559,59989.62828320141,1.0
505,1.0,742.159004338196,35019.891533331305,925.0065188680932,-9.35237401298123,59970.374978780295,1.0
506,1.0,1172.9407771958333,32840.78117501496,913.1278206066374,-12.076637315249968,59983.29322805801,1.0
507,1.0,970.356688289434,34916.36384549219,924.445807713813,-10.04219994307939,59991.95346851652,1.0
508,1.0,615.5492694357914,33263.13322798691,915.4428106311804,-10.698269192252829,59991.79556185379,1.0
509,1.0,5019.422079350419,33298.17276622334,915.6345921874647,-9.311932969990078,59994.10578998324,1.0
510,1.0,705.5673503988039,30064.773444622966,905.2544921217694,-11.47811576072586,59973.51454146558,1.0
511,1.0,1141.5389624610666,27486.256685978915,900.1352137894478,-12.432143065618476,59975.87299891012,1.0
512,1.0,1034.6326692789369,33705.696241466096,917.861989116472,-11.292656903403902,59988.68098249802,1.0
513,1.0,766.7136036458141,30937.509995612676,906.9797097112742,-10.800506747480323,59981.34960740768,1.0
514,1.0,6220.692001515613,35426.679947449054,927.2062462006384,-10.367070599385308,59997.77140628374,1.0
515,1.0,6481.06046547833,27453.01762738216,900.0690052027294,-12.688068007519075,59997.84030648483,1.0
516,1.0,604.3898552931648,34467.713090826146,922.0117413392118,-11.456059687201954,59982.88540323561,1.0
517,1.0,6267.517830255721,28895.141425570582,902.936463083425,-12.760749423633666,59985.61486123723,1.0
518,1.0,541.2257296157308,26714.511704127075,898.5965454069093,-13.363226090416271,59995.343132193404,1.0
519,1.0,6160.246282009761,33765.31023059458,918.1873438880936,-10.776122689668172,59987.068085586885,1.0
520,1.0,657.5612740911308,35376.90925547888,926.9374041543045,-11.067025388348991,59971.76124638639,1.0
521,1.0,6323.788683853659,27950.91961352841,901.0601902969769,-12.73539207108195,59991.93752896367,1.0
522,1.0,1655.5458436187632,29346.82221193703,903.832429539487,-11.84288212949868,59998.74481822455,1.0
523,1.0,703.2304516598886,32197.043827607664,909.5874511072474,-10.791006525456302,59999.19255880625,1.0
524,1.0,10654.253617693385,29533.83695989405,904.2031001880346,-11.455258189101137,59980.00954386507,1.0
525,1.0,564.9240490679713,33049.46742953286,914.2724395748894,-10.476399231801421,59990.36874914005,1.0
526,1.0,657.493056861344,30527.197807378336,906.1690761761259,-11.318473381261883,59982.220005768795,1.0
527,1.0,4809.728864737884,35587.857406568524,928.0763013979168,-10.296605267766445,59996.90800029221,1.0
528,1.0,936.6439846014143,32253.35722184028,909.8977368534524,-9.872052666994573,59990.85095790027,1.0
529,1.0,948.5909526027615,34730.10238015092,923.4361031635008,-10.526213840529248,59983.24098454153,1.0
530,1.0,6671.547219383149,35774.54590495954,929.0829950540893,-9.916361768825418,59999.88651076166,1.0
531,1.0,931.5410863724138,36974.07013426583,935.52404197925,-10.603165551866608,59997.00092881578,1.0
532,1.0,7708.816399267625,29907.115766863873,904.942434784725,-12.08288445436172,59998.16476514042,1.0
533,1.0,6618.792469697871,28466.430057197205,902.0851188169999,-13.234317797767165,59998.36704942924,1.0
534,1.0,905.4200620598275,28048.509157881974,901.2543182047976,-12.455041466286554,59982.81889532888,1.0
535,1.0,6503.26163867139,30692.47707724248,906.4957099881449,-12.233412744805939,59974.553722663884,1.0
536,1.0,3588.9598811481587,30301.298433777985,905.7224237590486,-10.5386969989671,59991.51663894434,1.0
537,1.0,751.5968146127719,31194.9509046405,907.4879001988803,-11.69495831075316,59988.21801097265,1.0
538,1.0,1408.8459391610043,35180.85727930653,925.8776069798448,-9.287679787885134,59993.141014439236,1.0
539,1.0,7046.757128433859,31672.422940368062,908.4295730761629,-10.816560569035932,59976.64810112094,1.0
540,1.0,11298.693952689293,32616.434722616596,911.89562127595,-10.021561348111563,59991.85007954134,1.0
541,1.0,6523.901121947043,34308.09806022465,921.1441476372722,-9.754809358547494,59987.55464815046,1.0
542,1.0,613.9423795827284,35195.305886442526,925.9557553654691,-10.709130778495089,59979.750893772456,1.0
543,1.0,6344.508342866385,36738.12260493893,934.2607809377538,-10.296057964622122,59991.781545369464,1.0
544,1.0,6628.818691421186,30585.96323760324,906.2852270143211,-11.00015554718954,59982.77432614802,1.0
545,1.0,687.2190286179682,36632.07652949191,933.692424036106,-10.83827136822832,59982.21814283416,1.0
546,1.0,537.1775883581447,27461.554997430216,900.0860112451916,-12.97760520317839,59998.73670018131,1.0
547,1.0,678.6022379499523,34508.884810028176,922.2353923753234,-10.074587004795424,59994.86038572631,1.0
548,1.0,6612.4512466772985,34215.371264184345,920.6397321559813,-9.382369396602456,59991.13440844327,1.0
549,1.0,4531.2458795215825,33999.44003259234,919.4639795336159,-10.277039089418146,59985.38745669063,1.0
550,1.0,7650.389405894027,28917.470892767495,902.980780297702,-12.330699591656286,59998.96699953255,1.0
551,1.0,6514.13030166063,32244.87596924196,909.8510124288002,-9.859943912439151,59999.92061540795,1.0
552,1.0,642.5325395363889,28686.276990547725,902.5218101887655,-12.099525307624202,59994.933313277026,1.0
553,1.0,1170.4594898246526,34974.15639353747,924.7588592154485,-10.79066059834575,59984.28644495222,1.0
554,1.0,737.5426925459384,33051.68348738447,914.2845862950671,-10.267526973317544,59981.36558224574,1.0
555,1.0,9490.770096934675,31857.299304177024,908.7938874073092,-11.365595352020055,59987.315199561745,1.0
556,1.0,919.6268382242022,35599.70774319243,928.1402370138885,-10.150971223464444,59984.251568948064,1.0
557,1.0,6593.123084423331,34251.897455732804,920.8384621646649,-11.128860629586507,59969.614183066915,1.0
558,1.0,813.2854338294175,28949.68475573359,903.0447106590706,-12.386621458839898,59999.24966848905,1.0
559,1.0,6807.115290010357,30977.291287270105,907.0582595859853,-12.134335983285995,59989.406275855246,1.0
560,1.0,816.6702823302008,35393.99186492118,927.0296870691121,-12.842363469108658,59999.206501966,1.0
561,1.0,857.3863026598714,35288.95724254734,926.4621203832951,-9.916077221693081,59985.44191032264,1.0
562,1.0,6299.929987486885,32249.34660859259,909.8756421301841,-9.550250152853874,59974.07365516605,1.0
563,1.0,6683.592873275694,33593.631577534245,917.2500459076758,-11.148979428080318,59998.387097439525,1.0
564,1.0,5303.618422596533,34885.86210429445,924.2805404146861,-9.50672382703373,59977.05545775651,1.0
565,1.0,5754.775740772235,33584.64025559323,917.2009290386192,-11.227876763873077,59982.62154028878,1.0
566,1.0,980.0117291206874,33376.70353338154,916.0642603903538,-9.823565575513648,59978.16898676135,1.0
567,1.0,1111.722481955008,29401.724886725075,903.9412668312773,-11.752262249932068,59984.547341411424,1.0
568,1.0,1178.691325416603,34476.930455541355,922.0618164285052,-10.536275223568927,59980.30986476858,1.0
569,1.0,469.3403443182437,38964.043981792594,946.1075803813139,-10.931527287089274,59992.18795643933,1.0
570,1.0,4452.328445337735,28772.82184566588,902.6936517427268,-12.217917680079418,59992.87216026704,1.0
571,1.0,12933.626879307913,27117.028082657765,899.3994382294263,-13.393352301158101,59973.583362584846,1.0
572,1.0,474.2917999658632,32573.78553910866,911.6611769190704,-11.125467129520027,59995.728847102015,1.0
573,1.0,468.21394847637526,29017.30500294571,903.1788903168698,-11.746596024044448,59982.75586210844,1.0
574,1.0,11695.719825222424,32522.475130056107,911.3790373674314,-10.436874732609985,59998.516857899245,1.0
575,1.0,11945.71515273132,29815.874188791808,904.7617809390264,-12.663693414966065,59986.37172592764,1.0
576,1.0,902.7177778086082,30102.734772829852,905.3296119334157,-10.207745467200215,59993.62941146638,1.0
577,1.0,950.8246287632797,31430.057194896144,907.9517177140076,-9.816848616285755,59997.99181069663,1.0
578,1.0,712.6765962864715,34834.726032840255,924.0034004572849,-10.032557053470295,59990.569294563145,1.0
579,1.0,753.9955422098418,35923.36561541526,929.8846634324842,-9.956096202272008,59979.86836043392,1.0
580,1.0,6383.685978536266,34597.409032196105,922.7160760687153,-11.232562850990956,59977.88252593999,1.0
581,1.0,754.9937119974144,34169.863709509365,920.3920735509224,-9.682945898277096,59989.98284471174,1.0
582,1.0,1477.034822507425,33141.00311518088,914.7740263434473,-10.252491453278465,59987.51007730724,1.0
583,1.0,558.8999944535694,35329.09064171067,926.6790290688916,-11.112735126391845,59989.07459660561,1.0
584,1.0,871.3411412303809,26723.376543401744,898.6142367729196,-13.746441324757162,59974.501929812584,1.0
585,1.0,5625.5011452971385,33185.91683951779,915.0200336200032,-11.149252585186755,59995.55030724938,1.0
586,1.0,804.4587751071322,30872.878802005667,906.8520760414145,-11.145337530079985,59993.83083548494,1.0
587,1.0,504.63000020922556,30607.012921263205,906.3268279191316,-11.982875559418348,59982.93456699423,1.0
588,1.0,716.3007429090054,32651.91798481108,912.0906259527893,-10.247653102835127,59983.50462882175,1.0
589,1.0,1451.6483460771176,29202.301187600962,903.5458640965284,-12.179734459051266,59991.53840851576,1.0
590,1.0,725.4190798640519,32490.506844064643,911.2032075112054,-10.831701818349236,59989.6438849253,1.0
591,1.0,5582.383766159565,36353.64825447828,932.1984407286619,-9.875606641539196,59983.258850252016,1.0
592,1.0,1006.8895125893381,29749.81909494307,904.6309693607388,-11.277026467627376,59989.97811853781,1.0
593,1.0,6456.058904116938,37269.24491269373,937.101876445849,-10.204724381766296,59997.879177733106,1.0
594,1.0,860.9379404557335,33531.70632829989,916.9117108791697,-10.08705178824917,59986.03211942436,1.0
595,1.0,827.2002889032544,37203.70916620439,936.751802169411,-10.474957153027654,59976.488690813705,1.0
596,1.0,6453.297282181985,32799.33323654439,912.9003039223023,-10.455651135004585,59969.111558535464,1.0
597,1.0,460.48789967035566,33152.12080137413,914.8349280593135,-13.176321070602048,59982.81353785536,1.0
598,1.0,638.1478210895012,32898.393549269655,913.4439683397808,-11.882668189678345,59999.56488651522,1.0
599,1.0,5663.03884438877,32640.256081735228,912.0265406966666,-9.549203085061572,59985.99689743632,1.0
600,1.0,12032.706304923588,27726.960035399392,900.6145028550935,-13.145033313151009,59993.18435708887,1.0
601,1.0,874.1786394649025,28742.49607436322,902.6334418140497,-11.980863173435266,59981.546575007305,1.0
602,1.0,1046.4081325694553,29867.643217718523,904.8642861350402,-11.71050483007836,59964.81501447162,1.0
603,1.0,10027.74955749028,29768.73304264586,904.6684276266614,-11.340031362074615,59987.78776087396,1.0
604,1.0,6257.6045729500265,29326.550818291453,903.7922403964186,-12.455924483411762,59980.32074563954,1.0
605,1.0,5441.137665244096,28015.94728884999,901.1895505136473,-12.171170582297986,59989.19507164043,1.0
606,1.0,7009.304007175028,26832.263478666708,898.8315076362951,-12.433483727177236,59992.76361081203,1.0
607,1.0,802.062088292384,32748.84591976066,912.6230875254415,-9.78453467850223,59984.464888881834,1.0
608,1.0,6210.517586232984,27689.921047094995,900.54076969448,-13.284523419318116,59989.187523367946,1.0
609,1.0,699.8467400000472,33574.019696355084,917.142908572931,-10.002315364786787,59992.54561398907,1.0
610,1.0,1076.6248561828984,29350.61600769978,903.839950719561,-12.015716256566927,59986.48050166583,1.0
611,1.0,599.7836823385746,28432.33103303567,902.0173648329027,-12.18796890854852,59990.93787175111,1.0
612,1.0,11056.902270100725,34098.97519078959,920.0061482775176,-10.954478323981416,59993.31673078391,1.0
613,1.0,575.5075386347909,30869.957992846816,906.8463075427424,-10.222329001870351,59997.972345437505,1.0
614,1.0,1060.576462975434,29635.19900305857,904.4039312257706,-10.811027070948262,59986.42655965846,1.0
615,1.0,12716.004706120928,32316.500627150406,910.245523539876,-11.122296846212055,59993.84633097215,1.0
616,1.0,486.5385730721393,34240.941478891684,920.7788581357195,-12.788640923250535,59983.36903891153,1.0
617,1.0,6731.949232987421,34717.44367100865,923.3674393767346,-10.99511830334988,59965.731441179174,1.0
618,1.0,894.2927079050254,29303.90750418962,903.747346376939,-10.542374086055244,59973.35106806562,1.0
619,1.0,7466.115431883503,33182.742677533904,915.002649973832,-10.225925704092157,59995.58378592919,1.0
620,1.0,6480.111275685659,28820.2743318765,902.7878564911698,-12.481363056192668,59993.70225965368,1.0
621,1.0,6517.985056488842,29291.78056291981,903.7233017134938,-11.740026912743517,59993.70959742937,1.0
622,1.0,6735.6367152017,34825.46411153238,923.9531946563005,-11.079440234497014,59988.171223728896,1.0
623,1.0,942.6305424876765,31603.525918442065,908.293762964405,-10.752153182507692,59986.40316457197,1.0
624,1.0,640.5601030687834,30896.615157130047,906.8989529785598,-10.734666394003545,59979.9472062448,1.0
625,1.0,707.6532510916526,33049.57606481708,914.2730350336991,-11.334637463746397,59979.78789899582,1.0
626,1.0,725.0645253158568,28212.41631031694,901.5802595862049,-13.227731467353845,59995.03476156016,1.0
627,1.0,11915.537346199622,28163.89473604804,901.4837849038931,-12.728642551222919,59971.459616446286,1.0
628,1.0,6276.1368152202285,33210.43138846108,915.1542785306235,-11.736355167914992,59976.86263609474,1.0
629,1.0,6104.912582487609,30327.67719021237,905.7745933114318,-11.329847366311604,59974.523510590334,1.0
630,1.0,4357.467349954697,32403.078468815253,910.7221573709502,-10.647870465065226,59991.45617763665,1.0
631,1.0,954.9505570037404,33626.65585825392,917.430423801171,-10.104454282226497,59988.80360364877,1.0
632,1.0,6320.76740762073,37035.0079317327,935.8500102154244,-11.478677628157612,59977.9541221478,1.0
633,1.0,701.1032649399297,31743.500461440824,908.5696570539295,-10.50399785827874,59991.09085439479,1.0
634,1.0,6698.088078779469,34502.24445241097,922.1993248069499,-9.546938984502,59984.744502046786,1.0
635,1.0,799.8162698682348,35383.948235936994,926.9754309948268,-10.888421773851475,59985.62915184503,1.0
636,1.0,412.08672796076127,32694.211033805208,912.3229977669879,-12.435426752958792,59970.67615479306,1.0
637,1.0,6605.6599065041955,33063.522404806485,914.3494752340681,-9.480148352423992,59989.08509685449,1.0
638,1.0,6925.290005875733,28511.545771012374,902.1747537806306,-11.873035200238592,59981.639514854156,1.0
639,1.0,7025.331466182661,28113.714456968897,901.3839998411835,-12.534975271232376,59978.55790119619,1.0
640,1.0,10288.518572572453,32061.502558424534,909.1960928321882,-10.808890981016344,59975.63387160422,1.0
641,1.0,5113.67065361436,38965.84121019822,946.1170823463874,-10.364176588900417,59993.45784210875,1.0
642,1.0,7190.606381091814,29676.485789911665,904.4857191153405,-10.878473946888604,59991.9813992012,1.0
643,1.0,798.6255118941763,30942.829514656994,906.9902137815473,-10.648766806370812,59981.560702035924,1.0
644,1.0,877.3718223970855,33188.3220728437,915.0332059126077,-11.520387824209227,59993.72941287937,1.0
645,1.0,584.0134077258026,33475.08310092238,916.6022289508307,-11.390848994638562,59978.24490874352,1.0
646,1.0,5946.235016911308,33924.09437650031,919.0533472584449,-11.291168178206007,59975.17975205883,1.0
647,1.0,799.6169087888635,27138.94875170978,899.4431395446576,-13.309401343867654,59992.56265104905,1.0
648,1.0,6301.050267730547,34247.22650553862,920.8130511938467,-10.379270905616934,59980.77956710097,1.0
649,1.0,817.7323136110749,32505.495682841913,911.2856525761408,-11.433050122473771,59971.90021197288,1.0
650,1.0,3205.8975617405727,35762.73171907729,929.0193226541137,-10.339218596591994,59997.34919067817,1.0
651,1.0,6051.944006392072,33628.25968274182,917.4391829047437,-11.897519029315026,59997.67751694511,1.0
652,1.0,2089.7032693577858,30202.85112602881,905.5276931057075,-12.304798582597426,59975.111447250805,1.0
653,1.0,11619.56193309955,30394.205204406124,905.9061512289829,-10.677119187245074,59987.21567719323,1.0
654,1.0,718.0707314629977,33119.11748074348,914.6541262779929,-10.21349479375194,59976.429159861094,1.0
655,1.0,724.1091624248143,33980.070281389766,919.3584332272904,-10.671773465695718,59966.81397662877,1.0
656,1.0,5300.891118605982,31309.841857123512,907.7145908597646,-9.921527449709162,59984.920897670905,1.0
657,1.0,1123.597495449182,34181.46609479587,920.45522205074,-12.368423120538473,59967.35572407998,1.0
658,1.0,6540.965374043038,34095.733840876244,919.9884979194885,-10.315036972805807,59998.774450118355,1.0
659,1.0,6439.90891182372,31904.197330492105,908.8862773168154,-9.91730895614127,59995.37492859177,1.0
660,1.0,617.9333496000936,29007.856045802433,903.1601420082063,-10.90401506096862,59976.65268954426,1.0
661,1.0,6562.187596955314,34662.96905543511,923.0718949860697,-10.457530713438725,59998.38676192962,1.0
662,1.0,1616.735237318407,35072.7293642915,925.2925532554468,-11.764302133946796,59971.716767771424,1.0
663,1.0,1057.2745366971503,37837.71474625375,940.1327194291435,-9.381728265906462,59990.62176829106,1.0
664,1.0,6197.007062391688,40042.29741333605,951.7903201481216,-10.318927476267335,59991.553201186376,1.0
665,1.0,480.5848794210164,29058.72401662456,903.2610673096332,-11.314561714403817,59971.069301972,1.0
666,1.0,926.4277133156943,28752.426007886334,902.6531575833193,-12.207758347703026,59990.623723897705,1.0
667,1.0,1599.0900319840343,34526.61213324475,922.3316722996869,-10.227391656065725,59990.80834166542,1.0
668,1.0,6261.252953827893,34766.57462244032,923.6339070394907,-11.251292814565229,59968.68538063603,1.0
669,1.0,636.4580770741379,34680.8121700311,923.1687112780496,-10.547009919555103,59984.63199055621,1.0
670,1.0,5605.113262742093,33377.01591332353,916.0659691024298,-11.605344995394445,59990.05489563236,1.0
671,1.0,6092.024783924239,29816.323919229093,904.7626714843132,-11.68849270317907,59979.35192591018,1.0
672,1.0,563.9824200518544,33282.90137197696,915.5510126146157,-10.714433466455754,59999.325402818795,1.0
673,1.0,6441.267374094762,27777.401856646233,900.7149058244808,-12.753339841369009,59997.58911271475,1.0
674,1.0,6216.7488655036095,30263.105128793788,905.6468823566624,-11.292800135246875,59980.281141028536,1.0
675,1.0,5103.261699109268,30036.00116413116,905.1975513181669,-12.239870619486,59994.51356198625,1.0
676,1.0,6594.502840167648,32619.672679061325,911.9134178692877,-11.94288967261677,59991.391861197815,1.0
677,1.0,849.0146223772198,35692.60823796506,928.6412983658237,-10.336978963905878,59998.718349295,1.0
678,1.0,4283.717462142717,26473.65677213146,898.1157243076486,-12.76366389306665,59987.52820812433,1.0
679,1.0,577.1783206025416,33974.97492138943,919.3306663513316,-12.03979975666564,59976.862329279036,1.0
680,1.0,6700.159731495093,35083.07582344098,925.3485522781186,-10.662423985841414,59982.781468773035,1.0
681,1.0,5968.160356257903,32501.46172956629,911.2634648684289,-10.672740478889331,59999.61652766691,1.0
682,1.0,1067.9190381102337,34282.758992348994,921.006336990263,-11.299883241519217,59988.26264729643,1.0
683,1.0,4850.2296833716,28215.872807205746,901.5871316347201,-12.441728886765713,59995.75039495828,1.0
684,1.0,6047.648823277689,38424.31738008674,943.2494672630855,-9.5111477827527,59986.15052483751,1.0
685,1.0,6249.634297017389,33973.509137693174,919.322678482504,-11.70102973389404,59976.79652629331,1.0
686,1.0,573.4313588325218,27240.85023926855,899.6462597919879,-13.052005936714849,59983.400097166705,1.0
687,1.0,5989.60169394138,31347.436105381075,907.7887537868633,-11.527304368141408,59995.860911097996,1.0
688,1.0,658.2521423742692,34834.24877310929,924.0008134609252,-11.49329273985739,59958.32251016538,1.0
689,1.0,646.7981609660136,34744.04611138169,923.5117309857319,-11.492223318226928,59996.83628831056,1.0
690,1.0,6775.297766926516,27299.625376286604,899.7633924804001,-13.540232801538297,59978.22144564113,1.0
691,1.0,5965.059803718572,29494.831461216712,904.1258040764095,-11.971264354293647,59989.80057733573,1.0
692,1.0,590.3850089099573,31616.59374647278,908.3195241099377,-11.611418542770211,59983.002313960205,1.0
693,1.0,634.850580825074,34735.18834343459,923.463689098653,-10.431588532303392,59992.65927155879,1.0
694,1.0,624.2403609182281,35845.83126962288,929.4670890393079,-10.105784796416163,59974.217114698666,1.0
695,1.0,556.3601611377916,33972.866284249176,919.3191751942674,-10.562385090031011,59994.41547523141,1.0
696,1.0,6678.8618624808605,34623.4114939817,922.8572185031318,-11.240544836147135,59987.78895804945,1.0
697,1.0,5761.5193301630225,33997.91829845308,919.455688024183,-10.667190401345502,59986.61950875888,1.0
698,1.0,933.7703072426225,30294.865264621716,905.7097002895589,-11.383515262706005,59978.791213709665,1.0
699,1.0,697.7174176076339,32079.533878701513,909.2315981279536,-11.442702590103623,59987.79576526802,1.0
700,1.0,866.9125650257752,28884.92519949851,902.916186147196,-11.629885621092308,59993.42797024241,1.0
701,1.0,1751.3442530633324,29917.42044006868,904.9628349410203,-11.2007050507906,59993.98923930311,1.0
702,1.0,558.9070187067339,34104.52927061454,920.036391482815,-10.831147978302988,59981.89635269161,1.0
703,1.0,583.7638986762519,34049.55179440665,919.7369807302466,-9.89537565694233,59996.46537751817,1.0
704,1.0,6783.090187161138,30953.237048792318,907.0107643855255,-10.059362808813798,59977.08939635277,1.0
705,1.0,1911.491394495173,38874.266919578426,945.632799821444,-9.88653226510916,59970.22358162266,1.0
706,1.0,772.1624143521805,35773.11505381843,929.0752837453887,-10.567565263008111,59990.75924892744,1.0
707,1.0,6618.629733050372,35688.04892616797,928.6167142417902,-10.255248722849405,59984.017995166934,1.0
708,1.0,948.1608679405405,26758.62760904711,898.6845826221561,-13.741488440087364,59998.03739197978,1.0
709,1.0,6374.296635980247,32156.219423241633,909.3825811583267,-11.6652884295976,59991.19660655915,1.0
710,1.0,668.9040370633918,34103.26640892421,920.0295150107597,-11.310357923735166,59971.44983486583,1.0
711,1.0,6313.244971061389,35053.12513885552,925.1864378424698,-12.389069723667829,59978.4447948389,1.0
712,1.0,640.6619941012331,32106.209637926564,909.2841221933526,-10.496095698334813,59991.08717475435,1.0
713,1.0,5856.003223385985,28708.443639472804,902.5658273580982,-11.53765495077427,59990.48182957791,1.0
714,1.0,543.4605738083108,32082.990732651124,909.2384048038588,-10.836935181356388,59993.90009982856,1.0
715,1.0,5681.678411148567,32682.80387304949,912.2603292351487,-10.020853191564946,59995.18096613882,1.0
716,1.0,914.9623115657313,35614.783971543955,928.2215704381175,-10.10627362520028,59981.44321661004,1.0
717,1.0,986.3799648648165,34902.061001728405,924.3683146248221,-10.072557729370926,59993.44051503612,1.0
718,1.0,842.3572965203732,32989.10661703779,913.9415228245703,-11.049823377748321,59996.208142481366,1.0
719,1.0,6326.554393557252,34778.32472191584,923.697623129042,-11.9973557307969,59982.98990606326,1.0
720,1.0,6545.044259775367,29522.75997217471,904.1811499974331,-12.517582486573415,59981.99332025132,1.0
721,1.0,5842.110257998402,32592.049229537704,911.7615809574487,-10.161628673884726,59999.14907640055,1.0
722,1.0,6197.804522896683,33793.91044193522,918.3433919534866,-11.587883937900282,59991.08608161452,1.0
723,1.0,6578.856110906567,28886.039872274578,902.918398549996,-12.227989975345242,59970.9909174933,1.0
724,1.0,4499.208328076201,32916.05496154542,913.5408622350609,-9.962483714408018,59987.399050048574,1.0
725,1.0,1084.2850228806822,35729.93987205873,928.8425673200419,-10.374178058722745,59993.97957163955,1.0
726,1.0,5980.7329621009185,35940.91130463685,929.9791313022673,-10.036177510008978,59995.607716709215,1.0
727,1.0,878.3644489711987,34843.170039213175,924.0491701090168,-13.181099282837133,59975.89670113593,1.0
728,1.0,5815.923837574754,29040.192685269147,903.2243014572276,-12.121921402793513,59989.55572332621,1.0
729,1.0,745.2714863557082,36430.64382649869,932.6118340218197,-12.28836369080819,59985.73307956784,1.0
730,1.0,5965.411079267094,31881.64730789028,908.8418547303488,-11.716523445164999,59985.667272614905,1.0
731,1.0,616.040333724715,34040.53278793883,919.687852861481,-11.809050794644454,59987.75262884815,1.0
732,1.0,1430.0349232867866,30581.126649142567,906.2756680606594,-10.68780800285098,59981.04437221625,1.0
733,1.0,691.2841596200162,34359.932926509915,921.4259923882111,-10.459351395628865,59991.2152019976,1.0
734,1.0,6623.254534128088,27786.941179252142,900.7338921302543,-12.69536549201803,59997.29347303365,1.0
735,1.0,585.8609393479369,31488.75475149681,908.0674739296086,-9.687421962584526,59995.369993648936,1.0
736,1.0,6771.4425842565015,27454.522018521493,900.0720019062489,-12.70272101770305,59981.2733949498,1.0
737,1.0,415.0613387984737,34039.588270797576,919.6827077763963,-13.25301627587421,59982.29391875976,1.0
738,1.0,938.4402514672946,35385.302771240225,926.9827484424063,-12.530302910878877,59998.85307205605,1.0
739,1.0,785.5021319285911,31756.864057845025,908.5959920966907,-11.915955581453932,59971.876709676246,1.0
740,1.0,553.2506783756644,32208.35858940877,909.6498041682509,-9.987752852192454,59987.51359451282,1.0
741,1.0,6605.078369845181,30508.047549375755,906.1312216983486,-12.556391585557462,59981.718602332396,1.0
742,1.0,817.8978990456629,31174.992580453887,907.4485139424756,-11.599490621201282,59993.11063265635,1.0
743,1.0,852.5821170869626,35789.362258540925,929.1628410976313,-10.095175984082628,59992.69587280772,1.0
744,1.0,540.9518026887899,31167.012168087076,907.4327646496783,-11.091386573546652,59978.60489162757,1.0
745,1.0,5496.612693090892,31005.821182595268,907.1145883031331,-11.26549529904865,59986.75298744546,1.0
746,1.0,5888.415632770877,33067.20486183189,914.3696577409991,-10.534044378543216,59986.89810080814,1.0
747,1.0,661.8788750991171,26781.216426724914,898.729656809221,-13.440095388967046,59999.82649825369,1.0
748,1.0,6736.624308685767,34166.60006956918,920.3743096601802,-8.940291611641769,59993.312934383386,1.0
749,1.0,753.8480058743048,34677.6535886887,923.1515736739461,-10.436246752942303,59990.22341962846,1.0
750,1.0,1213.6197214649947,33706.39724296802,917.8658156719018,-9.861204241303408,59978.659821861824,1.0
751,1.0,608.4664329669523,33796.20841982656,918.3559289362403,-9.439257371650305,59993.926725949044,1.0
752,1.0,4907.467974499721,28032.532638068482,901.2225405241868,-12.583830912643945,59982.31939169454,1.0
753,1.0,492.68907695719366,29724.56019736844,904.5809424275111,-11.717657523686956,59981.465063383264,1.0
754,1.0,892.5328756545694,35460.13246178258,927.3868976095542,-10.727098594868933,59987.48498928331,1.0
755,1.0,6015.673192322395,34287.95719626452,921.0346100390295,-10.532913675250782,59996.42355520563,1.0
756,1.0,6345.4562288422585,28257.848800882046,901.6705816054571,-12.428185447592785,59976.82039908921,1.0
757,1.0,6764.751916117751,29405.920222841047,903.9495829143946,-12.236941028017021,59979.7265917052,1.0
758,1.0,5185.943020367343,34069.75908103753,919.847042795515,-13.175347487362236,59997.60438640682,1.0
759,1.0,694.7899174626519,27007.65081720271,899.1813461439847,-12.887581245319042,59983.49105509176,1.0
760,1.0,1162.4988796393407,29233.51638827713,903.6077683670627,-10.756330769246794,59974.573898464594,1.0
761,1.0,639.0796044264644,33857.14785768669,918.6883279869086,-10.93682356748313,59995.14041974235,1.0
762,1.0,870.9898660398928,33872.16878666659,918.7702414006138,-11.19294384615445,59976.38228449249,1.0
763,1.0,489.1617054388248,34355.32529383235,921.4009427137439,-11.861989785452796,59995.23344957895,1.0
764,1.0,5820.3284837420915,38099.4841673842,941.5249029365361,-11.681451004202865,59994.16763406389,1.0
765,1.0,8420.03758311725,29261.54506327434,903.6633491659425,-12.494729698013831,59978.03093036204,1.0
766,1.0,5759.501393153452,34185.01956460349,920.4745616688518,-10.674675010934052,59999.296115160156,1.0
767,1.0,785.1884044928494,33434.68454767683,916.3813579388426,-11.060111523421309,59994.708180244736,1.0
768,1.0,6570.126396225148,30581.680657264948,906.2767629990271,-12.363327294244618,59984.80801608675,1.0
769,1.0,3280.6969646701236,35069.968398233366,925.2776092400204,-10.932574607553994,59991.875138674484,1.0
770,1.0,5215.064741656663,31422.480127560073,907.9367739084962,-12.035811922067323,59990.009308007306,1.0
771,1.0,928.8897803697698,30940.51791702048,906.9856492536488,-10.598218337748309,59992.16803586442,1.0
772,1.0,7246.513739677758,32324.32915270388,910.2886324301288,-9.977744315363394,59983.746057054785,1.0
773,1.0,5603.12551160702,27433.501793459975,900.0301291952625,-12.985139411070387,59984.8884440013,1.0
774,1.0,6450.533128904982,30827.274843296374,906.7620049867428,-10.89468341855821,59975.43646787388,1.0
775,1.0,866.0765572960712,31815.352172664043,908.7112417371204,-10.394695097215498,59980.07441925218,1.0
776,1.0,2070.08593285839,27256.361661744493,899.6771741221221,-13.079940123536861,59987.76214800011,1.0
777,1.0,6586.551426050763,32837.064770353354,913.1074228930488,-9.498570011246555,59997.15115766755,1.0
778,1.0,673.5161201973021,27989.84128861467,901.1376201292129,-12.6524882009363,59998.31945537054,1.0
779,1.0,6821.988564389341,33006.53964078294,914.0371090296575,-9.064716096278914,59999.00074026983,1.0
780,1.0,447.5759639419274,30370.38792578122,905.8590555116301,-11.865553492437508,59963.022854615854,1.0
781,1.0,844.345471971622,36207.433956151486,931.4128759587334,-10.387698717354906,59977.2403233685,1.0
782,1.0,508.3149832208959,32456.057722872632,911.0136927702761,-12.30111484162936,59993.00011880378,1.0
783,1.0,12230.403774146424,29211.38134346016,903.5638718624606,-10.825524364539472,59995.557338966486,1.0
784,1.0,951.4120569808806,33823.27989479428,918.5036080994857,-9.849008982277487,59984.55606022794,1.0
785,1.0,441.00337877528085,30185.04756365726,905.4924722070798,-12.22756642554007,59995.696016815484,1.0
786,1.0,6653.780154732294,28659.581125687073,902.4687959253351,-12.41252780784272,59985.38310671895,1.0
787,1.0,13473.739353954417,29985.04805220539,905.0967042462001,-11.559484119774826,59988.39498049379,1.0
788,1.0,1092.6486125382758,31288.182569823366,907.6718600019333,-10.285205956105646,59992.42683984453,1.0
789,1.0,611.465780683935,34847.132830462135,924.0706490865849,-10.138041970854244,59994.95532559608,1.0
790,1.0,951.585839891881,28212.404477336117,901.5802360603134,-12.11449662124464,59999.342035265014,1.0
791,1.0,488.5773034492561,33743.678837730746,918.0693004457061,-13.179888983453415,59970.11079812301,1.0
792,1.0,477.9802626925719,32136.376821912367,909.3435166242306,-11.923250471655066,59991.467379627844,1.0
793,1.0,4962.688150823295,34472.46039253938,922.0375323175813,-10.477815007877325,59979.35344927272,1.0
794,1.0,1352.830055296538,31944.690479979643,908.9660408643747,-11.434688566850506,59991.645217985795,1.0
795,1.0,12635.934430126379,28299.19768576765,901.7527762355754,-12.20301927485684,59990.97205695493,1.0
796,1.0,6747.881240222862,28382.012215614224,901.917371869849,-12.072944834226805,59985.75630823326,1.0
797,1.0,631.2406854901882,31596.84125490689,908.280584889709,-11.632574583223988,59981.15620818726,1.0
798,1.0,5444.09434772817,29135.258728634963,903.4128927914829,-11.77216953424816,59989.30736707522,1.0
799,1.0,6450.018667663583,34437.64856785121,921.8483901827242,-11.69652684414681,59982.203348859315,1.0
800,1.0,12294.253153463545,27402.183648868882,899.9677386963463,-13.080969460021551,59982.13988373547,1.0
801,1.0,3587.5983948793355,33715.94275844458,917.9179200861644,-10.001929149787877,59976.4338416491,1.0
802,1.0,1209.395781593529,28154.512227704938,901.4651284498069,-12.695325722107766,59984.316802392736,1.0
803,1.0,670.5434379495141,30448.9670295445,906.0144253355293,-11.017168513905279,59985.82729935981,1.0
804,1.0,644.28333201205,29990.957468832745,905.1084009001225,-12.20477734045132,59991.77248779149,1.0
805,1.0,302.46924826888534,33659.29520214519,917.6086625068502,-12.36537757626066,59939.96129820906,1.0
806,1.0,6146.852537823551,29694.03467300511,904.5204803677441,-11.142637322269431,59998.04849841271,1.0
807,1.0,578.3453385300357,32638.17290989439,912.0150926152081,-11.497724695207886,59990.22290251954,1.0
808,1.0,5589.014780151391,29221.113869562643,903.5831729537637,-12.020247713591365,59994.047611965856,1.0
809,1.0,7392.169647526277,33390.89782862488,916.1418995171529,-8.982385261511412,59991.42807190148,1.0
810,1.0,6460.809999373996,30186.841282678284,905.4960208035792,-10.635468568734133,59987.09730138015,1.0
811,1.0,6229.115913591404,35091.70953550761,925.3952785213462,-10.502715983304384,59996.382993070016,1.0
812,1.0,569.086384095632,33970.31037598618,919.3052464010082,-11.49785708475818,59990.864025814706,1.0
813,1.0,6522.844600275683,28701.07164283679,902.5511887723425,-12.032697695866213,59992.99903042509,1.0
814,1.0,12482.557126801648,27893.51603558081,900.94597914962,-12.542215465851317,59992.69002016674,1.0
815,1.0,600.3397164091606,34642.646233864754,922.9616108367837,-11.013302302518444,59972.4899553596,1.0
816,1.0,372.07908501205134,38228.71806812454,942.2114146690626,-11.664804062274008,59972.95333923903,1.0
817,1.0,6425.400085475744,33755.59055655985,918.1343051847962,-9.807878938085388,59979.754112059476,1.0
818,1.0,1270.8954270394595,31945.77039316876,908.9681679714862,-9.588571713594224,59999.614280927264,1.0
819,1.0,637.7992633779375,32267.902376143174,909.9778622993541,-12.02836559429754,59976.422637683325,1.0
820,1.0,11171.51280960093,33327.872543083984,915.7971145867765,-10.426773158735873,59986.10418934173,1.0
821,1.0,563.9002581901053,30841.536988960568,906.7901748362195,-10.284607686126906,59994.431136988904,1.0
822,1.0,5892.7617044064555,35378.440515238755,926.945676652828,-9.466375178048931,59991.987257444125,1.0
823,0.0,14400.0,736851.9139811113,6933.026387909216,-5.185667507004079,1287261.0539096317,0.0
824,1.0,11516.824358931033,30878.206104494246,906.8625971744239,-10.80243695356414,59984.32877186029,1.0
825,1.0,592.8274084071959,32447.77906255444,910.9681432461952,-9.870501190543923,59991.96042887209,1.0
826,1.0,499.1510300315938,35719.7626240558,928.7877024855578,-10.883130713484812,59978.08125036062,1.0
827,1.0,6166.04227237191,29813.377660127768,904.7568373552646,-11.473281994961798,59990.85904898517,1.0
828,1.0,406.532023769828,31715.00810374684,908.5135055200187,-11.741719539956799,59955.349947987444,1.0
829,1.0,544.6787625510523,28924.942147877035,902.9956079163871,-10.81679046260519,59976.42456769842,1.0
830,1.0,1608.4640223355946,30790.299807308846,906.688969154223,-10.31938482121094,59994.627436637216,1.0
831,1.0,5967.17223766787,34467.93081992769,922.0129242270543,-10.891002270169135,59991.377992705275,1.0
832,1.0,1063.9971099612526,33515.57939881539,916.8235781572979,-9.666743332875257,59978.00936022412,1.0
833,1.0,1080.779084555256,34398.18923502601,921.6339474409201,-10.504567904673609,59998.26284780708,1.0
834,1.0,7158.229290010422,31953.325620469193,908.9830493580909,-9.82433192555294,59979.48082612095,1.0
835,1.0,638.3094848563474,33495.30501582288,916.7127671926092,-11.3228635069612,59998.132589977875,1.0
836,1.0,2608.2651500256798,31209.023288653214,907.5156698181844,-11.71135359857826,59992.17600649004,1.0
837,1.0,707.4051058423386,32337.57439623289,910.3615643596614,-11.844830288268987,59980.66228148673,1.0
838,1.0,740.6012895976743,31557.917446973835,908.2038465619411,-12.327342358624625,59995.70067225145,1.0
839,1.0,5502.126169092734,33010.7255099794,914.0600588093406,-10.455423200983464,59995.99322986893,1.0
840,1.0,8998.11948146473,29879.784029797735,904.8883236122085,-11.717317056603195,59986.3811341225,1.0
841,1.0,619.6583786696384,31390.389781390095,907.8734808809023,-11.712567883563262,59988.09689014659,1.0
842,1.0,623.5545345070409,32348.14585007272,910.4197692633326,-9.35769104140753,59993.02506644674,1.0
843,1.0,1894.5083773851147,28098.359718373227,901.3534639400033,-11.362999159165668,59988.84410819758,1.0
844,1.0,515.7462479042371,33735.686637505234,918.0256826226807,-11.344709613580852,59974.666889201435,1.0
845,1.0,6583.438976162289,34640.000568504525,922.9472528056932,-9.161588802500635,59990.8166891635,1.0
846,1.0,6586.55363967191,36691.192017638365,934.0093001314499,-9.946098018662491,59979.33979070598,1.0
847,1.0,1045.7909629861747,34840.96223432712,924.0372032168323,-10.204547460036892,59994.477796362735,1.0
848,1.0,513.3716423503363,27817.98236949339,900.795670873535,-12.53519122172924,59995.28873167227,1.0
849,1.0,13067.28266704095,29973.230622502582,905.0733131980908,-11.683942854932315,59985.92604218621,1.0
850,1.0,6613.806207401782,33619.436148135566,917.3909930920662,-10.385762234706746,59992.081705619516,1.0
851,1.0,849.7488741155407,34237.20448385183,920.7585267545652,-10.820134687637804,59998.091588503514,1.0
852,1.0,1542.004417376167,30551.134949800675,906.216390386309,-11.828501235563856,59983.63380190116,1.0
853,1.0,5770.594755583077,35758.534022522326,928.9966981161089,-10.711304717183106,59996.58302459471,1.0
854,1.0,6249.044216795434,27440.908185192537,900.0448831302429,-13.070130192285811,59981.012766283566,1.0
855,1.0,6172.02507581581,32435.09299178611,910.8983393229944,-11.678912480144506,59990.75560698663,1.0
856,1.0,6397.624499770626,29358.946081863895,903.8564647966915,-11.821135336483,59995.35121237293,1.0
857,1.0,539.3614527653123,33744.3248677809,918.0728260909628,-12.649230182616412,59968.101261314274,1.0
858,1.0,7158.518013307505,33075.40280867082,914.4145866890805,-9.532934417087155,59978.56634406415,1.0
859,1.0,9887.857159040263,31528.067935702078,908.1449931928147,-10.064452983290565,59990.04324394088,1.0
860,1.0,512.2342959683316,28049.001962216716,901.2552983840827,-13.02890616706935,59985.38943981386,1.0
861,1.0,630.9644344278503,34013.8919408205,919.5427200703488,-11.193398935962524,59984.10502804393,1.0
862,1.0,6157.380287450994,34088.37380655672,919.9484184662581,-10.90210686694629,59986.56165795631,1.0
863,1.0,424.9907383621356,31516.42264319604,908.1220313420552,-12.392128544282329,59961.10531716106,1.0
864,1.0,609.8376878759921,26569.607997585757,898.3073078841651,-13.029217060535064,59986.1925588677,1.0
865,1.0,2015.0063966923535,25791.914854521856,896.753161443914,-14.033084726959242,59993.84065983243,1.0
866,1.0,10624.463723415354,30302.86001200285,905.725512204898,-13.05720974496791,59995.12950396027,1.0
867,1.0,6412.73150952458,36582.454522734464,933.4263481715427,-9.129901744631432,59976.29524344498,1.0
868,1.0,752.8404965191127,29294.388766519292,903.7284731845713,-11.767624576858562,59989.31956907688,1.0
869,1.0,3329.6067829119756,35585.550234628536,928.0638530716891,-10.23985940078356,59980.24054786233,1.0
870,1.0,8486.16372217845,30088.517253818838,905.3014784166177,-11.458788274720128,59986.18556464843,1.0
871,1.0,1108.4996534426987,35080.417964301916,925.334167261343,-10.472532603860172,59981.179101980335,1.0
872,1.0,795.7115355631037,34505.1016949906,922.2148443026035,-10.851108271441527,59995.79547039503,1.0
873,1.0,1010.7699681976958,34686.760533027424,923.200984569678,-10.221170340674588,59991.83394555489,1.0
874,1.0,591.5161567309489,34342.3863610116,921.3305955860734,-10.571098257634207,59999.05716476419,1.0
875,1.0,812.7606034977765,34575.80409448521,922.5987862788483,-10.121210579587572,59985.26913678394,1.0
876,1.0,6520.991223864859,34805.41791775014,923.8445210524375,-10.599946817857068,59978.219885211816,1.0
877,1.0,6642.821225190733,33112.694042910116,914.6189324466377,-9.697244689978964,59995.87536580298,1.0
878,1.0,451.9520600875275,27058.19349295612,899.2821328850414,-13.506215541490437,59990.69588770787,1.0
879,1.0,782.9584357192643,34010.13983514841,919.5222775827737,-11.176787960134211,59979.062888655775,1.0
880,1.0,601.4109702747556,31307.56814391868,907.710105237829,-9.977061003138841,59987.45275693785,1.0
881,1.0,826.2116289810215,31333.75715723698,907.761769853912,-10.769528978478608,59979.490525847315,1.0
882,1.0,5902.906213011419,33555.132164212824,917.0397158157268,-9.54416613827793,59995.64577718284,1.0
883,1.0,864.8652746718121,32372.485780203995,910.5537665392054,-10.521560679106305,59980.84287257835,1.0
884,1.0,6374.796692602174,32953.086359707726,913.7439884926065,-10.065491975977778,59972.2687461579,1.0
885,1.0,1970.665906605593,36158.253059150935,931.1484849857871,-9.440197307758556,59991.32317544093,1.0
886,1.0,6623.166748809539,32588.44518871028,911.7417687824613,-10.06940542869078,59999.292663752676,1.0
887,1.0,11813.627686245698,28233.614472034544,901.622403857195,-12.394891923788961,59992.87561193001,1.0
888,1.0,1181.9068119132216,31788.0442898426,908.6574341913725,-11.377601759980285,59978.53179446368,1.0
889,1.0,614.4593140306105,33405.90044246106,916.2239524112283,-11.897294644854298,59999.30354064719,1.0
890,1.0,6567.808387535058,37482.11481608175,938.2380194154242,-9.84052143747433,59998.208107849394,1.0
891,1.0,6342.272784727283,26167.325128379518,897.5037667733046,-13.808133716905708,59983.412340714625,1.0
892,1.0,5916.202802421538,26570.537348728612,898.3091632699865,-13.542501411529798,59986.779471992995,1.0
893,1.0,820.6686395485203,28889.537117440854,902.9253398428392,-11.908396935896013,59971.995252829416,1.0
894,1.0,716.5401871466565,36751.05965102243,934.3300924459572,-10.910922322387293,59985.311615435734,1.0
895,1.0,5966.447253439765,31238.981352821964,907.5747840720373,-10.597327317337145,59996.73012465365,1.0
896,1.0,5983.536263728878,30396.291480620177,905.9102764483483,-11.113595400821723,59998.07415419988,1.0
897,1.0,6805.4945728674475,36560.66381648754,933.3094799599793,-10.00848937720907,59993.41126251852,1.0
898,1.0,522.9108936366938,33117.63743898032,914.646017298028,-11.744272635371944,59989.81083379848,1.0
899,1.0,5757.581069623545,35410.1630823088,927.1170375842169,-10.409962610244047,59998.50886160965,1.0
900,1.0,576.0476493955105,33623.66802629621,917.4141058647456,-9.425871665045566,59997.31845247295,1.0
901,1.0,384.05781658412025,33825.66407261163,918.5166129677161,-12.914082923948818,59991.75993725035,1.0
902,1.0,1740.1176947937977,31434.253934138647,907.9599945755813,-11.01559283244178,59989.71350275243,1.0
903,1.0,5867.212688105178,31771.04919823233,908.6239451638513,-11.05447654324651,59995.98293011334,1.0
904,1.0,396.13193444177864,34215.78723130591,920.6419955848755,-11.185426962546297,59947.813275799395,1.0
905,1.0,6323.505915103467,35364.73698838501,926.871641766061,-12.07553006416962,59977.987792666056,1.0
906,1.0,1122.739403282753,30213.65579666948,905.5490672894279,-9.942932892310228,59996.92808956695,1.0
907,1.0,10705.091886731774,28966.108392390885,903.0773023702519,-12.059447912349963,59999.34566705477,1.0
908,1.0,5402.066756087257,27023.774913329227,899.2135004741116,-12.853906344606974,59993.46871123169,1.0
909,1.0,6472.507456439723,35105.91013864233,925.4721277558929,-9.067142347483864,59995.36067068324,1.0
910,1.0,479.7086856823911,31504.203728121196,908.097937724696,-11.600231158716657,59968.96766014495,1.0
911,1.0,420.28406709979595,27447.088403632762,900.0571942500718,-13.455250401346524,59921.45314243686,1.0
912,1.0,1075.892505358534,31485.092192741096,908.0602515684602,-10.138889569130667,59984.5425477952,1.0
913,1.0,842.8791667506581,30127.119454482945,905.3778618259953,-10.964889055066825,59998.0553005672,1.0
914,1.0,6010.588911252454,34874.63013166648,924.219674480023,-11.452278238339636,59994.62245197282,1.0
915,1.0,5628.584448727177,35471.90008870039,927.4504367341974,-10.27282021863208,59990.224665683345,1.0
916,1.0,6089.732113258918,30346.95804734398,905.8127230981769,-12.051220968457834,59973.84966764096,1.0
917,1.0,441.8550039637931,30125.218823151634,905.3741011584212,-12.279438667349362,59975.48400699088,1.0
918,1.0,6726.5496238440855,32422.682727804768,910.8300475562969,-9.755766167850103,59991.11730092061,1.0
919,1.0,4860.664614858698,34145.68652834925,920.2604693358493,-9.979806616588972,59976.0668411824,1.0
920,1.0,532.5300170034051,35867.05798630133,929.5814287828176,-10.525339069523017,59997.58602510409,1.0
921,1.0,512.3856850287743,35651.55928341356,928.4199348511877,-11.254866444706337,59988.58914271553,1.0
922,1.0,615.8740463009389,26989.39544207027,899.1449400785441,-12.724986426215523,59990.75830767037,1.0
923,1.0,745.4008376073199,34183.64092363728,920.4670585210172,-10.997319363935858,59962.69683475019,1.0
924,1.0,3693.4137455072682,36826.6965112726,934.7352159559186,-9.517070897381112,59980.245892317165,1.0
925,1.0,951.9275473980395,34753.92052476982,923.5652837512778,-12.759900706317053,59987.7197458314,1.0
926,1.0,6868.609552203357,29774.202813723976,904.6792599443,-11.119644261608494,59992.2974907483,1.0
927,1.0,927.2671039374086,33927.128719101456,919.0698880958774,-12.277559741873647,59978.12597438774,1.0
928,1.0,701.2635198345916,33243.65279435512,915.3361702779079,-9.756051883357777,59991.17080142421,1.0
929,1.0,6652.01780847786,35917.97810221763,929.8556544544855,-9.741217599091748,59999.84143074092,1.0
930,1.0,11690.653832699103,31252.520315309026,907.6014981603788,-11.384176681321478,59990.862705861364,1.0
931,1.0,731.732165608236,34293.65584013552,921.0656039323414,-12.789657683968269,59963.52114464401,1.0
932,1.0,931.0836738065334,31868.70247011553,908.8163528272041,-10.164240097507898,59987.89429415824,1.0
933,1.0,659.4918963770077,27331.099808325696,899.8261105695195,-12.837169687808263,59994.93911344708,1.0
934,1.0,8804.218828245237,29370.33884581722,903.8790499896596,-11.956714970426516,59999.29205769854,1.0
935,1.0,5507.024705663318,36599.388045842585,933.5171556200809,-9.95827289859485,59981.49035812838,1.0
936,1.0,1011.8152942032374,30995.91852880592,907.0950372026633,-11.076469942258218,59980.0835235992,1.0
937,1.0,5603.295473418686,35376.43629564559,926.934849013959,-11.562679937117823,59996.339003804685,1.0
938,1.0,486.03388179355693,33842.3718667567,918.6077427879259,-11.921335268187438,59990.64778002677,1.0
939,1.0,712.1230374867713,32909.55383779995,913.5051970808089,-11.019570694155659,59984.55045265083,1.0
940,1.0,623.0313606514403,37091.293493248966,936.1509863761545,-9.084975685810727,59988.975316901015,1.0
941,1.0,5798.039055432449,36492.43327468508,932.9434451503467,-9.185398759192523,59993.17050608688,1.0
942,1.0,768.6461769731305,31980.305064848617,909.0361879778084,-11.750204854193365,59985.23868772668,1.0
943,1.0,4095.9382615131663,30940.796626150717,906.986199599782,-10.302239141153965,59980.90296897567,1.0
944,1.0,7595.9052678373355,33721.219431252364,917.9467215890828,-9.962573786269456,59993.57534553048,1.0
945,1.0,6341.3834567665535,38313.51429562848,942.6615794615315,-10.018230839928329,59999.49546662123,1.0
946,1.0,1743.6738013843324,32137.667494371344,909.3460576558416,-9.80991622317435,59986.32545428123,1.0
947,1.0,442.61919030444705,31106.18743711166,907.3127171564797,-12.475368705008348,59994.18570604236,1.0
948,1.0,6745.027792735649,33735.628820707956,918.025367076742,-9.677260395428904,59978.928754672146,1.0
949,1.0,773.4331043432771,32281.082416251036,910.0504612810648,-10.712164127200811,59979.67978940567,1.0
950,1.0,6145.01634108711,28537.482569321302,902.2262798683947,-11.837222396281323,59985.53572136922,1.0
951,1.0,6653.328153685228,33858.30325413285,918.6946289665225,-10.767031976885029,59993.501806564345,1.0
952,1.0,673.5471846426549,27516.414398635916,900.1952798606254,-12.886462596669302,59995.76490569896,1.0
953,1.0,8094.288501561196,32970.761029883935,913.8409216250783,-9.530151693678503,59995.24777630733,1.0
954,1.0,753.0368220072304,35854.57838918339,929.5142080327856,-11.186739340540448,59991.64945646177,1.0
955,1.0,561.3797830641056,33265.93630701942,915.4581542516512,-11.519715471000566,59995.54089278845,1.0
956,1.0,512.8234665918793,32106.554571548557,909.284801338388,-11.6484037637482,59975.6965089682,1.0
957,1.0,635.4316799725077,33159.02332762461,914.8727373499207,-10.421393537240668,59987.11907408627,1.0
958,1.0,947.234351157125,29955.117400702948,905.0374591159645,-11.532462428363814,59993.63733281583,1.0
959,1.0,12273.965618217182,30898.64075651635,906.9029532072518,-11.158226214369598,59995.584848944556,1.0
960,1.0,11688.513217295198,28995.75147298665,903.1361238649259,-12.802763692666394,59991.713271848384,1.0
961,1.0,466.32731615865754,36222.555813951214,931.494153464358,-12.639095957537004,59990.02030240506,1.0
962,1.0,866.5273284664762,35603.13992332194,928.1587536422471,-10.161309343222493,59995.332187226726,1.0
963,1.0,3613.6805210188004,36094.18439934201,930.8039403287365,-10.222430201348025,59990.6463114104,1.0
964,1.0,1104.5688732607478,32475.62667536575,911.1213524164855,-9.435930125146243,59997.351712323645,1.0
965,1.0,1065.2757914455747,27794.843042522243,900.7496190217536,-12.839647252252439,59987.65634440044,1.0
966,1.0,867.164751678314,31332.36518685013,907.7590239162221,-12.227402714593172,59995.723914043396,1.0
967,1.0,836.1848037620229,31861.215469109655,908.8016027301608,-10.802199647335096,59986.860068601905,1.0
968,1.0,5985.120769331379,30272.083421618052,905.6646409028333,-10.584155945927648,59981.423974221005,1.0
969,1.0,462.70065929484565,34658.8694872431,923.0496493209889,-11.936705267973135,59993.84116513853,1.0
970,1.0,5638.609917284077,34303.11316585075,921.1170381928919,-9.88745452739664,59991.40346678563,1.0
971,1.0,808.6906566518285,32119.109410250836,909.3095203554573,-10.132949104900096,59967.75335726297,1.0
972,1.0,6645.893369654751,32299.467582740628,910.1517212371209,-9.557380205033676,59991.069187865316,1.0
973,1.0,477.7033391801441,35063.06790322828,925.2402584824819,-10.575899529255734,59968.08674974378,1.0
974,1.0,7161.013430597142,31128.341187223858,907.3564432869032,-10.850720795479678,59991.69791804016,1.0
975,1.0,10861.99898319232,31667.491288063313,908.4198525535044,-9.931732153882846,59996.43741650925,1.0
976,1.0,591.5476607969011,31643.053718009258,908.371683177392,-11.790706076736999,59996.2613702817,1.0
977,1.0,6439.209180318421,36077.57865394309,930.7146169904233,-10.711530804965081,59997.765453948756,1.0
978,1.0,494.37735961316616,27461.908711383407,900.0867158189554,-13.082396565304368,59967.50247033928,1.0
979,1.0,7548.085797587478,27427.826225940567,900.0188229693496,-13.021365836824174,59986.02406716891,1.0
980,1.0,506.50564588662587,28379.774199518855,901.9129242164382,-12.053695804475016,59999.99280023594,1.0
981,1.0,413.1857710276575,29896.57805725178,904.9215727426696,-11.779568666297255,59896.74209659716,1.0
982,1.0,636.8867364933449,35304.132260236605,926.5441429796387,-10.91818862731075,59983.5659321765,1.0
983,1.0,699.0441655677697,31508.07617641566,908.1055736116992,-10.283956837407922,59988.273515572844,1.0
984,1.0,5140.201327973581,34108.810605052066,920.0597035907836,-9.244178200049179,59996.80879794788,1.0
985,1.0,6691.47828807209,30712.051525038678,906.5343851543895,-10.260640511972218,59985.60108390962,1.0
986,1.0,627.1856812922391,32665.65752079509,912.1661222766469,-12.405277368592817,59953.11716896437,1.0
987,1.0,502.76829687086956,32315.09124294752,910.2377623370714,-11.030090646283208,59983.33604632485,1.0
988,1.0,5036.873330406405,36306.21609818259,931.9436787392025,-12.469944994425923,59971.99758700421,1.0
989,1.0,6145.881830273413,32622.909061853574,911.9312054483744,-9.753413938175974,59987.655582233165,1.0
990,1.0,9597.137678542906,27307.103034272983,899.778293421066,-13.172756155242611,59982.26247663286,1.0
991,1.0,6334.125058173692,33731.16475192492,918.0010032449761,-12.221448519379425,59971.27688664372,1.0
992,1.0,6040.207091456454,34055.10002163095,919.7672013760528,-10.536822485861755,59991.09033700069,1.0
993,1.0,6108.462341405496,35715.99995535408,928.7674173360293,-9.691808547643904,59991.65115938409,1.0
994,1.0,657.2090189610017,34159.38439562834,920.33503368977,-10.938037263375696,59998.08971452363,1.0
995,1.0,6522.4714274399275,33537.30948795592,916.9423297304186,-12.147914815307708,59962.971008890054,1.0
996,1.0,373.96738332282433,32687.2141075604,912.2845586690287,-12.234657717713937,59963.42838790684,1.0
997,1.0,730.3999593047612,29517.294514329795,904.1703194061199,-11.22530326547674,59990.7413036898,1.0
998,1.0,6506.690929086284,34758.09526515834,923.5879240004843,-10.214503992301236,59999.754849847224,1.0
999,1.0,6607.935772306623,34744.201276499414,923.5125725315211,-10.781290337070903,59994.35979634551,1.0
1000,1.0,6260.130643608678,31116.177284264173,907.3324349906359,-12.178318605813708,59971.32164688645,1.0
1001,1.0,713.3477272313886,31728.009013950472,908.539127656795,-10.84309186473016,59995.108583610774,1.0
1002,1.0,1016.9210066678424,30846.16328117414,906.7993122333627,-9.629664954802347,59975.789118526045,1.0
1003,1.0,6137.072783539469,31405.73550987795,907.9037484829701,-10.281155941910637,59987.40933774841,1.0
1004,1.0,696.7024444930744,29156.475024075236,903.4549753864806,-11.973715300074927,59991.56669146993,1.0
1005,1.0,5766.611642913651,37983.86433766767,940.9102633213506,-11.28173970212761,59990.58559214422,1.0
1006,1.0,6684.992377413851,36418.23096415004,932.5452017717032,-9.798207438676132,59998.229375314535,1.0
1007,1.0,748.7171143440096,33934.28361865701,919.108889712114,-10.533180561681537,59991.408081552334,1.0
1008,1.0,697.4600640331221,28375.458517558844,901.904347506055,-12.042321079262317,59999.13619450442,1.0
1009,1.0,6505.104445476478,32595.30814162826,911.7794954968431,-11.875239897224045,59968.14253554613,1.0
1010,1.0,806.9666898689264,29036.834710327603,903.2176391079395,-12.588902457730612,59995.460539296204,1.0
1011,1.0,6377.234010721825,36721.42011212414,934.1712876544494,-10.273047563905765,59977.08126933224,1.0
1012,1.0,611.3177863980782,30116.391077681314,905.356633982882,-11.900293488401777,59995.67104886808,1.0
1013,1.0,6494.317994201925,35260.38004918897,926.3076368170664,-11.071677908802126,59959.10538924445,1.0
1014,1.0,1928.9682684466882,35026.059687263565,925.0399145982506,-12.832191206216168,59990.591185182624,1.0
1015,1.0,700.8697789556164,32733.178312156248,912.537041614612,-10.217455676563718,59994.36615378878,1.0
1016,1.0,1079.0564568924633,29870.037115994954,904.8690258490054,-10.711695042455267,59989.14057473884,1.0
1017,1.0,5908.240938058507,28390.671049558463,901.9345795049252,-11.889354946894612,59995.84148463263,1.0
1018,1.0,1610.6119008905055,34473.61567247054,922.0438085679388,-10.178598622557725,59997.52134701833,1.0
1019,1.0,766.2476501326713,27466.96740641033,900.0967923211597,-12.931350839853483,59990.56981097033,1.0
1020,1.0,596.946205238304,37499.41235181108,938.330277183437,-11.271198141188128,59974.76735860207,1.0
1021,1.0,4123.360322668539,33416.43076180879,916.281540635066,-10.124018660595722,59981.77442233675,1.0
1022,1.0,8047.8751337434705,29491.29009591058,904.1187858773263,-11.580047470721752,59989.87736747972,1.0
1023,1.0,556.3771648592569,38212.140591954434,942.1233819096644,-10.438420995112494,59988.530239080595,1.0
1024,1.0,12934.97491221452,31487.626977340165,908.0652500290147,-10.903908432901552,59980.346422509705,1.0
1025,1.0,2474.4236839308755,32196.43165832258,909.5840774543317,-9.973054632015895,59979.20010300637,1.0
1026,1.0,618.8717828238437,32207.664192216143,909.6459776338161,-10.638334156247723,59992.171690531475,1.0
1027,1.0,1183.2618060711716,32705.01904733716,912.3823705328073,-10.20118343670776,59992.55225814533,1.0
1028,1.0,574.2999638134825,34950.50125537261,924.6307372215621,-11.188950392627747,59985.14878858667,1.0
1029,1.0,867.8263332547903,30080.133039798267,905.2848873301588,-11.484700210283032,59979.29958605181,1.0
1030,1.0,5811.0334305030565,36457.72529369902,932.757189929971,-10.304111381822029,59991.73675326704,1.0
1031,1.0,741.5043520185948,35771.36337604732,929.0658433088099,-9.813924673915706,59969.11866416767,1.0
1032,1.0,2721.7471297269335,30590.12620499074,906.2934545420799,-11.739172825819663,59981.865514784164,1.0
1033,1.0,739.8428106166749,33710.15010725166,917.8863011387198,-12.261175467001754,59998.15124006942,1.0
1034,1.0,6143.878692741387,34695.80635163867,923.2500610627134,-10.595635572873158,59998.28885349462,1.0
1035,1.0,7218.77471292906,33090.074621860535,914.4949899429361,-10.047707952477385,59994.386067312014,1.0
1036,1.0,627.5990995801131,32472.64192948848,911.1049325410852,-10.8767521196074,59983.662233890434,1.0
1037,1.0,708.6956505428961,28290.970143278973,901.7364219465196,-12.49867237353277,59994.592040887124,1.0
1038,1.0,5395.077774642149,31447.813396279176,907.9867361262205,-10.740946030518122,59993.73758665065,1.0
1039,1.0,5494.116419386637,31884.937428175537,908.848336282342,-9.885866618279314,59984.06010343498,1.0
1040,1.0,5998.323946145764,33767.30035504289,918.1982032804533,-10.770873108449695,59986.107070511905,1.0
1041,1.0,668.2207480230439,29162.652960298106,903.4672289231785,-12.313523076189032,59991.18330424383,1.0
1042,1.0,1249.5251758893448,30953.298791330555,907.0108863000856,-11.678014250484932,59982.88504471239,1.0
1043,1.0,6705.129035135481,30666.513792928334,906.4444088560849,-10.67256787966014,59981.400665002206,1.0
1044,1.0,6440.717425996771,31416.994110689146,907.9259539835381,-11.103353640972452,59976.003733262296,1.0
1045,1.0,815.5833859038775,28131.87410488064,901.4201123285268,-13.269546899513102,59995.602799146516,1.0
1046,1.0,793.9706455622157,29296.86499220816,903.7333829423546,-12.811798459938466,59982.24012858645,1.0
1047,1.0,1078.1880481931287,30751.304793029558,906.6119360199559,-11.337427421452084,59978.40919268614,1.0
1048,1.0,7255.202661019641,29376.972324650895,903.8922000044976,-11.663238645644878,59981.041051858745,1.0
1049,1.0,2575.3462575165277,34382.34014507941,921.5478003687998,-10.122960369370448,59979.95485663549,1.0
1050,1.0,6253.930440360669,27951.21258738109,901.0607731604072,-12.959422798650571,59991.446381049376,1.0
1051,1.0,492.0212857169415,32740.55402458835,912.5775498127227,-12.545597039747188,59983.44238751758,1.0
1052,1.0,720.0957782153992,30849.452801207433,906.805809305575,-10.808788510935925,59997.229780070535,1.0
1053,1.0,9224.710339798856,29467.99755965843,904.072623694855,-12.185928487164617,59989.01258900035,1.0
1054,1.0,10339.30406275602,30606.212783019997,906.3252466300866,-11.592684596258337,59986.50943093054,1.0
1055,1.0,312.1583621687172,34241.98845613052,920.7845542033605,-11.582850792824436,59989.34270735716,1.0
1056,1.0,821.2346146809199,36688.920920845645,933.9971284904681,-9.56290960660818,59976.05178796776,1.0
1057,1.0,6019.96037333298,33892.046281432995,918.8786272368518,-10.419884493711422,59989.87113135809,1.0
1058,1.0,4671.3323305324,29455.823886378268,904.0484962967655,-11.996334492057025,59999.04267626553,1.0
1059,1.0,540.201211641129,32710.239161036858,912.4110452615565,-11.154777676776009,59989.98029265921,1.0
1060,1.0,651.254589677007,33608.64040135142,917.3320284004967,-11.70649558539743,59972.096914943584,1.0
1061,1.0,5968.414971240017,31714.788332902506,908.5130723894985,-10.403251221501804,59981.000830577446,1.0
1062,1.0,6606.354638377226,32351.551612123498,910.4385200655812,-9.794516193316698,59982.77792652004,1.0
1063,1.0,382.2688740745567,35680.96079093105,928.5784931650364,-12.743223011128485,59999.7484008764,1.0
1064,1.0,571.7105303585803,28122.926068535162,901.4023183657097,-12.368205894417008,59978.74094672181,1.0
1065,1.0,1174.5447243779445,28018.142087008346,901.1939162780632,-12.700524948180504,59977.76767845963,1.0
1066,1.0,4925.2226212223495,30227.450647232283,905.5763559150693,-12.35584287070019,59983.68344760389,1.0
1067,1.0,401.5361557052007,32669.882628184223,912.1893371741626,-12.147051385514738,59961.05078888581,1.0
1068,1.0,441.9902705720088,34148.665893439924,920.2766880539523,-11.237291743620716,59998.23706026079,1.0
1069,1.0,791.2486787263624,32606.27041890605,911.8397534256983,-9.870749472469612,59993.037899904055,1.0
1070,1.0,2135.622192512479,31795.731525005052,908.6725815145785,-10.350511880022122,59984.87954969251,1.0
1071,1.0,556.515096180205,32038.81414877078,909.1514150526677,-11.440123949517572,59991.43346467013,1.0
1072,1.0,10999.170181978008,31079.817497937263,907.2606661486726,-10.829856763929731,59980.0869576431,1.0
1073,1.0,603.8528217318745,35121.57443085002,925.5568902218821,-9.627116101615997,59992.7771887549,1.0
1074,1.0,12974.786346720266,30026.459037039633,905.178666391701,-12.222311845463784,59976.48689093905,1.0
1075,1.0,5223.60506791584,32987.162951915336,913.930864952601,-10.991093669471558,59998.86763291906,1.0
1076,1.0,4687.551281871292,26769.487318834665,898.7062526303189,-13.418847861546094,59992.38510733213,1.0
1077,1.0,656.0231131605027,27739.253614609646,900.6389740425693,-12.370632222662273,59991.192967298615,1.0
1078,1.0,6106.553868904172,34720.55773000825,923.3843312568241,-11.044077247456674,59998.2458575237,1.0
1079,1.0,5802.865822199989,27919.877168014646,900.9984297653972,-12.665558741423242,59992.169693906835,1.0
1080,1.0,1183.9423926145698,32947.22924920314,913.7118639749228,-10.097602503850222,59983.54037230247,1.0
1081,1.0,589.5702187211509,33236.82020581335,915.2987640269138,-10.493688447920638,59984.699954829084,1.0
1082,1.0,9184.068798911409,30658.93488968028,906.4294329936976,-10.975979782820973,59985.22983961267,1.0
1083,1.0,935.2755173671172,30795.80797850023,906.6998497288793,-11.846807146548814,59979.056214670076,1.0
1084,1.0,670.8938734767277,33659.061696326666,917.6073874949898,-11.630451797624778,59970.53951153354,1.0
1085,1.0,607.807939119731,32287.130095897694,910.0837713857125,-10.782271444428698,59993.95553599432,1.0
1086,1.0,696.1084265519755,29842.336340158163,904.8141789446786,-11.906260618698616,59991.500141586694,1.0
1087,1.0,6109.233758887224,36448.51811704525,932.707774403723,-11.012913639380187,59975.43914439751,1.0
1088,1.0,510.727770382303,31833.412505996,908.7468258767083,-11.74170078832709,59979.04550130072,1.0
1089,1.0,6298.61823172318,39805.34863623846,950.5446010224731,-10.456541883875268,59994.582144159824,1.0
1090,1.0,1902.4604524166868,27746.4287858265,900.6532563475122,-11.605964646332447,59992.79545042415,1.0
1091,1.0,6306.857722104291,33545.349147390865,916.9862611225484,-12.197979510081572,59978.91501738063,1.0
1092,1.0,1510.353260436715,31813.588794914773,908.7077672816887,-9.697720321913959,59999.716517913614,1.0
1093,1.0,7379.539072190623,30200.68302724034,905.5234040260981,-10.692098343598493,59988.86171383778,1.0
1094,1.0,982.8961897157396,31496.516591930646,908.0827796278619,-11.507354102851338,59983.22708137526,1.0
1095,1.0,724.0361704508438,27186.708514614194,899.5383456038544,-13.36161553530013,59989.35112766782,1.0
1096,1.0,678.7107410870282,33867.38655753628,918.7441633742211,-11.224933712391424,59968.54017406058,1.0
1097,1.0,806.9714511450388,34510.491153952426,922.2441171219309,-9.761417340303112,59974.38124548044,1.0
1098,1.0,624.022621345301,33105.913567300144,914.5817808694937,-9.793821718040135,59992.68785781828,1.0
1099,1.0,664.9727967130801,28719.32974138612,902.5874434124926,-12.490867033299292,59999.63234374207,1.0
1100,1.0,565.1993413815703,28070.667610435496,901.2983897799171,-12.029175386391753,59983.460097340234,1.0
1101,1.0,504.2191518564627,35830.62433708959,929.3851663244089,-10.707038784876504,59989.8636378843,1.0
1102,1.0,6458.402521455519,34072.062637278694,919.8595885851685,-11.783101871407771,59974.8754365441,1.0
1103,1.0,700.2884793606346,29449.26131573994,904.035489419796,-12.339704084986751,59993.242336940515,1.0
1104,1.0,5825.321065900767,34334.47737867702,921.2875927945347,-10.698018032597172,59995.54127448311,1.0
1105,1.0,580.4286987444136,32996.63403085112,913.9827973289227,-9.88367556574041,59992.91184684609,1.0
1106,1.0,1332.8153053199046,27311.764547503994,899.7875824078753,-13.265140827294116,59977.52069332425,1.0
1107,1.0,6377.384314343344,33932.3283823184,919.0982318211351,-10.925652086753718,59988.24772172973,1.0
1108,1.0,802.2434640224627,28502.881278456527,902.1575401359065,-12.273647390188168,59996.828108392445,1.0
1109,1.0,781.5862140799422,28734.37125373632,902.6173097098105,-11.9564409168368,59995.62162646804,1.0
1110,1.0,834.226969009174,30710.19101557473,906.5307092435756,-11.655135691817657,59964.70493578523,1.0
1111,1.0,494.7249512946234,31013.552693470778,907.129852517271,-11.681383352821856,59994.610105765,1.0
1112,1.0,425.68368553338655,34504.90786730248,922.2137915102579,-12.071163162305153,59971.187561048406,1.0
1113,1.0,6771.347826934594,27936.22223313709,901.030949710211,-13.269356069927449,59988.83667424238,1.0
1114,1.0,5015.75834968794,26314.15300351183,897.7971436296939,-13.349431236969439,59976.66795751689,1.0
1115,1.0,848.6730495651285,36972.90316780987,935.5177984776902,-9.614693416342527,59989.60169457737,1.0
1116,1.0,5727.351097584374,34806.54980849249,923.8506575708104,-10.51108164896374,59994.735231979044,1.0
1117,1.0,7037.658029736316,32174.987738265856,909.4658921265096,-9.363413718028346,59999.379661040366,1.0
1118,1.0,660.1277941016781,35564.025639102045,927.9477088234825,-11.337195818883627,59995.658578235074,1.0
1119,1.0,6403.762108072967,33312.760167875786,915.7144208065838,-11.730353587643679,59961.09357483129,1.0
1120,1.0,4233.310422516659,29609.500843958573,904.3530196726115,-11.762979508690046,59983.52203538259,1.0
1121,1.0,1293.189808426341,39325.059963239175,948.0142567295939,-9.039695500815728,59991.882183145426,1.0
1122,1.0,621.7107346173921,29406.52472667814,903.950781167358,-12.368591746208404,59995.84867025761,1.0
1123,1.0,6903.340310449496,32253.1983311923,909.8968615255109,-9.731703691824544,59989.409233613485,1.0
1124,1.0,9832.747021450687,30058.23865945664,905.2415600367073,-11.357879472148387,59999.77961242284,1.0
1125,1.0,889.8042275955434,35542.81139427293,927.8332242007798,-11.330826111411104,59994.55794992028,1.0
1126,1.0,6724.015122496423,36485.69846303962,932.9073068507045,-9.79556122157214,59992.2847925044,1.0
1127,1.0,6514.413785702588,33968.52809022389,919.2955334444234,-10.899695154664116,59986.76123299895,1.0
1128,1.0,565.16257618061,31981.707683548906,909.0389504735011,-9.852877484593666,59981.17607619432,1.0
1129,1.0,7092.236455922321,30727.330160027057,906.5645713485349,-10.369597416618488,59976.191785147545,1.0
1130,1.0,6729.961123886441,32990.986870659166,913.9518328621846,-11.384352940169139,59974.33846328009,1.0
1131,1.0,778.1950233493486,31775.7413669314,908.6331912785051,-9.988797227299637,59987.873416264854,1.0
1132,1.0,6583.662094818688,31658.32912188035,908.401793169596,-10.053796126793964,59980.39598982156,1.0
1133,1.0,11850.913994451448,28587.883456805783,902.3263967465199,-12.107986195134552,59982.91958216173,1.0
1134,1.0,6368.815946192952,29791.775565631484,904.7140599642682,-10.646633715171486,59996.25108635976,1.0
1135,1.0,593.7190900793455,29566.228938583932,904.2672847317505,-10.635230897324261,59999.75192318176,1.0
1136,1.0,6360.743996613093,34897.2432575869,924.3422104514347,-10.340571639720556,59982.389889930455,1.0
1137,1.0,1499.79127261963,29528.907742148476,904.1933325112248,-10.568549985771272,59998.95843085513,1.0
1138,1.0,1005.9977306671304,32748.21294377178,912.6196114105898,-10.464902397567293,59992.67087336709,1.0
1139,1.0,6227.268871126535,33024.70078920747,914.1366763970149,-12.029950292906472,59998.44911275098,1.0
1140,1.0,740.064114833444,30516.15289135904,906.1472438174682,-10.6308048965341,59986.940256264556,1.0
1141,1.0,5957.246950247187,38476.062720269496,943.5238800080792,-11.897679598047645,59983.24980497016,1.0
1142,1.0,707.9892741745349,27674.384956921822,900.5098400960542,-13.343664442412809,59979.838306755875,1.0
1143,1.0,6398.34640309615,34491.76791419975,922.142417733486,-10.64626028402923,59971.76199670704,1.0
1144,1.0,1582.6275709587326,32970.755956539266,913.8408938029081,-9.765762074805352,59997.00388390389,1.0
1145,1.0,1118.6724373306145,27134.43942123329,899.4341498859861,-12.954658521528888,59979.98986013387,1.0
1146,1.0,3224.9857344974907,38205.4179113796,942.0876794217689,-9.394079999661706,59996.45823756849,1.0
1147,1.0,874.0409484278135,31510.85300987644,908.1110490654127,-12.142326935388835,59967.845289971396,1.0
1148,1.0,10621.81175611358,27496.969718902703,900.1565518003154,-12.80785565436158,59977.37920191421,1.0
1149,1.0,6376.902521883299,34311.453535987086,921.1623953108302,-10.366494532077883,59971.85396361787,1.0
1150,1.0,4208.210912874368,28709.93052679447,902.5687798398146,-12.258587974055382,59989.83507491527,1.0
1151,1.0,718.9647998184945,30873.480148278948,906.8532636746271,-11.682240900403531,59970.602264126916,1.0
1152,1.0,662.3095150724823,28884.438891230977,902.9152209204882,-11.880935990419532,59982.04470047429,1.0
1153,1.0,829.7149286319338,36852.159503092895,934.8715582888613,-9.94933666257697,59999.49060746332,1.0
1154,1.0,519.650654767841,31319.814570931405,907.7342649077315,-11.171765462871692,59982.13147135428,1.0
1155,1.0,6534.901207391932,29554.26820535646,904.2435852050636,-11.30465938253782,59998.15942835171,1.0
1156,1.0,4187.973642257657,33041.44106687474,914.2284438231875,-11.286121560442531,59992.56896142789,1.0
1157,1.0,1178.9767263633069,34486.59745188583,922.1143311505784,-10.35356159360538,59992.47039456113,1.0
1158,1.0,986.2348184360385,30642.29066226933,906.3965431180059,-10.843499723924767,59979.00839172368,1.0
1159,1.0,569.6725949618639,32721.973025814594,912.4754973685307,-10.13112315339088,59991.365976041125,1.0
1160,1.0,587.0578171786733,31916.56549590622,908.9106410220763,-10.210304786559252,59994.61493211908,1.0
1161,1.0,6465.224675891094,34903.490770726625,924.3760614492412,-11.438172047763487,59979.92423258683,1.0
1162,1.0,1242.0463393748807,34760.88419769208,923.6030484781794,-9.11900249334177,59987.30932324969,1.0
1163,1.0,4598.166688080101,31441.265488399094,907.9738226579066,-10.14360953747971,59994.947288762676,1.0
1164,1.0,7050.629065367282,31818.37258343309,908.7171929408931,-10.494820929903861,59986.53522838472,1.0
1165,1.0,652.5592065585716,34935.30658405647,924.5484293127419,-9.099399489138806,59993.78972265812,1.0
1166,1.0,6023.0118458086135,34373.65289751616,921.5005775961395,-12.131388000720504,59980.40477879792,1.0
1167,1.0,1321.4512921969133,33061.55368277873,914.3386850323568,-11.522057670640644,59993.449588894895,1.0
1168,1.0,522.881564913367,33188.146322130844,915.0322434182257,-12.594151742834708,59984.763046523854,1.0
1169,1.0,409.2661119109062,35987.42110385846,930.2294961134688,-12.13419809031744,59968.330417540754,1.0
1170,1.0,1214.2713730122366,29859.577654787154,904.8483168009492,-12.344849732467342,59991.86195030506,1.0
1171,1.0,5697.510755165234,36421.21147260438,932.5612016002358,-11.191440748651505,59994.23805087172,1.0
1172,1.0,5927.259168493064,33486.29039307413,916.6634926551156,-12.11709747676353,59975.48812947433,1.0
1173,1.0,421.38931432513164,31447.909572778164,907.9869257993098,-11.282315374100584,59954.54001211016,1.0
1174,1.0,4884.465879573297,33605.72912120219,917.3161267576749,-10.23830306945076,59979.31350935382,1.0
1175,1.0,528.5768308675717,36443.41122816648,932.6803642030344,-11.162427388193393,59990.953122601655,1.0
1176,1.0,6647.628352524725,31376.31075192693,907.8457106746354,-11.031155579866676,59971.35697739726,1.0
1177,1.0,5643.472782691826,29158.501270606568,903.4589943362805,-11.752158232068181,59996.91994051451,1.0
1178,1.0,6743.522255053656,33344.30082031716,915.8869999704528,-10.977495304116808,59975.18549456121,1.0
1179,1.0,502.93341232679904,33593.98451422934,917.2519738375067,-10.449900843078339,59991.319497820514,1.0
1180,1.0,6992.291683117186,34289.907201818874,921.0452158901467,-9.852015170722472,59981.098155848194,1.0
1181,1.0,753.5676364171017,35165.880100775525,925.7965923666067,-11.628755368035552,59989.56038324266,1.0
1182,1.0,6428.314706655741,34578.14775033797,922.6115103751639,-11.368056565078215,59978.88812694931,1.0
1183,1.0,1765.8969397109659,34494.98876060248,922.1599133092211,-11.365304947248095,59998.66353243336,1.0
1184,1.0,475.88786459574186,34139.074781415286,920.2244760085889,-10.093885203291904,59984.256015306506,1.0
1185,1.0,471.83476287659937,33141.85824535862,914.7787108234824,-12.408735552217875,59984.301977942814,1.0
1186,1.0,509.49554423154314,30515.028538969535,906.1450212892775,-12.21405657040142,59972.19072998746,1.0
1187,1.0,536.3001027158484,32189.124634179007,909.5438075716584,-11.190070950297919,59974.85763124355,1.0
1188,1.0,7018.170545744052,29262.65783104789,903.6655557012975,-12.134522316435572,59991.64592172026,1.0
1189,1.0,698.994185205913,30317.333541778273,905.7541369753368,-10.656314169067649,59997.80776534974,1.0
1190,1.0,585.0184566375414,34701.70289108797,923.2820502180211,-12.256925054838609,59973.23438328315,1.0
1191,1.0,810.9164539010444,31560.200036493174,908.2083468943297,-10.551963619468108,59987.139902093666,1.0
1192,1.0,10866.039966434788,31019.201986229564,907.1410056514308,-11.016818548610216,59999.5772314328,1.0
1193,1.0,384.5537035366545,31930.556561546695,908.9382007324543,-13.008048575087003,59971.38346475903,1.0
1194,1.0,6885.687743820663,32890.51369706703,913.4007344704121,-10.80161455320902,59988.891521778336,1.0
1195,1.0,6234.069206881804,33435.02687504405,916.3832297806514,-11.822954107781852,59968.6060674749,1.0
1196,1.0,4980.984949614905,36294.816329005356,931.8824387022769,-10.287867612216358,59984.0944979628,1.0
1197,1.0,1175.3835652611383,35437.20454649841,927.2630854978348,-9.761697900237943,59997.77045952148,1.0
1198,1.0,331.23521658562026,32989.42964833953,913.9432941181888,-11.782469624630501,59972.39343767739,1.0
1199,1.0,603.3164904496731,31046.98146777805,907.1958470992226,-11.199709713529721,59989.1888101239,1.0
1200,1.0,611.7733269241842,36187.743814904934,931.3070334711441,-10.849972192700367,59970.704437459826,1.0
1201,1.0,6485.874023087204,34914.583093107736,924.4361599352957,-11.49677031213892,59989.749421164335,1.0
1202,1.0,7152.609629417276,29720.430482576226,904.5727629508325,-11.108223739411239,59991.63894878565,1.0
1203,1.0,6449.668352998261,31148.443055851898,907.3961174150302,-11.444112713568808,59978.39664048172,1.0
1204,1.0,847.1850095911132,34046.14594239776,919.7184288728013,-11.35022863354184,59984.044126611916,1.0
1205,1.0,7784.9449902548995,31664.857768864968,908.4146617124081,-10.435994437286412,59995.588786136235,1.0
1206,1.0,550.1953390736456,35098.08618026697,925.4297877653751,-12.724676269361856,59971.240067052124,1.0
1207,1.0,6079.752142038027,30724.757496450515,906.5594885847559,-12.556502916358532,59992.314769746474,1.0
1208,1.0,859.9826999637448,35377.82017319775,926.9423253179307,-10.101410879526133,59998.80540429052,1.0
1209,1.0,629.2192841185604,32298.387533629597,910.1457729797111,-10.388835752148152,59991.454378645,1.0
1210,1.0,692.3125618080118,33419.041637205955,916.2958184044636,-10.973576329855861,59996.10064511377,1.0
1211,1.0,6486.54468520368,34588.44900693529,922.6674354144271,-10.695754858803523,59984.42765594955,1.0
1212,1.0,5518.707931372069,34850.58116993472,924.0893392233615,-10.635259138012197,59981.19112580675,1.0
1213,1.0,716.4077391431873,31887.862641813248,908.8540989221674,-10.406355530948904,59994.82772286441,1.0
1214,1.0,11086.095166291714,29188.985177981205,903.5194550433087,-12.196797887939896,59978.0760719979,1.0
1215,1.0,879.0786939130994,30494.679242493756,906.1047953806543,-10.729178076162048,59993.02190926791,1.0
1216,1.0,6426.817484074605,27023.143041110518,899.2122404326518,-13.249124257477746,59987.44069231636,1.0
1217,1.0,6189.90171512446,33163.63830279854,914.8980154293674,-10.143395155130696,59998.02185470758,1.0
1218,1.0,852.8291981563066,30370.177612672465,905.8586396310461,-11.730390754257405,59964.29925838275,1.0
1219,1.0,786.985157630231,35299.09892121443,926.5169380909604,-10.676462411353583,59975.410911384715,1.0
1220,1.0,818.9072439527346,30905.400756347877,906.9163029592187,-10.503049486294987,59981.79366288681,1.0
1221,1.0,3789.3014471718284,34255.97595281114,920.8606494596467,-11.767192337200814,59993.80583756615,1.0
1222,1.0,3686.0788381006055,34380.80138232242,921.5394360359056,-11.171578800234572,59980.58613704664,1.0
1223,1.0,4053.183526096588,31203.832772062022,907.5054272695653,-9.954672885093386,59992.816064464,1.0
1224,1.0,674.6422122062648,31987.98538877568,909.051314467021,-10.769515246111535,59992.484420351066,1.0
1225,1.0,1151.7922333357362,29938.050378951593,905.0036744408751,-12.578490652773949,59972.59795132974,1.0
1226,1.0,6710.77912142553,32425.510727255343,910.8456100744515,-10.175021526755906,59995.75671248,1.0
1227,1.0,967.3087557541915,34877.576080977684,924.235638955035,-9.743177971397115,59980.82028699738,1.0
1228,1.0,440.4675869627388,35715.43135198034,928.7643518635781,-11.713334910536553,59994.02015129251,1.0
1229,1.0,5375.6051125931235,34560.31863607488,922.5147085115202,-9.607926105049492,59985.946659656096,1.0
1230,1.0,5348.592397209577,30251.342116462736,905.6236151931298,-11.186477876068212,59998.5528923186,1.0
1231,1.0,6065.714031886935,30719.945764599746,906.5499820477704,-10.612128856898062,59995.48533073227,1.0
1232,1.0,4976.951697780494,32373.899516919206,910.5615488687357,-11.786769980058326,59983.30203739319,1.0
1233,1.0,10751.434908984083,30592.432097537483,906.2980117821688,-10.855306335583398,59978.50435899648,1.0
1234,1.0,6087.958706240921,33021.11967604158,914.1170440698804,-12.117263923315415,59993.81724261478,1.0
1235,1.0,482.7974858957727,33924.71908893768,919.0567527224866,-10.799604228887407,59979.89534663096,1.0
1236,1.0,6489.952973057604,34618.01749773456,922.8279415381339,-10.552181738474735,59999.87125774192,1.0
1237,1.0,11081.326505982688,33509.25703370928,916.7890243703423,-8.937510253923627,59995.0231862881,1.0
1238,1.0,848.3775581050073,32157.827985408305,909.3857478832977,-12.069236753001418,59991.60899032162,1.0
1239,1.0,7575.79072928674,31708.971546568093,908.501608418518,-10.438034330221512,59976.37726869933,1.0
1240,1.0,493.9373359516072,26007.04160412399,897.1833792357381,-14.074472646044757,59968.382578313154,1.0
1241,1.0,6293.759879509912,38160.83543507968,941.8508768087348,-9.791012680359065,59984.3731676317,1.0
1242,1.0,12366.682808612435,30433.381805740184,905.9836120145548,-12.002378026256697,59981.38854245046,1.0
1243,1.0,450.4239971916889,31691.65135801044,908.4674720707147,-11.30157167322699,59996.31852118132,1.0
1244,1.0,5986.614086277939,34600.57354494376,922.7332543895766,-11.44640505123133,59987.650998546516,1.0
1245,1.0,976.1596227980243,34882.42282386947,924.2619034408216,-11.672925290665706,59979.45472727294,1.0
1246,1.0,6223.796232274991,34317.76296428037,921.1967060725472,-11.228642613047171,59977.44465094117,1.0
1247,1.0,11031.630423483253,27926.86482675618,901.0123324911134,-12.425771174720984,59989.725553545606,1.0
1248,1.0,396.22448337279786,37659.506089393355,939.1836959721178,-10.638200444336386,59981.42342718283,1.0
1249,1.0,6080.135987995315,35844.70234436206,929.4610075600148,-11.138094198940724,59986.36021357893,1.0
1250,1.0,442.8314018887925,29177.618611852078,903.4969115373711,-12.420044293756465,59867.728754578886,1.0
1251,1.0,6383.89907224659,27136.63493667771,899.4385268089712,-13.186761132626877,59975.69102426431,1.0
1252,1.0,6284.533794872411,34576.29371529694,922.6014445267142,-10.474268024983013,59986.96942479087,1.0
1253,1.0,12064.738534394253,30867.717289733922,906.8418822019083,-10.801885266293144,59979.88927259446,1.0
1254,1.0,6698.848428650739,32131.199057347316,909.3333227374972,-11.344936693087913,59993.641729391595,1.0
1255,1.0,6316.342545158096,33997.824178117204,919.4551751858506,-11.360869931838291,59976.77804188864,1.0
1256,1.0,10313.49799964595,31162.101350591485,907.4230730273321,-10.953926521499202,59996.44097829986,1.0
1257,1.0,6406.505327958817,31255.53091175318,907.6074383263599,-11.413951286742039,59974.0501977947,1.0
1258,1.0,2535.6686461265945,32434.80671471635,910.8967640451606,-9.66530393330719,59998.09267493445,1.0
1259,1.0,6081.487714920191,33554.1261833997,917.034219258109,-11.96748112472342,59991.48035459532,1.0
1260,1.0,597.2451925367184,35920.88610822833,929.871312684474,-8.927221754092505,59990.75733344435,1.0
1261,1.0,676.1373976698601,26673.29480024978,898.5142845122829,-13.212300111432555,59995.659309115654,1.0
1262,1.0,947.4065048691482,32547.96493124572,911.5192091253157,-11.119562737866918,59994.86796085823,1.0
1263,1.0,1261.6357898560839,30229.239064107984,905.579893647402,-12.113916547183507,59999.8310454796,1.0
1264,1.0,6112.146652997584,32873.730429511146,913.3086436376061,-10.482403766466383,59981.50775111188,1.0
1265,1.0,5178.363346769155,34084.08151462298,919.9250437164687,-10.42315733120628,59975.342409462326,1.0
1266,1.0,1285.2112398813035,35763.578559573376,929.0238868428912,-9.976579001294828,59997.271262238624,1.0
1267,1.0,885.429865013833,38052.479888746355,941.2750774181195,-10.03509812223128,59981.45950240392,1.0
1268,1.0,999.164604050962,31760.378219435912,908.6029171529867,-10.474358513423093,59980.791535529046,1.0
1269,1.0,12243.706153662017,30900.330287097815,906.9062897393777,-12.16389465079367,59992.452990132035,1.0
1270,1.0,1120.7022346901936,29926.155806472034,904.980127929747,-12.081001024061276,59995.68276734893,1.0
1271,1.0,818.2085609836444,34535.3055048133,922.3788835216623,-10.412872275240508,59977.5302373054,1.0
1272,1.0,6669.205725951363,27631.440371409597,900.4243387369891,-12.613352488874092,59983.3544422828,1.0
1273,1.0,688.8599774973381,31913.286773594984,908.9041824309371,-10.488640951557223,59991.428301305226,1.0
1274,1.0,463.68858686940246,32262.117415942845,909.945995357329,-12.14435463874249,59989.13636555133,1.0
1275,1.0,878.4495705044052,34301.95182315815,921.1107223205202,-10.034793434601752,59998.61891650769,1.0
1276,1.0,12695.30771401701,28103.922105662277,901.3645259716321,-12.692262980230037,59975.059014208535,1.0
1277,1.0,6056.727109664728,31028.211878593436,907.1587931354915,-12.036096519563024,59970.9824182396,1.0
1278,1.0,774.5803644665382,34705.30485499078,923.3015905597927,-11.997871514272246,59973.5142029767,1.0
1279,1.0,2875.5323727530313,32691.100608223725,912.3059101948733,-10.39944537802509,59984.72776345455,1.0
1280,1.0,532.6479733988289,33435.26287331212,916.3845202139108,-11.790759376533202,59980.434735052244,1.0
1281,1.0,445.4300973869564,33965.79393385831,919.2806328505305,-13.12962585043506,59986.59415786872,1.0
1282,1.0,6320.45462041263,33523.22407707514,916.8653569862762,-12.056010223518648,59999.64884843354,1.0
1283,1.0,768.6282801815457,35240.59932588361,926.2006896090711,-10.864331875281351,59986.15563075899,1.0
1284,1.0,6146.0701295093095,32084.237078832764,909.2408588922306,-11.039160955100895,59983.963120026,1.0
1285,1.0,469.78886301413235,34729.109109195255,923.4307156249171,-11.5855205325546,59981.63332814252,1.0
1286,1.0,2957.2798019492857,33150.27874074641,914.8248377066355,-9.477729841224109,59982.72302227893,1.0
1287,1.0,1451.44908815867,29561.860408091918,904.2586288141991,-11.959349761832277,59991.19143392713,1.0
1288,1.0,537.6211452809986,32525.912608137216,911.3979418328364,-10.769403196143482,59982.798444390464,1.0
1289,1.0,6174.000603227748,33715.565214775896,917.9158593145596,-11.12360678271393,59969.12096382405,1.0
1290,1.0,6180.784391729747,34954.56279065379,924.6527368164095,-9.536221873190168,59996.35573217777,1.0
1291,1.0,923.3244370318799,33516.87124157436,916.830638330587,-11.054337880559373,59976.544812416345,1.0
1292,1.0,5146.556768701656,30095.83357366623,905.3159560186537,-11.64189922422123,59995.59081037815,1.0
1293,1.0,6241.393692442095,36429.52924407724,932.6058511480522,-9.90251466955333,59976.55411171278,1.0
1294,1.0,616.3892415185464,34897.29672438955,924.3425001569833,-10.818900652534698,59981.041964904456,1.0
1295,1.0,5249.257436269021,32795.54644703173,912.8795144428158,-10.17499511704659,59986.165403687635,1.0
1296,1.0,6976.7032345002635,30215.58885125828,905.552891265929,-10.626940203421805,59987.76459033105,1.0
1297,1.0,427.0568109241355,30923.259823564505,906.9515702394908,-12.333689718452764,59971.18420446556,1.0
1298,1.0,6490.405117122723,33708.59301049633,917.8778015948328,-10.243573177510484,59996.907491406055,1.0
1299,1.0,710.6916871171837,34458.49488132207,921.9616587958365,-11.040957006257225,59968.56722547872,1.0
1300,1.0,5554.788877372556,34745.07220064403,923.517296017212,-11.731160777300621,59974.82962836536,1.0
1301,1.0,7387.816181571501,30409.94473557962,905.937272665348,-11.223178414332942,59986.659596763704,1.0
1302,1.0,6829.964354961208,28556.612112769806,902.2642804983959,-12.445693495913032,59993.040099206446,1.0
1303,1.0,6543.208752089422,33318.41434425652,915.7453609544486,-11.898930331374872,59958.52470371291,1.0
1304,1.0,849.992023287353,37044.73483903223,935.9020302689497,-10.062086268924826,59998.559891950885,1.0
1305,1.0,873.8966160713426,31654.03623440948,908.3933313935939,-10.839489429084363,59985.70532043635,1.0
1306,1.0,5882.000992610062,33945.850705398436,919.171938635256,-12.45617437713028,59972.23344811799,1.0
1307,1.0,460.91372002863704,33921.16227409693,919.0373634560199,-11.901624060623105,59988.464122797064,1.0
1308,1.0,1406.5869940714815,35928.12854491296,929.9103085552298,-11.083491621153405,59991.249799894504,1.0
1309,1.0,961.1199278036484,29518.057720991834,904.1718318188683,-11.752210401748545,59979.18553098792,1.0
1310,1.0,12792.811281863616,28553.338075057738,902.2577767877459,-12.155837199721555,59994.10422436907,1.0
1311,1.0,6210.282221811589,34216.980628416764,920.6484892614923,-10.759725126882959,59997.71999559607,1.0
1312,1.0,5993.028698783504,28727.506842116705,902.6036799332899,-12.468471648602083,59990.27426933379,1.0
1313,1.0,5633.812311289498,35941.24972850139,929.9809533131722,-10.678698914614333,59998.53256384594,1.0
1314,1.0,6250.691810168074,33559.34975528138,917.0627598463574,-10.641154186025481,59978.675890498576,1.0
1315,1.0,6226.689402669537,34886.48370758207,924.2839087526871,-11.216401704341774,59994.81544418914,1.0
1316,1.0,6523.517409770962,35458.69843943748,927.379154313887,-10.80155859341274,59989.43122975268,1.0
1317,1.0,1054.5787849857413,32064.85400734096,909.2026922574305,-9.613774854416443,59987.09038924858,1.0
1318,1.0,625.8744804682483,33598.108731904365,917.2745022138594,-11.37474971846937,59967.43719385017,1.0
1319,1.0,684.289360362289,33087.90028773687,914.483074806894,-10.19436582774999,59988.04238883911,1.0
1320,1.0,6122.895404511426,34157.985456853436,920.3274188568104,-10.084003133009368,59999.67923748321,1.0
1321,1.0,716.3109739330621,34192.74761291977,920.516619787544,-11.276710721847898,59978.370808634085,1.0
1322,1.0,6214.433653550034,31833.144170323405,908.7462971886121,-11.341931595082455,59995.1698178778,1.0
1323,1.0,5741.7049275842455,28491.17882726162,902.1342904191827,-12.472399770629455,59984.180042965796,1.0
1324,1.0,1760.8968118759901,28797.529470596302,902.7427038004577,-12.231868470651179,59992.90951456224,1.0
1325,1.0,649.9902700390865,32544.378722278896,911.4994894627647,-10.389516235223258,59997.08995463771,1.0
1326,1.0,1188.87904434736,35260.54381903471,926.308522207024,-11.690169980038402,59988.635111641284,1.0
1327,1.0,4250.375579193126,32193.41692867578,909.5674631464359,-11.927248531362988,59989.80218669537,1.0
1328,1.0,718.0206197595722,34994.61644029375,924.8696607361666,-10.097404373074253,59984.68590971026,1.0
1329,1.0,6522.363124866534,34133.32948511007,920.1931983007858,-9.68075438018732,59981.282101327284,1.0
1330,1.0,5771.133504279345,26694.993458493416,898.5575918696943,-13.672836752685729,59992.99073295926,1.0
1331,1.0,434.28343901736366,28718.47434274094,902.5857449063857,-13.220915034900237,59951.93136244937,1.0
1332,1.0,6281.265513561981,38996.27773956322,946.2779852891599,-10.278197970348035,59996.54721434344,1.0
1333,1.0,1277.1639211574034,31869.459213226335,908.8178436671514,-10.249345524467742,59998.2843693635,1.0
1334,1.0,306.56994552508013,33890.384676647984,918.8695675349508,-12.036688429194118,59931.20736805416,1.0
1335,1.0,11310.444155206183,31371.922059587014,907.8370539920622,-10.268323092910977,59995.34699925515,1.0
1336,1.0,1338.6873736392013,33361.70959591693,915.9822399053288,-9.774756867694874,59996.35316683482,1.0
1337,1.0,621.8011882101227,35284.66486643551,926.4389182423452,-10.19905061120285,59982.80689442263,1.0
1338,1.0,4666.952119605587,35928.97646170355,929.9148739299374,-10.4502518745284,59985.995759849146,1.0
1339,1.0,5812.601765681849,31233.233099017423,907.563441766948,-10.099215869151992,59994.435237671176,1.0
1340,1.0,2296.6829518522345,28278.883424798725,901.7123959700148,-12.461938406122234,59985.97769506403,1.0
1341,1.0,11897.593045898204,27738.428446206864,900.6373315137337,-13.006323732722977,59995.49215614952,1.0
1342,1.0,421.58816192834996,35158.50478985054,925.7566950608816,-12.23963204573906,59993.95382221723,1.0
1343,1.0,829.459872673241,29828.130893119975,904.7860510093224,-11.453196491084904,59977.0883282162,1.0
1344,1.0,6468.134815941548,32321.580069255728,910.2734944554443,-10.162893624037489,59996.983090412046,1.0
1345,1.0,6182.997863877007,28062.58998146526,901.2823242394587,-11.80055819623435,59989.0297943207,1.0
1346,1.0,6433.720708073643,29036.5399680938,903.2170543255144,-11.745817708764102,59964.1118636651,1.0
1347,1.0,616.2891656964888,36599.17235801507,933.51599903445,-11.080401542956368,59971.08334760682,1.0
1348,1.0,3313.7052738558805,30662.10156144557,906.4356903504552,-11.19906708508183,59991.65717159988,1.0
1349,1.0,6204.47696795771,32356.047623972652,910.4632727375218,-11.292496734329095,59984.29501402089,1.0
1350,1.0,6461.886810995929,33172.224441573206,914.9450432171998,-12.372169273862484,59996.45507685103,1.0
1351,1.0,5765.29316906227,35532.25037937898,927.7762251625886,-9.519933789254404,59993.538245760545,1.0
1352,1.0,6562.504984151105,31191.64677991662,907.4813798915368,-11.36312960255454,59986.549882335974,1.0
1353,1.0,603.7637974212007,28447.354971450946,902.0472177725709,-12.037149327644947,59988.38867548885,1.0
1354,1.0,827.5247699766179,38335.69651799404,942.779302633742,-10.002208631898284,59995.12979780662,1.0
1355,1.0,1282.6015781802764,28727.35328623036,902.6033750344884,-11.868698977753498,59983.53235895857,1.0
1356,1.0,568.8555997361427,36976.78500818787,935.5385669221415,-8.39907666631969,59989.15740032987,1.0
1357,1.0,5477.953619286754,32568.03152738226,911.6295420188771,-11.358011013079699,59994.20018193494,1.0
1358,1.0,6655.930853786164,31192.88476292216,907.4838229138568,-11.59648139238676,59967.156758627054,1.0
1359,1.0,916.1723344212523,33735.131760504424,918.0226542733666,-10.33869921722212,59977.481601496234,1.0
1360,1.0,6768.528686976517,34386.28602173664,921.5692488108035,-10.285607677143986,59996.71631981953,1.0
1361,1.0,2788.0486519057044,37771.18607571465,939.7785492704638,-9.783390306173692,59987.076907198585,1.0
1362,1.0,5318.210799723916,36932.23432884942,935.3001846784734,-9.58757969480116,59990.93271149677,1.0
1363,1.0,10544.53060847781,30534.633692470023,906.1837742660053,-11.849545227405843,59975.97633308916,1.0
1364,1.0,579.4690137524781,28171.057230983235,901.4980267216077,-11.651942840798213,59976.614271478036,1.0
1365,1.0,823.3168803632325,26594.038952144954,898.3560811562895,-13.257212426239583,59967.22433822469,1.0
1366,1.0,372.1676945934561,34017.448944925985,919.5620991499845,-11.152970655970293,59997.92111360466,1.0
1367,1.0,4731.704435632945,30898.09735396626,906.9018800777511,-10.550240307803008,59993.04922507768,1.0
1368,1.0,846.7643839727057,33287.80147517939,915.5778315078838,-11.813932326160122,59989.70047673502,1.0
1369,1.0,6108.327629850771,32896.1799974228,913.431823607177,-10.329485764502182,59974.40171316547,1.0
1370,1.0,951.2411851409165,29115.187577547647,903.3730795323296,-12.280875156504237,59979.86776046676,1.0
1371,1.0,12376.802625053497,30092.145173732468,905.3086574115114,-10.62677545809023,59996.65003509771,1.0
1372,1.0,11471.875851847879,31185.604174694265,907.4694553715707,-10.621019103412168,59990.46186366743,1.0
1373,1.0,2092.4310188303816,31798.344409964007,908.6777300115795,-11.721139543645512,59984.76738124217,1.0
1374,1.0,1582.8517444062657,35493.547357836884,927.5673088598666,-10.56856391371684,59977.34394027473,1.0
1375,1.0,6302.658905611506,26695.62509169856,898.5588524817956,-13.540346253551736,59979.245092470795,1.0
1376,1.0,1284.5888957636027,30883.248003023724,906.8725545215264,-11.013292979729593,59991.83759547287,1.0
1377,1.0,448.00837925681793,30591.940639609016,906.2970404937605,-11.192402018497134,59979.16373271113,1.0
1378,1.0,11665.881630597496,31554.604255474227,908.1973142588314,-10.21951074362501,59987.87706866464,1.0
1379,1.0,1749.0908646528874,34396.028077415984,921.6222010575258,-10.11371013280632,59996.05722682758,1.0
1380,1.0,771.7078010459592,33528.62930938926,916.8948958399662,-10.202399194437435,59978.223509662435,1.0
1381,1.0,883.1333173074347,36191.31399177107,931.3262255595976,-11.346233776376666,59993.991592784594,1.0
1382,1.0,7168.787653889025,32533.360346274036,911.4388993723369,-9.246221282531291,59981.9439813769,1.0
1383,1.0,6555.7050830355865,37197.33029087665,936.7177205681435,-10.081692538116881,59985.985159968914,1.0
1384,1.0,533.344514726836,31621.357609726976,908.3289151010856,-11.91043610516545,59988.550690483884,1.0
1385,1.0,6406.8385864178745,30881.755864859046,906.8696076808033,-10.563486140425653,59982.438533048524,1.0
1386,1.0,11860.83650058323,28189.626156806706,901.5349477511055,-12.486341154039541,59994.995536896145,1.0
1387,1.0,685.1293609416297,27337.886663324207,899.8396338633638,-12.708666291861057,59991.300907955614,1.0
1388,1.0,6122.5636194650915,31093.299432579177,907.2872782517396,-11.378219101726712,59983.95393926459,1.0
1389,1.0,6082.118626763471,34433.92022867417,921.8281306765163,-11.832387155559497,59972.50656331544,1.0
1390,1.0,6973.713529502903,27035.857470476545,899.2375943929826,-13.209953905334379,59989.83817189168,1.0
1391,1.0,6744.909344439297,36129.69795925887,930.9949396588289,-9.697192052105077,59985.32499603439,1.0
1392,1.0,7402.3193463103535,26674.354421651413,898.5163994173929,-12.673938297352874,59982.33584093423,1.0
1393,1.0,6717.741230363128,32275.145931353687,910.0177623804371,-10.404697078688152,59975.763900136066,1.0
1394,1.0,654.799889469924,35889.091738329065,929.7001000222751,-10.016260955406096,59996.17101888736,1.0
1395,1.0,10007.98804234685,27340.40855587946,899.8446588554738,-12.750605619324416,59977.47766306049,1.0
1396,1.0,6362.198346565745,31459.767316311925,908.0103105291678,-10.585114341481043,59976.18815009363,1.0
1397,1.0,6491.519941747413,35423.67939110255,927.1900406813537,-10.975416091724048,59993.33362244915,1.0
1398,1.0,803.6499554034068,30666.25883980106,906.4439050749965,-11.828914151086366,59979.181239858146,1.0
1399,1.0,4516.841852386398,25936.25921837872,897.0418521894876,-13.793533735021958,59975.316421304226,1.0
1400,1.0,611.2577346674182,29029.866104851197,903.2038129519303,-12.344631247296832,59984.244014741445,1.0
1401,1.0,901.7523159575295,33878.586027827994,918.8052341048129,-12.011387939851918,59978.49332475403,1.0
1402,1.0,520.0206218827457,33945.68062329071,919.1710115986997,-11.948189592317618,59997.98585772993,1.0
1403,1.0,10288.822023846838,32962.02989971174,913.7930388702531,-10.468574829792106,59979.224817065944,1.0
1404,1.0,10316.026336011704,28833.7695509824,902.8146457386418,-11.699776518006662,59994.83592314788,1.0
1405,1.0,988.1271294912674,38513.84409950781,943.7241867208154,-9.652447103560343,59993.62428552352,1.0
1406,1.0,6374.147217730871,32484.966578704614,911.1727316808382,-11.147083218624507,59967.47803635418,1.0
1407,1.0,950.4154639501335,30211.710443560165,905.5452189653004,-11.09577157063162,59969.42071233081,1.0
1408,1.0,685.4032923011661,32805.40494293954,912.9336365589959,-10.075998914946176,59989.13630895938,1.0
1409,1.0,11004.172844611245,31506.983189264334,908.1034184124622,-11.722935824694138,59991.56383533946,1.0
1410,1.0,1006.3829429512648,29154.48967574803,903.451037536235,-11.838603872440858,59990.50929074889,1.0
1411,1.0,785.3233431644285,31746.35917302587,908.5752906626534,-12.628948566877824,59974.44279066655,1.0
1412,1.0,6476.615817724683,31668.082460530644,908.421017789005,-11.253396441856811,59968.811677575155,1.0
1413,1.0,11254.425881217925,32498.852426721365,911.2491127761155,-9.387709356337249,59996.341261123605,1.0
1414,1.0,946.9067409295857,28121.6518181496,901.3997843733255,-12.45328576126793,59989.52161103122,1.0
1415,1.0,698.1390876857573,30140.68537981842,905.4047034069757,-10.913534626032448,59998.5448694002,1.0
1416,1.0,5865.180649008135,32094.067903956005,909.2602157793898,-12.321416590199817,59999.49415112519,1.0
1417,1.0,6864.93116324305,34778.96445873224,923.701092033028,-10.782486590574095,59987.628589814434,1.0
1418,1.0,461.95966176749704,35053.92658991108,925.1907762560428,-11.167380651917103,59999.13549604007,1.0
1419,1.0,10480.251346282766,32458.71012032743,911.0282858617244,-9.895008268369436,59975.39248116304,1.0
1420,1.0,480.16415513983196,31454.83198531434,908.0005776158895,-12.0117823474699,59997.29347993074,1.0
1421,1.0,715.2608345044929,32150.333994062312,909.3709945941682,-9.835507568580205,59998.588257531956,1.0
1422,1.0,2077.756977692125,31791.8268231289,908.6648875254549,-9.809223177607935,59996.03031782885,1.0
1423,1.0,6755.691944874303,33712.083303734886,917.8968535393965,-11.394818349315058,59999.04956474993,1.0
1424,1.0,6351.543521625631,34974.666254210926,924.7616205392586,-9.973932420388678,59975.61779082428,1.0
1425,1.0,1053.4165701817444,28406.23751932704,901.9655136893819,-12.441035245867566,59988.204180423476,1.0
1426,1.0,11745.483807507433,30028.042597229505,905.181800463911,-11.815664202886255,59987.63979485451,1.0
1427,1.0,12261.985879334788,30577.183911355634,906.2678756134212,-12.097661564641523,59994.49297322296,1.0
1428,1.0,4497.715835204098,30952.16610952941,907.0086497450609,-10.336132448707163,59995.735186343336,1.0
1429,1.0,1021.7200412378539,35400.92143591698,927.0671189305115,-11.009843239982457,59975.45223616528,1.0
1430,1.0,11144.470857445243,29290.785405427876,903.7213285349301,-11.564615194149185,59985.53976041934,1.0
1431,1.0,440.9733340342471,33741.84546616789,918.0592949236781,-12.841663630951585,59973.874733795376,1.0
1432,1.0,6151.744576295159,33978.64113072824,919.3506452407336,-9.853317624426486,59998.898515441746,1.0
1433,1.0,603.587394871453,34801.174793808845,923.8215166761335,-9.908296602789713,59994.902687572285,1.0
1434,1.0,850.1456255839893,31484.37623188288,908.0588397259887,-10.411863773605168,59982.869662698904,1.0
1435,1.0,539.61607850123,38172.64795090641,941.9136258446163,-10.172772038452676,59999.93064780573,1.0
1436,1.0,4725.970650548212,30320.02867138598,905.7594671065598,-10.507328736518426,59994.65224803904,1.0
1437,1.0,8587.676574489364,31433.958930027846,907.95941276761,-11.992994552008978,59963.635940788496,1.0
1438,1.0,700.5045468228146,33305.50971181297,915.6747440666762,-10.739390116952086,59989.01784804363,1.0
1439,1.0,3631.66506853166,33477.15233428974,916.6135405624952,-9.150328569842124,59980.048867247766,1.0
1440,1.0,857.5641506496224,33143.60005764747,914.7882525498076,-12.323913372615914,59960.11837030605,1.0
1441,1.0,8384.747718414555,30498.723173941326,906.112789471529,-11.210385307091764,59979.716320488995,1.0
1442,1.0,860.7840738118435,30903.481677010113,906.9125131545778,-10.009059132576299,59991.632940081574,1.0
1443,1.0,538.7797950755081,34166.00790794032,920.3710865041455,-10.890214620220757,59985.512783406615,1.0
1444,1.0,1231.006279735797,36311.67711873906,931.9730140671115,-9.67632695273896,59997.50095617339,1.0
1445,1.0,1265.1739387394296,33734.385026780605,918.0185788120156,-9.258541938639606,59984.500292146564,1.0
1446,1.0,878.2581028677455,35522.06758608146,927.721263936306,-10.213642567461106,59986.332595637905,1.0
1447,1.0,12332.281097797111,28815.76801914166,902.7789108449031,-12.211128312707794,59994.0620869859,1.0
1448,1.0,1389.931761754962,31975.302860927128,909.0263359228459,-11.050637854833326,59996.557587714335,1.0
1449,1.0,6094.431303920275,34645.45817506516,922.9768709892903,-9.487471208369413,59985.92199072266,1.0
1450,1.0,621.8563210861658,35523.53912962796,927.7292067468111,-9.41680827141506,59999.78287810681,1.0
1451,1.0,4107.660624467331,34776.468047194285,923.6875554326409,-9.588691083429907,59989.603117730054,1.0
1452,1.0,6569.148903564837,34162.06497461968,920.3496246799747,-10.828880784283287,59994.28765789047,1.0
1453,1.0,476.50124332067486,27162.236736454077,899.4895641025096,-13.766045778392956,59980.87015418205,1.0
1454,1.0,819.7184444245097,31332.76004937943,907.7598028618492,-10.140680105965338,59978.265445661644,1.0
1455,1.0,729.7732384199994,30744.636324984203,906.5987619711076,-11.483144438818165,59991.55532012556,1.0
1456,1.0,798.0297361684759,30686.14728618453,906.4832031921424,-11.376848468700706,59967.45202394467,1.0
1457,1.0,675.8608727678713,32954.10936010525,913.7495992251319,-10.756870759806484,59985.42347710581,1.0
1458,1.0,7131.677888749375,30103.656209244586,905.3314352301906,-10.712765038239349,59981.182605422335,1.0
1459,1.0,1501.492284300198,33037.52707562631,914.2069888403596,-10.109681445594882,59989.75255900732,1.0
1460,1.0,550.9436520509016,31422.97873634586,907.9377572940134,-11.406962751568683,59995.420970664505,1.0
1461,1.0,5969.569470383689,27622.14797949124,900.4058366484128,-13.281599400360564,59997.25292786209,1.0
1462,1.0,527.5294095452529,37031.02041412643,935.8286838630169,-10.99634320397716,59979.33883837246,1.0
1463,1.0,6680.772956304461,28296.278671155673,901.7469740060762,-12.230480684758389,59989.64620531432,1.0
1464,1.0,6478.504806955564,34549.48813084363,922.455899857141,-9.885058627260975,59995.79374872007,1.0
1465,1.0,5949.3209528663765,28820.11878970971,902.7875477204178,-11.614899348882775,59996.42465933365,1.0
1466,1.0,5658.178143243112,33190.87797141721,915.047203106793,-12.622658010616531,59997.41373379802,1.0
1467,1.0,478.3991038469508,36236.771603749556,931.5705541858084,-10.514910513630475,59994.2416176682,1.0
1468,1.0,585.4810385005584,27053.727031930204,899.2732268705016,-13.14543706813944,59982.57917962556,1.0
1469,1.0,6744.724534245603,30536.55273880317,906.1875674911539,-10.605100197009751,59999.93537130431,1.0
1470,1.0,459.4047088133638,31404.640784603536,907.9015893073981,-12.039608900684083,59991.73195806104,1.0
1471,1.0,581.8760567394922,35014.56061770899,924.9776551054052,-11.512637568866595,59978.33328086962,1.0
1472,1.0,1230.798941833662,38660.46829698208,944.5011240626568,-10.347227887355654,59982.31278874788,1.0
1473,1.0,534.5433356485248,32839.703540450144,913.1219059929691,-11.042457415911658,59988.32807483885,1.0
1474,1.0,7015.455884655696,28934.681017527142,903.0149354755902,-11.481072757831488,59985.53338194795,1.0
1475,1.0,617.4014576178142,30456.776580369806,906.0298650350486,-10.49247563761498,59983.30418522713,1.0
1476,1.0,1257.3438484567755,28026.640064383715,901.2108197309745,-12.03327525017809,59978.16002050081,1.0
1477,1.0,6651.9019737282515,32972.965264842314,913.8530095445515,-10.03920131553608,59994.1586542514,1.0
1478,1.0,6603.210510598972,34042.25401937622,919.6972288782814,-8.997739840307746,59980.15066379953,1.0
1479,1.0,11925.474901112264,29218.062436304677,903.5771215445066,-11.951128338822715,59983.52059693266,1.0
1480,1.0,4493.454049542625,32476.272792463802,911.1249068363086,-10.446087586849664,59987.737520866016,1.0
1481,1.0,1044.9716591738488,38601.5364877317,944.1889352851579,-9.665371621934531,59991.691996934525,1.0
1482,1.0,568.1208482338878,33663.34990805831,917.6308021209068,-12.755026017467408,59979.78408594503,1.0
1483,1.0,1162.1139449016061,33100.88778539954,914.5542425841043,-9.999265620606874,59994.704134574305,1.0
1484,1.0,686.6736860235333,26946.409733479366,899.0592085163885,-12.704140277328976,59996.55832240081,1.0
1485,1.0,659.3120069033497,38651.8024521441,944.4552239469286,-10.657072075652458,59984.413546020995,1.0
1486,1.0,11512.128143084321,32361.22029502638,910.4917498628926,-11.234158325356919,59999.03226358244,1.0
1487,1.0,7072.5220835195205,31484.026459878292,908.0581499904781,-10.378454720276377,59996.56538825422,1.0
1488,1.0,394.6497803361913,28960.285190759467,903.0657467334436,-13.397310270021359,59933.575380807735,1.0
1489,1.0,1682.782306667583,36040.63188230059,930.5158455782439,-10.062342847470589,59981.632003163315,1.0
1490,1.0,6726.954543019556,27829.45164155022,900.8184960041838,-12.871864285242177,59986.080601682275,1.0
1491,1.0,403.1581889652224,38195.72600382506,942.03620559274,-11.47243908714224,59971.79288583959,1.0
1492,1.0,6053.374180195562,33199.89221608793,915.0965671691024,-10.488546795213676,59997.15321923035,1.0
1493,1.0,438.3111130506506,31944.744482506423,908.9661472333908,-12.52953198242707,59997.04528931582,1.0
1494,1.0,518.0497710445194,31057.330277690213,907.2162764504855,-11.613654201763048,59996.22228137825,1.0
1495,1.0,6463.993364665377,34091.11644894014,919.9633538842227,-11.831468813414556,59966.616815629204,1.0
1496,1.0,856.709928940703,35685.55831868079,928.6032844245577,-10.654781884963722,59991.30397746759,1.0
1497,1.0,6387.115746447023,30578.843238625763,906.2711551257077,-12.625964249386032,59991.55894483446,1.0
1498,1.0,750.1865957979182,29896.192991251562,904.920810397425,-12.13098167255143,59998.49639835601,1.0
1499,1.0,935.2391328041182,36899.19630830226,935.1233631024551,-10.567973230582218,59998.58136976885,1.0
1500,1.0,6783.230029712777,29509.241660971245,904.1543612480482,-11.509840407925811,59994.21879171173,1.0
1501,1.0,11414.255865371759,27283.126447239396,899.7305136011241,-13.243474418281421,59986.4787803616,1.0
1502,1.0,1141.1052952804262,27683.22691269252,900.5274430095641,-13.634237046583472,59984.994994503526,1.0
1503,1.0,908.6362514973902,33408.44257195181,916.23785516103,-10.221699034636465,59979.27680244904,1.0
1504,1.0,6236.341606352418,29440.971117539786,904.0190581155887,-12.227017339006304,59971.504717884236,1.0
1505,1.0,7029.785837452454,31433.359861551337,907.958231281685,-10.610493625835092,59995.21377013131,1.0
1506,1.0,11646.848062666599,25558.33549009717,896.2857747855602,-13.454973090882168,59992.74768790063,1.0
1507,1.0,651.2248600807056,28472.67078683234,902.0975183753716,-12.2029398681429,59983.46725365356,1.0
1508,1.0,5651.644381936408,28323.15993811341,901.80040524794,-11.950023051694384,59992.393100455774,1.0
1509,1.0,5064.5759622758305,31631.504667446505,908.34891759905,-10.67643395984585,59976.83325253801,1.0
1510,1.0,10547.082448672601,29540.561648944695,904.2164255540484,-11.637992549657445,59990.88528967938,1.0
1511,1.0,1074.7997161816545,31189.85444598344,907.4778429057515,-10.698617719815626,59994.443255255625,1.0
1512,1.0,6928.6534122731,32725.94981253336,912.4973400893945,-9.403607502146604,59990.64058489015,1.0
1513,1.0,12246.627369234317,29878.29549963705,904.8853765249096,-10.613328899915468,59987.064795684666,1.0
1514,1.0,11705.84140874138,27416.501192673666,899.9962620299958,-13.202288791338702,59975.64999726773,1.0
1515,1.0,7544.217028017473,29437.785779151847,904.012744633666,-11.625658959697034,59982.104086100044,1.0
1516,1.0,1052.56228113354,30300.96846951454,905.72177116339,-11.054089078584166,59973.818992120054,1.0
1517,1.0,1121.6817555240555,31239.3678811636,907.575546753909,-9.678078566950678,59981.52119992474,1.0
1518,1.0,5339.201016249313,30950.274540324303,907.0049147026748,-9.441715297246937,59986.72922763205,1.0
1519,1.0,769.7018993368206,28580.382538979757,902.3114976444178,-12.685095072435582,59998.21294001817,1.0
1520,1.0,3510.733547472651,32567.7156719089,911.6278054480824,-9.709682722337593,59988.21967055427,1.0
1521,1.0,1507.8449890405668,28058.67346989515,901.2745345989355,-12.573186494177898,59985.60832014876,1.0
1522,1.0,1327.3340060704838,30854.496373097765,906.8157706708621,-11.921300199873226,59988.15133035474,1.0
1523,1.0,803.3416489229679,29946.49901695409,905.0203989502561,-11.098981727602329,59996.50101330328,1.0
1524,1.0,5720.646938588803,30825.65406625371,906.7588036487617,-10.77221463613078,59987.006277927045,1.0
1525,1.0,946.3915891138978,27550.803636359036,900.263768411267,-12.485709249687812,59997.29217008137,1.0
1526,1.0,5090.912645340819,27470.59657652855,900.1040212486248,-12.540412558129496,59982.08268150468,1.0
1527,1.0,7076.064863876465,32276.30846845358,910.0241658773474,-9.300905501457413,59987.16739632744,1.0
1528,1.0,6630.62665640614,29730.425849358562,904.5925600248527,-11.384941893693885,59998.53596568469,1.0
1529,1.0,874.8036541853301,28585.675923214185,902.3220119431903,-12.283261968236722,59982.37579855047,1.0
1530,1.0,5860.776739707884,31380.22417647252,907.8534298132452,-10.163940265933023,59990.47594323398,1.0
1531,1.0,12488.335602341558,27106.6166561266,899.3786810326167,-12.773731032600097,59984.06021257566,1.0
1532,1.0,6541.005904661012,28295.771970744812,901.7459668152453,-12.143395766240742,59984.2246561737,1.0
1533,1.0,5449.599803128517,32353.252977312397,910.4478869689736,-9.223139950619112,59993.71083537437,1.0
1534,1.0,5938.439647567238,32043.347215408485,909.1603417210656,-10.54630226316443,59979.40119390071,1.0
1535,1.0,5746.4826020424,30731.096913079058,906.572013193987,-11.699163156832835,59983.67634974418,1.0
1536,1.0,10682.922720544053,27797.92313837858,900.7557491787271,-12.845721609528608,59982.89995280432,1.0
1537,1.0,6463.527429109293,30690.51168548562,906.4918266656409,-10.938260959900864,59975.47927175108,1.0
1538,1.0,750.0777124014313,31261.245544953723,907.6187136672977,-10.46760975230092,59986.871201384274,1.0
1539,1.0,6088.918213051938,32589.481096758816,911.7474634345672,-9.55652080574852,59981.936529973624,1.0
1540,1.0,2141.6361862288277,28565.24719635815,902.2814333991605,-12.244465125104732,59987.83425849127,1.0
1541,1.0,758.2730783996682,27410.32102590357,899.9839500616217,-13.046534058463914,59997.789188677925,1.0
1542,1.0,6815.405699137576,29070.347170725956,903.2841265810104,-11.808060379291481,59996.03552229344,1.0
1543,1.0,6277.070732227528,32391.245598635487,910.6570297824975,-10.104609204470776,59970.181483911605,1.0
1544,1.0,6422.831176677704,31330.323795802025,907.7549968502815,-10.272793912069096,59976.96681550082,1.0
1545,1.0,5939.913474013941,27957.351684885773,901.0729866270788,-12.865851351639451,59995.53822984678,1.0
1546,1.0,4984.676692053937,29660.549882978044,904.4541515621836,-10.687882274122455,59990.15315470067,1.0
1547,1.0,756.696291858256,28286.690470923437,901.7279148982968,-13.00204520857904,59999.94479502758,1.0
1548,1.0,1225.474258686014,28033.03006812676,901.2235299437853,-12.58674330448643,59975.04422956001,1.0
1549,1.0,6434.409181005489,27593.384319255027,900.3485625514008,-13.275488934673813,59987.94709037851,1.0
1550,1.0,12964.800830212707,28818.45297053786,902.7842408523243,-11.991713268550976,59988.4219871909,1.0
1551,1.0,11406.843151207348,31664.895078498426,908.4147352524093,-11.984229876082383,59993.97217337649,1.0
1552,1.0,6523.548249791993,29170.029195625975,903.4818589598856,-11.418629055672023,59994.31117198429,1.0
1553,1.0,6030.922919036254,31960.312428322664,908.9968108916363,-10.248647019361812,59981.35276547299,1.0
1554,1.0,953.8929913385693,32083.173382774923,909.238764447224,-10.078464161203033,59995.76499882805,1.0
1555,1.0,6452.697728359267,30611.82905615046,906.3363458345007,-12.210189983118074,59982.67137376287,1.0
1556,1.0,6292.663546533099,28397.47581597016,901.9481023025247,-11.87753385549359,59981.9801956103,1.0
1557,1.0,5038.29197610288,30545.32342747144,906.2049035777209,-11.455010292386985,59975.50856821991,1.0
1558,1.0,12228.690514531292,25804.35526144436,896.7780466056386,-14.174763535365987,59986.47417874429,1.0
1559,0.0,14400.0,200467.61426389965,7400.492032589662,-6.099179253381876,1515630.5818825876,1.0
1560,1.0,6814.408901540793,31718.141629812944,908.5196811350678,-10.50822561325651,59978.269075902026,1.0
1561,1.0,711.0523923029958,31003.57532534463,907.1101542834112,-10.888288213309158,59995.89323064517,1.0
1562,1.0,6641.200828083112,31172.996056033968,907.444573843626,-10.084624978139018,59999.427680001776,1.0
1563,1.0,1533.690852264893,29341.50296729653,903.8218840446189,-11.44737568167344,59981.68722970379,1.0
1564,1.0,10790.695419161335,26787.198834138813,898.7415937948304,-13.069029625465843,59978.745371758574,1.0
1565,1.0,12379.271331467724,30576.555465782876,906.2666335432847,-12.572593753419515,59991.68267639201,1.0
1566,1.0,731.2702397188341,32210.217103564457,909.6600455843396,-10.389493821475948,59986.00780713972,1.0
1567,1.0,12170.282774568786,28407.16383182096,901.9673544488757,-11.983300752121,59982.06317326794,1.0
1568,1.0,1202.2381294948657,30422.006261816805,905.9611208343315,-11.798759368840825,59987.36037136534,1.0
1569,1.0,5760.3324977043385,26827.850834089342,898.8227038966662,-13.162984304660432,59996.34652949767,1.0
1570,1.0,1214.2741036428051,29476.5344404098,904.089542776852,-11.417683578063862,59973.70676543285,1.0
1571,1.0,6537.519880776076,28359.83436332018,901.8732962818012,-12.475285084583287,59992.844055615016,1.0
1572,1.0,6195.053372828954,29618.13654369872,904.370128535382,-11.80482829151749,59989.23226187087,1.0
1573,1.0,6881.631951785589,33532.71378969375,916.9172163005904,-9.956824997179107,59996.34420958354,1.0
1574,1.0,6482.283534104685,32356.032776707907,910.4631909974777,-10.867393351455393,59983.198278523065,1.0
1575,0.0,14400.0,213608.48354114738,7388.9957755426785,-5.79520229554757,1436232.4684109052,0.0
1576,1.0,6575.211047456361,30621.793820428582,906.3560383965619,-12.003992110792684,59998.458643328515,1.0
1577,1.0,6109.1509939612715,27487.47718322863,900.1376447813154,-12.9082074859778,59995.225440075425,1.0
1578,1.0,601.9789995497327,30671.583114556855,906.4544256439481,-10.425376571969755,59989.932051666256,1.0
1579,1.0,6550.16001951613,31296.645333376186,907.6885561689965,-10.801065244346972,59984.720288169745,1.0
1580,1.0,6367.866615102386,29637.271290441826,904.4080365665919,-12.417144590498642,59988.580003048264,1.0
1581,1.0,6643.640870126045,29265.166413461404,903.6705300101856,-12.024084887002612,59978.72285683942,1.0
1582,1.0,11818.24160786834,29349.212992626504,903.8371692579052,-11.438380767828145,59985.28036910297,1.0
1583,1.0,11511.575375767523,29984.003238269222,905.0946362022469,-12.356977342362313,59999.98719275839,1.0
1584,1.0,6422.98442005886,27782.94414343241,900.7259368050284,-13.020785321639151,59995.25420750802,1.0
1585,1.0,6734.070196839427,31397.559652643624,907.8876227325035,-9.856034167982395,59997.00613791135,1.0
1586,1.0,5757.753845145508,29006.35596402338,903.1571655545895,-12.567988887536353,59990.36291415517,1.0
1587,1.0,12067.037728477811,26990.143933699357,899.1464328026739,-13.091766745792972,59979.08644806265,1.0
1588,1.0,753.5834694523102,30976.858128143747,907.0574043365175,-10.925019038228088,59992.63631290507,1.0
1589,1.0,878.8227372000267,27077.167345264344,899.3199651625331,-13.143816173693862,59980.90180946443,1.0
1590,1.0,6626.596931341003,30453.552811380574,906.0234915904178,-12.03614068571184,59990.160332937674,1.0
1591,1.0,1253.1058185006714,30519.406263738354,906.1536747837841,-12.432157886630993,59987.06211941006,1.0
1592,1.0,6789.938123970235,27917.20529288724,900.9931137073573,-12.383095302955685,59985.22607294354,1.0
1593,1.0,6822.027791561248,31218.627469065224,907.5346215878145,-10.27285228302659,59998.57458952272,1.0
1594,1.0,6627.433865786064,32257.317482554696,909.9195536277513,-9.728081633262637,59980.81119943606,1.0
1595,1.0,1082.7392947523642,32303.82725520415,910.1757312612284,-10.30573626432475,59981.46610801405,1.0
1596,1.0,658.3715584190935,30732.904933816146,906.5755852140294,-10.133783885342508,59981.006364405235,1.0
1597,1.0,836.2393882903053,27773.559949194932,900.7072590696678,-12.768796823120924,59988.80069388744,1.0
1598,1.0,7033.9209458080095,28719.25485606885,902.5872947180303,-12.002265940253507,59992.0268133144,1.0
1599,1.0,608.3334164311829,28105.98646901905,901.368631373161,-12.805742738786543,59994.33115313832,1.0
1600,1.0,777.9605319615587,31210.207945639668,907.5180075066097,-11.56220892372031,59998.74563211665,1.0
1601,1.0,1187.99460359688,27637.095058425595,900.4355975761456,-12.631582515976843,59985.76784722764,1.0
1602,1.0,7467.909150215658,31095.81826935784,907.2922501056481,-10.880650366561222,59995.23552061464,1.0
1603,1.0,11301.832206843374,31982.402341559053,909.0403186178038,-10.062016434158158,59986.55718036368,1.0
1604,1.0,12410.338564932892,27072.989241094892,899.3116345275776,-12.708716720354818,59979.0550253207,1.0
1605,1.0,6495.4098024615,28142.24037904691,901.4407260813488,-12.133506344040603,59991.036027230075,1.0
1606,1.0,740.2005629945747,32372.225218599277,910.5523321935871,-10.068490438562323,59983.54089806464,1.0
1607,1.0,5192.473049779642,30930.69799881503,906.96625834973,-10.73946705344673,59979.06644858966,1.0
1608,1.0,1626.2907640023993,32109.62561776687,909.2908479422373,-10.136747022233314,59992.61403997346,1.0
1609,1.0,12543.19802292283,26956.919738546832,899.0801707436594,-13.344486129078462,59995.358337659694,1.0
1610,1.0,1351.3804281145462,29519.1148382234,904.173926656362,-10.466653916625638,59985.489203554775,1.0
1611,1.0,1761.8591306721132,32965.415701971404,913.8116074028775,-9.17556756360496,59985.693423831646,1.0
1612,1.0,711.7161456996806,30857.586056553715,906.8218729242637,-11.14464167722318,59992.903159132606,1.0
1613,1.0,6910.106514597246,28601.705901081485,902.353851585043,-12.2206851637573,59998.03052902227,1.0
1614,1.0,887.1124022624771,28642.90923595577,902.4356860734498,-12.19830444969879,59988.252791009676,1.0
1615,1.0,4063.8016378156112,30008.745901485905,905.1436089402256,-12.521348330382597,59978.887321420305,1.0
1616,1.0,3395.7114320863775,31134.31128892163,907.3682264075915,-11.150258625014814,59994.9875423636,1.0
1617,1.0,11299.841896669697,31583.698138240237,908.2546740511278,-10.319400507533908,59984.73974805608,1.0
1618,1.0,6308.903376485797,27817.832065136656,900.795371746711,-12.681849143489382,59973.500503542564,1.0
1619,1.0,5569.144096844426,27847.092868779415,900.8536027250626,-12.806537621112865,59982.60604788392,1.0
1620,1.0,6481.206318803031,31545.151889039338,908.1786776355759,-10.93211711164562,59962.16027563027,1.0
1621,1.0,1035.575513597579,29343.166162915368,903.8251813739231,-11.851248743919285,59997.88638656043,1.0
1622,1.0,6903.557086290756,29031.116034481765,903.2062929095324,-11.537702639325632,59999.070839599925,1.0
1623,1.0,11071.10528686858,29473.714612734148,904.0839542539101,-11.84395858445999,59995.61201366528,1.0
1624,1.0,11795.102633151419,31184.385227879775,907.4670498715626,-10.581669218465565,59989.16786137434,1.0
1625,1.0,907.2311547311882,30202.71841452232,905.5274305675024,-11.870014300850265,59968.03074585344,1.0
1626,1.0,12789.638660419962,27383.642813785395,899.9308002110375,-12.842254436324893,59993.39504237911,1.0
1627,1.0,8324.081044670245,27831.32183206987,900.8222178292789,-12.491586316941268,59992.40522012829,1.0
1628,1.0,5351.3353079292665,28001.89407632967,901.1615961109703,-12.269981250152814,59989.36777106077,1.0
1629,1.0,11366.107149233545,30829.58150710303,906.7665610571642,-11.075612478477158,59985.22878598353,1.0
1630,1.0,12282.14876071469,27819.29570494147,900.7982845910504,-11.6034801455307,59988.60051657602,1.0
1631,1.0,6870.875174146589,30812.11273274739,906.732056475669,-10.028900748768855,59998.37173220424,1.0
1632,1.0,533.1788638536972,30028.968768526378,905.1836334719634,-11.662797375468044,59979.15018198698,1.0
1633,1.0,1942.1187538713784,30034.417455994473,905.1944170155176,-11.737345343232398,59983.725428037396,1.0
1634,1.0,787.5341883911689,26921.761884962772,899.0100461425715,-13.512902432210531,59966.4008234098,1.0
1635,1.0,5067.61016164099,31545.865710846363,908.1800850474098,-10.96042289734689,59993.539501922336,1.0
1636,1.0,11098.626929582584,30081.192095882674,905.2869830605291,-11.640521157187958,59993.77446815451,1.0
1637,1.0,1609.6834074046972,29701.615259172908,904.5354957040753,-11.21683381867,59989.82658074925,1.0
1638,1.0,5029.215044339088,32763.92057648918,912.7058689167881,-9.79388510431814,59992.32727731788,1.0
1639,1.0,6503.817917593198,30240.19172800718,905.601559164694,-12.020094659564242,59996.29169698099,1.0
1640,1.0,677.991079351672,28186.728735474226,901.5291868541998,-12.80427617359107,59999.59874541332,1.0
1641,1.0,1268.4377059265023,29632.17823182271,904.3979468364306,-11.717755177216045,59976.00820678598,1.0
1642,1.0,5492.68214587249,27936.805238997804,901.0321096268971,-12.677181526718329,59979.441119396164,1.0
1643,1.0,627.6414659330278,30878.25819234349,906.8627000444069,-10.930074866949642,59977.626960540794,1.0
1644,1.0,7403.105190755783,31829.400572831055,908.7389213325879,-9.529148742875801,59992.01134817253,1.0
1645,1.0,7865.313704421246,31442.143881846943,907.9755549953295,-9.903115274166442,59999.57258152727,1.0
1646,1.0,6116.027449653861,29478.910948201676,904.0942526681702,-11.611286720459917,59997.50672610704,1.0
1647,1.0,6582.117997188315,31142.92251166832,907.3852219700293,-10.512804343230089,59994.0959736543,1.0
1648,1.0,5681.24646654009,29718.529372620687,904.5689975087402,-12.132839268207798,59985.82131729379,1.0
1649,1.0,5825.1085356372805,31686.45822173848,908.4572366359542,-10.112885547623163,59993.99542062693,1.0
1650,1.0,7319.853513391011,28105.698805863263,901.3680592984283,-12.319409533434772,59981.54582115758,1.0
1651,1.0,7936.752576462104,32491.869194176263,911.2107013473847,-9.915450845860686,59999.97484667565,1.0
1652,1.0,1018.6296410882649,30302.72753481057,905.7252501956693,-11.481779260883181,59983.50965824206,1.0
1653,1.0,11752.342105903344,31789.63636510204,908.6605713220004,-9.205266567056722,59989.0912007918,1.0
1654,1.0,1870.5663239922944,32584.25217955606,911.718718354041,-9.146769580958802,59997.96099661705,1.0
1655,1.0,6302.899150137948,30523.590025728947,906.1619447817184,-11.13578229539242,59974.89932960677,1.0
1656,1.0,9765.381179887328,31426.88482664864,907.945461072429,-12.325432728122864,59969.27206758923,1.0
1657,1.0,5616.275788911848,30924.798373997022,906.9546084260866,-11.147024586687753,59991.46258794627,1.0
1658,1.0,1489.574258808262,28263.288414559418,901.6813951315744,-12.528786202029343,59980.61077573194,1.0
1659,1.0,1563.2105325520745,28387.74737927627,901.928769359061,-12.16420767394105,59998.08697755902,1.0
1660,1.0,12129.213536311656,28975.443828707157,903.0958273785869,-12.191941535620625,59990.18077849933,1.0
1661,1.0,1218.3959540970043,30532.026673845252,906.1786211520392,-10.601664042888197,59992.514513715236,1.0
1662,1.0,6670.40977106182,28384.18601792459,901.9216918859572,-12.851549756552323,59995.72486990496,1.0
1663,1.0,5733.240737045478,30315.543046719755,905.7505959110995,-12.118324439962954,59994.60370616465,1.0
1664,1.0,11072.285758025118,28511.49542845849,902.1746537667638,-12.152419107402343,59979.22205261361,1.0
1665,1.0,863.466702504889,30670.88427613573,906.4530447731729,-10.732662651655845,59985.509532160075,1.0
1666,1.0,1132.5675539314034,28110.947150073094,901.3784965973853,-12.74913692591398,59991.34786151034,1.0
1667,1.0,6851.691474950826,29511.547374326216,904.1589304611377,-10.882458043679627,59994.808004310136,1.0
1668,1.0,771.3679505696166,31209.125328112408,907.5158711733316,-11.417479226877143,59981.927628217396,1.0
1669,1.0,6352.4869313761665,32390.578797447088,910.6533595927508,-9.644921633055965,59978.40920078822,1.0
1670,1.0,1191.0317977360717,31931.90768618909,908.940862137692,-9.640501969270954,59996.35407592702,1.0
1671,1.0,12121.505686519204,27853.07923425213,900.8655154676857,-12.598088372402296,59984.94052045605,1.0
1672,1.0,12755.185697641435,28380.91380829551,901.9151889864962,-11.663996004657932,59986.45865079288,1.0
1673,1.0,6862.094294583408,32602.65723093271,911.8198927576204,-10.01452462609039,59981.97015734652,1.0
1674,1.0,969.7742701860651,28470.236643079537,902.0926820557775,-11.832910295562005,59988.91304937113,1.0
1675,1.0,733.1466787249763,32262.64833659492,909.9489200275146,-10.579920869197284,59973.05936899762,1.0
1676,1.0,11679.98445788268,30111.66890001772,905.3472902039166,-11.426813250847417,59999.83694410986,1.0
1677,1.0,7173.178433817414,30198.944224420364,905.5199641919961,-11.956873022499344,59986.5545474744,1.0
1678,1.0,1059.3338635975651,29757.517557180512,904.646216050481,-12.10221673702704,59980.81712814211,1.0
1679,1.0,4497.526300895869,31102.801009097428,907.3060329563893,-11.046315726735147,59985.864620681336,1.0
1680,1.0,5488.791615820565,33468.83231104203,916.5680576701935,-9.517997571710396,59981.656632184924,1.0
1681,1.0,6634.131173098632,27795.505316178896,900.750937115103,-12.559769967494377,59990.71184655686,1.0
1682,1.0,812.6999318467532,30715.77188234369,906.5417356176754,-11.027183082315888,59991.79347940278,1.0
1683,1.0,1190.688782356156,29412.545922358175,903.9627163366804,-11.209911149156085,59988.552523893886,1.0
1684,1.0,5140.185433773663,30089.895040595125,905.3042048141998,-11.19171417505016,59977.59626410252,1.0
1685,1.0,2144.1485429575964,30512.01151427739,906.1390574498879,-11.389984600417792,59983.52952971628,1.0
1686,1.0,6330.472678157293,29700.47555859498,904.5332382467745,-12.22145862615555,59982.86640450971,1.0
1687,1.0,1840.4526130389447,30923.00179637173,906.9510607101969,-11.708194243208862,59977.727303665655,1.0
1688,1.0,1421.3947432395069,30233.070639693484,905.587472972949,-11.114254416174987,59981.33090271736,1.0
1689,1.0,5767.464615427389,28893.38978550791,902.9329865044875,-12.021958589773014,59993.25452438981,1.0
1690,1.0,1095.8495220828288,27754.056208708433,900.668438583833,-12.658897518344016,59979.70941678404,1.0
1691,1.0,2554.5955917690076,32721.359229448422,912.4721260090608,-10.417702568907265,59994.27361947828,1.0
1692,1.0,6407.697214598566,28542.100961164106,902.2354544209713,-12.103349099464761,59994.18904708192,1.0
1693,1.0,5538.406745045952,28672.34427850498,902.4941422101451,-11.953452439206245,59987.34635177411,1.0
1694,1.0,4935.239215906904,28643.153552787124,902.4361712890527,-11.50399709969206,59991.37099110171,1.0
1695,1.0,4188.9827228876675,30008.856950291174,905.1438287304337,-12.876136555717244,59989.28169325883,1.0
1696,1.0,6535.98495654224,30511.88943342602,906.1388161282239,-11.061406695990136,59971.981676621894,1.0
1697,1.0,12330.91117694726,31080.20959894419,907.2614401327176,-10.496296034187562,59994.75269046233,1.0
1698,1.0,6438.0611800227925,30215.325211841984,905.5523697344495,-11.47816877206331,59968.77644927671,1.0
1699,1.0,7142.148501622154,30853.480224410854,906.813763724653,-11.578752131615726,59999.26425865887,1.0
1700,1.0,825.7333069579863,27453.555772077394,900.0700771726667,-13.27585323466763,59993.533283733595,1.0
1701,1.0,12228.19630715054,29325.925573120592,903.7910007813084,-11.133331889170941,59979.013296906895,1.0
1702,1.0,1862.8506822674772,30490.31791503606,906.0961737672399,-9.692122248986097,59997.51386709041,1.0
1703,1.0,9506.799922316459,29415.394620380473,903.9683629419605,-11.28365439878227,59991.38809937048,1.0
1704,1.0,1088.5651760118624,27136.93838764514,899.4391317590859,-13.060730856111945,59996.932171617635,1.0
1705,1.0,861.8561215348931,31496.011174921216,908.0817829968979,-10.228724299358761,59968.7338039271,1.0
1706,1.0,844.0424859305193,30819.734560180328,906.7471114066257,-10.37953606034941,59983.989621035405,1.0
1707,1.0,12294.484019100564,28790.360905183512,902.728472358231,-12.300925569220846,59985.67374524656,1.0
1708,1.0,641.6174488117971,31238.367499790078,907.57357284092,-11.719902918946115,59979.93512743457,1.0
1709,1.0,6641.588387995568,27548.943242419704,900.2600634599696,-12.857351485116212,59974.75774270692,1.0
1710,1.0,1745.9901915402274,30420.03289650885,905.9572191260385,-10.467224370451031,59989.58824756244,1.0
1711,1.0,6197.87898723158,29120.256726712323,903.3831349171211,-12.555361415895154,59986.60256421532,1.0
1712,1.0,5073.925378361143,28962.46432745511,903.070071060332,-11.586372797735327,59981.851564272445,1.0
1713,1.0,1752.8902639519592,29554.38696428878,904.2438205227656,-11.846024764744348,59978.093722777034,1.0
1714,1.0,12462.525289842764,28956.843321974808,903.05891656497,-11.738759335075471,59991.29191069207,1.0
1715,1.0,545.221797620748,30443.48376714028,906.003584593231,-12.18126885019117,59984.39289165155,1.0
1716,1.0,989.8942372116193,30685.62997666227,906.482181050999,-10.065849742668883,59972.54692182062,1.0
1717,1.0,5791.786146057107,30958.982985355804,907.0221100213357,-10.876160080725912,59984.81667107598,1.0
1718,1.0,721.8209446193221,28888.284301183496,902.922853274239,-12.115632932783724,59992.41079060592,1.0
1719,1.0,12770.81165483616,28681.128022331788,902.5115853330954,-10.895224163568038,59969.00989716426,1.0
1720,1.0,1133.1073603595728,29962.99038540099,905.0530434364537,-11.285699109654564,59981.00736406545,1.0
1721,1.0,7685.1576238399,30822.622092223628,906.7528148979235,-12.168812335550609,59988.64184035914,1.0
1722,1.0,769.9779368149926,32115.615943565652,909.302642203133,-11.555088859734033,59966.803131742476,1.0
1723,1.0,960.8075386830591,28560.562128154215,902.2721269332692,-12.34883500486904,59976.64556733508,1.0
1724,1.0,6449.472524538723,31080.953813093874,907.2629091650867,-10.076880904114141,59981.81714635734,1.0
1725,1.0,7887.364540530829,27616.505910829925,900.3946025094633,-12.980360304536056,59983.96179783379,1.0
1726,1.0,6479.628691038812,30893.909027813526,906.8936087826685,-11.105377225726029,59988.79464839446,1.0
1727,1.0,6790.102496571937,31266.965255443327,907.6299988656019,-12.174667595044482,59964.35992627394,1.0
1728,1.0,13023.142072729046,29386.870926767107,903.9118222978983,-10.861110929300285,59990.28193957465,1.0
1729,1.0,7047.064702805263,29858.161527009503,904.8455129190719,-10.924907551305202,59998.993765302585,1.0
1730,1.0,12316.177574669886,27469.327836957847,900.1014940595618,-13.143913325869095,59987.82348744807,1.0
1731,1.0,6244.781623866015,28807.724118709073,902.762942352108,-12.437837786213082,59985.73979672691,1.0
1732,1.0,1262.5768004663978,29429.39687700868,903.9961172165325,-11.9280595196131,59977.52049009111,1.0
1733,1.0,886.6066342356173,33283.98782820696,915.5569590002307,-9.521387341296473,59990.30681128158,1.0
1734,1.0,5841.209036075843,28873.56746655029,902.8936429630362,-12.229512356639784,59988.73792534381,1.0
1735,1.0,6964.180259592427,32384.21773342214,910.6183464075717,-9.85937872155715,59982.14563681845,1.0
1736,1.0,8218.297290978822,32605.791278577923,911.8371197535787,-10.120135016111927,59991.15373206989,1.0
1737,1.0,5725.974229988185,27766.86768926098,900.6939389281656,-12.929347008112822,59983.13579891319,1.0
1738,1.0,7482.912872628984,32918.24012095167,913.5528496870357,-9.562047452470365,59980.495612955965,1.0
1739,1.0,7323.15158350822,31575.669856812667,908.2388463765751,-10.481833130230537,59978.58124846256,1.0
1740,1.0,12232.44233633074,29091.197267001255,903.3254895737855,-12.207276507506228,59989.614089698814,1.0
1741,1.0,4933.013941613185,28306.709419635656,901.7677073809597,-12.824847887487564,59989.616711508825,1.0
1742,1.0,6742.208799666902,31210.97983501589,907.5195306753332,-10.951333467324407,59999.928968288885,1.0
1743,1.0,7102.896772789544,27949.475863924912,901.0573179905548,-12.201052817522932,59993.747908926736,1.0
1744,1.0,5460.40110618891,29670.512177665172,904.4738860912431,-12.398599949991825,59984.422201905654,1.0
1745,1.0,5604.285706563649,31663.74816251736,908.412474594495,-11.087063927045557,59993.17973940432,1.0
1746,0.0,14400.0,481113.856834777,7147.676689714211,-5.806695360560584,1437773.244427552,0.0
1747,1.0,947.7663428321594,31994.80721974233,909.0647499025822,-10.443809391149134,59995.80906837149,1.0
1748,1.0,6460.633430696697,29244.391293120992,903.629333742489,-11.904939701126796,59988.29193938008,1.0
1749,1.0,2761.106655258825,28089.304689395987,901.3354556898933,-12.39066879969354,59997.04936669801,1.0
1750,1.0,6914.49073801818,32246.69766808898,909.861048639186,-10.877988003988996,59979.564994789886,1.0
1751,1.0,7981.0621837576555,29891.711239092383,904.9119374685336,-11.485725929405827,59996.956674214765,1.0
1752,1.0,9185.33567962852,28015.488863715855,901.1886386380792,-12.400812556556437,59993.57349395663,1.0
1753,1.0,6478.729202870412,28194.873300228955,901.5453804561573,-12.3127630977891,59999.449795599874,1.0
1754,1.0,11915.958587010062,30768.046551516192,906.6450096298202,-11.19830504101264,59999.74132332767,1.0
1755,1.0,5626.002490635297,31470.309503860233,908.031100264263,-12.105282258419352,59993.20323410668,1.0
1756,1.0,6286.976214294562,28436.80811994175,902.0262610340891,-12.538945476243496,59977.290813071646,1.0
1757,1.0,6730.133601845389,29666.50853105047,904.4659552385936,-10.77056674899202,59995.90950947161,1.0
1758,1.0,5657.4148448644055,29389.96401714957,903.9179537231696,-12.648968326996805,59996.39716772084,1.0
1759,1.0,798.6512547306057,28621.391796199812,902.3929510593067,-12.294886179512712,59992.663685790416,1.0
1760,1.0,643.3755218178535,28999.7902378188,903.1441377466135,-11.707941003137789,59982.650500098185,1.0
1761,1.0,2128.841852873168,28792.4589566614,902.7326375554238,-12.491531115022982,59976.532023347994,1.0
1762,1.0,984.708385797273,28535.8365688279,902.2230100208935,-11.381029778539643,59971.92937729497,1.0
1763,1.0,4839.7214385681555,28148.991239015362,901.45415014829,-11.887592949317218,59986.53956957075,1.0
1764,1.0,5603.228143774415,29222.335596895467,903.5855957930847,-11.096093377029408,59989.518130986566,1.0
1765,1.0,6197.5223272816065,30223.42395153036,905.5683905043002,-10.7138078357573,59996.367560901446,1.0
1766,1.0,5621.542560607684,32952.62388087567,913.7414519762988,-9.162153213386931,59985.02155680833,1.0
1767,1.0,1203.9555777270198,29759.571212727325,904.6502832350602,-10.499476117065873,59972.547377523275,1.0
1768,1.0,4578.603164772545,27122.402555836008,899.4101530694533,-13.045890784958578,59982.81233703773,1.0
1769,1.0,6010.985496756838,30024.71724514529,905.1752191439979,-10.573250093577329,59990.85659497643,1.0
1770,1.0,6185.769743690851,28350.842050193667,901.8554245316104,-12.613106021988013,59987.808653729226,1.0
1771,1.0,2607.7364452901606,28150.498612427615,901.4571475251013,-11.82680908098285,59993.06099208747,1.0
1772,1.0,11405.494803394833,31591.351891269445,908.2697630529367,-9.933556854725527,59992.36100832037,1.0
1773,1.0,5947.580777388776,32738.169829008853,912.564455763618,-10.712482646626258,59991.545001494604,1.0
1774,1.0,12840.803105067029,27567.53848089462,900.2970948626588,-12.435791985298968,59980.385567334066,1.0
1775,1.0,822.7543539174301,30680.424260635737,906.4718951114072,-10.882525862470603,59974.19151488169,1.0
1776,1.0,644.5211545570041,27481.73761549226,900.1262126194664,-12.807420437098036,59984.22059099935,1.0
1777,1.0,5996.035287194602,32919.12992601352,913.5577309747877,-10.089328111320638,59981.43182756596,1.0
1778,1.0,11964.184445005822,27050.572989092594,899.266937725224,-12.992973762131573,59984.08605094888,1.0
1779,1.0,12297.896269469744,31232.36402194463,907.5617269125408,-10.343882245132534,59980.890377468386,1.0
1780,1.0,1211.746822267687,32009.692734116165,909.0940657839196,-9.74762734131295,59979.50298049662,1.0
1781,1.0,5729.9247935286,29445.075359012466,904.0271928298873,-11.979152257357942,59981.2045056973,1.0
1782,1.0,687.8679474573497,29806.315615196014,904.7428530463538,-11.740895439248266,59995.412972743274,1.0
1783,1.0,673.3619563728151,32211.65050312942,909.6679443067615,-10.713938395083952,59995.00923459094,1.0
1784,1.0,1384.7819886734767,30708.71388364603,906.5277907806955,-10.308235906351074,59997.85311401955,1.0
1785,1.0,1589.635242166465,30195.67798380191,905.5135026220499,-10.928730781178224,59989.185213234625,1.0
1786,1.0,881.9200665088133,29911.059439708508,904.9502421339411,-11.945206370262921,59991.753361191746,1.0
1787,1.0,12817.387542743709,27367.375925131655,899.8983906322756,-12.828765051625028,59977.95304107415,1.0
1788,1.0,831.7319401765276,26853.77487024621,898.8744239576989,-13.566549176399164,59976.665831717575,1.0
1789,1.0,7070.3333836963275,30929.101496921598,906.9631057720504,-10.012491540434105,59984.103028899124,1.0
1790,1.0,1147.642072504726,31016.45727195127,907.1355869101501,-10.916974667236502,59974.23482362782,1.0
1791,1.0,6083.571008730779,30817.81938590167,906.7433285065548,-10.358482949926792,59995.620056467,1.0
1792,1.0,12471.92762252511,30164.90508220837,905.4526223216334,-11.49936828252665,59989.93586325202,1.0
1793,1.0,768.7648429059684,31588.319895067703,908.2637856542161,-10.566448936550628,59985.928975926785,1.0
1794,1.0,5510.498282911371,32605.31629767756,911.8345089365026,-10.516491686928006,59979.96864099848,1.0
1795,1.0,811.0548606924262,30352.613734852628,905.8239074270163,-11.054219633902775,59993.03087916503,1.0
1796,1.0,795.4321477769507,31417.512093074234,907.926975592712,-10.758558943561049,59973.97826265674,1.0
1797,1.0,6002.996265146243,29135.18198115283,903.4127405585301,-11.247452543890406,59996.563208512256,1.0
1798,1.0,8906.678767050098,32479.991182943333,911.1453621650961,-9.422900737867668,59983.09624396887,1.0
1799,1.0,2912.044537474134,31163.36675546416,907.4255703471204,-10.897032453269544,59982.29803459911,1.0
1800,1.0,523.6239445702814,27615.375964463063,900.3923526107515,-12.449518373322332,59996.397061694464,1.0
1801,1.0,811.6021867723836,35596.03780137719,928.1204372293981,-9.807977938011293,59996.57417012093,1.0
1802,1.0,590.4532729768356,36362.78251544261,932.2474931625421,-11.001824863736758,59978.50143849301,1.0
1803,1.0,843.0241329466248,30038.40672187204,905.2023121123045,-10.178500382451784,59997.6236107171,1.0
1804,1.0,977.4693040986955,32194.61170448941,909.5740476467579,-10.455152469473264,59983.36413557965,1.0
1805,1.0,880.3653764167682,30651.501611303633,906.4147446102447,-11.225601073748635,59981.75043806593,1.0
1806,1.0,895.9407034644125,28827.905724452405,902.8030056168342,-12.039207416613616,59969.16023648391,1.0
1807,1.0,560.0490965738843,32917.38647543837,913.5481667373524,-11.648819276373771,59980.536216019565,1.0
1808,1.0,727.0971402602072,29716.13649703588,904.56425802334,-12.420835206215983,59999.30718369196,1.0
1809,1.0,708.110750475843,28402.502853494898,901.9580921529928,-11.786448259090792,59993.91104500076,1.0
1810,1.0,546.9463557488189,37356.34325302383,937.566918883887,-9.886193045533057,59993.84852579548,1.0
1811,1.0,599.7414777207372,31238.875383313036,907.5745749772286,-10.368644253911237,59988.99819363633,1.0
1812,1.0,1353.1181775914856,29608.83043852458,904.3516914642971,-11.946480945784172,59980.03161970833,1.0
1813,1.0,576.7528446478376,35126.539699681336,925.5837565294756,-9.820720605935337,59991.370724206434,1.0
1814,1.0,829.0204276425445,35872.407420200645,929.6102416826637,-9.63536023311163,59975.76701438452,1.0
1815,1.0,450.18311531935944,35494.86958540707,927.5744469732516,-11.227847306173055,59999.79966713204,1.0
1816,1.0,693.3310142696047,33910.42113743057,918.978807678418,-9.95915514764693,59992.03669900973,1.0
1817,1.0,595.1389100832389,32138.375517988083,909.3474515849675,-10.446586350134831,59991.25575543232,1.0
1818,1.0,676.3029521458207,34312.870315609514,921.1700998959396,-10.900396905670464,59990.11455863422,1.0
1819,1.0,662.5394955867287,30680.96715440386,906.4729678178185,-10.75396530386422,59993.22099373379,1.0
1820,1.0,680.5422029191636,31919.65612757391,908.9167290547722,-11.393740815289133,59985.60573920701,1.0
1821,1.0,498.64955994494966,37080.88403799805,936.0953315190706,-11.042384969772954,59995.58508017334,1.0
1822,1.0,674.8613496071089,26575.983986474697,898.320037020836,-13.536355756820857,59988.974160232436,1.0
1823,1.0,598.1116479711967,32560.1093412098,911.5859848533737,-9.985624703835617,59999.68213502446,1.0
1824,1.0,519.279639267637,33879.11624548546,918.8081252766592,-12.33144575996721,59970.73635451571,1.0
1825,1.0,635.5301947680214,34308.98791457576,921.1489868604702,-11.316158054244815,59992.716265564035,1.0
1826,1.0,874.9181297582702,26913.777669306535,898.9941202409466,-12.875991086868659,59974.10280815159,1.0
1827,1.0,520.1217514197385,30071.5706952855,905.2679433917076,-11.595527076865176,59991.39896650342,1.0
1828,1.0,663.81661605703,29528.981579587464,904.1934788274693,-11.997861805273848,59997.70630408904,1.0
1829,1.0,528.5370382858049,29166.690561135598,903.4752371405372,-11.520527183230671,59971.22517198954,1.0
1830,1.0,878.2480793023846,27894.201335526563,900.9473427317124,-12.719137485201669,59969.29462771676,1.0
1831,1.0,543.5642358547007,27584.36935968989,900.3306111401528,-13.281426782242017,59984.86224509412,1.0
1832,1.0,778.9568064944496,35010.23180336008,924.9542164317655,-9.581804596622678,59982.904478607816,1.0
1833,1.0,594.2896185838208,35095.897298329735,925.4179420864417,-9.614015702273745,59988.796522502074,1.0
1834,1.0,1136.6649000002287,31317.771742490764,907.7302348804681,-10.672509120123113,59989.8359285143,1.0
1835,1.0,817.2754333399987,30011.45585325818,905.1489725182339,-11.780116352401997,59998.0352594277,1.0
1836,1.0,773.607161471633,32970.72038809489,913.8406987458695,-9.552637836083576,59996.51101577191,1.0
1837,1.0,742.7369226724576,30369.436942368917,905.8571750016378,-10.318092983514168,59987.17212242666,1.0
1838,1.0,567.5705536935379,35315.11559835905,926.6035043266563,-10.262349238867651,59994.832862107076,1.0
1839,1.0,561.934789207498,34675.172176468644,923.1381099704681,-11.819641924828169,59971.20875194811,1.0
1840,1.0,558.3725009349091,37389.11736684085,937.7418460618634,-9.073850180464419,59995.18414982372,1.0
1841,1.0,567.5252886302925,33511.35428277321,916.8004866722915,-10.50932683884949,59987.65898010588,1.0
1842,1.0,430.23165225610995,32656.80394473601,912.1174741928988,-11.367756118062147,59970.5161175515,1.0
1843,1.0,692.1290270954095,33338.60971895605,915.8558628307447,-11.12474305995846,59990.48674286181,1.0
1844,1.0,796.7077660636419,36247.5550357131,931.628503787309,-9.947704095515512,59979.54459365227,1.0
1845,1.0,513.1081186137711,34780.93870115689,923.7117970634323,-10.134854663452334,59977.49783222792,1.0
1846,1.0,569.7839494090758,33347.12626257648,915.90245810934,-10.372063719364384,59992.97520569974,1.0
1847,1.0,443.06407340243146,34999.99000460745,924.898758991311,-12.872813042480482,59989.58985238309,1.0
1848,1.0,522.0453888668904,34626.22443499698,922.8724859001904,-11.085826822260456,59996.87499882673,1.0
1849,1.0,906.3872112263244,33441.69934693832,916.4197139707313,-10.198553311218557,59997.572189851846,1.0
1850,1.0,649.2965702052245,33965.856958000666,919.2809763221012,-10.784846867833155,59982.11495191391,1.0
1851,1.0,391.9686829197109,34196.41792737135,920.5365939178804,-12.903417069447443,59972.152949708376,1.0
1852,1.0,504.97705517142555,33803.309218516006,918.3946673309492,-10.768285900535313,59987.698001496065,1.0
1853,1.0,704.530677331425,25263.473600366564,895.6953661136034,-13.995487959116126,59991.47947524148,1.0
1854,1.0,603.4801370662099,36051.4945696167,930.5742908284147,-11.633175092080913,59957.301275706,1.0
1855,1.0,564.9334983264295,29353.002398349417,903.8446816897832,-11.894825572046477,59984.395379899914,1.0
1856,1.0,709.6521364641218,27783.83503880838,900.727709966585,-12.763610781754805,59985.201729847846,1.0
1857,1.0,829.1616888444108,31033.076604099868,907.1683969941759,-12.166318879749907,59987.90506772626,1.0
1858,1.0,502.4781930621624,35310.68502380566,926.5795590037725,-10.5895743744169,59977.80113022313,1.0
1859,1.0,766.5461082280781,30721.63853983654,906.5533264762335,-10.272061482639849,59976.35554084433,1.0
1860,1.0,749.2384244515507,30694.050439981656,906.4988187057583,-10.051932755838076,59977.339928135196,1.0
1861,1.0,732.7567776526231,38905.62151996922,945.7986453263812,-9.72544428222293,59976.7726480183,1.0
1862,1.0,423.73093383966824,28620.53027821501,902.3912399812516,-12.985207793153307,59978.711266574086,1.0
1863,1.0,474.7752857701029,32329.848544953784,910.3190244586481,-11.404845464956228,59975.12577472726,1.0
1864,1.0,641.8526161158129,29701.425039015274,904.5351189267184,-11.066385958560437,59993.10660388083,1.0
1865,1.0,773.2973560952414,32146.074913084816,909.3626096941632,-12.671208057599957,59967.605433693454,1.0
1866,1.0,754.4950057416709,29659.18722800296,904.451452210655,-10.67691544091754,59991.44749811232,1.0
1867,1.0,527.5199747646518,31191.112588656844,907.4803257219431,-10.362443264722142,59996.56480238907,1.0
1868,1.0,729.6068624869354,33091.97603660252,914.5054093738648,-12.073794114204732,59998.72762385495,1.0
1869,1.0,494.0756993361097,33470.83518524847,916.5790069566675,-11.13557376344381,59991.59442162655,1.0
1870,1.0,629.1940096084127,31658.62488372657,908.4023761469617,-10.872643966886447,59982.09834392414,1.0
1871,1.0,614.0890351783057,34018.55207954786,919.5681091017148,-11.934892207616404,59964.604084101025,1.0
1872,1.0,383.27618693137276,40150.57572878251,952.3590024208931,-11.174255992766417,59973.55009713867,1.0
1873,1.0,666.2629986866688,34888.31694352156,924.2938425989147,-10.479088162223992,59971.986015105605,1.0
1874,1.0,524.1090784139851,34405.031389517615,921.6711350679232,-12.581921991907537,59974.54827829193,1.0
1875,1.0,447.05453461469267,35496.014867862425,927.5806297925719,-10.870942984084932,59974.869036369484,1.0
1876,1.0,558.5232044381054,33204.81624503722,915.1235310926913,-10.736138256164114,59998.75764346022,1.0
1877,1.0,555.8524342582703,35628.351125627625,928.2947562699338,-9.938175237058228,59993.81225402983,1.0
1878,1.0,805.8496552202301,33551.063453243565,917.0174846570437,-11.507713037751454,59973.85441436805,1.0
1879,1.0,878.3725109983586,35404.916423313996,927.0886981595512,-9.90567161443069,59990.80373502413,1.0
1880,1.0,563.4916823508668,32932.31082904966,913.6300354869907,-11.938777515235826,59996.46298070887,1.0
1881,1.0,576.4121471653021,33686.95533390449,917.7596819374556,-9.632855175351873,59997.21043826546,1.0
1882,1.0,820.7307023045572,29016.11881119615,903.1765367387878,-11.805328851314613,59992.43743733839,1.0
1883,1.0,477.1528344734042,35883.50617454074,929.6700183325867,-11.797974194019796,59986.412551070505,1.0
1884,1.0,655.553191649218,34619.025195301845,922.8334110872121,-10.79778816775142,59974.61697350187,1.0
1885,1.0,396.9697204427592,35007.733782309995,924.9406904341334,-12.00045904178906,59978.08766895363,1.0
1886,1.0,678.5762417476651,37510.0326283624,938.3869165227853,-9.798405334770882,59982.673423252214,1.0
1887,1.0,763.408359107267,32357.9712613032,910.4738630547519,-10.96082108382731,59978.66421026176,1.0
1888,1.0,810.1192529020395,29990.73108075613,905.1079528078075,-11.25989985439879,59994.14521164313,1.0
1889,1.0,597.2398160933215,29255.935459278888,903.6522256466413,-10.864846674894308,59991.48789618042,1.0
1890,1.0,860.0489263140843,36393.451648369046,932.4121713799952,-10.661551343774368,59976.34880526672,1.0
1891,1.0,826.5240299576462,37195.299409447936,936.7068695264483,-9.7106749190053,59977.59966660931,1.0
1892,1.0,668.3683823562639,32029.147007297455,909.1323778550845,-11.193357369264099,59974.002796945104,1.0
1893,1.0,936.0560050700594,36303.44649212012,931.9288006897355,-9.702541251343828,59998.317198175086,1.0
1894,1.0,525.7561763026948,32513.747908186702,911.3310400188875,-11.154069479475371,59977.15657167814,1.0
1895,1.0,506.9469580435922,36089.618074232545,930.7793786824429,-10.05590635059096,59974.75449941853,1.0
1896,1.0,524.3544112787318,28048.90337390563,901.2551022937366,-12.281473097879678,59992.21691877887,1.0
1897,1.0,451.1916662675792,32512.086408520147,911.321901920949,-11.515831630598905,59982.30017885444,1.0
1898,1.0,506.4813996885418,28275.06444845859,901.7048044576268,-12.730048322276,59985.058471333534,1.0
1899,1.0,551.8302867103328,33554.033388674456,917.0337122371872,-12.000665190265796,59998.84517738621,1.0
1900,1.0,853.4916902162433,32138.712602998818,909.3481152238578,-10.179373287511467,59995.282238175365,1.0
1901,1.0,573.0297252547732,31074.825671268576,907.2508125139279,-11.21686176991978,59993.552641252,1.0
1902,1.0,628.3457678027727,35024.14299918214,925.0295373671223,-9.548327090685923,59992.664576443596,1.0
1903,1.0,682.9827196519944,33838.36133818015,918.5858689102897,-9.8961937654314,59983.51220779003,1.0
1904,1.0,451.64284572071045,31624.529185515737,908.3351671585228,-11.019972353488813,59957.18959593364,1.0
1905,1.0,588.4644356901149,33915.83247739614,919.008308326507,-10.247763118692825,59988.80788731534,1.0
1906,1.0,717.3420165859765,29378.011176712484,903.8942593747014,-12.045055636759669,59992.488953652115,1.0
1907,1.0,660.9407368915525,33807.72269206908,918.4187441613348,-10.484088193445034,59980.5394856631,1.0
1908,1.0,693.550395058486,35906.1232619611,929.7918188991157,-9.802049701050523,59981.10138317638,1.0
1909,1.0,645.5609471216342,27903.112278655535,900.9650731509524,-12.723528525309957,59990.072599838866,1.0
1910,1.0,1051.753631399976,39980.28795605866,951.4644821268973,-8.90239207808762,59979.68636710063,1.0
1911,1.0,558.820000063445,34128.95913389493,920.169405119752,-10.027201721485817,59980.31411078647,1.0
1912,1.0,882.4051199671476,34905.85970815064,924.3888967583677,-10.329531536309464,59998.13631308137,1.0
1913,1.0,693.9753752629751,35658.97167348605,928.4599115486112,-10.105137623140063,59999.354310927476,1.0
1914,1.0,1319.9312297064437,30080.215862264104,905.2850512249436,-11.347958387489102,59993.30201468669,1.0
1915,1.0,461.2917163242545,36708.78772072298,934.1035962926517,-11.612879552308069,59993.98836620029,1.0
1916,1.0,933.5280708756414,32017.332009483565,909.1091103319951,-10.080997761372133,59988.57924130776,1.0
1917,1.0,536.3317707500385,33522.82858493913,916.863195636636,-9.801790436913919,59988.247009654624,1.0
1918,1.0,545.117098903144,28381.585000991752,901.9165228597604,-12.11979250579637,59980.628028185514,1.0
1919,1.0,848.1708962047815,30420.65953851848,905.9584581153059,-10.416598464955946,59994.625327487025,1.0
1920,1.0,675.2994994991074,30239.8971955588,905.6009765563942,-12.072747933471181,59997.27474897091,1.0
1921,1.0,508.6974170759948,30665.930455789505,906.4432561958284,-11.00196105303222,59975.26630906423,1.0
1922,1.0,856.1801373741018,36301.639634361105,931.9190942938347,-10.010456426725222,59991.13247946328,1.0
1923,1.0,841.6245887008129,34980.34687605722,924.7923852906663,-10.031625057817061,59992.82801949934,1.0
1924,1.0,380.0572377411531,35390.49335021993,927.0107883364334,-11.907245056866376,59948.54511112468,1.0
1925,1.0,527.3212931575572,27980.842783118365,901.1197193967779,-12.312865250829512,59988.237605789735,1.0
1926,1.0,915.2420027154201,38497.127262366565,943.635564082157,-9.660480509742689,59989.237864396055,1.0
1927,1.0,521.3906502923498,32477.387556893937,911.1310393448776,-11.448744091685484,59993.874289227315,1.0
1928,1.0,827.1984000561064,33139.5686115628,914.7661679469019,-9.674709776417563,59978.29059670282,1.0
1929,1.0,583.9252402421489,31574.724744031784,908.2369830756521,-11.01082327230829,59978.573886750135,1.0
1930,1.0,443.0590498868862,31163.571092374023,907.4259736122672,-12.428343298626855,59992.41256039404,1.0
1931,1.0,575.2195897985974,32897.462310594536,913.4388590856693,-12.16949874746213,59991.74749531012,1.0
1932,1.0,718.5583448256045,33674.07559561089,917.6893640973453,-11.884099722414227,59966.72416257506,1.0
1933,1.0,979.7116995619278,36979.82235311658,935.5548168466652,-9.811732270750035,59995.856354145435,1.0
1934,1.0,443.71111034443425,32991.780623122584,913.9561852264509,-11.027205664586141,59969.45221311063,1.0
1935,1.0,661.3692643211228,32309.285572277513,910.2057909117106,-9.905606500427835,59997.57802044191,1.0
1936,1.0,394.9878535750652,31932.883300530077,908.9427838683328,-13.376025699636942,59969.07323277617,1.0
1937,1.0,427.43468001792627,29950.105809174464,905.0275386716091,-11.793085953750346,59988.83984578409,1.0
1938,1.0,620.9809321674855,34486.27858925973,922.1125990203475,-9.841380000807009,59987.952702227456,1.0
1939,1.0,489.34643688973307,33418.16525121264,916.2910258475449,-10.525925962562845,59974.872837199066,1.0
1940,1.0,778.7570332358855,35679.57825940824,928.571038000689,-9.926589185493702,59985.72201260297,1.0
1941,1.0,656.260558336725,30680.58234452021,906.4722074702657,-11.161948544621643,59998.134314923416,1.0
1942,1.0,576.0671830040742,35167.42285748409,925.8049377973415,-9.408096427626162,59990.97533863792,1.0
1943,1.0,468.950304818715,37757.13565210743,939.7037328153525,-10.078101646564663,59981.824425669416,1.0
1944,1.0,508.69153898739063,30599.71021631063,906.3123956867439,-11.53521191232918,59986.95747435024,1.0
1945,1.0,774.3460894188765,27289.041652210046,899.7423015124187,-12.7992384770621,59981.97334452115,1.0
1946,1.0,389.4770901384939,33049.68033959114,914.2736065910113,-11.394379776485428,59970.133549007114,1.0
1947,1.0,696.1080448726168,38375.99001978764,942.993104412532,-10.48830177052099,59976.13177247691,1.0
1948,1.0,487.42038765259184,35642.63259582304,928.3717887965498,-11.38695653384793,59986.951975035576,1.0
1949,1.0,521.8004402470137,32686.984652621915,912.2832980808159,-12.174527461837236,59986.934068598464,1.0
1950,1.0,492.34113656222513,34515.15892411755,922.2694693014596,-12.713595277191944,59982.67667998498,1.0
1951,1.0,498.9940133884799,29271.055030327858,903.6822065214714,-12.393234464290234,59997.851020063295,1.0
1952,1.0,579.0200990603201,33080.532947671185,914.442701297151,-10.553901182698079,59998.687861967635,1.0
1953,1.0,791.3436499638361,32725.4293869929,912.4944816546264,-11.193671105060707,59977.74780868918,1.0
1954,1.0,503.4901303349212,34810.35195078264,923.8712704792326,-11.218513010713957,59998.53414813064,1.0
1955,1.0,440.9952820926831,34501.933097199486,922.1976336228047,-10.859960647658443,59987.38959961641,1.0
1956,1.0,485.6302098649371,36140.29107918979,931.0519036689254,-12.056180586197026,59978.541433582606,1.0
1957,1.0,815.4030382041553,34372.4182466291,921.4938659841532,-10.09291113166297,59979.91450231692,1.0
1958,1.0,696.1128574594127,31674.610465686303,908.4338847551309,-10.186187344709026,59986.83748805935,1.0
1959,1.0,549.8846702792504,33737.50157793785,918.0355879401703,-9.45267029591091,59993.916215494115,1.0
1960,1.0,483.5326567236715,31143.05525375647,907.3854839539551,-11.786600156537993,59993.02339133988,1.0
1961,1.0,825.9421622119457,29827.55217887824,904.7849050870748,-12.11146830639228,59996.814385803846,1.0
1962,1.0,1010.9518036509646,33613.749187741276,917.3599322952219,-9.352658144914406,59985.47838836424,1.0
1963,1.0,873.9547794975584,31701.205241829586,908.4863019953252,-10.962310519633103,59997.05712562842,1.0
1964,1.0,514.9384137594141,32485.582678013798,911.1761207660811,-11.212272646955366,59980.96550497326,1.0
1965,1.0,582.7548594265436,31325.354305178822,907.7451934170232,-10.62314778907809,59993.56904465131,1.0
1966,1.0,605.1619824549135,31325.872524728184,907.7462157268036,-11.798650525074336,59993.41437814734,1.0
1967,1.0,556.563800964991,30597.994585866432,906.3090050724649,-11.023495518551282,59972.75458231649,1.0
1968,1.0,702.057084221078,30586.730110003115,906.2867426376944,-12.35956847146027,59964.81773234637,1.0
1969,1.0,588.1900390230824,31794.720900492746,908.6705901446022,-12.112275951385628,59981.720463543235,1.0
1970,1.0,417.5115608081242,28447.15622620009,902.0468228681738,-12.735111975911048,59735.93443236864,1.0
1971,1.0,484.558015614327,27579.596301872927,900.3211064258226,-13.275060646022085,59995.97361840164,1.0
1972,1.0,495.93098262324344,27241.175079080076,899.6469072115262,-12.773999923468857,59942.207724141634,1.0
1973,1.0,696.9089225028813,28079.389012811527,901.3157353497095,-12.55361590966178,59997.70919875842,1.0
1974,1.0,623.3548890209274,34253.38613327447,920.8465607345971,-9.650821569141554,59996.52123965189,1.0
1975,1.0,792.2830507609482,28880.923829715703,902.908244176465,-12.497701242074621,59981.47155780562,1.0
1976,1.0,682.2695587739959,27090.289986416177,899.3461295509421,-13.122526470240789,59992.76885647363,1.0
1977,1.0,747.0679263269075,32470.516697889765,911.0932408910278,-10.101012640165807,59974.42369722643,1.0
1978,1.0,713.4402251258552,34640.69317739857,922.9510116182528,-10.159471383913186,59965.481128721694,1.0
1979,1.0,825.7441679711053,30398.32606071214,905.9142994276464,-10.786279596431026,59992.54391131747,1.0
1980,1.0,605.7213085492739,31581.60497938153,908.2505474403126,-10.386366316475073,59993.18290814319,1.0
1981,1.0,654.9739999870259,27486.08735184585,900.134876508375,-12.52263347124036,59999.776264063104,1.0
1982,1.0,509.3535131709994,30470.39206737068,906.0567825126158,-10.552544108212064,59967.517387850836,1.0
1983,1.0,884.2993181153777,31601.80544184982,908.2903712560309,-10.580334888917031,59992.342447130475,1.0
1984,1.0,380.6908486241389,33112.40325430296,914.6173391904957,-12.726547647392408,59964.038744544945,1.0
1985,1.0,743.208512577633,36703.71429330084,934.0764085976999,-10.012925496210968,59977.23987942195,1.0
1986,1.0,549.7769702274961,34989.38079840491,924.8413084136993,-10.241016736155748,59997.68214253486,1.0
1987,1.0,819.2382030653869,34198.25067819303,920.546567716385,-10.347558815969402,59994.82691781374,1.0
1988,1.0,609.44695765855,35351.821961877664,926.8018611395094,-12.125031600256165,59963.786139521726,1.0
1989,1.0,582.3193976330045,28067.313954640096,901.2917197567751,-12.479861925837525,59996.79167523459,1.0
1990,1.0,620.2949318643844,33568.07944083695,917.1104550761781,-12.059125720508623,59974.03087769749,1.0
1991,1.0,854.1683734330979,30260.33904291626,905.6414111178636,-11.414643128191683,59970.07330035772,1.0
1992,1.0,405.6932087241888,35415.192817543735,927.1442044549734,-12.990605190833085,59975.81225986466,1.0
1993,1.0,841.1802333149557,32034.759957361126,909.1434313166135,-11.037384484542176,59990.97087830578,1.0
1994,1.0,614.7026300100188,34838.28077306176,924.0226687610234,-11.592163488728053,59972.00490546022,1.0
1995,1.0,1017.2102971780614,30421.639704672503,905.9603960844967,-10.244961584541102,59979.4751712539,1.0
1996,1.0,627.5050638803895,33208.492507309405,915.1436617158083,-11.411633320350681,59976.43715476857,1.0
1997,1.0,809.9450918634147,36477.420047793246,932.8628837121253,-10.373618835019037,59991.01605196348,1.0
1998,1.0,520.0956728437869,33419.53201080104,916.2985000234046,-11.74245761731712,59999.07455410621,1.0
1999,1.0,494.82368505349615,34591.57914578476,922.684428084341,-11.076602448297036,59971.52665139955,1.0
2000,1.0,814.5306939534319,32434.10699790348,910.8929137478214,-10.797421363891734,59962.80886941327,1.0
2001,1.0,814.9563216328398,30435.759955021924,905.9883138966455,-10.757732810275899,59984.198137343694,1.0
2002,1.0,612.3789443354514,34453.58307411132,921.9349717712762,-8.246389771914169,59987.82577567579,1.0
2003,1.0,1113.8599041259763,30975.792201257627,907.0552997171214,-10.961053821961436,59981.01335841437,1.0
2004,1.0,680.056399898,28827.19370227057,902.8015921893822,-12.523571309563078,59996.88615014571,1.0
2005,1.0,504.7684365734811,26440.885114181285,898.0502792183894,-13.615534287094174,59965.50814306443,1.0
2006,1.0,828.7436742819157,29720.471067564544,904.572843335473,-12.372196927597155,59986.295624703926,1.0
2007,1.0,666.331554442367,35260.108580329485,926.3061691712963,-10.008981762460497,59975.96157890666,1.0
2008,1.0,510.44350173938165,32032.213027873484,909.1384157223538,-11.066854778991367,59971.52490356284,1.0
2009,1.0,573.7199474065578,35184.71115107494,925.8984521501311,-9.913479303353373,59991.313020080306,1.0
2010,1.0,620.1809288177648,33804.108464963254,918.3990275108308,-10.77811648959668,59981.988078983064,1.0
2011,1.0,933.574399895791,31595.80633894945,908.2785446478238,-9.985821468438099,59985.70409177388,1.0
2012,1.0,669.4296745367627,36279.58751629508,931.8006222628159,-10.662677112222838,59990.534532226964,1.0
2013,1.0,622.3808946987524,28794.343223522857,902.7363783138754,-11.817892060615897,59989.08010461186,1.0
2014,1.0,933.447338494123,31240.760104123125,907.5782938250519,-10.286714329367063,59996.155077368974,1.0
2015,1.0,583.544576137987,36067.24756732099,930.6590408721474,-10.157668036579295,59993.37931337212,1.0
2016,1.0,442.53541339833845,35022.97876827092,925.023233989895,-11.177268529679004,59986.319412380006,1.0
2017,1.0,889.8381747588664,31503.645354454016,908.0968366895446,-10.936463268687042,59999.32214437427,1.0
2018,1.0,732.5992508937734,28704.770885296763,902.5585343980388,-11.973859915962436,59981.39256650536,1.0
2019,1.0,647.0180337289257,36289.10741963619,931.851768607833,-9.544786451600142,59990.83032184756,1.0
2020,1.0,608.5804073837872,35102.95552405145,925.4561388572494,-10.537016363209954,59973.99609662123,1.0
2021,1.0,483.87051317942223,30794.232656532597,906.6967379293912,-11.769154950395281,59994.84268143486,1.0
2022,1.0,473.3145828838582,35631.67170545633,928.3126676778296,-11.453500506966458,59974.71047821459,1.0
2023,1.0,519.4026894795498,27663.82785151964,900.4888220805915,-12.495513621462498,59987.432551746635,1.0
2024,1.0,1016.187102285611,32328.398403887557,910.3110394928852,-9.727240114301633,59984.96471652189,1.0
2025,1.0,752.223591922988,27293.74424724342,899.7516727902281,-12.564550508270655,59999.37745024231,1.0
2026,1.0,427.22556983917184,33095.029578462774,914.5221420049999,-12.962160594427901,59973.719171357225,1.0
2027,1.0,496.21372510340797,33193.97193728339,915.0641466862634,-10.650691834455918,59975.509281580125,1.0
2028,1.0,1193.9237602473358,29760.135678573268,904.6514011339541,-12.471191431614454,59979.591215710825,1.0
2029,1.0,649.8865727577981,32326.987578330496,910.3032709408754,-9.491125113498367,59998.1175096299,1.0
2030,1.0,394.902565044919,34760.635211198925,923.60169822641,-12.144626657929427,59992.73795348358,1.0
2031,1.0,498.91038631071746,31952.984738105602,908.9823779346302,-11.266141267944088,59981.90595791264,1.0
2032,1.0,553.6907311160995,31357.08003723613,907.8077774474045,-12.063934287637785,59991.4744804975,1.0
2033,1.0,613.0392632404718,34919.55264520725,924.4630837605825,-10.854573166547969,59974.2779707702,1.0
2034,1.0,728.9839072715474,33649.45485917708,917.5549296638052,-10.448090563192245,59980.85818877989,1.0
2035,1.0,715.9037494186476,35024.59829252584,925.0320024033434,-9.995089338412761,59970.75107534693,1.0
2036,1.0,682.5437673448457,34275.15775495331,920.9649921888575,-11.826046052394142,59994.759185948395,1.0
2037,1.0,872.6084882332917,36124.69847812688,930.9680539051267,-9.083629431348001,59983.83805798545,1.0
2038,1.0,624.7375899541878,32211.027181269277,909.664509511769,-11.988806916483629,59992.736224877444,1.0
2039,1.0,489.19254904746896,37529.16041768911,938.4889184559219,-10.515984962304998,59998.638692449706,1.0
2040,1.0,879.4891798696879,34620.72095028813,922.8426151755863,-10.915401581991851,59986.20352774582,1.0
2041,1.0,440.7418897339796,34145.25138608746,920.2581005342699,-11.10147333691352,59998.20964561325,1.0
2042,1.0,690.4940833747997,34003.15580597274,919.4842254266758,-11.254367929823749,59977.03513566624,1.0
2043,1.0,611.7738765687811,32549.14851668131,911.525717265916,-10.300777275884606,59999.34197162147,1.0
2044,1.0,543.9071009836118,30300.615079982137,905.721072237183,-11.39536141128588,59997.019967316875,1.0
2045,1.0,779.5155544343158,29303.68105253465,903.7468973871669,-11.225362306627508,59992.34711771861,1.0
2046,1.0,799.3578411180846,37149.86230260095,936.4640634421293,-10.647757578440629,59997.307360886225,1.0
2047,1.0,470.18549017754185,26693.85161197335,898.5553129699384,-13.768203624600588,59966.56089220155,1.0
2048,1.0,808.0219453884102,32440.281423677465,910.9268888663623,-10.368158771345602,59988.88263904048,1.0
2049,1.0,566.6138110705014,31858.065531029268,908.7953969736284,-11.873208896463217,59992.92166581695,1.0
2050,1.0,598.848736478066,37241.967375125554,936.9561839621094,-8.784724063642798,59994.98279731898,1.0
2051,1.0,689.3310207611378,33173.56934841054,914.9524092773948,-12.313771624932091,59971.32797979152,1.0
2052,1.0,825.3640816497829,35360.83617068934,926.8505660085356,-10.098927991973762,59997.046237063994,1.0
2053,1.0,885.293006976329,38108.64378872973,941.5735777463822,-10.257839913709159,59993.49583040956,1.0
2054,1.0,438.0788594377943,33100.94877150553,914.5545767567975,-12.852601940053646,59983.23364765447,1.0
2055,1.0,823.6167650871168,31077.354475442113,907.255804271597,-10.60784239288982,59968.77514804686,1.0
2056,1.0,473.0033552281063,33610.31572405898,917.3411790143315,-11.896765230432177,59996.16678191826,1.0
2057,1.0,586.4939222803245,31569.888490604728,908.2274482768736,-12.258883629461705,59963.37716682628,1.0
2058,1.0,1056.2395664120704,29689.471536774676,904.5114417439509,-12.284482843895681,59977.75523808123,1.0
2059,1.0,753.2513270804982,31461.335958470674,908.0134040065271,-10.440726556642703,59990.31690538411,1.0
2060,1.0,700.9173826074463,33648.80003055979,917.5513538778758,-9.970869742229887,59988.60639519949,1.0
2061,1.0,573.5276247035897,32062.533615430606,909.1981231192042,-11.275599844682999,59992.68277509907,1.0
2062,1.0,536.4668257247897,28856.32539442842,902.8594191290198,-12.398630337681688,59968.06143256502,1.0
2063,1.0,544.9696149845216,33889.849325442185,918.8666485763264,-11.443815642592199,59999.77153209409,1.0
2064,1.0,553.9933464757752,30591.161104576724,906.2954998643396,-11.798485305186961,59999.86217772642,1.0
2065,1.0,590.3210261602893,34759.79645279354,923.5971496309626,-12.09383551365434,59991.25385190469,1.0
2066,1.0,678.6768912608508,36369.179847552434,932.28184623302,-9.519874324809662,59987.77016736888,1.0
2067,1.0,732.7048278737726,28196.53519472283,901.5486847119972,-12.800497223174794,59990.97104940883,1.0
2068,1.0,804.7233911081214,28046.22712205005,901.249779259191,-12.610454927081545,59987.43910875138,1.0
2069,1.0,791.9791651026509,34634.26645645883,922.9161329609079,-11.287137002363227,59972.59591725577,1.0
2070,1.0,451.42382520704433,33659.39313573273,917.6091972530797,-12.025641232207374,59992.8908655296,1.0
2071,1.0,538.230252791613,34083.98650170772,919.9245262927951,-11.522999369952883,59995.4330222826,1.0
2072,1.0,802.5674822122821,33618.15590458888,917.384000809215,-10.479544586604945,59978.85707020042,1.0
2073,1.0,424.2829034738881,34476.14380116246,922.0575428905519,-12.770043425037095,59968.697260371504,1.0
2074,1.0,655.1932377360207,37402.618037829256,937.8138939658468,-10.722220010513773,59976.94257928865,1.0
2075,1.0,554.1343673731379,33320.77490717231,915.7582778357333,-11.552912588115477,59970.3525462564,1.0
2076,1.0,677.7336425898637,35744.58327179494,928.9215028751288,-10.32755770540022,59983.05400895386,1.0
2077,1.0,709.7266578466691,28610.446970512035,902.3712130471292,-12.392163214047075,59999.213609172984,1.0
2078,1.0,702.5782362128247,34652.1484581459,923.0131774868787,-10.018981894942222,59986.63625502339,1.0
2079,1.0,429.565468994478,37204.59142088038,936.7565158522704,-11.541574084740777,59989.623701194345,1.0
2080,1.0,570.9711333892235,29661.480732247797,904.455995522856,-11.875683953020078,59992.17219796977,1.0
2081,1.0,413.72713823477017,32979.63654922167,913.8895935250864,-12.934405483479303,59981.77141757475,1.0
2082,1.0,715.9630956734072,33823.71090374993,918.5059591191336,-10.085757167742317,59970.83161087104,1.0
2083,1.0,520.615818514408,33898.70334589668,918.9149231437798,-11.584590212161002,59990.967846546155,1.0
2084,1.0,781.105381245139,35912.20923991315,929.8245910507758,-10.82195704048825,59989.702058679024,1.0
2085,1.0,569.4272608193888,35750.282450682156,928.9522225081073,-9.701687054102411,59987.01288102035,1.0
2086,1.0,884.5135715196811,30730.432091394745,906.5706997335479,-10.440742370102276,59974.6516592525,1.0
2087,1.0,674.5075292868208,27219.61854639276,899.6039429731175,-13.208821732445916,59995.22113907186,1.0
2088,1.0,948.545512351631,31815.20113207707,908.7109441362579,-9.682105970964939,59977.65135350097,1.0
2089,1.0,602.7247013837416,34975.54284778943,924.7663680095031,-10.109710546798803,59977.65813306234,1.0
2090,1.0,603.3284019226265,28465.905983355937,902.0840775382055,-12.55429015317049,59982.50279046605,1.0
2091,1.0,972.2057925118092,29003.253468156592,903.1510095646107,-11.660326152570638,59976.13071075453,1.0
2092,1.0,766.3522107435857,28835.9144043968,902.818903385735,-11.928790260186618,59975.585165109645,1.0
2093,1.0,593.661782791227,35383.75697136802,926.9743977437212,-9.317425139136699,59989.235413426235,1.0
2094,1.0,434.55383171660816,30594.76008450333,906.3026126618895,-11.457757655870106,59970.062186567666,1.0
2095,1.0,593.5478130410531,33636.07873984483,917.4818845280802,-12.26898940542014,59977.56799006295,1.0
2096,1.0,575.3205290981255,31872.594190681226,908.8240197749941,-10.919403728881449,59992.02343452838,1.0
2097,1.0,481.9735574702737,27302.004216808185,899.768132893771,-13.39230953491373,59985.229732751126,1.0
2098,1.0,967.0593899430779,38297.35753931936,942.575824244215,-9.723372195400001,59985.137125232024,1.0
2099,1.0,583.5908996501855,36858.67172555346,934.9064248068297,-10.346124888438837,59986.019551529724,1.0
2100,1.0,728.7049056489441,31277.73992833637,907.6512572538826,-11.243548236486818,59982.05681887976,1.0
2101,1.0,763.9675168482828,30790.821903964938,906.6900004850835,-12.15656757949811,59998.31058485043,1.0
2102,1.0,830.6560166281653,31752.546166109896,908.587483115759,-11.065889631122795,59999.52554548731,1.0
2103,1.0,499.23606130423053,35785.88661329324,929.1441113271161,-11.590478489337896,59997.2084871544,1.0
2104,1.0,625.5824906940792,35231.202997419925,926.1498825051444,-10.639718048977688,59979.99290177446,1.0
2105,1.0,785.170290813066,32879.788199464056,913.3418841247538,-10.014764031183667,59995.37901071017,1.0
2106,1.0,661.4409982316886,37055.684705654385,935.9605871297694,-10.589628565343313,59964.8826153173,1.0
2107,1.0,754.9014298243343,31044.167785449714,907.1902925816746,-10.047081302338842,59993.057589826494,1.0
2108,1.0,479.8708527048019,32997.60056257801,913.9880968978719,-12.411128130358577,59988.041581487094,1.0
2109,1.0,667.4918690643038,34268.81982700211,920.9305173110213,-10.807955120099264,59983.677922179544,1.0
2110,1.0,489.19997093939116,28101.53419361891,901.3597771018466,-12.619653674655678,59993.110920656785,1.0
2111,1.0,549.6996071984142,29567.573424359856,904.2699487110442,-10.537039345849845,59990.453274134175,1.0
2112,1.0,481.29000301980733,35265.00917921513,926.3326629683921,-12.047102836648216,59991.947671796624,1.0
2113,1.0,471.2320025336503,32875.08840272582,913.3160952843438,-10.597225238491925,59976.302347490244,1.0
2114,1.0,707.8752882372195,35711.25151929484,928.7418170903636,-10.545802587449945,59974.255463508,1.0
2115,1.0,514.1513983563996,35246.383330208,926.2319629719485,-11.508455980783287,59991.37509849092,1.0
2116,1.0,740.2173874613816,27626.817876934754,900.4151349389988,-13.235546052423949,59959.770983604474,1.0
2117,1.0,468.4088036659395,32731.900438379973,912.5300232034858,-11.94617736416373,59997.16306942942,1.0
2118,1.0,466.4380780559668,34424.30543166097,921.7758824506604,-11.3560300288244,59998.23939618479,1.0
2119,1.0,602.2323029029263,29904.11745695706,904.9364989333855,-11.642861755710419,59997.26575254353,1.0
2120,1.0,539.7770206987406,32413.127703739698,910.777464064258,-10.229506737398616,59976.135502255966,1.0
2121,1.0,535.7736565137812,27938.403808222854,901.0352900443597,-12.295956283596418,59999.33360814744,1.0
2122,1.0,455.48614944163376,31523.14369332986,908.1352837952697,-11.548606231709725,59997.64790613262,1.0
2123,1.0,425.392814797448,27359.51829271174,899.882734883589,-13.454002040579505,59891.321695187435,1.0
2124,1.0,634.4108375187906,28489.072952211758,902.1301065223387,-11.783639874859322,59978.59276536035,1.0
2125,1.0,517.9222470361284,29103.517956650783,903.3499306785674,-12.193472433430896,59970.40729164801,1.0
2126,1.0,854.0870658508867,32240.079537189093,909.8245870865203,-10.358393131280115,59990.43067937336,1.0
2127,1.0,390.4505030541755,26913.901909429867,898.9943680618679,-14.127080071470193,59049.85698289648,1.0
2128,1.0,730.3474380454905,33071.59155723491,914.3936993678279,-11.135836850311305,59994.26868515581,1.0
2129,1.0,718.4227167990715,31339.153756108586,907.7724156257808,-10.845902864114482,59991.34252974372,1.0
2130,1.0,556.7982046022903,36835.841379874335,934.7841848352437,-9.817865463289657,59999.6027631147,1.0
2131,1.0,564.9695286617995,35089.39379638649,925.3827458259673,-9.725134999321138,59979.36774549941,1.0
2132,1.0,420.83559011799656,29524.953376623325,904.1854965023242,-12.437226598331009,59995.76697319199,1.0
2133,1.0,520.9029371949749,34983.52850907186,924.8096157058824,-11.133700785672309,59992.50428540901,1.0
2134,1.0,764.9216777254728,34862.78933569688,924.1555047662777,-9.836651046727587,59982.764911025704,1.0
2135,1.0,541.158013022019,30671.40976918949,906.4540831221464,-12.120073636770206,59984.13884482451,1.0
2136,1.0,709.741406433206,29861.4429781141,904.8520100586462,-11.317442723948648,59987.27484582324,1.0
2137,1.0,579.5597050594811,30223.706671774224,905.5689497701541,-12.391699273667074,59986.852279379294,1.0
2138,1.0,768.558260671162,33180.48478045076,914.9902841413358,-9.848810813451003,59991.65367369201,1.0
2139,1.0,730.5882745219219,33686.02170828277,917.7545849331349,-11.849553724436687,59966.97597061354,1.0
2140,1.0,600.8827831572034,30462.36949936756,906.0409222068138,-11.004517413900878,59983.56442395632,1.0
2141,1.0,669.4764901895385,31917.450008137803,908.9123833694973,-10.302888512142278,59999.98546063958,1.0
2142,1.0,635.124276013775,34904.5003017089,924.3815312841464,-11.162772682603048,59981.24152176282,1.0
2143,1.0,725.2382031408532,34729.8291936723,923.4346213931872,-10.180490845370262,59973.06379110262,1.0
2144,1.0,449.04438533294854,32096.72955470965,909.2654564865645,-12.463534028757383,59973.464869768926,1.0
2145,1.0,773.2714912132354,35215.18120732434,926.0632439419819,-10.918714689073234,59972.17564560996,1.0
2146,1.0,530.1645666371747,36294.04827170872,931.8783125137919,-10.041950596388794,59988.638576650315,1.0
2147,1.0,960.8936700136054,32855.08325163801,913.2063139544662,-9.2962670002607,59982.83105369157,1.0
2148,1.0,958.9395132021359,29883.978446667064,904.8966279282198,-12.145526111111453,59989.73442459269,1.0
2149,1.0,779.5325699303062,31523.057075374345,908.1351130048544,-11.312301302082583,59987.62860179197,1.0
2150,1.0,609.4492819264184,28199.749923535255,901.5550763459036,-12.379494828924463,59997.67238189401,1.0
2151,1.0,649.4075263392747,32146.02783459538,909.3625170097253,-10.473480461388817,59989.07582808752,1.0
2152,1.0,679.887933726799,30283.47544486721,905.6871730957023,-11.679637079334832,59982.413996567666,1.0
2153,1.0,556.4802827753888,30325.634982688043,905.7705545381776,-10.50868453060768,59990.99713335488,1.0
2154,1.0,631.706056636968,34692.52175393771,923.2322413750638,-10.742950533123015,59985.063776887124,1.0
2155,1.0,535.0773784227233,35915.17921482596,929.8405835139213,-9.17364429963101,59982.49479914924,1.0
2156,1.0,737.5496478558997,34735.99990558256,923.4680908788337,-9.918921826644628,59964.50825688867,1.0
2157,1.0,577.9765499532988,28694.675946252264,902.5384886074637,-12.203109288486207,59983.32490706183,1.0
2158,1.0,605.805499429645,36106.40599334936,930.8696752718279,-11.270596127543763,59966.1359981246,1.0
2159,1.0,776.3847680252679,36082.598394599525,930.7416194408657,-10.903065506089865,59975.568689510146,1.0
2160,1.0,461.21278301976065,34150.90938422303,920.2889007072112,-10.760610085791045,59967.74858463295,1.0
2161,1.0,507.3029118558006,34656.14203018634,923.034848889392,-10.038541796980196,59977.36407154013,1.0
2162,1.0,620.6622906555848,27992.19772271791,901.1423077179143,-12.386680571398388,59983.93649629291,1.0
2163,1.0,971.9190456132943,32865.58961211452,913.2639709474595,-9.78227474374916,59992.849718327576,1.0
2164,1.0,593.5332440430088,32698.811103090273,912.3482682947717,-10.864278012081401,59994.62127097395,1.0
2165,1.0,959.8978310718913,29586.09839832353,904.3066533903813,-11.263619501476558,59997.727346925734,1.0
2166,1.0,939.787204083343,34273.525656064056,920.956114589288,-10.032557345373249,59989.949599584615,1.0
2167,1.0,611.4733288864059,34949.73992645451,924.6266133679393,-10.978439327010586,59987.16922062566,1.0
2168,1.0,910.539488750492,30929.83727998298,906.9645587084683,-10.2194710759331,59999.51516910196,1.0
2169,1.0,483.414347849238,30347.50817860422,905.8138110097885,-11.331204524720942,59995.32807085245,1.0
2170,1.0,577.2040871587143,35329.18050003405,926.6795146654854,-10.54028788250213,59983.93807512074,1.0
2171,1.0,737.723457415409,31496.750239310506,908.0832403563186,-11.591796116287057,59968.89932685973,1.0
2172,1.0,724.2967795859201,34771.29635751221,923.6595116765438,-9.90884985920834,59967.79162353192,1.0
2173,1.0,754.869223427807,34093.65792744777,919.9771936100859,-9.399961410510974,59971.94178117131,1.0
2174,1.0,681.640052867852,35120.54700784694,925.5513308911059,-10.80459913797688,59993.877187715225,1.0
2175,1.0,912.271731528001,35691.96983168455,928.6378560763735,-10.018742254568172,59980.741188528365,1.0
2176,1.0,713.6438758715565,29297.11228790967,903.733873268359,-11.257412295799268,59985.82945844248,1.0
2177,1.0,798.5739830675877,34577.24450811339,922.6066065452181,-10.941424095403743,59968.288604980546,1.0
2178,1.0,716.8345520806356,32929.75580755883,913.6160202574081,-10.554087966909671,59974.89636412112,1.0
2179,1.0,624.3353085188484,29795.918426395638,904.7222640134423,-11.709397654627839,59988.32124434623,1.0
2180,1.0,827.1520124570839,35738.469478743835,928.8885472043875,-10.373328624124914,59973.12677166277,1.0
2181,1.0,716.2694691788114,35319.57095388748,926.6275829224476,-10.830953260230364,59998.307408392626,1.0
2182,1.0,796.3310591886548,33094.188264519566,914.5175318511679,-11.009629059179671,59975.61367785885,1.0
2183,1.0,351.92335638013736,34833.58063929461,923.9971918147819,-11.817674180037859,59956.28998040342,1.0
2184,1.0,705.6525237740154,30114.720388673453,905.3533282010112,-11.481087632516626,59994.255381158015,1.0
2185,1.0,487.7645882084508,27150.67232820835,899.4665108162421,-13.590143545895994,59983.97825356875,1.0
2186,1.0,846.5060051102078,31774.29470922273,908.6303405904707,-9.935164460611398,59973.913111240654,1.0
2187,1.0,508.6037029972656,28031.071954321887,901.2196351253821,-12.906642863881721,59971.10337327594,1.0
2188,1.0,455.7556529646669,35433.46226512714,927.2428753012205,-12.275752542014512,59981.55134004677,1.0
2189,1.0,605.8899810667242,32582.455779604432,911.7088427316633,-9.971692494420186,59991.86648500751,1.0
2190,1.0,646.0656626107384,35996.880268484376,930.2804066265528,-10.669808043618737,59999.347870144935,1.0
2191,1.0,713.0895036176104,33736.33163552727,918.0292028118077,-10.153041561913382,59993.462490440514,1.0
2192,1.0,937.8744993193054,33901.40723538803,918.9296649647002,-9.869454600776923,59988.858381851445,1.0
2193,1.0,633.0646085048573,29834.84916733963,904.7993538608367,-11.886810380774685,59988.20320995487,1.0
2194,1.0,673.567739990647,29383.193686393166,903.9045328517673,-12.14614520600838,59985.500862851164,1.0
2195,1.0,930.7632135395633,29490.71379507535,904.117643771237,-11.658266555661525,59985.738120414244,1.0
2196,1.0,632.9495600923842,31486.01968924572,908.0620805459401,-10.441469105271286,59997.833359917626,1.0
2197,1.0,834.2228017048428,32112.850414021148,909.2971972160469,-11.247826354747172,59991.3367253564,1.0
2198,1.0,636.8315392437821,29144.665411832757,903.4315512563613,-11.984659169396839,59995.91201775879,1.0
2199,1.0,473.62717362702614,35265.01404071603,926.33268925042,-11.703698741148582,59982.657615998156,1.0
2200,1.0,464.57310320290054,33718.04058219109,917.9293706877186,-10.570607962208214,59965.837079013174,1.0
2201,1.0,686.7620832915268,31590.102441210995,908.2672998425135,-9.765997860303754,59993.387312171835,1.0
2202,1.0,800.4127797475301,31468.070593641456,908.0266850639076,-9.553495406673065,59975.52571649622,1.0
2203,1.0,554.7095037684398,29650.200345498328,904.433649414105,-11.77640748847335,59994.75160227027,1.0
2204,1.0,549.3792324961319,32819.20901146737,913.0094137861915,-10.365859659014664,59994.67568238806,1.0
2205,1.0,865.8253531068628,35410.276427995464,927.1176498021482,-10.263718617553078,59996.31857322586,1.0
2206,1.0,667.3594524629465,33459.56104809954,916.5173718577958,-12.37492895240803,59970.579444644085,1.0
2207,1.0,493.9390535713119,33224.12069653929,915.2292339752017,-11.766299923203901,59999.122954238475,1.0
2208,1.0,691.1607385362265,31454.53144735037,907.9999849243409,-11.290060949891037,59979.32400629245,1.0
2209,1.0,898.0378361287673,35653.20776568556,928.428825646064,-9.935187887174497,59996.920341601726,1.0
2210,1.0,479.89394073422204,34129.026107560465,920.169769744431,-11.935282972751091,59988.583347003674,1.0
2211,1.0,526.4178938533177,27513.58727697019,900.1896491872457,-12.491891269641854,59970.65267187615,1.0
2212,1.0,931.3263065713145,34872.16672136042,924.2063247224065,-10.081334753779483,59984.57499444589,1.0
2213,1.0,702.3428685841285,31139.645315416717,907.378753965948,-10.596857757215192,59987.59665205207,1.0
2214,1.0,511.42563975339925,32832.1277607057,913.0803250731169,-11.280991843307195,59980.2685304004,1.0
2215,1.0,580.0217953092781,33865.3375927772,918.7329899034436,-11.075213071464983,59980.47545434521,1.0
2216,1.0,492.5241869394733,35013.25862289552,924.9706054275373,-10.119257204596941,59979.05290904766,1.0
2217,1.0,731.393924683061,33971.67959777263,919.3127082016082,-11.197831001340212,59993.94461039064,1.0
2218,1.0,845.5434047031705,31658.888895404114,908.402896541083,-10.336845605811725,59971.224755341245,1.0
2219,1.0,707.0438678506576,32462.669884274957,911.0500714292748,-9.122103390792129,59981.152126700465,1.0
2220,1.0,760.3848107656768,34941.66980628865,924.58289914612,-10.051627853557997,59990.96148201172,1.0
2221,1.0,469.965417181255,33509.584309641774,916.7908130736731,-11.355112827840365,59978.926153706365,1.0
2222,1.0,800.9203988472088,29681.655260281736,904.4959590860266,-11.154292046509177,59990.66041800303,1.0
2223,1.0,439.00259542975095,34332.91507851813,921.2790979917329,-13.128040715719852,59974.58574608575,1.0
2224,1.0,680.5254288088358,31814.33896287721,908.7092453702207,-11.58802184503913,59995.95801626631,1.0
2225,1.0,792.3862627160553,34039.1205182324,919.6801597682781,-10.543767573156146,59973.16408835195,1.0
2226,1.0,514.8549518252993,33831.98612903391,918.5510966680409,-11.894341761667437,59997.47814272954,1.0
2227,1.0,628.3845014786401,31968.64893662352,909.0132305444217,-10.817504687058783,59992.752391521426,1.0
2228,1.0,733.366767921897,34742.08583305985,923.5010992485671,-10.498963345642672,59992.04589999553,1.0
2229,1.0,484.02443844703714,28597.39721015118,902.3452935473708,-12.207821373605022,59968.235378340374,1.0
2230,1.0,610.0939331774675,31036.30266915418,907.174765773019,-11.599933790097584,59995.66025849316,1.0
2231,1.0,561.160605020979,29379.973725336546,903.8981498217777,-11.356749191147394,59994.107754981655,1.0
2232,1.0,713.724033064636,33156.81975004909,914.860667207972,-11.40585115194212,59988.867391608466,1.0
2233,1.0,1063.5656180536778,31119.082428690548,907.3381690360167,-10.976741085027037,59980.75168426316,1.0
2234,1.0,598.0847552081351,36395.0861157305,932.4209468082671,-10.026922704941397,59996.25878660341,1.0
2235,1.0,666.2343396284485,36945.38553939477,935.3705609797472,-10.968303599898281,59985.97574660037,1.0
2236,1.0,506.3109422464436,33823.527301089074,918.504957624562,-10.976377873765315,59970.71829276979,1.0
2237,1.0,687.3219483796846,30902.98561566389,906.9115335279383,-11.948621649900492,59980.51937113665,1.0
2238,1.0,625.874902520692,33521.79314436754,916.8575369674851,-11.790460218333552,59989.47058080444,1.0
2239,1.0,503.2173291555635,31994.65234039259,909.0644448738686,-11.791673094679114,59984.066795395396,1.0
2240,1.0,589.6120926316705,36744.04901516892,934.2925329417113,-9.424510293536581,59995.49992662776,1.0
2241,1.0,852.8136142346955,35999.0507147677,930.2920878499983,-9.7737594638396,59989.35922712559,1.0
2242,1.0,610.911267776206,34529.125933407544,922.3453242930923,-9.529109444218308,59994.70121498263,1.0
2243,1.0,920.7649384259964,37124.49626055651,936.3284839041893,-9.903212568704241,59982.49647305693,1.0
2244,1.0,622.6780502686864,35895.863069497165,929.7365664215387,-11.417153300668453,59985.155049295056,1.0
2245,1.0,647.1001476579634,29360.648004070954,903.8598387547992,-10.591184501032242,59989.13105178904,1.0
2246,1.0,551.7371113941829,28532.893568509822,902.2171635962985,-11.405046570963494,59970.068660434314,1.0
2247,1.0,619.7872350406997,34069.82429697914,919.8473979816275,-11.684328744692166,59998.22068442542,1.0
2248,1.0,688.6894369135327,31174.422599246936,907.4473890985765,-12.589359723058799,59994.17623496648,1.0
2249,1.0,478.71079007654424,34505.82775199498,922.2187879346159,-11.524198329121013,59979.3410441651,1.0
2250,1.0,573.8755537082383,33242.9830157615,915.3325035240679,-10.577270274236968,59992.5971394259,1.0
2251,1.0,872.5871368341584,34786.97998186428,923.7445541809392,-10.034144053169522,59995.49165480955,1.0
2252,1.0,520.40667797916,30966.199029572464,907.0363582274498,-11.678254718398719,59994.33406340727,1.0
2253,1.0,653.1296515394187,36610.98559350129,933.5793430756273,-9.598911094647354,59972.83418433656,1.0
2254,1.0,406.3250363327512,29380.72188113626,903.8996329191244,-12.87286487693595,59973.07856754172,1.0
2255,1.0,571.1937882662737,36165.89689086883,931.1895825596995,-11.106062052048076,59987.67137544166,1.0
2256,1.0,787.5177571590945,31775.20543002946,908.6321351978735,-10.460512702827177,59978.836566188904,1.0
2257,1.0,653.3331849061183,33639.725703107426,917.5018006964712,-10.910584854452322,59978.86111036303,1.0
2258,1.0,846.4603057923001,34381.898371401774,921.5453990047814,-9.532936812621248,59994.617914079776,1.0
2259,1.0,594.4422507081638,28274.298131512867,901.7032811336658,-11.942908909473434,59990.67179595295,1.0
2260,1.0,406.3751533302306,35158.71978847106,925.7578581379153,-12.860727170099562,59991.410576340415,1.0
2261,1.0,683.7455804736336,34055.902159176265,919.7715704535602,-12.415199438902173,59983.14557915371,1.0
2262,1.0,535.8928007023792,34565.304701010486,922.541781061609,-10.150048805110837,59983.27060557442,1.0
2263,1.0,656.3972738221589,38513.9432247636,943.7247121972339,-9.879420508799136,59970.307619294035,1.0
2264,1.0,765.57396474031,34485.77385672722,922.1098571978825,-10.549782515209206,59974.86172032981,1.0
2265,1.0,620.8518890062649,34087.3252706675,919.9427084594213,-12.206299178035465,59984.6514005095,1.0
2266,1.0,692.194357370811,29384.48741046758,903.907097427149,-11.71976033006581,59981.289738289364,1.0
2267,1.0,713.531739484942,32219.080408729536,909.708885511553,-11.467752427298343,59963.01770233324,1.0
2268,1.0,634.911733713028,33306.26928511228,915.6789007717338,-12.638552003044078,59962.03264580067,1.0
2269,1.0,557.3326642732861,27255.568718443,899.6755938121972,-12.91018704862186,59985.05445358043,1.0
2270,1.0,716.7704327077023,34032.786596792415,919.6456560012534,-11.764540769953705,59974.42912196438,1.0
2271,1.0,523.9381790400492,30953.112502917236,907.0105184617444,-10.850622114871973,59969.11061537092,1.0
2272,1.0,396.7083691747204,31931.513267773058,908.9400852249192,-12.677523070923256,59976.83689451658,1.0
2273,1.0,885.2128594594988,30164.940057551918,905.4526915185788,-10.200147546500492,59998.1208124055,1.0
2274,1.0,798.8475942312483,36235.26863165594,931.5624769903318,-11.18209495948,59973.65293419334,1.0
2275,1.0,478.8362053010489,34863.441641312544,924.1590399771858,-12.692182424384246,59996.88282446863,1.0
2276,1.0,377.6620412478645,32824.19734028534,913.0367955149361,-11.29443622797552,59981.20678473266,1.0
2277,1.0,956.7104406653194,28247.8061161105,901.6506171452579,-11.933788536220463,59973.47954580304,1.0
2278,1.0,780.7991884487062,32723.58422494557,912.484347035096,-11.198441601022374,59989.12596437557,1.0
2279,1.0,624.8766518389496,28328.30638905174,901.8106343111847,-12.505662133343384,59988.278734474865,1.0
2280,1.0,431.10253266822804,30505.304476520676,906.1257992948555,-12.235752604781773,59957.96969836325,1.0
2281,1.0,582.9383036267287,26892.98325871947,898.9526406744719,-12.86609749658859,59983.41733563087,1.0
2282,1.0,448.478921677659,33754.875138902345,918.1304011378677,-10.603560895345963,59995.52941679807,1.0
2283,1.0,523.4240885697102,29104.945464023764,903.3527624401397,-11.618605522917198,59976.14285746367,1.0
2284,1.0,638.0875625658033,31987.020778050603,909.0494146705574,-12.14712417215964,59993.407968131956,1.0
2285,1.0,572.1701693155608,27685.693754409887,900.5323540250469,-12.52755374276788,59996.348581940016,1.0
2286,1.0,662.2830254259567,34510.140177954105,922.2422108273422,-10.391019280288804,59988.12456030459,1.0
2287,1.0,928.2704445780105,33828.626112356935,918.5327696035986,-9.504605339770393,59988.14866321122,1.0
2288,1.0,863.406134618105,29059.722774680213,903.2630487803992,-11.437969949204518,59989.99600395935,1.0
2289,1.0,675.8594035747839,31853.23618932893,908.7858824959854,-10.763425794872234,59985.11104924128,1.0
2290,1.0,789.8788884496258,34241.14260709918,920.7799523743004,-10.053031495239345,59973.48053914337,1.0
2291,1.0,583.7458290392051,32016.02180580554,909.1065300784222,-11.015057660565786,59996.63387524659,1.0
2292,1.0,515.510076645393,26419.93968098102,898.0084482814809,-14.09543248485727,59979.056484379464,1.0
2293,1.0,624.7536301689383,34093.18982929755,919.9746445788038,-10.754281973078607,59989.14210127863,1.0
2294,1.0,515.9098671644706,32170.485716560685,909.4410777781338,-12.118417803607398,59990.593439730714,1.0
2295,1.0,603.677365992294,27261.36093611081,899.6871374385647,-12.930442274036523,59998.005561405975,1.0
2296,1.0,717.9105120230391,28040.055642103936,901.2375041188154,-13.004672868802341,59982.83645559959,1.0
2297,1.0,499.7210169322085,30262.510683890232,905.6457065648248,-11.747114894985726,59961.97214543769,1.0
2298,1.0,898.8843459165282,31474.797710525876,908.0399510729474,-11.025442976162243,59971.22760429616,1.0
2299,1.0,748.7361427945016,30473.48871897485,906.0629043878196,-11.547274105007151,59985.814559279395,1.0
2300,1.0,692.1564287319931,35586.88452515482,928.0710522461297,-11.748952338952298,59965.34680344858,1.0
2301,1.0,518.8085473060346,28508.04203253085,902.1677929900774,-12.591921827968635,59999.26705314167,1.0
2302,1.0,756.0255478124369,30489.21121343771,906.0939859887451,-12.22191479127002,59999.94537110383,1.0
2303,1.0,773.5402779000725,34137.26708351297,920.2146349228757,-9.632858635170916,59980.74508193553,1.0
2304,1.0,751.149965652434,32879.490329998414,913.3402496708255,-9.428997317351625,59995.62268552999,1.0
2305,1.0,705.1704134228956,29342.574200231255,903.8240077938189,-12.763406516842483,59988.25374505442,1.0
2306,1.0,806.9873680375939,34951.05420704157,924.6337323560458,-9.550328049622221,59988.3248342719,1.0
2307,1.0,662.0153391616788,34167.57576196642,920.3796203613965,-10.265537792635945,59977.34891721768,1.0
2308,1.0,622.9695872862922,27716.41083671095,900.5935033678577,-12.808504987431242,59994.46650180634,1.0
2309,1.0,591.1314497971446,31188.766261654117,907.4756954787431,-10.071271280268236,59987.40719189519,1.0
2310,1.0,663.8677243543701,28865.35006674155,902.8773324095336,-11.918434173938707,59999.96773219868,1.0
2311,1.0,846.6115124977373,32077.474597327266,909.2275432974827,-10.569194006567736,59995.4610282051,1.0
2312,1.0,487.83391269562287,28632.245063549137,902.4145066326664,-12.395257004935287,59994.366616255844,1.0
2313,1.0,914.6467639023506,33059.907527642354,914.3296626573275,-10.38104579941576,59994.462973377056,1.0
2314,1.0,420.5164378738613,35066.582072103854,925.2592800511043,-11.87941079354173,59972.503898047216,1.0
2315,1.0,452.0287427810583,37279.28211035347,937.155480266354,-10.613686041570979,59975.594570699286,1.0
2316,1.0,740.2344896379418,37941.94969570973,940.6873387404586,-11.092488202919291,59968.92869718612,1.0
2317,1.0,637.4726671324859,35994.592319978474,930.2680928451658,-9.853027622223134,59986.68422187407,1.0
2318,1.0,661.2378181422857,29692.27937496958,904.5170034996371,-12.011905657449294,59999.38206083541,1.0
2319,1.0,587.5354970100253,34700.666498093604,923.2764277952193,-9.94632937062932,59993.23777800901,1.0
2320,1.0,730.8655972457179,30130.534539808723,905.3846190098574,-11.757829394056253,59993.405101709664,1.0
2321,1.0,789.43399306043,32974.77999591569,913.8629613170015,-11.515395708434733,59965.21558708513,1.0
2322,1.0,609.7679269878113,31660.537412816386,908.4061459304246,-10.96183344324342,59993.79702586181,1.0
2323,1.0,664.0814234498511,33090.483463519384,914.4972303365632,-9.913590009902986,59993.13908427087,1.0
2324,1.0,749.5261348545778,35491.804401733665,927.5578993334639,-11.88015732462092,59980.1243652271,1.0
2325,1.0,745.8042997818644,31251.787881946686,907.6000529995772,-10.95116036980539,59982.13421877215,1.0
2326,1.0,667.4871243696891,32961.99893622858,913.7928690574169,-12.636644543366298,59986.983167869104,1.0
2327,1.0,713.3568702830971,38041.829394227876,941.2184608181433,-11.002631022972631,59964.992385551195,1.0
2328,1.0,879.1493703844604,28460.547552096094,902.0734308282749,-12.262314790827126,59975.31913099398,1.0
2329,1.0,858.749342774283,27863.11061897925,900.8854773111487,-12.860118211212495,59997.54342063792,1.0
2330,1.0,618.9837521384126,35051.54614923813,925.1778903956825,-11.001967319659633,59994.745030953265,1.0
2331,1.0,626.9493030676895,32094.837555840488,909.2617312034615,-11.602116683440666,59977.21510906461,1.0
2332,1.0,639.9424542265622,37700.32559666551,939.401163455447,-10.712160941874906,59963.98261044811,1.0
2333,1.0,391.32516892632475,33063.07535501872,914.3470250485309,-12.51910771349506,59962.26576966709,1.0
2334,1.0,551.4897296605834,37970.908506633954,940.8413632046215,-10.707767145718268,59989.56737949383,1.0
2335,1.0,535.7133720896632,33729.191692645385,917.9902345371097,-9.633573032942751,59993.94840052244,1.0
2336,1.0,604.7191420774656,33093.04787398973,914.5112828062593,-11.265195788443213,59983.15323081027,1.0
2337,1.0,573.3838237838585,34965.75174241434,924.7133397181867,-11.871305806094155,59982.207305431235,1.0
2338,1.0,787.1676222541307,31651.717763040797,908.3887613817922,-9.922926771462063,59998.76872874632,1.0
2339,1.0,975.253281239196,37145.112874742736,936.4386796920494,-10.034299720905917,59985.65090426028,1.0
2340,1.0,703.3646290918954,36475.315150239556,932.8515881806355,-9.994952668362766,59986.53094631067,1.0
2341,1.0,478.6127920820341,25594.17749386108,896.3575118195248,-14.343152085314925,59998.37686972534,1.0
2342,1.0,537.3590322679237,35421.18801803554,927.1765849517902,-10.728289290869535,59988.81456922587,1.0
2343,1.0,682.6483312398897,35498.9946075363,927.5967157449107,-10.890892212903182,59997.76864702813,1.0
2344,1.0,304.91971414057457,33374.50680221038,916.0522442197346,-11.315028756133243,59928.34192614147,1.0
2345,1.0,630.1041825005602,35194.005935151414,925.9487245850207,-9.125195913150257,59981.8098503695,1.0
2346,1.0,879.507482020184,30990.81850053762,907.0849678788825,-10.614440010271514,59997.456638676565,1.0
2347,1.0,573.9748898130729,29504.36264822347,904.1446924618023,-11.346599912344297,59976.3314699448,1.0
2348,1.0,599.3533384854694,34540.16129546091,922.4052528282791,-10.524629335344144,59985.41654482755,1.0
2349,1.0,615.066768030612,30900.156412366694,906.9059463673543,-10.790104230409291,59990.28072336495,1.0
2350,1.0,760.0012411354619,34401.89530384707,921.6540904013231,-9.741152571702557,59971.033236729134,1.0
2351,1.0,765.7630184599388,33822.31839585168,918.4983633993078,-10.19879764861091,59972.760513848334,1.0
2352,1.0,536.1760773279971,34620.032953758775,922.8388809326423,-10.966513267933337,59987.62985390202,1.0
2353,1.0,746.7704414042129,32726.64465068225,912.5011564698817,-12.105021475282024,59964.88573786876,1.0
2354,1.0,897.0933557733599,32888.96326432028,913.3922275590402,-9.20348673844363,59988.68380099734,1.0
2355,1.0,548.8237772634883,35949.22506647459,930.0238899547097,-11.767814343008357,59981.71087565604,1.0
2356,1.0,541.0102968620266,34288.41492902309,921.0370996052748,-10.805221217118811,59990.03927535121,1.0
2357,1.0,784.1310234149391,27375.003875924223,899.9135884599572,-13.180651651251438,59986.40793037682,1.0
2358,1.0,704.9258771585,31327.646933982363,907.7497161558587,-10.519376575705506,59989.837767058874,1.0
2359,1.0,724.526926525274,26976.169860239595,899.118563705621,-13.588560793597255,59992.372538450414,1.0
2360,1.0,1091.6444695691807,31533.65619373273,908.1560117224175,-11.683894566796743,59987.59888140893,1.0
2361,1.0,980.640735271838,30520.56859635268,906.155972362991,-10.377924850405687,59969.51068226429,1.0
2362,1.0,681.4412964056328,28468.048609956964,902.0883346999672,-11.452039728708458,59987.104449618266,1.0
2363,1.0,507.2497208335545,35033.36876082103,925.0794858718418,-9.073864516876023,59987.10973719053,1.0
2364,1.0,605.1348468190913,31520.768217321172,908.1305998970537,-12.360040860608564,59967.177777447454,1.0
2365,1.0,405.15687632882805,32949.96954948564,913.7268938588973,-12.188802578198162,59977.70095129385,1.0
2366,1.0,709.279200724686,27046.630303105634,899.2590759589691,-12.650274202494117,59995.00294443767,1.0
2367,1.0,766.9040910814558,27115.487615502,899.3963670440248,-13.61695785247647,59989.04087893137,1.0
2368,1.0,593.5426732731493,33601.429282525976,917.2926401674368,-11.472819563195065,59990.59991223026,1.0
2369,1.0,790.8872388575357,27327.211691637734,899.8183631144947,-13.132197605092028,59978.01317258428,1.0
2370,1.0,499.239588445801,32746.072849545522,912.607858549894,-11.718589477943874,59997.74953775945,1.0
2371,1.0,473.55072015524354,28883.87838452457,902.9141084229433,-12.296841360591335,59972.541743426715,1.0
2372,1.0,759.79230762992,31301.71757734226,907.6985630192493,-11.665274832813907,59972.22503277337,1.0
2373,1.0,799.2433504655512,27267.676343955187,899.6997235665062,-13.328856115156613,59994.717883597514,1.0
2374,1.0,951.5195690134877,33738.42874935935,918.0406480778661,-9.284878460054284,59987.46261719807,1.0
2375,1.0,520.0899234345214,34707.80366656112,923.3151461399441,-12.51428286463652,59979.1908844928,1.0
2376,1.0,957.7848880135052,31836.319804437677,908.7525539560633,-9.58582910168792,59996.111252409544,1.0
2377,1.0,421.86255996882363,33121.09096122998,914.6649386347447,-11.52385282594866,59998.36380674283,1.0
2378,1.0,729.1772333344815,30014.911103501363,905.1558111496776,-11.72492476378595,59990.83367417615,1.0
2379,1.0,682.2678213595799,31061.732171373853,907.2249659695874,-11.621222996351964,59980.279403932764,1.0
2380,1.0,404.25148614475705,32050.349561162173,909.1741307803886,-12.793440073178365,59968.94492543379,1.0
2381,1.0,674.1978638284062,31580.83344058769,908.2490263652874,-10.957398244542473,59994.03353180699,1.0
2382,1.0,419.04075139046546,36286.749527500695,931.8391009435367,-11.490604177727649,59991.981922080646,1.0
2383,1.0,411.95566957055604,27300.853713044442,899.7658402411475,-14.013776639375749,59941.96631723917,1.0
2384,1.0,659.0047911442527,37695.39666423894,939.3749071996472,-9.877487157156933,59999.75870792484,1.0
2385,1.0,605.3789660787212,31718.314261654763,908.5200213599164,-10.218985455343619,59992.17976392391,1.0
2386,1.0,773.9309253958614,34656.90585885364,923.0389937988931,-10.679296143712646,59966.69425188297,1.0
2387,1.0,557.2370141724273,32563.380421433092,911.6039699248824,-11.561050334153997,59997.321961900874,1.0
2388,1.0,503.8220510608318,36051.21391808516,930.5727808687182,-11.56915770701123,59991.91496508314,1.0
2389,1.0,496.2427324710958,33948.42281938987,919.1859578834622,-10.95681100246262,59985.21516082394,1.0
2390,1.0,663.1324987339412,32794.192704757195,912.8720822750643,-11.63894736263782,59963.636573058895,1.0
2391,1.0,622.0087697603979,35269.29614727761,926.3558386774124,-10.347876223339664,59995.139584147226,1.0
2392,1.0,493.97272118961376,35093.187688200436,925.4032781361351,-11.34079114254125,59978.34885779942,1.0
2393,1.0,896.414036032838,28804.32564200712,902.7561957083461,-12.600005695295266,59991.76143189143,1.0
2394,1.0,378.4958124796103,32408.12445096055,910.7499287412523,-12.442764792917655,59977.24933465807,1.0
2395,1.0,726.8320604355167,30715.894894990797,906.5419786576676,-11.977643436920003,59999.77862377472,1.0
2396,1.0,966.9780745389512,31387.520671832124,907.8678217795859,-12.301963981104603,59973.268045525365,1.0
2397,1.0,756.3031789675367,34679.40898153742,923.1610979999263,-10.24465003635515,59987.58584410087,1.0
2398,1.0,610.4161347718998,31739.07854390384,908.5609427861327,-11.200410530595702,59980.50370204502,1.0
2399,1.0,843.1300351570552,29503.335180745085,904.1426563046064,-11.84312761668745,59989.43554774613,1.0
2400,1.0,838.5344646717579,31575.92590330982,908.2393511744962,-10.28821041632836,59979.479743385375,1.0
2401,1.0,651.9920242215259,31759.516966824547,908.6012199620558,-10.202862006471898,59994.29644601656,1.0
2402,1.0,447.811065497338,34492.04584982495,922.1439274882443,-13.054475204107874,59988.484004146,1.0
2403,1.0,573.5010691193237,32095.375392549126,909.2627901879023,-10.640623291129431,59994.33691889671,1.0
2404,1.0,659.6809546654798,27444.481108040094,900.052000488089,-12.885984124281661,59987.20163249371,1.0
2405,1.0,654.7665875307424,35152.478018431815,925.7240914372294,-9.540241191448983,59995.25438708819,1.0
2406,1.0,434.70808232687114,33064.13069084499,914.352809110368,-11.347662411582034,59984.31628900629,1.0
2407,1.0,737.7493101652991,38107.98560494436,941.5700802044829,-10.370871459251312,59971.10338756293,1.0
2408,1.0,449.90883053574885,34211.06044196894,920.6162750543069,-12.020602372881415,59998.891080077265,1.0
2409,1.0,638.1584722823908,31007.552154008,907.1180057613917,-11.249338850771665,59993.74566782111,1.0
2410,1.0,726.4262384424603,31761.220185164675,908.6045763335353,-11.33682098036649,59988.97515773573,1.0
2411,1.0,492.52388707634066,34977.20814328,924.7753868741005,-11.531096914467254,59985.967697023756,1.0
2412,1.0,733.9356725528057,31981.991172530394,909.0395088115966,-10.197641991640976,59984.18223227821,1.0
2413,1.0,438.78780874022976,31490.36580010834,908.0706508066062,-12.137227432516168,59965.2682480891,1.0
2414,1.0,498.90777712826326,26516.500240051406,898.2012746232234,-13.387237008293276,59999.07229137753,1.0
2415,1.0,664.1397591884905,34220.2724875408,920.6664011284807,-11.738229529720138,59981.83972369238,1.0
2416,1.0,853.4845976590393,37362.46860542993,937.5996146984875,-9.940560854816272,59983.25099720113,1.0
2417,1.0,668.3361116800411,29034.749363820123,903.213501673333,-11.724649540609676,59983.494470122256,1.0
2418,1.0,665.7452240323065,34569.35220068642,922.56375692261,-11.829928320904118,59970.06351018468,1.0
2419,1.0,793.6701755385511,32790.89421210032,912.8539729849641,-10.301469661172357,59994.679482351334,1.0
2420,1.0,720.363746559952,36032.45448084913,930.4718455999073,-11.040421214396131,59988.05222108924,1.0
2421,1.0,623.2159517215412,35301.66953558621,926.5308322091181,-9.765559234970814,59987.04180793432,1.0
2422,1.0,664.5990900001776,30724.329568874164,906.5586431330075,-11.633532194778166,59993.10804852996,1.0
2423,1.0,662.0193561587705,33138.24247327961,914.7589031264981,-9.99581806810152,59992.598493046215,1.0
2424,1.0,452.84113972311076,36064.645733111196,930.6450437440055,-10.10283659187374,59980.80032018779,1.0
2425,1.0,599.2405512355327,28244.695520689813,901.6444333021607,-12.003895085099455,59984.45302276305,1.0
2426,1.0,850.7742039812268,32650.44528285387,912.082533325534,-10.38765294120876,59996.906319351176,1.0
2427,1.0,468.39299416990445,36820.347338239044,934.7012158566331,-10.087477343445862,59990.31912085296,1.0
2428,1.0,411.602953273451,32887.41936228444,913.3837563975278,-12.769494150161853,59971.96952706908,1.0
2429,1.0,653.0631020037719,32799.27251387845,912.899970558712,-10.240627037085869,59985.66632464164,1.0
2430,1.0,522.0996506144752,31886.598313158654,908.8516082132668,-11.022736361145437,59994.79939602751,1.0
2431,1.0,826.5308628077023,35155.77565136424,925.7419311193496,-9.291700407964615,59981.54089500359,1.0
2432,1.0,1039.1755082412872,32401.10174315532,910.7112779021146,-9.377336153886544,59999.582104830435,1.0
2433,1.0,627.1219000536674,35923.579298880184,929.8858139879902,-11.48633323131022,59971.043111390456,1.0
2434,1.0,855.0550453811725,33700.49980950953,917.8336228406114,-9.775321483433869,59988.91067555176,1.0
2435,1.0,405.1803597234242,33790.21831909493,918.3232486146217,-12.210567496412319,59971.84821854792,1.0
2436,1.0,1007.3096090683306,32085.979355083753,909.2442894672247,-10.049370880483721,59975.12667431332,1.0
2437,1.0,703.530121832556,27679.815459428617,900.5206514007012,-13.020050642266495,59985.75272826356,1.0
2438,1.0,712.8428370480317,28727.454666087175,902.6035763331787,-12.259023772604616,59996.41459153641,1.0
2439,1.0,438.86165303846315,34839.05000556866,924.0268382942829,-11.424534814063236,59982.975700165596,1.0
2440,1.0,974.1553760245451,29537.118782822814,904.2096033408042,-12.353802992426306,59993.63876164782,1.0
2441,1.0,649.3508649970706,27611.633153447696,900.3849000468712,-12.629336549696971,59987.65649664456,1.0
2442,1.0,892.5061826165825,30066.165348977855,905.2572466189332,-11.375596265617293,59995.95886355312,1.0
2443,1.0,536.7385996759316,31045.505472908782,907.1929333283,-11.955250626099629,59992.946721019805,1.0
2444,1.0,636.7814305996598,33328.78364967762,915.8020998423552,-10.020301973455027,59993.58273878735,1.0
2445,1.0,561.1904817373021,31306.645672918432,907.7082853633708,-10.844829359512428,59983.91669276188,1.0
2446,1.0,540.7808756419568,32072.442274798155,909.2176343096501,-11.83478723124603,59984.4004158157,1.0
2447,1.0,625.6438969024906,33775.927856150476,918.2452788833655,-9.850164521086977,59998.73428927917,1.0
2448,1.0,465.50385943024986,31422.639137412505,907.9370875171943,-12.899330316921905,59983.36263721198,1.0
2449,1.0,526.5356345038296,34542.46011623073,922.4177362670517,-10.546894806388192,59982.63705476207,1.0
2450,1.0,608.5498685689881,34029.24693350238,919.6263732427116,-10.888405921502683,59996.07795203444,1.0
2451,1.0,782.1692503492757,27126.720468316198,899.4187613874751,-13.089244794967914,59989.61150442595,1.0
2452,1.0,777.2931121578825,30554.2935802399,906.2226335314479,-11.466461075075985,59984.7010415052,1.0
2453,1.0,564.2652214656284,32152.773831891012,909.3757978901224,-11.125207833709707,59991.45562605946,1.0
2454,1.0,383.6713385739466,36450.09640862558,932.7162453950874,-12.192796671014555,59983.95534454323,1.0
2455,1.0,485.31276993588637,27989.08040096346,901.1361065106637,-13.10497752926788,59957.14654380763,1.0
2456,1.0,769.9604694805367,31366.661817607717,907.8266780559911,-10.874791834261792,59971.29886496373,1.0
2457,1.0,421.7005007746018,29619.247683665973,904.3723298751555,-12.862033113288318,59951.97397764343,1.0
2458,1.0,633.1196879609871,31022.90146237601,907.1483092689813,-9.701032272425367,59994.27353858665,1.0
2459,1.0,523.4340858604961,32482.7874192328,911.1607442907301,-10.737716567092757,59987.81493222459,1.0
2460,1.0,500.004816398231,33437.33132159978,916.3958303611518,-12.213222513080414,59995.881702524246,1.0
2461,1.0,635.123912574994,33707.16267570997,917.8699939188285,-11.830090456915428,59987.27928927903,1.0
2462,1.0,580.767023677447,33335.04130536996,915.8363387668735,-10.384474970132409,59999.7296229186,1.0
2463,1.0,741.3573068071755,32646.203022776943,912.0592213097448,-12.13609994543022,59996.37011207126,1.0
2464,1.0,593.4828285735393,28901.00268826716,902.9480961512303,-12.40116577467363,59999.44171911496,1.0
2465,1.0,820.1537163790847,32471.736491709755,911.0999514271876,-9.987168119933559,59992.465331450265,1.0
2466,1.0,834.0381418446552,34631.33793672993,922.9002390398485,-8.783342585657644,59995.85798752294,1.0
2467,1.0,877.9860789423192,29177.05716850986,903.4957980004832,-11.4217737571536,59994.60703419619,1.0
2468,1.0,825.557199309296,28640.93508285331,902.4317653752063,-12.760766423280794,59994.165420701545,1.0
2469,1.0,579.2888871510662,30656.791344939953,906.4251973122355,-11.277283738979202,59985.79832121786,1.0
2470,1.0,750.554344831525,36220.50250419678,931.4831176998481,-10.772327342882754,59979.18681773888,1.0
2471,1.0,430.976800820626,33111.134291375594,914.6103863977648,-12.061071402326606,59973.99957160744,1.0
2472,1.0,805.38920178345,31241.36764125238,907.5794925867554,-10.137453687875391,59985.771804330805,1.0
2473,1.0,635.9821374023021,31797.023813533364,908.6751278779367,-11.622650839938863,59997.13316057533,1.0
2474,1.0,773.9176477121591,35792.1593978629,929.1779142047822,-10.615544057934034,59970.668452642974,1.0
2475,1.0,515.3875030713641,32804.27803245133,912.9274501086137,-12.138706007958435,59999.5840900005,1.0
2476,1.0,664.435625723537,33069.055681395985,914.379801383315,-11.258330752397175,59969.738944559045,1.0
2477,1.0,870.8213056401867,35515.04549527829,927.6833604783872,-10.215416871624003,59996.07591874853,1.0
2478,1.0,691.2850807361863,32615.158419544954,911.8886063045529,-10.1503650340358,59993.598970146246,1.0
2479,1.0,838.5385602143925,34170.1488874417,920.393625748394,-9.050522801464036,59987.44755778112,1.0
2480,1.0,393.5702776419493,36937.421624917275,935.3279442129358,-12.476900278879866,59988.24751040005,1.0
2481,1.0,606.7784641486074,34903.1831920584,924.3743949215113,-9.743895600896913,59995.01447731721,1.0
2482,1.0,858.1634514241297,34527.66075623553,922.337367207104,-10.5740532959654,59997.97825596556,1.0
2483,1.0,634.3362917159513,27042.91226551384,899.2516620726107,-13.189609383004907,59998.93387365513,1.0
2484,1.0,446.74171852158815,34844.20146846869,924.054760675128,-11.071397312270635,59976.553184461234,1.0
2485,1.0,770.9608962024823,26184.21399367962,897.5375179920156,-13.166355023903805,59975.99426476888,1.0
2486,1.0,588.8147217857985,36045.62175231346,930.5426933933459,-9.542479210533372,59988.79108811054,1.0
2487,1.0,471.01489136430865,36270.965431099445,931.7542969541047,-11.108197317583992,59979.31051521908,1.0
2488,1.0,876.2711354088586,35854.42687403548,929.5133918722421,-9.676220128181384,59998.24662424314,1.0
2489,1.0,369.79119867132675,34275.212579810606,920.9652904003086,-12.671220382840936,59975.6852109798,1.0
2490,1.0,441.9483484903093,31828.50336627199,908.7371535932638,-12.312613425586497,59986.008537943235,1.0
2491,1.0,592.9362695296722,34748.30496348186,923.5348287901294,-9.616961585566482,59994.31013380079,1.0
2492,1.0,656.3759925178326,35332.76567606718,926.6988888263634,-10.822235992919666,59994.392236997235,1.0
2493,1.0,531.2883127028972,33866.86113535635,918.7412981412278,-11.873232484460106,59991.471933922505,1.0
2494,1.0,542.053747206503,26677.566158105066,898.522809707925,-13.383487566167918,59981.34999196271,1.0
2495,1.0,685.8760641132687,33396.7011331466,916.1736400989581,-9.68242336062013,59990.144983878294,1.0
2496,1.0,690.2998385320375,31854.26999959087,908.7879192561786,-10.358405849531056,59979.78450951742,1.0
2497,1.0,751.5882770843974,28256.91374310546,901.6687227688926,-12.689603170094161,59983.995045061565,1.0
2498,1.0,772.0595772047554,32926.0064135927,913.5954530473805,-10.82310054235004,59990.05688870856,1.0
2499,1.0,630.923177711259,30752.69792565466,906.6146882282259,-10.841539849134028,59993.05682179155,1.0
2500,1.0,647.0914587253563,33680.205993992284,917.7228341472,-11.95111885880275,59989.452898268726,1.0
2501,1.0,514.1367255136366,33151.39780075403,914.8309676546378,-9.766213053549848,59987.84637141052,1.0
2502,1.0,387.89328618019687,34136.065353450744,920.2080926575031,-12.62104561409246,59973.06921917868,1.0
2503,1.0,746.9107086827097,33408.96978351195,916.240738420824,-11.019485460602752,59997.99788764425,1.0
2504,1.0,817.2254311568012,29765.57839973079,904.662180114249,-12.27081931331516,59990.947226914155,1.0
2505,1.0,814.9960754501226,30831.4344965871,906.7702210213076,-10.789222337184935,59983.46370063529,1.0
2506,1.0,873.0793237780103,30806.063743232564,906.7201080720621,-9.974464006308754,59994.02647944168,1.0
2507,1.0,915.1884979525647,30273.254708611403,905.666957611692,-11.932927149600788,59982.92519594772,1.0
2508,1.0,943.9386167190144,28000.394308056395,901.1586127398681,-13.140774259800303,59992.56102506656,1.0
2509,1.0,662.2216761412658,27279.4834436891,899.7232536800029,-13.12911269908827,59994.57617419938,1.0
2510,1.0,864.2220634072462,29891.00196338554,904.910533242342,-12.282468533996138,59997.88813151925,1.0
2511,1.0,690.6668339591462,31043.2860693726,907.1885519694166,-10.786030633313613,59987.65113576159,1.0
2512,1.0,703.5759960725871,34537.286800639224,922.3896430182108,-10.286398380953624,59980.11526424907,1.0
2513,1.0,558.3672972986075,27032.086333849813,899.2300744199213,-12.902248577821684,59977.6080588117,1.0
2514,1.0,865.5044593350088,29829.645501432642,904.789050104027,-11.447780493046013,59975.6047662255,1.0
2515,1.0,575.3787356526143,35303.4126459211,926.5402535599636,-11.053473846589618,59991.36220439915,1.0
2516,1.0,787.0911534964714,33570.000410114866,917.1209500718179,-11.023141421945837,59981.377122783655,1.0
2517,1.0,374.4700390133472,31799.417655893416,908.679844753815,-13.094297882071173,59984.03282732351,1.0
2518,1.0,646.754763315444,33209.90909086472,915.1514185759913,-11.170090218302152,59990.07792670637,1.0
2519,1.0,437.2427168254247,35429.50617488165,927.2215099247179,-11.194136637573697,59994.063687371956,1.0
2520,1.0,622.8856153029532,33308.40865839788,915.6906082168159,-10.010782622556265,59996.73756616603,1.0
2521,1.0,764.5561626399788,36361.84672128726,932.2424679242325,-9.86562195043028,59985.92927347973,1.0
2522,1.0,845.1893012485945,33045.78328537362,914.2522455619138,-10.30726254760908,59994.843691845395,1.0
2523,1.0,418.1780714567086,28738.129354540088,902.6247715861181,-12.771048428059803,59976.069399134285,1.0
2524,1.0,653.6945947542008,29817.63823364063,904.7652740521106,-11.541221316489619,59987.29940823001,1.0
2525,1.0,824.2389900812591,35580.48752067834,928.0365366257008,-10.836745869042685,59977.6818149488,1.0
2526,1.0,563.5371356730034,30344.512255899077,905.8078864072554,-11.121122521306374,59988.52858673722,1.0
2527,1.0,432.8657795116666,32082.073996243387,909.2365997209525,-12.201986929714192,59977.710838320345,1.0
2528,1.0,784.0109656565864,33046.09662667107,914.2539631074903,-11.601133325313699,59972.856425296486,1.0
2529,1.0,462.81345766042915,28978.383142949784,903.1016599910112,-12.888140735698343,59999.80974142585,1.0
2530,1.0,847.1313593778049,31062.416213152403,907.2263162876342,-10.968932293472132,59991.015303744316,1.0
2531,1.0,376.99411544234744,34335.21532831088,921.2916052704844,-11.997986173971666,59966.06012063123,1.0
2532,1.0,524.632513868506,32048.44841054683,909.1703870473904,-11.277111861624583,59979.718079883605,1.0
2533,1.0,573.008076521598,30871.594927236216,906.8495404376135,-10.213346158795446,59977.08276419838,1.0
2534,1.0,686.1354697458146,31572.70859153113,908.2330081927478,-12.048652424962182,59969.73502855863,1.0
2535,1.0,791.0258039355659,30839.096110137525,906.7853538101156,-11.192558532742837,59989.68041771424,1.0
2536,1.0,661.8577190195612,34017.671863280964,919.5633136275317,-12.208908668172583,59963.1847998234,1.0
2537,1.0,621.273450715716,27512.892607410606,900.1882656334924,-12.402253751920433,59979.534758364454,1.0
2538,1.0,759.6088055480694,31462.763604869164,908.0162194194302,-10.407096573088909,59989.58197964337,1.0
2539,1.0,591.6017118254488,34717.62608220925,923.3684288557675,-11.625082847581135,59979.05279578141,1.0
2540,1.0,830.1415963227505,38187.379650532464,941.9918756382667,-9.92983789202317,59993.664837616336,1.0
2541,1.0,737.2855518639776,33132.61467996238,914.7280724023752,-11.927518762059522,59992.58300531848,1.0
2542,1.0,1056.1802019997865,29770.29479523767,904.671520531771,-12.396670350803394,59992.64342835872,1.0
2543,1.0,516.7493285853249,34651.591621073196,923.0101557283559,-10.802610113488875,59978.48370241666,1.0
2544,1.0,768.0089534922497,33419.980919287715,916.3009548822332,-9.790899154808058,59987.237441957324,1.0
2545,1.0,711.5741092709216,28723.104631186412,902.5949389072658,-12.515853760623328,59988.217244803905,1.0
2546,1.0,649.5979943288831,27971.997263049845,901.1021226025813,-12.614728718303002,59982.81462445187,1.0
2547,1.0,390.698502538232,35604.79245446387,928.1676689168917,-11.88179004804513,59966.965466741014,1.0
2548,1.0,776.5100536098668,31949.48376678037,908.9754821672586,-10.45230900217482,59998.36159581708,1.0
2549,1.0,749.5984439274298,36121.617026653024,930.9514823486902,-10.138638217993574,59985.684044042966,1.0
2550,1.0,1096.6010495899393,27770.05717992018,900.700287255199,-12.530617465106245,59971.558409293095,1.0
2551,1.0,988.573433802806,33668.9239638557,917.6612368122576,-9.356898701831279,59987.159314789606,1.0
2552,1.0,539.1715957282174,34750.38017072888,923.546083417196,-12.020796835208932,59998.917615162056,1.0
2553,1.0,806.8396340327746,35486.28510012824,927.5281021568719,-10.101651391557645,59986.02946800759,1.0
2554,1.0,439.3510657437921,33753.32882051814,918.1219627911479,-13.116368176203373,59974.15372131822,1.0
2555,1.0,645.9049370217277,31796.008697446752,908.6731276640061,-11.28015743328131,59982.622503174374,1.0
2556,1.0,854.268403788069,32691.536451710974,912.3083045842943,-10.21986666977545,59979.03059363951,1.0
2557,1.0,662.7777550901283,33700.66591477017,917.834529590064,-9.783353969252564,59986.955121771585,1.0
2558,1.0,436.55860288530147,28606.219817154994,902.3628171469632,-12.555962927185377,59964.78452781797,1.0
2559,1.0,765.9414838833768,33792.03861514216,918.333179772473,-11.026795123102488,59992.19906836938,1.0
2560,1.0,738.139196778592,30727.57833676394,906.5650616649938,-11.288991216442898,59975.23904888052,1.0
2561,1.0,643.97928715349,33982.17894791719,919.3699240279024,-10.91073223334327,59988.8106367691,1.0
2562,1.0,660.0594639075288,30606.573556937627,906.325959617068,-11.274747108919547,59997.90190782798,1.0
2563,1.0,517.801441334656,33009.28841961242,914.0521797716334,-11.719698509147165,59978.02344802233,1.0
2564,1.0,1014.1301493159094,35069.57988252518,925.2755063380106,-9.310975317775135,59999.84840070195,1.0
2565,1.0,911.0342114166097,32415.867246381637,910.7925407231487,-9.949811041477187,59988.85724645392,1.0
2566,1.0,712.2568759731661,34942.80422176931,924.5890441786922,-10.749258496772738,59980.44638597184,1.0
2567,1.0,476.5656192267485,34354.567529603875,921.3968230138971,-11.137947054907864,59996.165576435145,1.0
2568,1.0,759.2302485738047,28333.26332591609,901.8204865718046,-12.885373407252944,59967.57568175301,1.0
2569,1.0,576.7530444329401,32267.48878475971,909.9755840352316,-11.806657357344587,59983.98710668608,1.0
2570,1.0,564.7256568209459,33430.927491191,916.3608141360717,-11.311913187085322,59982.17882214064,1.0
2571,1.0,681.3473679593762,30830.139065280204,906.7676623295935,-11.224684488071636,59983.44516092672,1.0
2572,1.0,837.8167243014824,28646.74649693506,902.4433068767512,-12.37177509412951,59989.70403606789,1.0
2573,1.0,795.8310788754104,29801.803673231156,904.7339183391491,-11.304787073211024,59998.569932765844,1.0
2574,1.0,534.5475457499,34576.03741717736,922.6000530347258,-11.085924305825413,59991.523648196744,1.0
2575,1.0,830.8669737290132,28379.163017395495,901.9117095978268,-12.665657647338842,59970.02613473575,1.0
2576,1.0,548.701799074957,27766.194815835832,900.6925996418012,-12.808717629269086,59988.6418279823,1.0
2577,1.0,834.7018487320254,34717.76531853368,923.369184134421,-10.842714884435951,59969.3752484113,1.0
2578,1.0,642.7595116274973,37895.225609933506,940.438769222299,-9.44613929789531,59998.95148607842,1.0
2579,1.0,550.6562574052931,30736.329007905053,906.5823499492401,-11.585645703990975,59988.809180903445,1.0
2580,1.0,523.1594962467865,31958.39174184595,908.9930278442322,-12.071503675435526,59995.506594499784,1.0
2581,1.0,702.7919323351472,34680.57158118204,923.1674059201173,-10.513137361519984,59982.356872133554,1.0
2582,1.0,545.6461707109831,30434.480722007753,905.9857847053131,-11.088501843548295,59998.409379075245,1.0
2583,1.0,894.3931108484347,32899.331095465626,913.4491121698188,-9.302479795174163,59991.24023031573,1.0
2584,1.0,607.9419477326271,30670.69591745384,906.4526725851549,-11.195657479996353,59981.22651229665,1.0
2585,1.0,729.8666746352997,30029.646083830445,905.1849739604163,-10.897650264987528,59988.78235693487,1.0
2586,1.0,578.5373653653256,29846.791125579413,904.8229995746456,-11.596572748190352,59991.134259861836,1.0
2587,1.0,723.279795378063,32881.53052969886,913.3514444874802,-10.85436722300475,59978.179067723635,1.0
2588,1.0,383.0274642945196,33793.647189238975,918.34195572516,-12.214634980002582,59998.22919465656,1.0
2589,1.0,752.0793991362116,35921.17799937738,929.872884364207,-11.529149509762728,59975.990203230955,1.0
2590,1.0,647.6737451380598,26828.07365096537,898.8231484446341,-13.534401288288553,59985.936809058265,1.0
2591,1.0,557.6993545642406,29307.616811405744,903.7547008508434,-11.935543327968004,59980.924330380505,1.0
2592,1.0,603.2695486834343,37777.98599995181,939.814755617799,-9.789473963775025,59986.20186900971,1.0
2593,1.0,1074.2261523544025,33270.20550957129,915.4815226852292,-9.420441592350496,59993.811351680735,1.0
2594,1.0,886.4027845385458,32103.528519196487,909.2788432782544,-10.771681575159208,59992.260844685676,1.0
2595,1.0,583.6620325317175,32935.7818283879,913.6490748284989,-9.738491417763989,59995.51025215145,1.0
2596,1.0,482.99927464736265,33934.56291053626,919.1104121069156,-11.562859562583707,59980.96664968197,1.0
2597,1.0,902.6725636560826,30923.535798220983,906.9521152094861,-10.419960925262675,59981.157842717366,1.0
2598,1.0,1045.1354935704153,31091.655753524552,907.284033827765,-11.185668637027252,59982.18404417552,1.0
2599,1.0,698.5635446440548,28389.427028235335,901.9321072938441,-12.560161734024387,59991.16062029455,1.0
2600,1.0,506.2070640263546,32479.150942501146,911.1407399401019,-11.280878018713295,59996.6534503237,1.0
2601,1.0,651.7613093956905,31085.597427719345,907.2720753095566,-10.86620929695063,59996.25656138135,1.0
2602,1.0,807.4089519838419,30105.66545553137,905.335411021457,-12.481488386623647,59997.581326405976,1.0
2603,1.0,1367.4899411129968,29877.47216943994,904.8837464383653,-11.340007581140723,59985.628416266096,1.0
2604,1.0,908.4900648729823,30955.912952516974,907.0160481099197,-10.117684541336237,59991.03973157812,1.0
2605,1.0,680.2766510158891,36157.10015232225,931.1422861389406,-9.553439444733472,59989.868521587836,1.0
2606,1.0,657.9352536090798,36307.18324808024,931.9488741136664,-9.906294749375398,59986.6422794305,1.0
2607,1.0,421.3677673907881,32474.697289487776,911.1162396526728,-11.701717079130958,59988.7770063993,1.0
2608,1.0,653.7243355440384,30800.825741881294,906.7097614457111,-10.642346994527474,59995.57590136493,1.0
2609,1.0,619.2191046919589,34292.7097994819,921.0604586643592,-11.346978748151605,59994.84515995355,1.0
2610,1.0,664.9656115200097,32259.597897267886,909.9321160089212,-11.930808376272255,59964.31849560549,1.0
2611,1.0,701.9083082944542,34232.579076459246,920.7333612496171,-10.678537209566082,59994.11392493387,1.0
2612,1.0,888.091899842056,32114.05296939152,909.2995649040565,-9.954681952611239,59976.65154862452,1.0
2613,1.0,318.90194269726976,29090.55705400773,903.3242195338881,-12.324651859239951,59968.8139626306,1.0
2614,1.0,694.3132696224354,31336.838300524,907.7678479864028,-11.696592308095886,59976.599259457704,1.0
2615,1.0,606.3360247703002,31673.932559209905,908.4325485833415,-12.272600799259619,59994.85273817163,1.0
2616,1.0,693.700804995337,35688.07566750087,928.6168584349081,-10.181507304453364,59976.947845506715,1.0
2617,1.0,1062.561539077743,30118.108050790368,905.3600313324333,-10.552814375865992,59972.477780942274,1.0
2618,1.0,822.524703221031,35565.59336848943,927.9561686286515,-10.799292057820827,59999.80362328139,1.0
2619,1.0,476.03090408514606,33917.578996054865,919.0178294952178,-11.365850293460499,59971.90979162153,1.0
2620,1.0,721.8439531410426,35159.329100524534,925.761154322122,-10.299185898873597,59976.96469952063,1.0
2621,1.0,556.3085693901162,33328.65258744996,915.8013827175924,-11.33230369051837,59991.88544863469,1.0
2622,1.0,591.4423163481763,35522.81533278553,927.7252999864567,-11.879432808699576,59967.90087970904,1.0
2623,1.0,817.9620918865218,35952.38567195169,930.0409050548304,-9.656570199534748,59988.214320804225,1.0
2624,1.0,674.0969240753484,31956.747209766305,908.9897887053083,-10.182204543062804,59981.51320192375,1.0
2625,1.0,495.3170450196983,35194.921771316134,925.9536778864674,-10.186394552386751,59981.246479763024,1.0
2626,1.0,718.6617857274268,31827.028434313004,908.734247570263,-11.414799697031198,59984.17794299145,1.0
2627,1.0,941.5084049163,30997.88819908701,907.0989260190009,-9.970772362138085,59973.145292742,1.0
2628,1.0,620.0046284202715,35965.32620843145,930.1105669316381,-12.499737570098635,59991.279794776245,1.0
2629,1.0,684.1185356059165,35957.32475122246,930.0674939006756,-9.773363513293011,59997.57773929073,1.0
2630,1.0,627.0469898431952,33471.920173399136,916.584938298191,-11.660973181678884,59963.28399844568,1.0
2631,1.0,616.9347125590924,34508.90776792624,922.2355170701811,-11.44128772613055,59970.118527221064,1.0
2632,1.0,658.2366863457347,33053.53924192705,914.2947579797299,-12.122050307849445,59974.5637365216,1.0
2633,1.0,796.4925864754043,35767.156714510464,929.043171647712,-11.142240941151009,59986.72919282611,1.0
2634,1.0,863.2623215975303,28686.094710102236,902.5214482172917,-12.179188910504427,59977.549497583495,1.0
2635,1.0,911.2714414241417,30780.843625332946,906.6702895219756,-10.886588547079235,59996.746744516604,1.0
2636,1.0,1241.3450016837082,30321.254900248852,905.7618921954022,-12.277946254196328,59989.59028926686,1.0
2637,1.0,437.28425368714795,30174.58262948964,905.4717686314989,-11.814097725467372,59973.26513874204,1.0
2638,1.0,473.61504697209455,32362.309347066355,910.4977453058033,-12.085894957115812,59970.65071572008,1.0
2639,1.0,819.8150212414632,35082.74234392841,925.3467474142141,-10.186258520410712,59994.582377337705,1.0
2640,1.0,577.7134751265141,33931.318223676135,919.092725448249,-11.60023838342276,59974.342573389855,1.0
2641,1.0,460.4791938579572,31645.574919676696,908.3766529029215,-11.668474139305534,59997.96219336037,1.0
2642,1.0,716.0338198150615,31898.778448401,908.875602576133,-10.525022976739349,59988.09778768008,1.0
2643,1.0,926.650866185709,34410.02604539172,921.6982804025769,-9.996301759527041,59996.973708262754,1.0
2644,1.0,721.2965286259839,35437.62681826755,927.2653659480682,-11.719058378020435,59976.034749633174,1.0
2645,1.0,466.05738127666143,35184.829044189544,925.8990898132807,-11.565567101998942,59999.24880905643,1.0
2646,1.0,478.88559388767965,35897.95900778817,929.7478536044861,-11.894684348190749,59997.90812126202,1.0
2647,1.0,519.2932508661402,31738.805548986915,908.5604047922295,-11.827712709693314,59985.19630433703,1.0
2648,1.0,504.4682757409421,28393.252987729127,901.9397104985118,-12.695419682332865,59968.979646761814,1.0
2649,1.0,460.96750300572,29863.81126387566,904.8566991348932,-12.083221490136259,59973.77608744792,1.0
2650,1.0,626.4312914498813,32523.457904691786,911.3844421942902,-11.010360683688855,59976.01424722334,1.0
2651,1.0,625.7137874647959,32235.999972949747,909.8021106025075,-9.97959512097971,59994.77268527953,1.0
2652,1.0,950.4588103060503,37605.11558798224,938.8938459099952,-9.445388047971655,59980.537303604804,1.0
2653,1.0,649.0312022097763,31033.941176571836,907.1701038063327,-10.812266224779018,59997.161913206925,1.0
2654,1.0,508.5112941868359,30625.947723540867,906.364247276634,-11.938843784036258,59988.4603674025,1.0
2655,1.0,848.7168223476308,34071.017219529305,919.8538949799806,-11.498223405596374,59966.32856444026,1.0
2656,1.0,738.5669062208277,32859.26769805816,913.2292778933061,-11.270677043814699,59991.13861953772,1.0
2657,1.0,816.6306369818922,28976.509376346276,903.0979417972899,-11.640783614939618,59978.3628916568,1.0
2658,1.0,646.8815543707349,34998.83804406617,924.8925211194999,-10.476972569567652,59986.25781006754,1.0
2659,1.0,643.0214191610859,30090.062717215053,905.3045366160757,-11.512398112880888,59992.54878077651,1.0
2660,1.0,772.4858346329594,36392.62200839408,932.4077170233525,-9.368505765700226,59994.76658360554,1.0
2661,1.0,714.5249549060259,29807.06823958144,904.7443434099898,-11.529026177345974,59994.20883449627,1.0
2662,1.0,671.4046637683354,37325.58825726954,937.4027371421809,-10.601922708013102,59985.16640874819,1.0
2663,1.0,925.0150967193129,34051.124946729244,919.7455496417911,-10.06135116176099,59980.84496027566,1.0
2664,1.0,711.8779398707533,37716.30603559013,939.4862853868045,-10.91674575675646,59992.7465807518,1.0
2665,1.0,815.4566489705319,38455.455293960695,943.4146060528324,-10.357831083457459,59985.09693043416,1.0
2666,1.0,447.81292289809323,28516.700395186173,902.1849942334471,-13.637144935461903,59294.20764972028,1.0
2667,1.0,662.2803047183792,32817.7966415297,913.0016609064604,-11.398164960415718,59972.596157324115,1.0
2668,1.0,722.0679541607248,29178.771676416334,903.4991984594305,-11.970283309682685,59998.16772302816,1.0
2669,1.0,528.692189777138,33911.53722693306,918.9848922721534,-9.615082687442845,59999.277336727544,1.0
2670,1.0,549.8138339919063,35864.4688949592,929.5674831879577,-10.164580979298655,59977.32339818438,1.0
2671,1.0,517.4408552708929,31749.35343589034,908.581191356854,-11.527457503124324,59985.25937371502,1.0
2672,1.0,593.8587351037173,29172.58867907307,903.4869353800996,-11.378622353731854,59980.66838770668,1.0
2673,1.0,693.360183733129,32704.999311687556,912.3822621206493,-10.178092417587504,59997.69783581237,1.0
2674,1.0,740.2803066825211,29849.781263029996,904.8289200955943,-11.843643014081637,59996.81356334168,1.0
2675,1.0,780.8292112156909,34237.21060068758,920.7585600340216,-10.476739783202618,59995.79544272424,1.0
2676,1.0,910.5571588461243,28428.00020935102,902.0087591688839,-11.984380229135903,59992.544130147966,1.0
2677,1.0,1131.3188743643932,32583.35573231356,911.7137901924846,-10.474870508092643,59987.449137923744,1.0
2678,1.0,458.9446430388891,34442.72780269189,921.8759895968141,-10.593133425718126,59969.034809189834,1.0
2679,1.0,970.1500533755091,30412.214819304452,905.941761152182,-10.863269972091269,59992.21923046611,1.0
2680,1.0,718.9166041676536,37990.09043871154,940.9433723166154,-11.013047537181786,59970.03580288863,1.0
2681,1.0,702.8020362172466,36697.1508154694,934.0412347201727,-9.966823445786874,59991.108940333805,1.0
2682,1.0,450.93144428073776,31264.37042673062,907.6248791934,-12.847896458894935,59994.50703831619,1.0
2683,1.0,538.3438323503618,29071.84955669007,903.2871071278423,-11.280774810726554,59995.16637831762,1.0
2684,1.0,611.147741465947,33886.934640902924,918.8507563262247,-9.241154871153961,59982.090446165355,1.0
2685,1.0,913.3939601120867,33300.26420747056,915.6460379152011,-9.833737260585446,59986.40517125778,1.0
2686,1.0,421.09621515715247,35016.247932488055,924.9867910219969,-11.393532111964614,59989.34227121347,1.0
2687,1.0,475.28539883259486,33375.98622888182,916.0603367362891,-11.498519217938691,59981.20808237478,1.0
2688,1.0,533.1267755530507,32104.04719334695,909.2798645102157,-10.954481148675963,59988.2284034915,1.0
2689,1.0,615.9894598058696,34261.405056611984,920.8901832715607,-11.053567463479457,59994.473423464624,1.0
2690,1.0,674.1780816869522,29661.20928421144,904.4554577998249,-11.791235777595537,59978.715542328,1.0
2691,1.0,894.509662056248,31947.405672563003,908.9713889736539,-10.21964729322888,59976.202355152476,1.0
2692,1.0,390.5036426602475,32822.96632334851,913.0300383478475,-13.023772950118873,59980.5743130072,1.0
2693,1.0,611.5428869991407,28031.439378470455,901.2203659578806,-12.719514177442171,59997.839857311905,1.0
2694,1.0,780.2670109705116,27354.965857985437,899.8736643534548,-13.154905463678778,59976.20808868738,1.0
2695,1.0,605.3991506934709,30246.115338935175,905.613276441121,-12.068579916018928,59988.55741074731,1.0
2696,1.0,542.3416907636806,32244.612037819075,909.8495583526363,-9.048588771851819,59989.573072854364,1.0
2697,1.0,755.4710835171753,38379.37835035179,943.0110809371288,-10.367400961033589,59981.519683928294,1.0
2698,1.0,502.1526228836543,31467.838159927727,908.0262266960117,-12.024171124910984,59981.87466690769,1.0
2699,1.0,609.2278443954254,28825.404561568615,902.7980405745707,-12.229116737745889,59989.62658969677,1.0
2700,1.0,519.7079390137213,34861.01809060929,924.1459053213574,-10.630212440214395,59995.907935649484,1.0
2701,1.0,467.2573610982918,37490.317620990914,938.2817709140463,-11.809796487248288,59995.80228187561,1.0
2702,1.0,565.5507706336548,37598.99144176528,938.8612040740852,-8.86534549550747,59989.91083414051,1.0
2703,1.0,596.5176049171938,30921.54662683387,906.948187163892,-9.667909286711097,59998.463970224686,1.0
2704,1.0,792.3161493456462,36024.08796669906,930.4268257966924,-10.642394179346514,59991.9276381423,1.0
2705,1.0,608.8079813528507,34848.98494005533,924.0806876435764,-10.247133663833068,59982.940352525955,1.0
2706,1.0,502.1948010117355,27671.84459487498,900.5047825706679,-13.094604058894742,59978.705449288624,1.0
2707,1.0,790.727304196531,34096.19618526618,919.9910155787692,-9.724124328556606,59988.66043563331,1.0
2708,1.0,890.0992591072762,32422.060914983103,910.8266256746543,-10.039567435682464,59989.86008347773,1.0
2709,1.0,691.7411563667847,37372.131790033396,937.6511922556067,-9.34456917340673,59986.43292436864,1.0
2710,1.0,495.3526668313641,35980.316957030576,930.1912586958643,-9.864276547307165,59979.914813295196,1.0
2711,1.0,708.3199996691962,33703.45717927767,917.8497666399185,-10.81434456184816,59980.33784575392,1.0
2712,1.0,754.9722496382891,30361.2883358127,905.8410614607765,-10.596782356653792,59982.90897662844,1.0
2713,1.0,636.9672596278625,36584.54811725091,933.4375757536908,-9.658214669882664,59983.17961658153,1.0
2714,1.0,829.7148687444725,30232.522123368988,905.5863879449595,-10.899897259937383,59998.24357833396,1.0
2715,1.0,630.3035966224476,32753.377333680553,912.6479722888753,-12.350856639588018,59965.507706221026,1.0
2716,1.0,690.9809505982261,30949.680791438863,907.0037422982457,-9.901005987033756,59996.952386820536,1.0
2717,1.0,544.2660716033146,31625.191102874654,908.3364719754113,-11.88270684285953,59978.342000710756,1.0
2718,1.0,563.6740714329843,28085.218073443655,901.3273282702189,-12.21208239757305,59999.14319452778,1.0
2719,1.0,471.42881228959413,32559.249808017707,911.5812589012625,-12.721673353651829,59987.6614046522,1.0
2720,1.0,711.3881744545321,29193.750136928047,903.5289052770902,-11.21010126025546,59995.15157351342,1.0
2721,1.0,568.0596659877062,35162.551650245805,925.7785870844501,-11.965894178864149,59986.63120243521,1.0
2722,1.0,637.7717778131972,31483.64964250554,908.0574069219873,-11.512109239462395,59989.546098978484,1.0
2723,1.0,693.5062718329826,34842.964399176664,924.0480554919874,-11.18151716201236,59957.38872909238,1.0
2724,1.0,653.7617391548141,35504.60409442137,927.6269974379776,-11.205384238337698,59967.95232787756,1.0
2725,1.0,1000.6959928345955,32154.167698627094,909.3785419752323,-9.565356711916362,59982.139811962246,1.0
2726,1.0,740.9421031566061,36636.04236971718,933.7136856340705,-10.608731393567924,59971.936311451114,1.0
2727,1.0,1059.2990920921216,32824.132780737316,913.0364411428457,-9.319705585752777,59978.87621138896,1.0
2728,1.0,709.7291607119247,33249.382976289744,915.367539962837,-9.941667327162333,59995.80751241675,1.0
2729,1.0,724.138396867397,35534.14847151184,927.7864696608448,-9.826563148139805,59975.99879679754,1.0
2730,1.0,548.1829055874634,32417.435682493237,910.8011722560815,-11.90360407893602,59997.98113328512,1.0
2731,1.0,596.3441302785055,32267.31481914845,909.9746257455578,-12.457239933785768,59975.950203310786,1.0
2732,1.0,549.1678208349532,29136.82200908231,903.415993640072,-11.806245628630535,59979.999388745906,1.0
2733,1.0,823.0555795938677,28632.285545589883,902.4145870325698,-11.849112659700602,59995.319079445166,1.0
2734,1.0,732.6623287476501,33566.828930182775,917.1036229865116,-9.644205131162137,59977.60144529854,1.0
2735,1.0,727.9267443362475,32382.368233722886,910.60816594636,-10.909198916858452,59978.409058979145,1.0
2736,1.0,652.6927161873294,34278.599670476025,920.9837137662502,-9.24733847585279,59988.972502840545,1.0
2737,1.0,804.3119542389312,32135.094192776727,909.340991419988,-11.288197577248566,59978.04082426922,1.0
2738,1.0,612.089356152487,27804.450414769075,900.7687399250982,-12.998669363041985,59985.736680007445,1.0
2739,1.0,632.8534259169439,31889.19435311457,908.8567223654436,-9.75496943948542,59983.102986303595,1.0
2740,1.0,442.4757554929334,33283.427012490996,915.5538895521476,-13.170943744443699,59976.67643672732,1.0
2741,1.0,766.9257869905707,32518.878463232897,911.3592569994504,-9.802367545802442,59982.683431748716,1.0
2742,1.0,667.2794766325059,36854.20315607904,934.8825001793666,-11.054241210473887,59975.30757239405,1.0
2743,1.0,942.4109119327477,34253.833117454335,920.8489923631695,-9.535716734552755,59991.470507504855,1.0
2744,1.0,520.2089781238544,29719.51711688232,904.5709538911412,-12.098072273000689,59982.84865012036,1.0
2745,1.0,534.0535148674509,33454.820578014325,916.4914546610698,-12.265062273207857,59987.482534603056,1.0
2746,1.0,679.8221114559805,31021.715557581,907.1459680272433,-11.008699341344107,59991.62578207089,1.0
2747,1.0,816.0937116469098,35433.87257211499,927.2450911874297,-10.44162959220616,59995.63578625915,1.0
2748,1.0,369.0397277007327,33888.35876215166,918.858521350578,-12.427784704458494,59969.44565002155,1.0
2749,1.0,770.0392938745949,36425.97428924674,932.5867685329251,-10.21649931766049,59997.420972302905,1.0
2750,1.0,888.6575510279004,29804.20514426518,904.738673829659,-10.610614291354324,59984.22619191641,1.0
2751,1.0,854.3214401882453,30073.1041381543,905.2709779332114,-11.474037275425772,59977.05927182655,1.0
2752,1.0,410.59964102394724,27830.223985165736,900.8200330303868,-13.720343678565737,59986.96055702951,1.0
2753,1.0,545.4182105301812,36395.05441837266,932.4207766265049,-10.32401408869492,59985.36431459407,1.0
2754,1.0,415.3084371258107,34193.09788788155,920.5185260302187,-12.330448931646384,59981.266194105185,1.0
2755,1.0,680.3334616396313,34147.98190244345,920.2729646506348,-10.335998355420358,59991.11571685564,1.0
2756,1.0,352.699070249456,37147.71599192566,936.4525923789801,-11.408587788773383,59993.472208423664,1.0
2757,1.0,512.5784202339228,30980.546320518617,907.0646864450398,-10.80575751425446,59971.438561661926,1.0
2758,1.0,751.8635865306575,31834.576984525094,908.7491201853171,-10.274117403529145,59993.14759482245,1.0
2759,1.0,695.5221105523274,31160.948362321127,907.4207975586875,-10.665567025679966,59987.34469605233,1.0
2760,1.0,766.4318040304471,28453.335988423507,902.0591018881648,-12.063817479619464,59989.00837698784,1.0
2761,1.0,859.3813142637932,34360.11248081465,921.4269685315599,-10.255084530789073,59986.08363245123,1.0
2762,1.0,539.6513180742064,29347.14003255652,903.8330596199303,-12.017017220048201,59978.285506652384,1.0
2763,1.0,437.5286579868953,31827.062107854545,908.734313916551,-12.69346397962769,59960.23549881257,1.0
2764,1.0,642.2610244132791,33234.16016044947,915.2842006887893,-10.454389549277598,59992.85969004184,1.0
2765,1.0,609.5905982327554,33528.30395117222,916.8931178302382,-10.284737018549528,59985.82059395393,1.0
2766,1.0,613.2235136721318,33118.8979686565,914.6529236010892,-9.751840775744888,59992.34486298393,1.0
2767,1.0,659.4261748699834,35720.69626638867,928.792735828586,-9.74235213076978,59993.398507508406,1.0
2768,1.0,614.4302017527938,33975.507216514205,919.3335671047901,-9.837129795719191,59994.00471265367,1.0
2769,1.0,549.987497271657,36640.98654299408,933.7401915402897,-10.100122328189084,59988.304638976275,1.0
2770,1.0,772.3416088067011,28265.445435930214,901.6856830801719,-12.743086100156825,59967.79621255959,1.0
2771,1.0,810.4947584129267,26595.623938495468,898.3592452741985,-13.9562828537956,59970.57132964168,1.0
2772,1.0,622.4880652195645,33862.697784754535,918.7185942191046,-9.966684311799401,59997.29586452265,1.0
2773,1.0,895.5872400698208,36773.776297648285,934.4517860164927,-10.035308385335348,59991.895099238995,1.0
2774,1.0,535.2461818123545,32863.73976064145,913.2538195772353,-9.383800649200186,59971.73133672315,1.0
2775,1.0,785.4701241360938,32994.97847007473,913.973719684754,-10.673377933929498,59984.63396440899,1.0
2776,1.0,765.2882243663992,34449.10309040673,921.9106302378075,-11.245371787752058,59974.08691742631,1.0
2777,1.0,892.7999968293399,32657.35604982384,912.1205079456859,-9.93377451481574,59971.6918788587,1.0
2778,1.0,728.2859080187624,27028.225513793022,899.222375535978,-13.203677361349012,59995.29160811754,1.0
2779,1.0,706.2620948337576,33519.913771208725,916.8472661239011,-12.055826244759837,59997.77237232572,1.0
2780,1.0,356.4850089330286,34378.20781861728,921.525337885599,-11.089380735485978,59966.71017003975,1.0
2781,1.0,739.8152071638475,26773.38449363265,898.7140291024957,-13.307084249886291,59993.219318550175,1.0
2782,1.0,553.2759349219491,28905.581370166197,902.9571835137228,-12.283362757928856,59989.632529521885,1.0
2783,1.0,593.414682838874,31964.00739148424,909.0040885622358,-11.837714547759063,59997.15126013209,1.0
2784,1.0,978.6064194165174,37051.33131346141,935.937306854086,-9.69905471934934,59993.599369222946,1.0
2785,1.0,883.7492242926303,33664.91705029017,917.6393589223342,-9.41140760390557,59994.81228739343,1.0
2786,1.0,576.2472371552154,35615.86317208834,928.2273922345927,-12.2802203684241,59967.81041377772,1.0
2787,1.0,712.703059698111,31220.539849442866,907.5383952021905,-10.839857415433812,59995.07037246988,1.0
2788,1.0,425.8597229728625,35046.81138654902,925.1522594990628,-11.589916924083806,59999.2595006357,1.0
2789,1.0,493.44003070813005,35759.022383750525,928.9993302912412,-11.459936242334917,59985.336597689246,1.0
2790,1.0,792.5872100525079,33269.32299251263,915.4766920824924,-9.245196224322717,59997.28786715499,1.0
2791,1.0,610.3390408452543,29838.29556913974,904.8061779926035,-12.010823503120937,59988.0636518438,1.0
2792,1.0,601.3874913406202,33658.63838705116,917.605076094527,-9.786700838940682,59997.42200521221,1.0
2793,1.0,700.0377821928491,31630.840228267178,908.3476078315019,-10.029453762565927,59985.81585747557,1.0
2794,1.0,620.8788259452249,33481.984933030384,916.6399577356918,-11.107813374965685,59996.455395993115,1.0
2795,1.0,861.9054507714123,31905.455153069594,908.888755100691,-9.911355097850844,59993.210658943375,1.0
2796,1.0,528.1668491215516,33148.30061663346,914.8140019014196,-9.460513224114848,59982.20948057618,1.0
2797,1.0,1078.1908641650014,30568.008941509863,906.2497418592068,-11.219836119099012,59979.358076432414,1.0
2798,1.0,560.2888165944007,27814.41223555628,900.7885657740258,-12.495362988601089,59993.15165056968,1.0
2799,1.0,417.3876855283876,31617.001711010023,908.3203283337101,-11.43134142029188,59974.016627544646,1.0
