rn,rs,r_theta,neg_eta_V,Qs_s,neg_sg_s,g_q_stag,g_q_shldr,g_n_max,g_pitch,g_nose,eta_V,g_pitch_stable,g_trim_on_nose,Qs,q_stag_max,q_shldr_max,n_max,sg,P_slow,P_cap,aud_eta_V,aud_g_pitch_stable,aud_g_trim_on_nose,aud_E_sg,aud_sd_sg_plain,aud_P_slow,aud_P_cap,aud_E_Qs,aud_sd_Qs_plain,aud_sd_Qs_infl,aud_E_q_stag_max,aud_sd_q_stag_max_plain,aud_sd_q_stag_max_infl,aud_Pexc_q_stag_max,aud_E_q_shldr_max,aud_sd_q_shldr_max_plain,aud_sd_q_shldr_max_infl,aud_Pexc_q_shldr_max,aud_E_n_max,aud_sd_n_max_plain,aud_sd_n_max_infl,aud_Pexc_n_max
2.2688802616472643e-06,0.2487714788120645,0.0839820273779031,-0.9423431606053368,28.66146746578523,-10.192412335347273,-0.2841265560701258,-0.2546994578789093,-0.4400106773615772,-0.0076340565937161,-11.458541509185968,0.9423431606053368,-0.0076340565937161,-11.458541509185968,286614674.6578523,501111.4107509119,745300.5421210907,2.799946613192114,10192412.335347272,0.4494071882668835,0.9994716667208412,0.9423431606053367,-0.0076340565937161875,-11.458541509185967,6113523.006029331,2732094.7131959526,0.4903731251069675,0.9923856860868652,277247063.85240006,65519193.33624151,66721998.56778499,518513.23138044233,87362.46768258084,91792.65389799023,0.06795490850193898,785138.45477236,133473.02292073876,141875.85532801936,0.09969906843090538,2.7874580361005674,0.25303118502202193,0.2751549077546927,0.002465729983773244
0.7190973974279774,3.248615569259594e-13,0.9999999999996958,-0.5385222380404902,8.964671015303075,-10.447822817496732,-0.7587527718640262,-0.7244215854920419,-0.5739172599133588,-0.4996554442916762,-0.0783138683229915,0.5385222380404902,-0.4996554442916762,-0.0783138683229915,89646710.15303075,168873.0596951816,275578.4145079581,2.130413700433205,10447822.817496732,0.040738727900958,0.9999941609453088,0.5385222380404902,-0.4996554442916762,-0.07831386832299156,5101152.93425119,3907505.8181914114,0.39059161824344474,0.999883589789533,82309120.06421871,15773937.377630094,16354509.712763421,220909.798353965,39123.81664001581,41671.03261957486,7.490252884727815e-07,356882.63213374076,61621.50646242227,66788.34490823036,2.002813636281999e-06,2.2785934300064405,0.3080492739941662,0.3296916789306655,0.0003516490422672793
1.998037932194417e-06,0.2487714788120645,0.0839820273779031,-0.9423368936677397,28.66147116231157,-10.192412909078428,-0.2841264124705676,-0.2546993648963718,-0.4400105625835683,-0.0076340565937161,-11.458541509185968,0.9423368936677397,-0.0076340565937161,-11.458541509185968,286614711.6231157,501111.5112706027,745300.6351036282,2.7999471870821586,10192412.909078429,0.4494070670874325,0.9994716665658868,0.9423384662053914,-0.0076340565937161875,-11.458541509185967,6113522.966873379,2732094.694877162,0.49037310867539197,0.992385684227928,277247098.0183651,65519201.231953934,66722007.22963444,518513.33661941136,87362.47925509996,91792.66866114856,0.06795500838174222,785138.5584057643,133473.0368728674,141875.8736759568,0.09969914035080572,2.787458503663314,0.2530311881847545,0.2751549334645208,0.002465730463916904
0.6474836817731593,7.254183365112965e-12,0.5572541125704027,-0.7554160994552294,12.953314765778316,-26.14569720015032,-0.6510283495235172,-0.6079906370621813,-0.5621452093801164,-0.499640944384727,-1.1192619314326513,0.7554160994552294,-0.499640944384727,-1.1192619314326513,129533147.65778317,244280.155333538,392009.3629378187,2.189273953099418,26145697.200150315,0.2121786449100632,0.9999618292213478,0.7554160994552294,-0.49964094438472706,-1.1192619314326513,5864271.911354995,5565103.579803282,0.4535105086049356,0.9992736010054308,120352572.29670401,24980987.18841498,25531559.6999676,266136.2538741857,46757.28081012407,48581.934292467464,6.015110445344625e-05,425468.0615258373,73983.73397277745,77960.46246097691,0.00018312838399944667,2.246354224263127,0.25489082027575777,0.2675307158731583,0.0005462008813701064
0.0161620835036753,2.866698848788541e-13,0.953036704417877,-0.6992537755232464,11.24286027961272,-6.424296246002052,-0.614427040112755,-0.6312770252873567,-0.3114760728785676,-0.4997870565920409,-27.691956682605596,0.6992537755232464,-0.4997870565920409,-27.691956682605596,112428602.7961272,269901.0719210715,368722.9747126433,3.4426196356071617,6424296.246002052,0.0144807044996058,0.9999848639526644,0.6992537755232464,-0.4997870565920409,-27.691956682605593,4023564.348702731,2639957.31554526,0.3527822076233988,0.9997026241530776,106591923.17116584,23348411.787896432,24030972.38482446,341978.42584910156,55060.70290214894,59022.93688467073,3.365855832704492e-05,467927.6684770632,74409.85792850773,81197.55634724005,1.9488901285294854e-05,3.3784259706657758,0.3206455024755828,0.36000334467924133,0.008565350171930518
1.998037932194417e-06,0.3966270286526763,0.4942299915663894,-0.8819812313002829,17.88489223722879,-18.968627445732107,-0.452785593701583,-0.4731745078405701,-0.3348494233137639,-0.4996664703155559,-24.67885870664616,0.8819812313002829,-0.4996664703155559,-24.67885870664616,178848922.3722879,383050.0844088919,526825.4921594299,3.3257528834311803,18968627.445732106,0.1261342121357944,0.9999001300915672,0.8819812313002829,-0.4996664703155559,-24.678858706646157,5064702.598037687,3933079.986542779,0.43270678162796206,0.9982193763451166,170573008.13687202,41982800.60619544,42689370.149693355,426466.2475319391,76915.5127745186,79741.0109085516,0.0036481962060137623,585433.2815859284,105866.30620785546,111179.15998859385,0.0028094108163797624,3.3586325967611743,0.2544108773282898,0.2814592996165189,0.0026870509346380664
0.3182271247485301,0.0006115335080172,0.983098921244276,-0.6031721422785136,9.46284365760742,-7.814422378776927,-0.7126583391781429,-0.696535906136542,-0.4854918619530134,-0.4997870565920409,-11.884997672775205,0.6031721422785136,-0.4997870565920409,-11.884997672775205,94628436.57607418,201139.1625753,303464.093863458,2.572540690234933,7814422.378776927,0.0217114244288426,0.9999903437660425,0.6031749463551701,-0.4997870565920409,-11.884997672775205,4448658.95526454,3140666.7384193307,0.3675317524740758,0.9998086690365292,88771941.56650952,18649164.627350416,19167759.581040043,268142.9488607281,46639.194533470094,49336.608874747035,3.666762870138768e-06,400747.7009813645,68116.9331527755,73297.35805808989,4.749784372542471e-06,2.7167233462651046,0.3502341682306681,0.3712543770053665,0.0018607325214397188
0.5088589292505588,0.0271412541876844,0.7599779056158333,-0.686547917234074,10.975932088398544,-18.02846018551437,-0.7064357918836222,-0.6806029628223946,-0.5304605331675849,-0.4997128917175969,-5.556444168298841,0.686547917234074,-0.4997128917175969,-5.556444168298841,109759320.88398544,205494.94568146448,319397.0371776053,2.3476973341620755,18028460.185514368,0.0794839219881977,0.9999805390718506,0.686547917234074,-0.4997128917175969,-5.556444168298841,5456813.749613875,5147894.492479211,0.41526977474003124,0.9996201037039395,101324541.41509089,21439035.90071743,21891592.876418017,259015.9594694736,46201.1021342806,47910.390326455854,1.609206745149038e-06,401160.7102966169,70924.18420671241,74532.78556502366,5.41830491585245e-06,2.444748399140303,0.3118185714133078,0.3238672522431573,0.0011669316199711594
2.526091270292285e-05,0.9935712385443276,0.3572470841936929,-0.9216501819201204,22.943771931627687,-12.739313873535789,-0.3597515682596714,-0.3737286470485055,-0.4226418273273684,-0.4989721967494388,-16.505585413537386,0.9216501819201204,-0.4989721967494388,-16.505585413537386,229437719.31627688,448173.90221823,626271.3529514945,2.886790863363158,12739313.873535788,0.2841123233542815,0.999824634593372,0.9216501819201203,-0.4989721967494388,-16.505585413537386,5282074.081700744,2531463.8755145636,0.4663578956200741,0.9970476473236065,219420442.9025423,53330031.912461005,54352337.03405286,470988.0296949781,78587.12110061484,82656.52987644234,0.026002459548559283,667375.6692400746,114851.96169873993,122265.67831206696,0.027736385936260096,2.9330935466803014,0.21804183868955854,0.24880245849453317,0.0008553225668048492
8.442293809351087e-06,0.9961018219941884,0.3890437250706533,-0.9184838201845053,22.136200878963088,-13.454605973772177,-0.3731239465547278,-0.3915066801713352,-0.405849324911409,-0.4989721967494388,-16.56531579798385,0.9184838201845053,-0.4989721967494388,-16.56531579798385,221362008.7896309,438813.2374116905,608493.3198286648,2.9707533754429547,13454605.973772176,0.2564609884319632,0.99984588928922,0.9184838201845053,-0.4989721967494388,-16.56531579798385,5246773.148060551,2700029.4699116126,0.461709598751135,0.9973676561353441,210913334.8668429,51745775.33434951,52736972.590500414,464450.27757850493,78986.76550180322,82970.19384476113,0.021983516313116073,651552.3102248763,113851.5445342271,121072.63653194673,0.021185297319723864,3.0231305132388906,0.22155759232225394,0.2542985956223382,0.0009527604575790151
8.442293809351087e-06,0.9960068547690848,0.4478796659747368,-0.9109109262661076,21.05686051795294,-14.726362370448122,-0.3940154176031838,-0.4186083685469747,-0.3771377591392367,-0.4989721967494388,-18.663568128556907,0.9109109262661076,-0.4989721967494388,-18.663568128556907,210568605.17952943,424189.2076777713,581391.6314530253,3.1143112043038164,14726362.370448122,0.2096261395610879,0.9998786704039904,0.9109109262661073,-0.4989721967494388,-18.663568128556907,5214048.031288158,3044778.951341565,0.45300175905990975,0.9978756915693401,198902530.8263901,49354362.6758632,50345240.06068187,453562.75310935423,79492.2195173189,83345.20657516988,0.015702641050265257,626677.9174617658,111886.22815478285,118832.09312608029,0.012068561122623894,3.160088323958054,0.22781817793321443,0.2653345387883966,0.0013073603622060993
7.66964122584869e-06,0.950443482463141,0.5069916853298321,-0.9031124017772916,19.77857311568099,-15.884079257302584,-0.4145274943887148,-0.4434168674423185,-0.3562571631269858,-0.4996107551230084,-21.20107931757979,0.9031124017772916,-0.4996107551230084,-21.20107931757979,197785731.15680996,409830.7539278997,556583.1325576814,3.218714184365071,15884079.257302582,0.1649837312047142,0.9999046314589758,0.9031124017772917,-0.49961075512300845,-21.20107931757979,5158748.025613008,3379742.9219435384,0.44321440160212183,0.9982927399402317,186992712.1496978,46115679.65744424,47084898.30249074,442507.4110892874,79359.7010214475,82947.62568144659,0.00991597731217959,604470.0799740234,109576.39461083699,116040.75683519295,0.005903622713331274,3.260908901104003,0.23670975876207814,0.27496984557643545,0.0019160016568071727
5.586825533837329e-06,0.0948536102148884,0.1522134581830045,-0.9320450127605954,26.52573110158781,-11.601075031564122,-0.33768439514984,-0.3057963165793278,-0.481676712611522,-0.4886807278098968,-17.032507283089995,0.9320450127605954,-0.4886807278098968,-17.032507283089995,265257311.01587808,463620.923395112,694203.6834206722,2.59161643694239,11601075.031564122,0.3518833865368479,0.9996002410522856,0.9320450127605954,-0.4886807278098968,-17.032507283089995,6061388.282763553,2605604.803679356,0.4767590291916724,0.9939747961441399,258324484.65130737,61387616.28639555,62549030.48646768,483945.1619286467,84557.03041648334,88610.99255798155,0.04020924153088558,735138.2380466405,129501.3170868946,137328.7625552735,0.06931365744883008,2.5712504462036048,0.22759278971488794,0.250174752405857,0.0015387801079484614
0.5781687062502063,2.3877427434591482e-14,0.9858930443551458,-0.5617400484652376,9.052720360293796,-9.72698904806991,-0.7491054107537252,-0.7203047659238482,-0.5535422568117964,-0.499640944384727,-4.051398728732632,0.5617400484652376,-0.499640944384727,-4.051398728732632,90527203.60293797,175626.2124723924,279695.23407615186,2.232288715941018,9726989.048069911,0.0338680413316962,0.9999927962109548,0.5617400484652376,-0.49964094438472706,-4.051398728732632,4900741.3197813425,3719662.6250412497,0.38381133472352946,0.9998567006431207,83600128.26469891,16711686.352243481,17206026.43763898,233064.26301444162,41719.435394269785,44075.494093880654,9.7555546297765e-07,367553.4752246763,64309.95984095,69033.6164875913,2.2607256792263843e-06,2.406381010232112,0.3276006733428787,0.34596835660668096,0.0005450453061877209
0.0110333809531909,0.9932326788392376,0.421984899325574,-0.9134106326957652,21.37772626540722,-14.265261348139267,-0.3910235863348445,-0.4108212329300875,-0.3946721799683396,-0.4989721967494388,-18.663568128556907,0.9134106326957652,-0.4989721967494388,-18.663568128556907,213777262.6540722,426283.4895656089,589178.7670699125,3.026639100158302,14265261.348139267,0.2326341432790961,0.9998668071674685,0.913410632695765,-0.4989721967494388,-18.663568128556907,5235924.380731307,2905339.4450360145,0.4574338646526014,0.9976896375302822,202578360.11654633,50071884.893660456,51028632.61938821,454033.5436959462,78849.7912878949,82635.46574808487,0.016145382512711616,633259.0532412293,112355.84495107995,119251.90593289415,0.014543934883939076,3.0806669895529204,0.2256918645487856,0.2594019607002667,0.0011048545243044709
0.0244859596844901,0.030669316565393,0.9177664291280424,-0.7160513517195153,11.673301419290706,-7.251983784723029,-0.6119479002744744,-0.6287328734036753,-0.3145475674066314,-0.4997870565920409,-27.22416361518452,0.7160513517195153,-0.4997870565920409,-27.22416361518452,116733014.19290708,271636.4698078679,371267.1265963247,3.427262162966843,7251983.784723029,0.0175103954175081,0.9999826816645632,0.7141529033407149,-0.4997870565920409,-27.224163615184516,4130288.9642516715,2847999.656641185,0.35968775233233813,0.9996608604649139,110340270.00056839,24568832.138701387,25175243.728412047,344786.47573521384,56925.31917492315,60320.331787432624,3.5043361929158427e-05,472118.6053867377,77367.98443151046,83284.28574178608,2.0602567374445458e-05,3.3880656652572934,0.31964034553803683,0.35267149888074284,0.00873689776405248
0.0126892710242796,0.1025747889529015,0.1664268441062733,-0.9277678051361804,25.707417438068987,-11.711551596622614,-0.3501977470267545,-0.3179842422954346,-0.4827183820199235,-0.4899711317659747,-17.653757053491248,0.9277678051361804,-0.4899711317659747,-17.653757053491248,257074174.38068983,454861.5770812719,682015.7577045654,2.5864080899003823,11711551.596622614,0.3438643529770866,0.9996277951858006,0.9277678051361805,-0.48997113176597473,-17.653757053491248,5975348.381407219,2566172.3070701477,0.475583764808856,0.9943288583689361,250663768.23498973,60071550.268434055,61163432.96072264,474734.69779582287,83436.90679327854,87271.80115105194,0.03361774254655032,721419.6133583668,127853.73194248056,135335.1493028386,0.060922964882868046,2.561282518249024,0.22307215760252355,0.24487759081062366,0.0014227393574525373
0.3525105998249135,0.0038048991108604,0.9274195839974048,-0.6252469030978515,9.711832149591666,-9.596143730635498,-0.7159925327629107,-0.6987652554355618,-0.4926051580110783,-0.4997870565920409,-10.888879938038858,0.6252469030978515,-0.4997870565920409,-10.888879938038858,97118321.49591666,198805.22706596248,301234.7445644382,2.5369742099446086,9596143.730635498,0.0294474862108522,0.9999883320015486,0.6252442590969471,-0.4997870565920409,-10.888879938038858,4684387.546464177,3622431.6828780645,0.37868358592350815,0.9997695369243715,90798838.9851738,19369139.761193566,19801084.669986933,265721.8098828575,47323.836156569596,49481.18901331665,2.4696512825239766e-06,399290.50554995076,70066.44194733397,74289.90822952661,3.878378138246635e-06,2.689229200011011,0.35379714049408584,0.36960325563453084,0.0019090121027444307
0.0028013307821851,0.0211646726959732,0.1839955459821891,-0.9257024474859712,24.50130102751849,-11.893810617782028,-0.3634117975572244,-0.3361990591385179,-0.4624413142694787,-0.4970621002204839,-21.0393145011766,0.9257024474859712,-0.4970621002204839,-21.0393145011766,245013010.27518493,445611.7417099429,663800.940861482,2.6877934286526064,11893810.617782028,0.3106756964068618,0.9996500086776052,0.9257024474859713,-0.4970621002204839,-21.0393145011766,5816060.054082967,2527379.1763240206,0.4705751576335756,0.9946182554562486,238838005.05582756,57702723.16753485,58834716.746325314,468591.5744975212,83372.1329527553,87399.25859056151,0.0299606909477945,705804.3529203724,127303.7865631333,135023.2133458132,0.05325914815655116,2.6336286808492306,0.2208061118755701,0.24655970090352586,0.001343393506761276
0.544276738106433,0.0421480848507849,0.6370574988128974,-0.737670303514853,12.258761139257814,-24.159208927210138,-0.6715641670150575,-0.6401196184587467,-0.5403823829294884,-0.4996696868437071,-3.924656574181427,0.737670303514853,-0.4996696868437071,-3.924656574181427,122587611.39257814,229905.08308945972,359880.38154125336,2.2980880853525583,24159208.927210137,0.1386545258454116,0.9999691263801816,0.7376721316499493,-0.49966968684370716,-3.9246565741814274,5764021.17155475,5693634.961829464,0.4363674580250215,0.9994068529589001,113539098.47056428,24156579.161136724,24627773.81599586,268592.10219159484,47871.02113583921,49577.49007690235,1.9039714553585784e-05,419740.3017876609,74228.77037651201,77897.72463120871,5.522172634608203e-05,2.386009383613955,0.2851855957748005,0.2966657247977528,0.0010939485180954196
0.0022197487704089,0.0138920828487182,0.9299818099149322,-0.7167238336064613,11.656937788417531,-6.805655197907003,-0.6045046111452066,-0.6244837650991794,-0.2974176528557771,-0.4997870565920409,-27.93682850178629,0.7167238336064613,-0.4997870565920409,-27.93682850178629,116569377.88417532,276846.7721983554,375516.2349008207,3.5129117357211146,6805655.197907003,0.015776539757179,0.9999831212507088,0.7147601792567715,-0.4997870565920409,-27.93682850178629,4061584.8932072143,2734331.4342952752,0.35589435240149325,0.9996692523843906,110322487.95644271,24420226.085220583,25080007.834868286,349562.7547163433,56942.86959408371,60699.277739453355,4.0381516443438895e-05,475488.534135264,76749.58729082244,83177.01499405275,2.2337366303723664e-05,3.443491278335725,0.31742657361026383,0.35545504891913504,0.009286886083464268
0.3679323781815626,0.0004491910608243,0.8209279794850023,-0.6724902106109913,10.524317255954443,-13.609817008558808,-0.7036309899233546,-0.6853906104159864,-0.492081642535584,-0.4997870565920409,-10.043277618467306,0.6724902106109913,-0.4997870565920409,-10.043277618467306,105243172.55954444,207458.30705365175,314609.3895840136,2.53959178732208,13609817.008558808,0.0476890811755337,0.9999823094184946,0.6724902106109913,-0.4997870565920409,-10.043277618467306,5049807.328695932,4427724.612392432,0.3963826931769172,0.9996537621648026,98496843.75471915,21430256.578143854,21882295.990915276,271868.1309039781,48942.15470517629,50824.58711796767,2.3467721288559893e-06,409569.78599870956,72921.47132314021,76744.53832865715,4.848203975069885e-06,2.659830422622256,0.33159105679591094,0.34627727367569855,0.001672560424894197
0.004485406051781,0.1465198205233782,0.4882385536628725,-0.8703699430444035,17.081958883229355,-19.780283274063795,-0.4737391323783349,-0.4893679383317219,-0.3295642901376173,-0.4997870565920409,-26.23281742106396,0.8703699430444035,-0.4997870565920409,-26.23281742106396,170819588.83229354,368382.6073351656,510632.06166827807,3.352178549311913,19780283.2740638,0.112221885525813,0.9998984283974188,0.8703699430444035,-0.4997870565920409,-26.232817421063956,5010493.009599631,4062623.570967369,0.4282366139453481,0.9981917625986155,163663054.17614156,40018786.34592793,40718067.82627644,416640.9308539335,74862.88338238784,77848.15941205571,0.0024668537640415585,574492.7578420509,103144.44950361527,108729.14317002402,0.0022190783225279932,3.375268079437732,0.2539220715573013,0.283128034723913,0.0031817274321237782
7.590621928172346e-06,0.997815280233086,0.3330216437924467,-0.9242458536476968,23.731177347651744,-12.212476680628413,-0.3478073020805494,-0.3580113796682489,-0.4361109326727904,-0.4989721967494388,-15.292842322649618,0.9242458536476968,-0.4989721967494388,-15.292842322649618,237311773.47651744,456534.8885436154,641988.6203317511,2.819445336636048,12212476.680628411,0.3072113868873308,0.9998064756488254,0.9242476579919473,-0.4989721967494388,-15.292842322649618,5329995.663724942,2424070.6279351264,0.4700368850605959,0.9967793825263014,227336628.27843723,54793085.788954005,55865698.85869407,476696.797693208,78233.41822099824,82413.2417682491,0.029551290569206336,681157.4834155835,115544.13393879565,123188.70538712275,0.0335982729314908,2.8590666838852394,0.21466702624788694,0.24467924033854643,0.0008081080754825135
0.0163706789698341,0.3721806744395307,0.506533471808175,-0.8753115502161338,17.400040859205856,-19.4781911622466,-0.4666915024076087,-0.4838471455254465,-0.3420856754856538,-0.4996664703155559,-24.519782385703287,0.8753115502161338,-0.4996664703155559,-24.519782385703287,174000408.59205857,373315.9483146739,516152.8544745535,3.289571622571731,19478191.1622466,0.121608519871517,0.9999066956015302,0.8753115502161338,-0.4996664703155559,-24.519782385703287,5085414.048753657,4064698.5644951584,0.4313036865014303,0.9983265396174168,166024989.85725456,40557834.61489717,41244035.013085224,417640.6599556565,75364.01521542571,78070.39541320775,0.0024410138889646186,575747.7190557141,103962.34395567872,109102.20638776077,0.0021048451046435505,3.3325812343579004,0.2564710842061869,0.28204223267087075,0.0027145413119840037
0.000254498812276,0.996010334485756,0.3219498650314235,-0.9255085127826644,24.121977523206557,-11.997045138297242,-0.342450296877472,-0.350793155841593,-0.4421508521922388,-0.4989721967494388,-15.058722323494466,0.9255085127826644,-0.4989721967494388,-15.058722323494466,241219775.23206556,460284.7921857696,649206.844158407,2.789245739038806,11997045.13829724,0.3176653950308692,0.9997976255831134,0.9255086470000486,-0.4989721967494388,-15.058722323494466,5355687.207142517,2385004.090492179,0.47165155684521004,0.9966502239718836,231125892.9190886,55491074.73333738,56587589.49125008,479198.3789175045,78108.16347853949,82323.92579517335,0.031132778826399032,687474.9617281127,115899.44281208006,123630.54455750695,0.036353759383971236,2.825827284761035,0.21326178747368071,0.2428843020804971,0.0007956750503529953
6.162400298447846e-06,0.0034118129434699,0.5660357733360132,-0.8431432459773734,15.35351504065714,-19.621566891329888,-0.5057073385192113,-0.5230952043202144,-0.3011653615713262,-0.4997870565920409,-27.38381958692905,0.8431432459773734,-0.4997870565920409,-27.38381958692905,153535150.40657142,346004.86303655204,476904.7956797856,3.4941731921433687,19621566.89132989,0.0745010549922,0.9999257173543392,0.8431432459773737,-0.4997870565920409,-27.38381958692905,4961001.193145177,4403532.672732845,0.4128617025033021,0.9986430323578686,146343018.03709924,33523954.99219942,34332903.40577335,401623.91537844046,70179.39825706328,73432.86289676723,0.000966080500654725,550844.0255587313,95903.69184086338,101864.15138007273,0.0007627985070339363,3.510013045704885,0.26017364634638585,0.2979186374525649,0.004661600967252499
0.5523924483805506,0.0110380581414903,0.6162952903706944,-0.7409848297209295,12.375051694929406,-24.94620272427572,-0.6677761098433085,-0.6340521118489029,-0.5419717324512907,-0.4996696868437071,-3.840941275346746,0.7409848297209295,-0.4996696868437071,-3.840941275346746,123750516.94929406,232556.72310968404,365947.8881510971,2.2901413377435467,24946202.724275723,0.1493154522125912,0.9999667122364956,0.7409848297209294,-0.49966968684370716,-3.8409412753467462,5793604.624837068,5725239.474988649,0.43926329476889653,0.9993625166457605,114630914.59871952,24282708.61314882,24772971.07158758,268708.2817852827,47871.52305184096,49626.051121486205,2.9321381179298083e-05,421499.23177725554,74399.4240416232,78172.56106990675,8.20571401558982e-05,2.372859649146157,0.27961283363607503,0.29163830970725296,0.001004709334779298
0.0016640234130417,0.9600458996712314,0.3429160215142426,-0.9224385640094178,23.27017801544253,-12.509192823221705,-0.3566582436204925,-0.3679303773423184,-0.4285154226812788,-0.4996107551230084,-16.24628142136512,0.9224385640094178,-0.4996107551230084,-16.24628142136512,232701780.1544253,450339.2294656553,632069.6226576816,2.8574228865936058,12509192.823221702,0.2932473019328327,0.9998145103741974,0.9222503869466881,-0.49961075512300845,-16.24628142136512,5289470.827394129,2477384.3906322825,0.4678325499257254,0.9968975270664232,222466774.37364632,53929108.862485975,54934328.76807501,472170.1288957939,78598.26891448647,82560.23658675507,0.02689040870474611,672421.7194558259,115552.57342698023,122832.00835837019,0.030160704034668383,2.896693578251833,0.2177163381111167,0.24646432633444157,0.0008489823339089468
0.5523924483805506,0.0110380581414903,0.6377545428143364,-0.7322421454817748,12.13512393455876,-24.227198211077702,-0.6753697025750524,-0.6432123826580562,-0.5420392553328794,-0.4996696868437071,-3.9165261601139294,0.7322421454817748,-0.4996696868437071,-3.9165261601139294,121351239.3455876,227241.20819746336,356787.61734194384,2.289803723335603,24227198.211077705,0.1375505947647716,0.9999694931279094,0.7321492803538837,-0.49966968684370716,-3.9165261601139294,5781957.16488373,5734349.986345965,0.4360566566249577,0.9994136108750279,112336151.95695397,23809045.01797743,24288508.845816694,266195.44442814856,47350.76238386132,49092.58813449462,1.8533270593761594e-05,417097.83215266536,73572.7224572867,77310.72135813074,5.329840752484543e-05,2.3751258437438447,0.28404024551507884,0.29601606458458224,0.0010506320130028292
0.232829014927628,0.002125492104132,0.6061763293418966,-0.7824367755388464,13.234345498117774,-22.14404822174349,-0.6149073763701595,-0.6013804705709543,-0.4450032868325747,-0.4997870565920409,-15.236994560241133,0.7824367755388464,-0.4997870565920409,-15.236994560241133,132343454.98117776,269564.8365408884,398619.5294290456,2.7749835658371267,22144048.22174349,0.0929106820837919,0.99995096914822,0.7824367755388464,-0.4997870565920409,-15.236994560241131,5342542.542936867,5129764.718201081,0.42110402704973676,0.9990792527210413,124050305.73633127,27667570.635139458,28217500.012986254,323410.79266055353,58457.64749922037,60585.85913554901,0.00014707143607762597,474553.53609703685,85087.26248744511,89394.80316690491,0.00020947963376645193,2.8923440239391858,0.2894033210025782,0.3073121078511236,0.002207291660109329
0.3643234703372063,0.0204418745549821,0.7810091839743576,-0.6946611232957705,11.02560850149136,-15.362768072798902,-0.6929769986307629,-0.6751022553020498,-0.4931136754358866,-0.4997870565920409,-9.960896980554978,0.6946611232957705,-0.4997870565920409,-9.960896980554978,110256085.0149136,214916.100958466,324897.7446979502,2.534431622820567,15362768.072798902,0.0568340325113464,0.9999791065940244,0.6946611232957705,-0.4997870565920409,-9.960896980554978,5149110.272016569,4660052.538383142,0.40284529567363725,0.9995929878774521,102659225.09908669,22456039.46918232,22912368.47402675,277210.21698363364,49898.094289455745,51732.11695554226,2.9398082938787417e-06,417054.26699246594,74333.71952494957,78092.78267165062,6.489122753115122e-06,2.6559828267513,0.32432438430754496,0.3382876491796017,0.0017201878316016332
0.1055878082712131,0.0118264341893902,0.4944089825366745,-0.8399796910643033,15.63124103370224,-21.56747993672386,-0.5339993362210423,-0.5301928705186844,-0.389230770893057,-0.4997870565920409,-20.987670603037504,0.8399796910643033,-0.4997870565920409,-20.987670603037504,156312410.3370224,326200.4646452704,469807.1294813156,3.053846145534715,21567479.936723854,0.1188677417835725,0.9999113451655226,0.8412396398566381,-0.4997870565920409,-20.987670603037504,5134686.345882962,4403407.2272497695,0.43043096865996633,0.9984030498992236,149225394.32982695,35681227.73843226,36315678.05627119,374882.17310744367,68168.18594414672,70784.08169148843,0.000921208782626298,534419.5549554579,96533.5327236727,101642.56322453411,0.0012418403569759528,3.1214072618716973,0.2614672397058003,0.28551254936860193,0.002534531599432632
0.084812468157333,0.0118264341893902,0.4944089825366745,-0.8450594952868111,15.79895750785459,-21.25485800590561,-0.5251761117335959,-0.5245428268014626,-0.3765974615593701,-0.4997870565920409,-22.371313820142717,0.8450594952868111,-0.4997870565920409,-22.371313820142717,157989575.0785459,332376.7217864829,475457.17319853744,3.1170126922031494,21254858.005905613,0.1149891782590423,0.9999093271870716,0.8450620401671197,-0.4997870565920409,-22.371313820142714,5101378.917366241,4349506.81420442,0.42916432110311736,0.9983697786998507,150998066.18511075,36209282.4149336,36860373.4574405,381701.70861382375,69167.70397714508,71885.31150628437,0.0010356966460018594,540719.5039505496,97394.87894403837,102651.46349312912,0.0013253929869433499,3.175807216791396,0.25921896102889264,0.28479625284505733,0.0027135055246566794
3.2560417512872257e-06,0.9727955778085426,0.362523457166553,-0.9207961346163676,22.73429956274086,-12.912785254850071,-0.3638221040078051,-0.3785162519583981,-0.4182970237897372,-0.4996107551230084,-16.578522910453724,0.9207961346163676,-0.4996107551230084,-16.578522910453724,227342995.6274086,445324.5271945364,621483.7480416019,2.908514881051314,12912785.25485007,0.276544959497628,0.9998283886036556,0.9207961346163677,-0.49961075512300845,-16.578522910453724,5262972.408215224,2566269.189400943,0.46511481240631825,0.9971036785769776,217127082.5296072,52914358.007750146,53906116.02598475,469008.97554582526,78816.3443476083,82780.062007366,0.02484998166302414,663257.7273714204,114883.9319359084,122119.68632505098,0.026155335974461565,2.9547237079555426,0.21966410489714197,0.24987341506781147,0.0008837532535405963
0.6474128584068352,0.0187651552166677,0.964448737438302,-0.570323995373925,9.201675189271578,-11.061040126983816,-0.7513443058980332,-0.7206083560810522,-0.5642990824126104,-0.499640944384727,-1.604363226189964,0.570323995373925,-0.499640944384727,-1.604363226189964,92016751.89271578,174058.98587137667,279391.64391894784,2.178504587936948,11061040.126983818,0.0423986042511458,0.999992706673424,0.5703250469162444,-0.49964094438472706,-1.6043632261899639,5092709.955638612,4032039.049614768,0.3920589636618569,0.9998549405615313,84706997.77258709,16921162.523899227,17355437.241655603,228514.096256005,40602.699322788154,42733.27833360485,7.091680141745554e-07,363656.89980649494,63546.41982450341,67849.20782261514,1.953572685058292e-06,2.3413640720548967,0.3215265792579957,0.3363846345470464,0.00048434255872638544
0.0826331917573256,0.007944792007708,0.572503709166134,-0.821996465054424,14.58260471577959,-20.885902584082626,-0.5488099656867572,-0.5517524059364963,-0.3605106436015129,-0.4997870565920409,-22.975982003185763,0.821996465054424,-0.4997870565920409,-22.975982003185763,145826047.1577959,315833.0240192699,448247.59406350367,3.197446781992435,20885902.584082626,0.0834816729444791,0.999933837378402,0.821996465054424,-0.4997870565920409,-22.975982003185763,5108551.914260929,4677494.131279869,0.4170992936515798,0.9987811346582774,138291427.60169247,31546580.19733167,32228777.332002066,371177.37668967224,65883.36087039296,68572.98434861162,0.000506434949449211,522782.9592791292,92260.01984980078,97425.1649718004,0.0005278828007483151,3.262397663864827,0.26889752699537917,0.2964254140341361,0.0034048553628037823
0.6361579197778555,2.830474838508131e-12,0.9849985813617,-0.5554077279058987,9.030718494831456,-10.233495950899435,-0.7534165373734052,-0.7224883629700807,-0.5628049416773624,-0.499640944384727,-2.122964851612525,0.5554077279058987,-0.499640944384727,-2.122964851612525,90307184.94831456,172608.42383861632,277511.6370299193,2.1859752916131883,10233495.950899435,0.0376161363010455,0.9999932102401514,0.5554077279058987,-0.49964094438472706,-2.122964851612525,5006706.408391536,3854926.046635892,0.3876630695551826,0.9998648458831445,83172029.43768755,16429717.616037171,16923370.602989275,227776.19550899335,40675.42200575295,43013.14563408283,8.122108986830776e-07,362715.41973524087,63363.59951762969,68074.19309066246,2.0637950771297784e-06,2.352259684712302,0.3207206933180072,0.33884409001805016,0.0004605057340203542
0.1239130889787514,0.1698869487234222,0.5324883107735685,-0.8382918025155829,15.397063087090606,-21.88338707676168,-0.5399289336623626,-0.5368381324132836,-0.3976308687877149,-0.4997870565920409,-19.356135553526787,0.8382918025155829,-0.4997870565920409,-19.356135553526787,153970630.87090603,322049.7464363462,463161.8675867164,3.0118456560614253,21883387.07676168,0.1156588239980472,0.9999254293530816,0.8382918025155828,-0.4997870565920409,-19.356135553526787,5219594.836107338,4617133.905142066,0.4293857545417895,0.9986381689114264,146311121.218694,34531260.96735546,35124336.397629164,369940.5744626708,67186.75466670397,69465.61431631715,0.0006652750392890835,527456.9297194594,95167.03710181297,99707.28615654372,0.0008543387665678626,3.098289388102664,0.2686543333409043,0.28831800995132784,0.0024074205016551427
0.0017814785668708,0.9249329293634972,0.5271940178915696,-0.8992569421635105,19.19625324502572,-16.207811166469135,-0.4226623398732196,-0.4522942701664578,-0.3519560922595218,-0.4996107551230084,-21.36993285515447,0.8992569421635105,-0.4996107551230084,-21.36993285515447,191962532.4502572,404136.3620887463,547705.7298335421,3.240219538702391,16207811.166469134,0.1511414192147334,0.9999123423943744,0.8982731886310918,-0.49961075512300845,-21.36993285515447,5130834.280227911,3477676.626016251,0.4397413265142085,0.9984195287531354,182229050.83663487,44594285.20314781,45528696.8261329,438033.826491171,78965.9189239744,82427.68926458816,0.007908733548702269,596850.7055122467,108526.79166067034,114772.05976771767,0.004382601469310213,3.2850249095639756,0.2409208835228783,0.27742188635066917,0.002150295323336952
0.0001567968025988,0.9997020552602828,0.4590370755865682,-0.9106204277301638,20.886151755378403,-14.918597283717782,-0.3973402113776286,-0.422915840934445,-0.372968808880796,-0.4989721967494388,-19.53786413044725,0.9106204277301638,-0.4989721967494388,-19.53786413044725,208861517.55378404,421861.85203566,577084.159065555,3.13515595559602,14918597.28371778,0.2019341847730298,0.999884064449308,0.9106204277301638,-0.4989721967494388,-19.53786413044725,5209921.223588983,3103503.904426318,0.45143996218852983,0.997961181421164,197081978.38944304,48927511.36723689,49929886.687511206,451721.9290466667,79514.54039441588,83360.64640007971,0.014725026443069342,622655.8064316014,111483.24958094122,118406.16240008867,0.010801794896373028,3.179223840811742,0.2287650402402244,0.26738886488136143,0.0013946213750399932
0.0007671101270367,0.9352681854449546,0.5225219299198103,-0.9004284950181027,19.35500728659382,-16.10954849131161,-0.420198899442226,-0.4498547866993339,-0.352681586681888,-0.4996107551230084,-21.36993285515447,0.9004284950181027,-0.4996107551230084,-21.36993285515447,193550072.86593825,405860.7703904418,550145.2133006661,3.23659206659056,16109548.49131161,0.1545005436362955,0.9999105538183168,0.9004284950181032,-0.49961075512300845,-21.36993285515447,5138041.779724724,3450561.9362339424,0.4406080336894013,0.9983899907131413,183545235.16462418,45009461.796292536,45958117.88493996,439409.7012978163,79113.74808218492,82623.07616925507,0.008494505529275142,598929.5944806724,108825.68107811036,115148.47517183363,0.004760648612029236,3.280343067877915,0.23965653275987978,0.2769147023011505,0.0020924851526643103
0.0289045844588419,0.0008528292040794,0.6411672956478478,-0.8125189176037847,14.14604450920391,-17.604784728550875,-0.5466948712423989,-0.5629472510441177,-0.3194981014289613,-0.4997870565920409,-26.284420485489733,0.8125189176037847,-0.4997870565920409,-26.284420485489733,141460445.0920391,317313.59013032075,437052.7489558823,3.4025094928551933,17604784.728550874,0.0570866763678404,0.9999469560135154,0.8125251847448434,-0.4997870565920409,-26.284420485489733,4911230.448968329,4429088.490163511,0.40300892148994866,0.9990085376946964,133160387.85959773,29478042.348428156,30205687.42487534,379070.9731287503,65963.56582243585,68963.82913284736,0.00033463559540710997,521961.6178628367,90810.37708318424,96352.11417100976,0.0002465564804729125,3.4407864772603385,0.27706428633346447,0.3104704893233329,0.005572033661903746
0.0040831958511121,0.950443482463141,0.5173235700642853,-0.9012660317096898,19.50947900025421,-16.011201554844362,-0.4194508933115505,-0.4482280416727967,-0.3564691657875897,-0.4996107551230084,-21.21626127461045,0.9012660317096898,-0.4996107551230084,-21.21626127461045,195094790.0025421,406384.3746819146,551771.9583272033,3.217654171062051,16011201.554844365,0.1597134642225453,0.9999089568006586,0.9012638612823054,-0.49961075512300845,-21.216261274610446,5151907.073620871,3421550.073360755,0.4419220067431681,0.998363682824596,184760014.32419407,45408514.99430598,46367105.29248395,439448.4720871735,79062.40177478231,82597.96891743947,0.008699398190156528,600037.7053228626,108998.39317799218,115375.35651418492,0.005077320955532429,3.2622547302792344,0.23817523439731805,0.27578274421545235,0.002000969340447492
0.0025546046233932,0.0016570429857954,0.9120914667508044,-0.7200507748568932,11.808854644657393,-7.166834883568835,-0.6033778082155439,-0.6235187976087786,-0.2962736524376678,-0.4997870565920409,-27.927895163040915,0.7200507748568932,-0.4997870565920409,-27.927895163040915,118088546.44657391,277635.5342491193,376481.2023912215,3.5186317378116607,7166834.8835688345,0.0169390883799308,0.9999818568043856,0.7220067741536399,-0.4997870565920409,-27.927895163040915,4113116.980276656,2848293.9560114774,0.3584801908484777,0.9996451412422248,111646398.27081877,24883846.262761116,25530823.354348324,350958.37969511753,57762.510941339024,61373.037991221696,4.23093543474312e-05,477316.053925637,77953.89891862958,84161.07991998843,2.337571987585424e-05,3.461629053279644,0.3165872736406009,0.35368751479978483,0.009629702514853499
0.6942850737823804,7.44667115259707e-12,0.9849985813617,-0.5491435666890213,9.015989396912476,-10.72517034563188,-0.7568079337612404,-0.7237916603121843,-0.5707948660695429,-0.4996679820182366,-0.6872292337945786,0.5491435666890213,-0.4996679820182366,-0.6872292337945786,90159893.96912476,170234.4463671317,276208.3396878157,2.146025669652285,10725170.34563188,0.0416115314634589,0.9999936246551052,0.5491435666890213,-0.4996679820182366,-0.6872292337945786,5109219.8093276415,3979494.221396286,0.391370418910803,0.9998730094209765,82861239.22916697,16148906.658370532,16649259.391205475,223167.4647820771,39640.16381793556,41995.32618556924,7.132091912690111e-07,358655.50935762026,62346.80919583374,67109.64307480973,1.9464649402942014e-06,2.3010363278140393,0.31410035711715895,0.3322429153455501,0.0003962711531320712
4.925766372773882e-05,0.9821971666594828,0.3957833083374251,-0.9172318292705732,21.947661595837765,-13.656970395990324,-0.3768756644885277,-0.3960218489664734,-0.401475345856013,-0.4995673833930999,-17.702485774285392,0.9172318292705732,-0.4995673833930999,-17.702485774285392,219476615.9583777,436187.0348580306,603978.1510335265,2.992623270719935,13656970.395990323,0.2490336494720178,0.9998500821707664,0.9172366700461874,-0.4995673833930999,-17.702485774285392,5234755.53823193,2747066.075514724,0.4604067022823723,0.9974316089490012,208818298.4521858,51346283.268319964,52317721.84005101,462582.23927396437,79149.707891828,83056.92051904456,0.02087953115253895,647581.0491833307,113731.72244535829,120823.47326546785,0.019678489540644883,3.044730530443675,0.222976541495514,0.25557530097471637,0.000993668513198238
0.5084607042780098,0.0841487474814096,0.4656075140286654,-0.8085067454993888,14.513022966796983,-23.956659762561685,-0.6024002717894091,-0.5645375659561441,-0.5397629645544747,-0.4997128917175969,-4.400674250354126,0.8085067454993888,-0.4997128917175969,-4.400674250354126,145130229.66796985,278319.8097474136,435462.43404385593,2.3011851772276266,23956659.762561686,0.2501701960361782,0.9999355348321388,0.8085067454993888,-0.4997128917175969,-4.400674250354126,5638629.019035028,4710445.095437751,0.46060773195582516,0.9988102512256574,136954987.95049646,30121875.97216904,30678897.050683305,296658.0129953145,53984.97710908424,55812.12432372962,0.00028192929816449536,464105.56255693414,84408.86021823579,88355.14412092697,0.0007354723133290376,2.3707192354763924,0.25607457240302295,0.26872302113422075,0.0007380308259254364
0.4299560384451231,0.0002924689930928,0.9573568098605656,-0.5969260715572196,9.338202886586608,-9.351071721795275,-0.7311093660811504,-0.7092997515086301,-0.5190892674415581,-0.4997128917175969,-8.211125335955803,0.5969260715572196,-0.4997128917175969,-8.211125335955803,93382028.86586608,188223.4437431947,290700.2484913698,2.404553662792209,9351071.721795276,0.0295628407951142,0.9999905008697086,0.5969104089988861,-0.4997128917175969,-8.211125335955803,4728239.954573161,3594286.736817675,0.37882684758125446,0.9998117350352493,86935303.75985812,18119090.33063099,18559298.263385516,251884.16692143356,45016.68530704204,47245.30329184276,1.6681152246989097e-06,385438.00717138255,67614.89857611016,72005.63773779989,3.0355010332914495e-06,2.5782050479345555,0.34899617111145337,0.3649459637168342,0.0011235116388876043
0.6487569870319158,0.027386231444513,0.5826049192419682,-0.7479449075189529,12.75657661148182,-25.91165918201938,-0.6579054474704727,-0.6169794181628258,-0.5595204870240181,-0.499640944384727,-1.0362174689264363,0.7479449075189529,-0.499640944384727,-1.0362174689264363,127565766.11481822,239466.18677066904,383020.5818371742,2.202397564879909,25911659.182019383,0.1971226729113135,0.999965604764747,0.7479449075189529,-0.49964094438472706,-1.0362174689264365,5881946.440095358,5673445.686912482,0.45043986894459254,0.9993422623651375,118285145.01641485,24549251.39884076,25075029.70810768,264138.1357267618,46322.81014971978,48090.538516726956,4.017223237694974e-05,421317.1647282849,73175.49713570428,77030.60096826828,0.00012551173008999266,2.2571189080563254,0.25919080715238657,0.2711446147351182,0.0006265335913251135
0.3732513366638017,0.0148406092774466,0.7393667323975026,-0.7104341614780246,11.431893957411663,-17.49497687537617,-0.6850928507994511,-0.6664317783545326,-0.4967504120341153,-0.4997870565920409,-9.954282742984669,0.7104341614780246,-0.4997870565920409,-9.954282742984669,114318939.57411665,220435.00444038425,333568.22164546745,2.5162479398294235,17494976.875376172,0.0684463631791455,0.9999754921742938,0.7104318505487951,-0.4997870565920409,-9.954282742984669,5287361.210535572,4960075.177220316,0.40971720187090566,0.9995250278099176,105845308.12559377,23120467.613900155,23584836.62459838,279681.80261728034,50433.71592970494,52253.91659368584,4.402949622512844e-06,421838.2923074025,75393.71522971279,79153.10507086778,1.0105542340198312e-05,2.6331385514859735,0.31812785331038723,0.33193758074783974,0.0017210538302832386
0.0001447025747505,0.9507924586172676,0.3745671196068695,-0.918934136244228,22.349500150493416,-13.259345970199885,-0.3709069749102729,-0.387210888636458,-0.4105205080216357,-0.4996107551230084,-17.28844282494163,0.918934136244228,-0.4996107551230084,-17.28844282494163,223495001.50493416,440365.1175628089,612789.111363542,2.947397459891821,13259345.970199885,0.2631005025769871,0.9998366498280448,0.9187638030129393,-0.49961075512300845,-17.28844282494163,5237095.533255595,2641496.821373855,0.46285351834842,0.9972277097023072,212993830.36102355,52133270.45109675,53088719.18938488,465559.7883535179,79111.83050191264,82950.58477838547,0.02277276137679894,655706.9907419083,114671.35592113287,121687.79008671224,0.02314997910745312,2.995284222747824,0.22213060489786904,0.2521562396074629,0.0009362415923235242
0.1854458253628736,0.2635880221683185,0.5418990868149655,-0.8335108020514759,15.188919412827016,-22.32984224902324,-0.5563871754103124,-0.5471843170798993,-0.4327567088866419,-0.4997518418288539,-15.225377254265558,0.8335108020514759,-0.4997518418288539,-15.225377254265558,151889194.12827015,310528.9772127814,452815.6829201007,2.8362164555667904,22329842.24902324,0.1298607815482088,0.9999327912655234,0.8335097189812141,-0.4997518418288539,-15.225377254265558,5320721.696148035,4727312.570627709,0.43382875823730044,0.9987632340688847,143714189.61661687,33665158.50644402,34221363.77488999,354663.7441614183,65032.87251553777,67041.55383040968,0.0004871614801608678,513096.4371006209,93447.40874270555,97559.17917244336,0.0006987203604925424,2.9452529556058753,0.27423838005258677,0.2901783868099374,0.002044302298368155
0.0244859596844901,0.0301029409691468,0.6473856869826508,-0.8142845045308995,14.202171870337375,-17.31340644510522,-0.5440213635878698,-0.5618913369473804,-0.3170820938432768,-0.4997870565920409,-26.557686215561368,0.8142845045308995,-0.4997870565920409,-26.557686215561368,142021718.70337376,319185.0454884912,438108.6630526196,3.414589530783616,17313406.445105217,0.0562230098570827,0.9999480161026136,0.8142939194670559,-0.4997870565920409,-26.557686215561368,4890045.597808573,4379973.811509491,0.40244659305317293,0.9990271624562523,133671056.30262905,29608816.25295363,30321453.29052813,380919.082892577,66270.14796843525,69234.18155354673,0.0003295205549828164,523169.2298098904,91071.27019954979,96540.44251886015,0.00023469319491529317,3.4520834744084223,0.27867201842404865,0.311103303087874,0.0058116971181667865
0.4187394324264523,0.0271507647095785,0.6029923045112509,-0.7618375603492952,12.771394618038162,-24.358860251730505,-0.6489923785581478,-0.6215540470039989,-0.5124802721538149,-0.4997128917175969,-8.43045818919851,0.7618375603492952,-0.4997128917175969,-8.43045818919851,127713946.1803816,245705.3350092965,378445.9529960011,2.437598639230926,24358860.251730505,0.1288162511845661,0.999959380894996,0.7618375603492952,-0.4997128917175969,-8.43045818919851,5628186.264157511,5519278.251861831,0.43351719550830936,0.9992293881224318,118766099.44244409,25881195.205401253,26372796.594273854,288553.40252709325,52360.74539094221,54168.87008441817,6.363653817507364e-05,441648.6711112038,79343.92173503718,83170.30488650789,0.0001404271768332525,2.5507007879281387,0.28971224831902476,0.30253736051378777,0.0014133675903470091
0.0027974559622907,0.0146800759709997,0.1792597358084171,-0.9263363577471224,24.711107517354165,-11.895354135511791,-0.3617180084990607,-0.3334862778390133,-0.4661271322227001,-0.4968654935235218,-21.0393145011766,0.9263363577471224,-0.4968654935235218,-21.0393145011766,247111075.1735417,446797.3940506575,666513.7221609866,2.6693643388865,11895354.135511791,0.3142833296060905,0.9996432300033264,0.9263363577471224,-0.49686549352352183,-21.0393145011766,5858110.898869131,2542005.47778485,0.47113229946054525,0.994529554569768,240903687.7854857,58015572.99238468,59164648.44765753,469717.4076689909,83494.93079469416,87563.17129464238,0.030728503955661606,708663.2599309804,127582.85808003996,135378.95245016046,0.05479951324295495,2.6191526528484426,0.22133039292022552,0.24705277886606195,0.0013709708120240526
0.00968911958932,0.0536845421377496,0.170242317614482,-0.92745561983683,25.301890809671814,-11.822723637102946,-0.3561649306231089,-0.3249121490800135,-0.4775450365789527,-0.4965933313282432,-18.04093261204781,0.92745561983683,-0.4965933313282432,-18.04093261204781,253018908.0967182,450684.5485638237,675087.8509199865,2.612274817105236,11822723.637102949,0.3315184418733731,0.9996325161952464,0.9274611816785633,-0.49659333132824324,-18.04093261204781,5943853.774320553,2563385.1501657795,0.4737495929812768,0.9943900598357277,246671767.08633223,59156348.19664499,60277602.123841844,472012.9730496981,83439.59495264987,87387.92625471787,0.0320534103085781,715824.6878775508,127775.22523115562,135419.78485281675,0.05822013164056841,2.577480103427244,0.2225152898122544,0.2459465579494337,0.0014119138816703833
0.0869910229755079,0.3351334957978776,0.5393136009996832,-0.8537661804327785,16.085072733712767,-20.77478190233194,-0.5125305975264652,-0.5179661128188381,-0.3811391967450805,-0.4996664703155559,-20.00354319535071,0.8537661804327785,-0.4996664703155559,-20.00354319535071,160850727.3371277,341228.5817314743,482033.887181162,3.0943040162745974,20774781.90233194,0.1170413441259898,0.9999243799717472,0.8537709492959151,-0.4996664703155559,-20.00354319535071,5179714.396768192,4420058.1585242255,0.4298392547937066,0.998620467697999,153111016.89770326,36443600.88116117,37060838.79018149,386943.75238818285,70196.73907689008,72510.43764904837,0.0008789532132674215,543828.0206575635,98354.85525223184,102912.2033921734,0.001003801414562874,3.176828255694697,0.26542430278959034,0.28557661640696147,0.0024960967304738647
0.0003271960449884,0.0097272136584399,0.1520435396985973,-0.930967090845636,26.138021771427905,-11.790530062529909,-0.3474415525603676,-0.3147326632656592,-0.4803572555306523,-0.4886807278098968,-17.68398886775035,0.930967090845636,-0.4886807278098968,-17.68398886775035,261380217.71427903,456790.9132077427,685267.3367343408,2.5982137223467383,11790530.062529908,0.3392927853567171,0.9996004581996312,0.9309670908456361,-0.4886807278098968,-17.68398886775035,6071582.349745896,2622235.135135293,0.47490823541405425,0.9939775659963833,254306391.62903833,60179577.915130876,61409906.573322944,479204.3559808166,84468.74141014158,88732.0370517312,0.03719300594802611,728137.9598373366,129427.14940296389,137582.20156730188,0.06565362832028526,2.5703635139877017,0.2283192102308581,0.2532027611762054,0.001566651247637155
0.0963282561394436,0.9423080837318984,0.6069724866264445,-0.8761666679306898,16.985809901166917,-16.535322083688197,-0.4859616537192274,-0.5028025597481668,-0.3951845057732506,-0.4996107551230084,-16.170132729700725,0.8761666679306898,-0.4996107551230084,-16.170132729700725,169858099.01166916,359826.8423965408,497197.4402518333,3.024077471133747,16535322.083688196,0.130193269230275,0.9999427812979044,0.8761666679306898,-0.49961075512300845,-16.170132729700725,5074520.930050606,3624340.5020423187,0.43392746618493894,0.9989355646633105,162826898.16338685,38607706.002564795,39344706.15562752,396445.47381242027,73260.29459024324,76020.4158121002,0.0012479303843388994,550081.5346336858,101816.32719822424,107004.50114860029,0.0010111046750928066,3.108950803623753,0.2581236839118414,0.2822403336758835,0.002351885954598659
0.0007671101270367,0.9087278443210118,0.5548397025506132,-0.8949603109506205,18.48812806714516,-16.326792518915738,-0.4307560047154971,-0.4622044664795543,-0.3454772761954761,-0.4995991334402901,-21.674903732139907,0.8949603109506205,-0.4995991334402901,-21.674903732139907,184881280.67145163,398470.796699152,537795.5335204457,3.27261361902262,16326792.51891574,0.1344947210615534,0.9999215872192326,0.8949603109506205,-0.49959913344029017,-21.674903732139907,5081040.878396862,3544841.767155425,0.4351847676225785,0.9985735067392386,176662381.62316838,42651121.33356923,43551576.32312829,433861.7776571623,78492.78675414826,81881.30305530937,0.0061973184090347655,588755.9909691241,107235.54049912834,113324.90867853808,0.003081682637674392,3.319330329187772,0.24660194637446567,0.2812810491482512,0.00247871685101708
0.5523924483805506,0.0110380581414903,0.4497386285648255,-0.8038742388185657,14.395625823849588,-23.76883809437406,-0.606040204328253,-0.5657153138158447,-0.5499130586694295,-0.4996696868437071,-3.2231290130655044,0.8038742388185657,-0.4996696868437071,-3.2231290130655044,143956258.2384959,275771.8569702229,434284.68618415535,2.2504347066528525,23768838.09437406,0.2696516698398449,0.9999344850159526,0.8038742388185657,-0.49966968684370716,-3.2231290130655044,5658957.813153523,4620330.584821144,0.4639642196300564,0.9987922332856719,136130170.00894025,29583948.956797563,30166437.55902996,290660.96112472424,52263.67046453039,54193.316685807156,0.0002741700738732047,459593.71095688327,83035.8540484365,87180.42153776866,0.0007632846604253707,2.3114244354469577,0.24414057373762624,0.2578049213779916,0.0005829971585704772
0.6839706233105564,0.001429152599206,0.7866091830928356,-0.6515204362726238,10.446278479584825,-18.571236247892376,-0.7258398281744848,-0.6922554790038618,-0.5606320809285881,-0.4996337709586586,-1.121157408642928,0.6515204362726238,-0.4996337709586586,-1.121157408642928,104462784.79584824,191912.1202778607,307744.5209961382,2.19683959535706,18571236.247892376,0.0937347822550709,0.9999855577986916,0.6515204362726238,-0.4996337709586586,-1.1211574086429281,5688219.738387336,5388747.816484989,0.42143554895392343,0.999715957209577,96212461.5863104,19338114.606374964,19802886.54411513,238494.71901598625,41304.73276851483,43050.90098524653,8.055016158653386e-07,380634.7632061434,65415.023611642995,69138.791250197,3.5084981419672116e-06,2.2577745453989455,0.29375242153771103,0.305662980634152,0.0006792740557790369
0.1845172199207059,0.196908731235424,0.541173556186205,-0.8286513939879842,14.982168494365313,-22.582255259561364,-0.5617978071186651,-0.5517078692588069,-0.4302084475623314,-0.4997870565920409,-15.707977005106883,0.8286513939879842,-0.4997870565920409,-15.707977005106883,149821684.9436531,306741.53501693445,448292.1307411931,2.848957762188343,22582255.259561364,0.1250677060885071,0.9999325717042103,0.8286513939879842,-0.4997870565920409,-15.707977005106885,5315146.018828565,4780848.357324771,0.4323802448332104,0.998759481209121,141755846.03950012,33089904.013729244,33648397.959087,352383.7670689845,64461.001803401894,66517.19128484848,0.00047106532458011013,510413.07996322465,92654.14681592461,96848.97394279073,0.0006737647364847451,2.9548436295315934,0.2748178522240258,0.2914235949461123,0.002079323032966097
0.0826331917573256,0.0206178325591449,0.5835868583501176,-0.8195648922536474,14.461136231102508,-20.62104211883791,-0.5514309258676219,-0.5553226356645643,-0.3603052808874519,-0.4997870565920409,-23.00518269238149,0.8195648922536474,-0.4997870565920409,-23.00518269238149,144611362.31102508,313998.3518926647,444677.3643354356,3.1984735955627404,20621042.118837908,0.0803983283252792,0.9999367438146468,0.8195648922536474,-0.4997870565920409,-23.005182692381492,5102833.66809129,4685634.925214684,0.4156958819331206,0.9988310429078608,136982725.9621071,31079577.78449456,31755157.23152548,370043.8976892909,65597.02953256063,68255.50876921073,0.0004546726446267793,520593.5121665571,91844.7081370852,96948.90897548823,0.0004611486158133009,3.2661727597445025,0.27113602082708627,0.29817745417064123,0.003505957231995787
0.1853356774267048,0.0076361326043127,0.506533471808175,-0.8240422023443688,14.876623563915048,-22.85192095724937,-0.5671456355581044,-0.5530396558531948,-0.4297084076749439,-0.4997870565920409,-16.272098313985907,0.8240422023443688,-0.4997870565920409,-16.272098313985907,148766235.63915047,302998.05510932696,446960.3441468052,2.85145796162528,22851920.95724937,0.128315675228915,0.99992259708458,0.8240399089006178,-0.4997870565920409,-16.272098313985907,5268056.564523322,4683301.546521058,0.43336708733978024,0.9985904633216516,141217513.72291613,33106518.633225318,33698737.583021626,349445.8815081488,63983.28133368729,66298.87350296957,0.0005755749066697728,509394.8293320383,92364.96046740834,97026.10557838298,0.0008767694266028842,2.9429686583982577,0.27070035541278736,0.2906468773360001,0.002031418010927404
0.6779841106983661,9.493436852608951e-14,0.9978786547255298,-0.5439331257704703,8.97792229435399,-10.177200713088078,-0.756550082214558,-0.7237331962537462,-0.568836082173601,-0.4996337709586586,-1.11281656470599,0.5439331257704703,-0.4996337709586586,-1.11281656470599,89779222.9435399,170414.9424498094,276266.80374625383,2.155819589131995,10177200.713088078,0.038277862462198,0.999993842093421,0.5439331257704703,-0.4996337709586586,-1.11281656470599,5036765.9821140235,3839837.139012112,0.3883033122641323,0.9998772970354401,82543801.5559087,16007534.390311673,16566302.519837996,223955.8815198822,39838.176728768245,42333.06159637914,7.957542544134148e-07,359456.27647790726,62365.54509396714,67414.39495269,2.0526423320093964e-06,2.3127795330439738,0.31286325422727984,0.3338351426215595,0.0003911887919118566
0.0009370025625492,0.9415032876254806,0.5768807533652998,-0.8933917625830151,18.127366389060047,-15.997570218870614,-0.4347624785129501,-0.4678758572590187,-0.3429186489816919,-0.4996107551230084,-21.49584360444011,0.8933917625830151,-0.4996107551230084,-21.49584360444011,181273663.89060047,395666.26504093496,532124.1427409813,3.2854067550915405,15997570.218870614,0.1258753748468031,0.9999282961286636,0.8933917625830151,-0.49961075512300845,-21.49584360444011,5037890.802271866,3504235.093346676,0.4326277596597854,0.9986866841938572,173983381.20720637,41598831.90776775,42507526.15322899,431590.67557072104,78270.68623913692,81729.84266929464,0.005584397061399234,583941.2944127974,106519.49916449568,112682.27293706097,0.0025626406576962045,3.331532007993951,0.24948165652973422,0.2844710663000222,0.0026876511506247415
0.367971679609463,0.1737107822654464,0.6160837457515668,-0.7801105143908842,13.199453647672604,-23.19695625828348,-0.6321483871749589,-0.6107884090647092,-0.4997794557944102,-0.4997870565920409,-8.770620480475781,0.7801105143908842,-0.4997870565920409,-8.770620480475781,131994536.47672606,257496.12897752877,389211.5909352909,2.501102721027949,23196956.25828348,0.1230838556599225,0.9999592463339853,0.7801105143908842,-0.4997870565920409,-8.770620480475781,5525605.50506909,5295191.91272902,0.4317661544807105,0.9992269651026652,123257737.22347564,27297151.22521352,27766867.93804748,301643.20332017017,54985.76383364093,56693.671910156634,6.210124649111507e-05,454284.6231002611,82288.25175962326,85901.69139697598,0.00013482147304572843,2.628962526813332,0.29364692999045905,0.30518561367877467,0.0017059564188598184
3.8329316216954956e-08,0.0408462452972916,0.1356352043162159,-0.9334380568821828,27.03657043420924,-11.579685670218565,-0.3355118786436786,-0.3010633267852897,-0.482299677338201,-0.4863128920465461,-16.939987401369834,0.9334380568821828,-0.4863128920465461,-16.939987401369834,270365704.3420924,465141.6849494249,698936.6732147103,2.588501613308994,11579685.670218565,0.360558478413047,0.9995726191760552,0.9334380568821826,-0.48631289204654615,-16.939987401369834,6159837.201503561,2662464.0173283075,0.4780175001806135,0.9936249970770858,262580947.3237225,61685122.065209396,62928592.37976143,486717.2420374434,85109.38531497713,89405.03479230103,0.042481060590555814,741629.8348282662,130527.21877162522,138753.23485649598,0.07339330601523544,2.572650848266643,0.234716646825637,0.25835644955911635,0.0017173302791292434
0.5146637474631729,0.0614613658108324,0.4993609753207727,-0.7944135537652994,13.980880746745765,-25.113890266999544,-0.6171723173489555,-0.5787524187120588,-0.5385255145970186,-0.4997128917175969,-4.47624935160714,0.7944135537652994,-0.4997128917175969,-4.47624935160714,139808807.46745762,267979.3778557311,421247.58128794114,2.307372427014907,25113890.266999543,0.2222890935250112,0.9999441898790996,0.7944139624950564,-0.4997128917175969,-4.47624935160714,5682329.013939689,5055568.917815366,0.4554823446811954,0.9989601207444762,131233625.0307012,28569974.781104356,29119095.742033046,290261.8493486625,52672.37885123874,54482.52382982161,0.00019861516919309662,454194.4827026377,81825.23844070228,85742.94293993898,0.0005071664564432733,2.379407035376172,0.26252547293351725,0.27526939910255765,0.0007996965466179518
0.5872991113640689,2.866698848788541e-13,0.9602796925257436,-0.5740892115243846,9.157007251413084,-10.615002378035571,-0.7484026381521675,-0.7198336996761096,-0.5537211105780163,-0.499640944384727,-3.392379599989683,0.5740892115243846,-0.499640944384727,-3.392379599989683,91570072.51413085,176118.15329348278,280166.3003238904,2.2313944471099183,10615002.378035571,0.03842113968762,0.9999920843413832,0.574089211524385,-0.49964094438472706,-3.392379599989683,5004418.423052879,3945139.8558184127,0.38844049119273905,0.9998427207592693,84563815.88701472,17092118.434100706,17523612.068489507,233298.21852091854,41818.22844171272,43944.846055605754,8.236107375036725e-07,367806.32220063556,64787.12410746817,69059.78858745779,2.084950341291096e-06,2.4037575550723975,0.3304548736162118,0.34545398279583817,0.0005885140429291415
1.998037932194417e-06,0.1041468368033916,0.7137242930740348,-0.8071204299073736,14.094299692669043,-14.004748451082412,-0.5463214781331455,-0.5717043637379408,-0.2992525906446643,-0.4997870565920409,-27.28366168760736,0.8071204299073736,-0.4997870565920409,-27.28366168760736,140942996.92669043,317574.96530679817,428295.6362620592,3.503737046776678,14004748.451082412,0.0426390852420841,0.9999592054212184,0.8071204299073736,-0.4997870565920409,-27.283661687607356,4654856.299526667,3919188.71162703,0.39226681624511195,0.9992262285345148,132078740.55097449,29603540.587868292,30266616.45239753,383027.07744926645,66154.21613243263,69126.65017026191,0.0002016122488616816,519139.9785761943,89810.4893961406,95192.84950391432,0.00011283862069378256,3.527309076552001,0.2877337984328681,0.3206090300017507,0.00788335681153028
0.2853053822406503,0.0011702190619559,0.6022056464929273,-0.7758723375947493,13.066409988974083,-22.96835229096491,-0.6271640869224442,-0.6086183170362062,-0.4678089188128244,-0.4997870565920409,-12.988914208666896,0.7758723375947493,-0.4997870565920409,-12.988914208666896,130664099.88974084,260985.13915428903,391381.6829637938,2.6609554059358778,22968352.29096491,0.1027875624172175,0.9999529256276304,0.7758723375947493,-0.4997870565920409,-12.988914208666896,5432369.115180918,5263509.521422954,0.4249078175772039,0.9991139363328618,122187056.13165607,27130233.102901205,27659858.652798276,311983.3020449354,56647.66979989225,58667.157464578035,0.00011938378498577936,464036.494909457,83462.60441680203,87610.1878793383,0.00019418086246112516,2.782549295768522,0.2910752495030498,0.307242178157601,0.001902061792230086
0.3551284089870448,0.0033499515464333,0.9125812452988158,-0.6318982273435649,9.811112819916977,-10.088000823115411,-0.715051478337347,-0.6977475598905937,-0.4919085539801126,-0.4997870565920409,-10.888879938038858,0.6318982273435649,-0.4997870565920409,-10.888879938038858,98111128.19916975,199463.96516385715,302252.4401094063,2.540457230099437,10088000.823115414,0.0315359658841917,0.9999876416472108,0.6319008462822031,-0.4997870565920409,-10.888879938038858,4738186.376052777,3738756.5730980486,0.38119502058947935,0.9997561627775776,91752394.96954808,19640672.83929199,20069632.466298282,266327.172427787,47576.99631478189,49663.805785585806,2.3578259759310993e-06,400298.63352870615,70545.22025706124,74653.53983700524,3.844799728292245e-06,2.6874378694581718,0.3517666831289614,0.3672653393341287,0.0019068041963195906
0.0103357677098626,0.3645178811914789,0.4942299915663894,-0.8785623489120784,17.668120453554348,-19.25655111549913,-0.460914294652723,-0.4786842319271098,-0.3407093509568349,-0.4996664703155559,-24.87967662238321,0.8785623489120784,-0.4996664703155559,-24.87967662238321,176681204.53554347,377359.99374309386,521315.7680728902,3.296453245215825,19256551.11549913,0.1258235945049559,0.9999012748920004,0.8786999282323213,-0.4996664703155559,-24.879676622383215,5073943.366616114,3984557.180948258,0.43261193391373537,0.9982379901670194,168546687.74082634,41426826.6528067,42115663.3952289,421369.3933479297,76124.63864054199,78882.35990505092,0.002978112554662055,580529.9065158155,105056.6973300643,110278.31179037354,0.002530688628348731,3.3341073764760014,0.2551484895856319,0.28115270245265883,0.0026625572066864434
0.0102634741981937,0.06422608386855,0.9299818099149322,-0.7216626561632364,11.809216039741395,-6.948509408220388,-0.6041352132125354,-0.6235178158564234,-0.3050800804447163,-0.4997870565920409,-27.700215467372526,0.7216626561632364,-0.4997870565920409,-27.700215467372526,118092160.39741395,277105.3507512252,376482.1841435766,3.4745995977764186,6948509.408220388,0.0165436438399144,0.9999832589399726,0.7216626561632363,-0.4997870565920409,-27.700215467372526,4070650.8076658202,2723607.0405465793,0.3576206949536011,0.9996718830717546,111626841.09705923,24810641.560783748,25435854.48953712,349482.6486203041,57109.17687997567,60659.951082596854,3.916067353844874e-05,476084.49869081477,77194.95602985457,83321.69331385719,2.2052455493732025e-05,3.4144261066030506,0.31537190870361065,0.35014193716217057,0.008585455939110408
0.2894424033921167,4.024838941367264e-06,0.9675468732190304,-0.6164039591869082,9.621867252276244,-7.971653674977811,-0.7059836489642576,-0.6922169801112309,-0.4726080834017338,-0.4997870565920409,-13.482184149301071,0.6164039591869082,-0.4997870565920409,-13.482184149301071,96218672.52276243,205811.44572501964,307783.01988876914,2.636959582991331,7971653.674977811,0.0220749594100909,0.9999893877534424,0.6164039591869082,-0.4997870565920409,-13.482184149301073,4443937.750430294,3180400.514607379,0.3681384279482796,0.9997900433491251,90358760.96403061,19196686.847085666,19684978.277838983,274166.07518794516,47671.22110178832,50274.87878149429,4.238642879762472e-06,406510.2015089519,69300.36266103075,74270.76763625523,5.189998794748436e-06,2.7712315359012845,0.35359338828277925,0.3733328199760781,0.0024540182763649566
0.0022600889076901,0.9669380695635088,0.3235491383730748,-0.9243751170955488,23.9508241618745,-12.090127318631058,-0.3467411583140711,-0.3547246786652363,-0.4398316989822467,-0.4996107551230084,-15.499460397985285,0.9243751170955488,-0.4996107551230084,-15.499460397985285,239508241.618745,457281.1891801502,645275.3213347637,2.8008415050887665,12090127.31863106,0.3127041534591718,0.9997994338475172,0.9243751170955489,-0.49961075512300845,-15.499460397985285,5336941.107025283,2398315.965277999,0.47088884030308303,0.9966765327368133,229216498.90158564,55193962.04455206,56245741.8895237,476777.3030124938,78292.37929775172,82352.12058349195,0.029759141421575132,683848.9450860122,116070.42630728404,123555.29043533426,0.03502813651994237,2.8349526024683382,0.2147062212577324,0.24305790607282052,0.0008161449155393695
0.2764283376394102,0.0028965287884004,0.7746458885267888,-0.7071967034471386,11.360374892936186,-14.574156705467365,-0.6749873201143757,-0.6631921959864191,-0.4624429772599586,-0.4997870565920409,-13.886468677698488,0.7071967034471386,-0.4997870565920409,-13.886468677698488,113603748.92936186,227508.875919937,336807.8040135809,2.687785113700207,14574156.705467366,0.0496713243225273,0.9999764212091588,0.7071967034471381,-0.4997870565920409,-13.886468677698488,5013229.496261531,4478804.258116527,0.3978815101188369,0.9995424344360686,106008753.75398609,23637790.500788253,24111136.49021461,293456.54054901755,52641.556599360025,54630.032384469916,6.449152449922146e-06,432630.24263486493,76906.67169791152,80893.69402992516,1.0213474175987216e-05,2.8126601835913654,0.32432821908638204,0.3404754777571159,0.0024732467013140716
0.0023868173433198,0.0905568229982002,0.0850090364467127,-0.9404150744345844,28.41785899694327,-10.706103294973598,-0.3050888511488588,-0.2691814316388522,-0.4536860654742587,-0.3677306607142944,-14.495019351226398,0.9404150744345844,-0.3677306607142944,-14.495019351226398,284178589.9694327,486437.8041957988,730818.5683611478,2.7315696726287064,10706103.2949736,0.4232831780684707,0.9994760865790926,0.9404199519508118,-0.3677306607142944,-14.495019351226398,6206829.627017049,2755784.9098329754,0.4868133143195209,0.9924387606321945,273868641.2062273,64177034.98448083,65464765.58362739,507682.6530503778,87145.58240929153,91800.0894094381,0.05896970005946229,773155.7918531952,133458.71246827478,142245.11242824153,0.09271806398810503,2.7240265468658227,0.2565155520842974,0.2802842525100047,0.002515989606454732
2.456200193063317e-06,0.9939695891563304,0.4073297626684349,-0.9162874402076904,21.75006852746696,-13.877575168954362,-0.3802996527425144,-0.4008417361035853,-0.3961771289938584,-0.4989721967494388,-17.656502448408066,0.9162874402076904,-0.4989721967494388,-17.656502448408066,217500685.2746696,433790.2430802399,599158.2638964147,3.019114355030708,13877575.16895436,0.2409421058001776,0.9998569311002378,0.9162845128435368,-0.4989721967494388,-17.656502448408066,5232981.52238856,2807997.683094442,0.45895727715078666,0.9975366941897584,206648810.1993251,50939108.69345713,51919352.41558751,460819.385256004,79205.13170181248,83133.63145944731,0.01982112360030419,643098.2800056045,113276.54544152714,120386.22562914222,0.017891272248644043,3.071297854066498,0.22361637470507825,0.2576237350433702,0.0010396703897044691
2.446510684977881e-05,0.1130323070674,0.1366694569815357,-0.9341020085452104,27.26851393935398,-11.402442601046426,-0.3276397154281213,-0.2943460678334166,-0.4820690837629405,-0.4842427180546592,-15.65556264094408,0.9341020085452104,-0.4842427180546592,-15.65556264094408,272685139.3935398,470652.1992003151,705653.9321665834,2.5896545811852976,11402442.601046426,0.370711698455843,0.9995741031989857,0.9341020085452109,-0.48424271805465924,-15.65556264094408,6138487.268968225,2646496.0512925065,0.4794748179046453,0.9936436651041954,265239529.41035664,62547338.20186942,63734236.300054364,490411.673075434,85118.31686217795,89239.62801071379,0.044950956692750295,746762.1346861481,130480.3611981775,138431.14055574127,0.07610565114838226,2.57839053378114,0.23342235979860526,0.25542505266314564,0.0016777508695850507
0.321415356336197,0.0039916945989387,0.946992092813848,-0.6212665446601124,9.665018749817282,-8.760714241686902,-0.7114623951262478,-0.6959541483285476,-0.4833839245685259,-0.4997870565920409,-11.885925606968364,0.6212665446601124,-0.4997870565920409,-11.885925606968364,96650187.49817282,201976.32341162657,304045.8516714524,2.5830803771573705,8760714.241686901,0.0256122434155732,0.9999888552091138,0.6212679179541879,-0.4997870565920409,-11.885925606968364,4564068.647147938,3401144.368558168,0.37357359913301996,0.9997796913284847,90519818.63957249,19291312.99049981,19741437.578807715,269772.491638974,47566.983475340305,49904.379582983456,3.2136049138398115e-06,402705.38135879097,69819.43673208526,74337.4017718443,4.447088710144181e-06,2.730291379826242,0.35546414081720973,0.3726502431863181,0.0021958781630877244
0.1087836034541466,0.9412573568707044,0.5853789057785224,-0.878866852073576,17.273720742713483,-16.933737788755973,-0.484939144945215,-0.4987697147681966,-0.4043484482245454,-0.4996107551230084,-15.34158406105977,0.878866852073576,-0.4996107551230084,-15.34158406105977,172737207.42713484,360542.5985383495,501230.2852318034,2.9782577588772727,16933737.788755972,0.1441761143854815,0.999938369461535,0.8788668520735761,-0.49961075512300845,-15.34158406105977,5149190.885909525,3680566.003610308,0.43789040953075337,0.9988590719816027,165086460.13523912,39464618.593483396,40195951.09874741,395567.34659354296,73161.97907946719,75871.52748011124,0.0013057551534976298,551953.7179831385,102297.38753762508,107441.02909127354,0.0011826923995751787,3.064960339624175,0.2537557406596608,0.27731814974002744,0.0021358828851046176
2.1034705895668067e-06,0.9853672161242658,0.343695585888826,-0.9230664696824752,23.336566401781475,-12.462437598003076,-0.354070143479766,-0.3659256199521496,-0.4293193243065256,-0.4995949397307353,-15.795413649385278,0.9230664696824752,-0.4995949397307353,-15.795413649385278,233365664.0178148,452150.89956416376,634074.3800478503,2.853403378467372,12462437.598003076,0.295422874680668,0.9998147152127506,0.9230664696824752,-0.4995949397307353,-15.795413649385278,5300719.000980486,2471625.8021943187,0.4681798073149381,0.9969005503676507,223328919.15844637,54069970.28217319,55105398.505127475,473687.0312964605,78473.41251828802,82555.91877334836,0.027726748904738484,674247.0418164263,115346.57971166371,122810.9002625757,0.030733952108668812,2.894984565160844,0.21666850102306193,0.24654469962334435,0.0008336610522886829
0.0784445240764474,0.3886907135389736,0.5744236463309786,-0.8504198385788653,15.70918413855899,-20.081060134866373,-0.5145585307903113,-0.5245163784218284,-0.3742058270652785,-0.4996664703155559,-20.42563548541285,0.8504198385788653,-0.4996664703155559,-20.42563548541285,157091841.3855899,339809.0284467821,475483.6215781716,3.128970864673608,20081060.13486637,0.1036713842946635,0.9999337913653412,0.850419838578865,-0.4996664703155559,-20.425635485412855,5133631.577099761,4409421.22607719,0.4252313830348789,0.9987803466113635,149719120.08393562,34942021.260252595,35564377.382037275,386880.50218258076,69786.44490731359,72109.98468206801,0.0007111740371943682,540095.0798641469,97347.03454613654,101878.48396915628,0.0007206046055534102,3.2181850847919353,0.27010833624602504,0.29021900627339775,0.0028450095419978705
1.998037932194417e-06,0.2148072152864276,0.6759033558349421,-0.8280559791364351,14.68685135831854,-15.78520445080337,-0.524036801466487,-0.5506804123435831,-0.3032450054021259,-0.4997870565920409,-26.60033391723147,0.8280559791364351,-0.4997870565920409,-26.60033391723147,146868513.5831854,333174.2389734591,449319.587656417,3.4837749729893703,15785204.45080337,0.0537359681914824,0.9999523705322358,0.8280559791364351,-0.4997870565920409,-26.60033391723147,4756663.81808986,4033353.564152933,0.40077856887168173,0.9991040816705266,138395174.11703962,30849893.342851065,31517877.053157702,393207.95296809444,68445.59895624618,71293.08720283373,0.0003603610749299421,532700.6960289233,93041.9239838883,98249.8836981821,0.00020902971173047944,3.5150441148321563,0.28390847096949184,0.31343841337703776,0.006936537454561985
0.321415356336197,0.0039916945989387,0.9691115531954037,-0.6103666800133913,9.533923696075211,-8.179914154640045,-0.7126271567853769,-0.6967015122907902,-0.485420872486351,-0.4997870565920409,-11.889692292340396,0.6103666800133913,-0.4997870565920409,-11.889692292340396,95339236.96075211,201160.9902502361,303298.48770920985,2.572895637568245,8179914.154640044,0.0232598756838284,0.9999898136512076,0.6103680671965934,-0.4997870565920409,-11.889692292340397,4495185.662677095,3243453.4515528637,0.37004947911588365,0.9997983342908376,89353542.50579144,18886684.79996194,19366932.912513383,268459.7228182322,46977.36276686465,49504.10008056445,3.427779426608926e-06,401153.34484363574,68790.52147770325,73653.29304758449,4.5764423139338585e-06,2.7199038367902766,0.3532298128974979,0.3721292055734905,0.001977252102463248
0.3427269905614806,0.003142183466928,0.9675468732190304,-0.6070250854262702,9.480367103980733,-8.37892253199664,-0.7168580688865889,-0.699622477726497,-0.4929831877387658,-0.4997870565920409,-11.12445258916794,0.6070250854262702,-0.4997870565920409,-11.12445258916794,94803671.0398073,198199.35177938777,300377.522273503,2.5350840613061707,8378922.531996639,0.0243033143138322,0.9999899827280267,0.6070250854262702,-0.4997870565920409,-11.124452589167939,4537931.889552304,3306100.1412705444,0.3716542685907804,0.999801628679806,88733597.20130488,18701600.59471765,19173536.918052737,264849.1430924521,46583.845077614635,49046.63187829921,2.961700910243924e-06,397735.83305495937,68559.62313328087,73323.40448062783,4.200384327738287e-06,2.6895450193784027,0.3531081147303632,0.37135293637931466,0.0017480629372801024
0.5146637474631729,0.0008505849022394,0.4993609753207727,-0.7882620380792408,13.753725704896308,-25.38571687428876,-0.6229085464792224,-0.5839905540773669,-0.5389616559166763,-0.4997128917175969,-4.753737876354131,0.7882620380792408,-0.4997128917175969,-4.753737876354131,137537257.04896307,263964.0174645443,416009.4459226331,2.3051917204166186,25385716.87428876,0.2153501032411576,0.9999442250694024,0.7882687416256273,-0.4997128917175969,-4.753737876354131,5678999.172616802,5101399.05953264,0.4541363307130857,0.9989607350712688,129134804.01632701,27998693.900186397,28562872.547568385,287616.0450342134,52075.30758728162,53961.94408275995,0.0001933646895455118,450953.50184993865,81012.21419646734,85070.06907135944,0.0004898734714348809,2.3783516117682306,0.2623539354384864,0.27607584249351474,0.0007877680515513937
0.3680076634555503,0.1754847652826282,0.5968019749365825,-0.7867962739363421,13.438564083058584,-23.75792700636316,-0.6253713681187661,-0.6025275650709467,-0.4995105686254025,-0.4997870565920409,-8.72223704220026,0.7867962739363421,-0.4997870565920409,-8.72223704220026,134385640.83058584,262240.0423168637,397472.43492905336,2.502447156872988,23757927.00636316,0.1328249145091478,0.9999559242268348,0.7867953021305583,-0.4997870565920409,-8.72223704220026,5547083.7270964505,5295850.001294848,0.4347009627011254,0.9991673684965785,125572230.77246824,27893122.971968073,28373721.97480455,304115.67746923876,55560.09102661757,57278.758709272544,9.295860169896923e-05,458574.7816600213,83154.29542439073,86799.71568087871,0.00019498646999355646,2.625967742047869,0.2892377673739102,0.3009713090630873,0.0016537270010635186
0.4174922386746253,0.0271412541876844,0.7599779056158333,-0.6976196615723217,11.141294859867449,-17.00040992626941,-0.6958771192720158,-0.6748276917529764,-0.5088453541459814,-0.4997128917175969,-8.815540712291307,0.6976196615723217,-0.4997128917175969,-8.815540712291307,111412948.59867446,212886.01650958892,325172.3082470236,2.455773229270093,17000409.92626941,0.0682054918795641,0.999978514079102,0.6976196615723214,-0.4997128917175969,-8.815540712291307,5300730.764945375,4927849.178288074,0.4095865996590094,0.9995818025422086,103196222.93181455,22320563.841721643,22775414.0565949,271182.4517272637,48775.90634036253,50540.92924103622,2.497290716158296e-06,412623.7264820954,73527.06559399447,77198.24155101263,6.674474242119498e-06,2.5689324677767122,0.3188863097129242,0.3318497461090723,0.001488391520617885
0.5441720992452902,0.0761112191283298,0.504905568327242,-0.7916181901110251,13.927558808610588,-25.198167645149333,-0.6195812781675302,-0.5798259479568764,-0.5439381116564772,-0.4996696868437071,-3.321693797750908,0.7916181901110251,-0.4996696868437071,-3.321693797750908,139275588.08610588,266293.10528272885,420174.0520431237,2.280309441717614,25198167.64514933,0.2290009284113715,0.999947142542639,0.7916189880576243,-0.49966968684370716,-3.3216937977509082,5716708.099798113,5101203.606469806,0.45675566236790177,0.9990118120128703,130576185.92807823,28208378.63799846,28754518.266157795,286706.9415501326,51779.329832398435,53560.34156062427,0.00017115644449819154,450580.3126694067,80777.40438957654,84651.99754878067,0.0004555411472633926,2.3466599805159225,0.2596283825320873,0.27198403922582115,0.0007264330466538025
0.5872991113640689,2.866698848788541e-13,0.9899429039058688,-0.5584933200520616,9.03385655165316,-9.68075450434212,-0.7500257085050048,-0.7207571235602644,-0.5552504661340414,-0.499640944384727,-3.3876849804244915,0.5584933200520616,-0.499640944384727,-3.3876849804244915,90338565.5165316,174982.00404649656,279242.8764397355,2.223747669329793,9680754.504342118,0.0338166706903386,0.9999929835972208,0.5584822473917831,-0.49964094438472706,-3.3876849804244915,4903551.81541328,3707904.9258267796,0.3837556537969212,0.9998603857925775,83389572.45565152,16596015.97729272,17106541.752616398,232027.5436744535,41508.594706215954,43905.70101240231,9.684801047775294e-07,366627.3875183661,64052.26617570845,68863.99310472209,2.253427756934895e-06,2.3962418500740768,0.32549717776329407,0.3446331063398005,0.0005203617641238115
0.012515937214132,0.0148442960256955,0.5782530332033556,-0.8371670438148282,15.089924433902764,-19.57933355666997,-0.5156321427792249,-0.5314608647352315,-0.3098839887975045,-0.4997870565920409,-27.423869211311445,0.8371670438148282,-0.4997870565920409,-27.423869211311445,150899244.33902764,339057.5000545426,468539.1352647685,3.4505800560124773,19579333.556669973,0.0728450457104461,0.9999302596547102,0.8371730920859187,-0.4997870565920409,-27.423869211311445,4977805.79637237,4457282.674749093,0.4120269435494161,0.9987200492602747,143523664.9306195,32633234.126359392,33416221.4754494,395411.13526259374,69156.38475100379,72277.11256136702,0.000771977390927033,543977.62439393,94848.47218580566,100609.64349186796,0.0006279468915084403,3.4769999874315736,0.263405069819931,0.2989635529969703,0.004620538787691783
0.4935165895787068,0.0916088537745719,0.7308483546155378,-0.7119226111385965,11.556744503252611,-19.34940273070891,-0.6914030393952783,-0.6666622575172312,-0.5281512967470177,-0.4997128917175969,-5.568674945735254,0.7119226111385965,-0.4997128917175969,-5.568674945735254,115567445.03252612,216017.87242330523,333337.74248276884,2.359243516264912,19349402.73070891,0.0908010300423163,0.9999777103358668,0.7119226111385965,-0.4997128917175969,-5.568674945735254,5478271.299679565,5197350.507130304,0.4202425577899644,0.9995666579194717,106551769.7472111,22799225.641197007,23241223.855988555,266741.2513010931,47612.97228207852,49259.41244909726,2.366996453227542e-06,411076.82733201823,72874.91753403012,76374.9654357757,7.993322712924684e-06,2.4596157272836674,0.30835304764256904,0.3195276765241984,0.0012970615739864226
0.4640308438435994,0.0137816181120604,0.8446269991646853,-0.650488716420134,10.13530769107449,-13.735539942657754,-0.720750203464502,-0.6975300108460062,-0.516221493186263,-0.4997128917175969,-7.004302282306302,0.650488716420134,-0.4997128917175969,-7.004302282306302,101353076.91074488,195474.85757484852,302469.98915399384,2.418892534068685,13735539.942657754,0.051304973638275,0.999985520840754,0.6504864312874769,-0.4997128917175969,-7.004302282306302,5151364.809339152,4501376.656672826,0.39907301636833087,0.9997152463474526,94550455.9428262,20015119.056127697,20453022.980994564,256142.86049089255,46014.93651461975,47811.87449577434,1.1610956071364136e-06,393501.9315731981,69953.9440227925,73650.06671509394,3.1141881568450547e-06,2.5271535189514815,0.32858215285929676,0.34203293699557147,0.001142665964327253
0.457389870004085,0.0241030411890913,0.833431080938274,-0.6587516508119453,10.286943669330748,-14.144995138906568,-0.7170245698040993,-0.6941497522455372,-0.5149684738432352,-0.4997128917175969,-6.96106476876616,0.6587516508119453,-0.4997128917175969,-6.96106476876616,102869436.69330747,198082.8011371305,305850.2477544627,2.425157630783824,14144995.138906568,0.0535343795394644,0.9999847355268452,0.6587516508119453,-0.4997128917175969,-6.96106476876616,5167058.31820216,4548433.476471041,0.4006400564032459,0.9997001592160063,95946372.77262698,20384059.890369724,20823406.60733699,258483.55294577836,46396.91771382963,48174.88770567584,1.2247810330168937e-06,396428.32475666836,70440.45683020934,74108.54235920968,3.3373282430089263e-06,2.531914937933833,0.32668121799488825,0.339895430735415,0.001181906572385684
0.2806817637602201,0.0585802140446013,0.5787832095033735,-0.791047584845265,13.561351293601051,-23.558010349528743,-0.6129969036750691,-0.5938400957860698,-0.4672653024686088,-0.4997870565920409,-12.943721759885351,0.791047584845265,-0.4997870565920409,-12.943721759885351,135613512.9360105,270902.16742745164,406159.9042139302,2.663673487656956,23558010.349528745,0.1158872391421359,0.9999479318993896,0.7910497662816922,-0.4997870565920409,-12.943721759885353,5440918.996908791,5200494.825023843,0.4294610185987475,0.9990256816583039,127138036.41366306,28532654.632674236,29061541.275593955,318466.0207849195,58057.80473422368,60021.835859460174,0.00017998305763294636,473100.6520630241,85408.37152608535,89469.93277483192,0.0002970046677527077,2.783010273135321,0.28653035249923936,0.3018997777954144,0.0018537351248746697
4.453663939550309e-05,0.9969516460285628,0.3784212628914538,-0.9196533665740346,22.38672835808702,-13.208941647469366,-0.3687381792330185,-0.3857366457921029,-0.4115588088955569,-0.4989721967494388,-16.56531579798385,0.9196533665740346,-0.4989721967494388,-16.56531579798385,223867283.58087015,441883.274536887,614263.3542078971,2.942205955522215,13208941.647469366,0.2657318854193809,0.9998390942389214,0.9196533665740346,-0.4989721967494388,-16.56531579798385,5257074.00637427,2640098.877865287,0.46330173487074633,0.9972646056244878,213618273.12916797,52249688.780066155,53250351.816050336,466620.63816007756,78845.02529350108,82861.64003272713,0.02329894470608014,656718.2293547571,114174.69584880595,121465.1193922979,0.023271840234751533,2.9934545249081665,0.22036006635869668,0.252426630753342,0.000912605868731678
4.0664682739747376e-05,0.9981335115635664,0.4983810780943787,-0.9051330221804316,20.14765933614848,-15.518582688222503,-0.4090702899903455,-0.4378649339823358,-0.360451517981421,-0.4989721967494388,-20.52734912017659,0.9051330221804316,-0.4989721967494388,-20.52734912017659,201476593.3614848,413650.7970067581,562135.0660176642,3.1977424100928946,15518582.688222503,0.1749187181112402,0.9999011887431084,0.9051330221804316,-0.4989721967494388,-20.52734912017659,5180520.0582339205,3293142.9429452587,0.44556064954408314,0.9982365883935236,190226681.6971706,47031242.38050923,48053535.333021395,445278.2302618264,79488.18242291894,83261.56458837794,0.011446024357642876,609085.01524301,110071.86669369518,116831.26599354646,0.007061246062206548,3.2391326759973436,0.23303076902250736,0.2737849848110712,0.0017625277866084384
0.7190973974279774,3.248615569259594e-13,0.7553928435706356,-0.6630372974586061,10.7404398384899,-20.284769561934755,-0.7190733735159729,-0.6834180752947265,-0.5667398948579581,-0.4996554442916762,-0.0866547122599293,0.6630372974586061,-0.4996554442916762,-0.0866547122599293,107404398.384899,196648.63853881895,316581.9247052735,2.1663005257102097,20284769.561934754,0.1123518995367082,0.999984216145784,0.6630372974586061,-0.4996554442916762,-0.08665471225992934,5810326.6301752385,5615581.816985052,0.4282806648540233,0.9996901997161417,98807732.7881395,19784405.972124215,20263966.955694743,238826.76233535403,40860.68102374985,42631.61366540563,1.1794267917825407e-06,383291.9462492262,65104.980987662435,68907.56884361585,5.058880485218466e-06,2.217003147383958,0.2804557120944428,0.2927273135455367,0.0006497666522150653
0.4392595036375811,0.0255084013889706,0.5455783625422261,-0.7809886584095709,13.448351944183422,-25.465283861808143,-0.630874471232678,-0.5979627422457408,-0.5187770905177764,-0.4997128917175969,-7.139904127684627,0.7809886584095709,-0.4997128917175969,-7.139904127684627,134483519.4418342,258387.8701371253,402037.25775425934,2.406114547411118,25465283.861808144,0.1653237396617204,0.9999498313319092,0.7809886584095709,-0.4997128917175969,-7.139904127684627,5644538.608670945,5359310.364224174,0.4432965949188289,0.9990591455715312,125390773.34541665,27448073.493247144,27975448.07210589,292741.92085289396,53326.61659888864,55169.274843741056,0.00014748858518725866,451395.9776573703,81244.1586046899,85176.92820234761,0.00032888247918675236,2.5028298807673663,0.27844827107815634,0.2917183831004437,0.0011668525857347935
2.446510684977881e-05,0.1055187167625123,0.1240054914393856,-0.935736073324635,27.69361114683824,-11.264912404729666,-0.3220616868285629,-0.2877287824314526,-0.4786338527971608,-0.4755841657212626,-13.90826297715167,0.935736073324635,-0.4755841657212626,-13.90826297715167,276936111.4683824,474556.81922000594,712271.2175685473,2.606830736014196,11264912.404729666,0.3828050051605275,0.9995516471077476,0.935736073324635,-0.4755841657212626,-13.90826297715167,6184414.1367191505,2680639.1756260865,0.48119097017410833,0.9933626520491426,268886260.9511708,63077890.80526463,64296444.20717171,494586.31391882984,85606.35678423652,89841.04908849565,0.048217884383721044,753993.8941913982,131281.79186486598,139417.22665213706,0.08056824701547734,2.5984411665025453,0.2390599993097483,0.26124634987474143,0.0018324623377177934
0.3209732169539743,0.9932326788392376,0.9577434853627592,-0.7961425908981625,13.662778252387612,-9.391969593291476,-0.6196081379101327,-0.612655289914688,-0.4739212088362977,-0.4989721967494388,-6.071726511153781,0.7961425908981625,-0.4989721967494388,-6.071726511153781,136627782.52387613,266274.30346290715,387344.710085312,2.630393955818512,9391969.593291476,0.0463111300539002,0.9999892162787584,0.7961443295640593,-0.4989721967494388,-6.071726511153781,4387176.746028938,2633133.386233938,0.3953040723486672,0.9997867082727436,127661943.58096366,28142876.894986637,28732575.909068085,316253.87737672724,56493.819635563435,59056.978588808066,2.0339800561159403e-05,459757.08420992835,81417.57766086336,86283.01047124297,2.1916392646085406e-05,2.7356046728366725,0.26645313660030673,0.2870833649623393,0.0008344103995898595
0.5575451021366635,0.142476672894374,0.8424187708767374,-0.6673496084077772,10.59667941878829,-15.0910891811027,-0.7177468211714747,-0.691284631474845,-0.5359007104376554,-0.4996696868437071,-3.735766555441868,0.6673496084077772,-0.4996696868437071,-3.735766555441868,105966794.18788289,197577.2251799677,308715.368525155,2.3204964478117227,15091089.1811027,0.0658565039893395,0.9999867802709268,0.6673496084077772,-0.49966968684370716,-3.735766555441868,5258478.259737015,4570273.735393673,0.40828892710218345,0.9997395137212407,98217174.06755629,20520701.483019575,20936829.31300675,251366.63630333793,44289.55001466114,45918.79051814294,6.903562102240858e-07,390886.72420126136,68495.80186452846,71923.40574634419,2.564072539270001e-06,2.4061033608254174,0.3114932015462584,0.3223341812221142,0.0008574597931962158
0.5869919306233806,2.866698848788541e-13,0.953036704417877,-0.5779054034976023,9.193822016916927,-10.856923285577407,-0.7478349700849467,-0.7193838717858113,-0.5530801041443754,-0.499640944384727,-3.38861291461765,0.5779054034976023,-0.499640944384727,-3.38861291461765,91938220.16916928,176515.52094053736,280616.12821418874,2.234599479278123,10856923.285577407,0.0396126572555677,0.9999918450818596,0.5779054034976023,-0.49964094438472706,-3.38861291461765,5029037.674960033,4002591.9800136797,0.3895620225432634,0.9998380291094623,84930891.1050046,17214578.043230817,17636993.745282646,233701.76069280488,41895.960981581346,43973.062575020514,7.966833609800953e-07,368261.9034755324,64952.615712978964,69130.9258773377,2.05901038824535e-06,2.4049587576777753,0.3309379348602221,0.34538096815104125,0.0006052828599680762
0.0013832274859355,0.1059098337895703,0.1477821651765836,-0.932648771090842,26.75833411699553,-11.537982076153998,-0.3348221077390105,-0.3022622276055891,-0.4830573646511845,-0.4889263445810221,-16.515107910899452,0.932648771090842,-0.4889263445810221,-16.515107910899452,267583341.1699553,465624.5245826927,697737.7723944109,2.5847131767440774,11537982.076153995,0.358681590982917,0.9995935371592268,0.9326469790485832,-0.48892634458102213,-16.515107910899452,6086675.420754219,2616860.171132114,0.4777463093644758,0.9938894391414131,260543163.73985732,61774090.80443614,62935984.97702524,485560.52862477873,84643.81618560308,88689.39703596679,0.041322557036703865,738486.44397095,129698.25199585888,137521.47391624594,0.0711517655047743,2.5684186286662674,0.22908434511917167,0.25123016365151646,0.0015721521785722527
7.590621928172346e-06,0.9964865099226324,0.2787544412907953,-0.9296244896002168,25.87731311545265,-11.238101552793202,-0.3186691894513963,-0.3205711748644947,-0.4645466233676124,-0.4989721967494388,-13.690515310807005,0.9296244896002168,-0.4989721967494388,-13.690515310807005,258773131.1545265,476931.5673840226,679428.8251355053,2.677266883161938,11238101.5527932,0.3608207177666953,0.9997587194839692,0.9296244896002167,-0.4989721967494388,-13.690515310807005,5485656.59642725,2288776.599754492,0.4780553448585962,0.9960936112620211,247882510.0283808,58412557.21308129,59646771.19445154,490687.72214577656,77819.76400898576,82252.45941014335,0.038458081298392684,714648.0083544145,117473.48232634514,125665.66280324502,0.048522042325520855,2.709179976750446,0.20921780864412348,0.23828898106246454,0.0007721437222382758
0.6887482579418673,4.9913038408191945e-05,0.8029557483671714,-0.6429337481073223,10.276974113622492,-17.904655421549922,-0.7299549920534617,-0.6964125377280556,-0.5606788529884388,-0.4996337709586586,-0.9160725837109642,0.6429337481073223,-0.4996337709586586,-0.9160725837109642,102769741.13622493,189031.5055625768,303587.4622719444,2.196605735057806,17904655.421549924,0.0883357705478512,0.999986556316234,0.6429337481073223,-0.4996337709586586,-0.9160725837109642,5658951.344321442,5305040.833380646,0.4192115953546907,0.9997351919273403,94754628.33309354,18978443.63116919,19440339.720348414,236552.11058381354,41020.65985568516,42772.79130643157,6.863894991743337e-07,377808.9263410914,65009.70645527445,68733.43811740154,3.0114575977794445e-06,2.2579381398977665,0.29630950070823114,0.3082635150721916,0.0006476782897181295
0.3166113305346409,0.0363494423774388,0.913878499845389,-0.6452506321495869,10.064379039900166,-9.769494641847391,-0.7050905404618447,-0.6905358267330961,-0.4796436184409344,-0.4997870565920409,-11.76237364093835,0.6452506321495869,-0.4997870565920409,-11.76237364093835,100643790.39900166,206436.6216767087,309464.17326690385,2.601781907795328,9769494.64184739,0.0299471204880312,0.9999871783834012,0.6452506321495869,-0.4997870565920409,-11.76237364093835,4654467.06022966,3601326.3176696165,0.3793001249728177,0.9997472033611421,94182609.276422,20343749.13367394,20772275.76016882,274397.86150451784,48603.618001256575,50716.482392945974,3.106932849952425e-06,408326.62386241346,71447.55216834585,75580.53371688596,4.531768543646499e-06,2.7409317368957438,0.35137563263517185,0.36697404478598883,0.002276531288504189
0.2800796073091249,1.283416699861381e-05,0.9675468732190304,-0.6183028761504703,9.65321280720586,-7.902924907528242,-0.7038391475891428,-0.6907459488003665,-0.468724337024363,-0.4997870565920409,-13.76782347498548,0.6183028761504703,-0.4997870565920409,-13.76782347498548,96532128.07205862,207312.5966876,309254.05119963334,2.656378314878185,7902924.907528242,0.0217125556378631,0.9999892795539522,0.6183028761504703,-0.4997870565920409,-13.76782347498548,4427470.664684209,3158063.934554963,0.3675336557778246,0.9997879387349503,90702571.67973466,19296550.537897762,19788032.099393517,275935.4283943138,47865.27596393373,50496.51472173132,4.524586904028208e-06,408173.16039728234,69428.9272325484,74439.41774378427,5.3978978650152735e-06,2.7864391488474047,0.3533899592808389,0.3734290849718227,0.002600995588472612
0.5836387976098075,0.0009017319757327,0.6411672956478478,-0.7263317563901616,12.035474193718658,-24.31449822020226,-0.6793323364087804,-0.6457614633362982,-0.5473308630774711,-0.499640944384727,-3.733210897800297,0.7263317563901616,-0.499640944384727,-3.733210897800297,120354741.93718658,224467.36451385368,354238.5366637017,2.2633456846126445,24314498.22020226,0.1416915526193985,0.9999709179877386,0.7263317563901616,-0.49964094438472706,-3.7332108978002965,5820550.264838075,5779901.332410866,0.43721150553761906,0.9994399235471768,111353771.17130987,23426768.84638919,23911673.403993763,262069.38651777475,46319.9947757346,48071.329104772914,1.5673693000952732e-05,412918.44754062186,72375.03026800002,76141.60109175247,4.703751097535275e-05,2.339107212835664,0.28009456445871384,0.29221948977418194,0.0009574166504438066
0.5737753105723175,0.0192506446449618,0.5522661102568729,-0.7655629523160826,13.144387754871444,-26.00668814091959,-0.6443102380759226,-0.6046953487559157,-0.5485565583484904,-0.499640944384727,-3.374396536950082,0.7655629523160826,-0.499640944384727,-3.374396536950082,131443877.54871444,248982.83334685417,395304.6512440843,2.2572172082575483,26006688.14091959,0.1962406615030049,0.9999578006801864,0.7655621158033001,-0.49964094438472706,-3.374396536950082,5791536.472298675,5502649.922293105,0.4502545083034549,0.999200978329733,122168349.6253472,25856673.374810908,26389251.620250996,274711.7440877601,49051.57279308102,50845.85634887644,8.317966211547567e-05,433802.94934790203,76629.88252964335,80522.88609825041,0.0002291289358030035,2.328999042659274,0.2652612805209602,0.2776235280799525,0.0007528124204375947
0.0534457393537048,4.024838941367264e-06,0.658705855683824,-0.8002045670823541,13.772403286073978,-17.20132004145289,-0.5647583200491454,-0.577516089068727,-0.3379193965584007,-0.4997870565920409,-24.98694235785516,0.8002045670823541,-0.4997870565920409,-24.98694235785516,137724032.86073977,304669.1759655982,422483.910931273,3.3104030172079963,17201320.041452892,0.0552580438231254,0.9999519026500572,0.8001953295072757,-0.4997870565920409,-24.98694235785516,4918977.3095351355,4448559.384714584,0.4018081832983037,0.9990957840635611,129247789.69811548,28618388.053031348,29290025.180922337,367820.29707398126,64229.40625305852,67058.15815609827,0.0002215310535210636,510036.76291678945,89031.7794956379,94317.24218340463,0.00016956711161835174,3.36291303613071,0.28369265693862883,0.3135519844942719,0.005345195125306746
2.446510684977881e-05,0.1503346678391082,0.1240054914393856,-0.9361988328518864,27.82302766495224,-11.133575965836284,-0.3167450971010028,-0.2834061382825575,-0.4774046490658709,-0.4719374422976633,-13.90826297715167,0.9361988328518864,-0.4719374422976633,-13.90826297715167,278230276.6495224,478278.4320292981,716593.8617174425,2.6129767546706453,11133575.965836285,0.3899215351547299,0.99955143804321,0.9361988328518865,-0.4719374422976633,-13.90826297715167,6168168.264387356,2672352.6656130324,0.4821919441903491,0.9933600504066963,270451922.94986695,63559831.8142592,64752385.480797656,497165.07406344893,85613.5750649523,89764.35295587369,0.05006133884076175,757436.1236100056,131254.95849202396,139256.734233231,0.08243122355000274,2.6065966880789158,0.2382931406117438,0.2597484364276658,0.0018101614941676994
0.084812468157333,0.0308636837734865,0.4944089825366745,-0.8464323746077954,15.859463365049008,-21.248666841925928,-0.5237160213876286,-0.5233367175470397,-0.3772299476580208,-0.4997870565920409,-22.330893182982106,0.8464323746077954,-0.4997870565920409,-22.330893182982106,158594633.65049008,333398.78502866,476663.2824529603,3.113850261709896,21248666.841925927,0.1162931826523786,0.9999093092229376,0.8451486259167499,-0.4997870565920409,-22.330893182982102,5107612.226062471,4347099.960429397,0.42959444724785784,0.998369482966356,151550279.19025806,36391969.28341228,37035667.91579281,382419.9226677866,69355.04307482266,72033.9821651066,0.0010486631209259488,541571.5817859874,97652.99951127746,102845.5743532978,0.0013434978456889509,3.1736872887754766,0.25956175248929125,0.28448053239231075,0.0026824721550568653
0.4187394324264523,0.076579868717074,0.6677437229761052,-0.743350836631698,12.238381550969974,-21.724921807509297,-0.6660179958611707,-0.6434983565537855,-0.5134419144709595,-0.4997128917175969,-8.312869809101597,0.743350836631698,-0.4997128917175969,-8.312869809101597,122383815.50969976,233787.40289718047,356501.64344621456,2.432790427645202,21724921.807509296,0.1027126779027327,0.9999687655641604,0.7433518615008872,-0.4997128917175969,-8.312869809101597,5531156.910393716,5377364.096290653,0.42488028405561323,0.9994002101873278,113486104.9309356,24738505.01070781,25192081.861355748,282992.19475972664,51128.82873323221,52845.910234456875,1.4035695118882741e-05,430859.39608830697,77342.79536531067,80966.42849827324,3.53920025572035e-05,2.5532923491526187,0.30407993033385666,0.3158448868382058,0.001560692264387712
0.0141243874446472,0.1103312933813878,0.5255301955630884,-0.8558478635728759,16.195622116786314,-20.31412198123193,-0.4922192273355961,-0.5064718483905227,-0.3242597209018756,-0.4997870565920409,-26.18901827021063,0.8558478635728759,-0.4997870565920409,-26.18901827021063,161956221.16786313,355446.5408650827,493528.1516094773,3.378701395490622,20314121.98123193,0.0960815871685173,0.9999136547817415,0.8572631249470497,-0.4997870565920409,-26.18901827021063,5027170.274630654,4311149.572445184,0.4223648402785858,0.9984412533870166,155001696.55687633,36932414.55355639,37643179.32663921,406345.88843976153,72260.68271942534,75205.14680574166,0.0014351710973074903,560742.788023433,99352.78339025151,104868.60727808559,0.0012927686922999796,3.4075576832504244,0.2576081140676524,0.28745851093602565,0.0035810589212645345
0.5075791346531269,0.106401374476191,0.4890647405886271,-0.8028667995571882,14.28801169433967,-24.59163635885684,-0.608695399499902,-0.570901880315047,-0.5374674176861379,-0.4997128917175969,-4.325457083547762,0.8028667995571882,-0.4997128917175969,-4.325457083547762,142880116.9433967,273913.2203500686,429098.119684953,2.3126629115693103,24591636.35885684,0.2334165963224135,0.9999413284879728,0.8028667995571883,-0.4997128917175969,-4.325457083547762,5665559.770035723,4919025.994564151,0.4575789440973962,0.9989103061644873,134356823.46307045,29454990.194571894,30000902.003222235,294502.7158355958,53613.83297214584,55391.23534646311,0.0002301933989596384,459829.21867613937,83263.16815708447,87119.73874513453,0.0005883296424255299,2.383829751447797,0.26128174319482383,0.2735833999843875,0.0008002395147532051
1.3173750416852792e-05,0.9823790032224284,0.4606806618730677,-0.9100194421208372,20.797529357531342,-15.033303179295702,-0.3989523369073905,-0.4245437127450183,-0.3714213011731266,-0.4995673833930999,-19.527734432958223,0.9100194421208372,-0.4995673833930999,-19.527734432958223,207975293.57531345,420733.3641648266,575456.2872549817,3.1428934941343667,15033303.179295702,0.1988576361537641,0.999884839283239,0.9100194421208371,-0.4995673833930999,-19.527734432958226,5202613.396573042,3128284.394755722,0.45080262574176266,0.9979735094679484,196200604.3516819,48719577.06891797,49702646.34262497,450935.13456904556,79556.02039289646,83332.23554798253,0.014250414111089644,621302.8181082857,111443.88499523961,118256.87347757898,0.010380358975022947,3.186524316517305,0.22989775170315402,0.2677054095523551,0.0014305980653067862
0.5083095686776808,0.0482173285776507,0.9751615410523364,-0.5893033437666543,9.375159248182722,-9.594948798621012,-0.7380525689085935,-0.7127599645862337,-0.5410930590849572,-0.4997128917175969,-5.525361195363536,0.5893033437666543,-0.4997128917175969,-5.525361195363536,93751592.48182724,183363.20176398449,287240.03541376634,2.2945347045752142,9594948.798621012,0.0323912185793786,0.9999918792315324,0.5892917314371136,-0.4997128917175969,-5.525361195363536,4801631.618412838,3611305.313408859,0.38217615596176874,0.9998386985375912,86736048.88447183,17793308.02230859,18243783.48982,243092.33443014842,43125.31573326734,45354.46290308719,1.2327329151619617e-06,377483.048840691,65707.35039939775,70152.04301094997,2.600268164373268e-06,2.4721657588904073,0.3362263400609398,0.35217520478090303,0.0007166653882592548
0.5414313670581687,0.1577745703209506,0.5968019749365825,-0.7685231562423585,13.126576406572138,-24.923883594466417,-0.6454177658014474,-0.6123030692207723,-0.5388769297001593,-0.4997199203318132,-3.2317308617199454,0.7685231562423585,-0.4997199203318132,-3.2317308617199454,131265764.06572138,248207.5639389869,387696.93077922775,2.3056153514992035,24923883.594466414,0.1715772884131671,0.999963480812322,0.7685231562423585,-0.4997199203318132,-3.2317308617199454,5754383.20669666,5527050.997435149,0.4447840064854984,0.9993035635586179,121905344.6333075,26160100.46758524,26635596.636514552,278998.8017526312,50102.490489549076,51730.070997774754,4.545398744701908e-05,434791.031299544,77479.55625267439,81022.56226428827,0.00013077904776480768,2.3886993332772026,0.2765261372775477,0.2868837328643443,0.001063923666260325
0.6487569870319158,0.0002022982549684,0.5826049192419682,-0.7451097125601398,12.658853951641532,-26.004392413464053,-0.6606215387606365,-0.6194268384208156,-0.5599963900887999,-0.499640944384727,-1.1862429874866596,0.7451097125601398,-0.499640944384727,-1.1862429874866596,126588539.51641531,237564.92286755444,380573.1615791844,2.2000180495560007,26004392.41346405,0.1942569404661714,0.999965614493464,0.7451097125601398,-0.49964094438472706,-1.1862429874866596,5886795.046892837,5698262.239454669,0.44983524931359353,0.9993424400626766,117351707.70590311,24302365.92778091,24836762.98936517,262881.7622191842,46050.23010292357,47853.10766821059,4.0051679178182654e-05,419806.98368998326,72798.8418042796,76720.63105484394,0.00012377757233697856,2.2551553335072287,0.259045403538192,0.2714729094016913,0.0006179102192703903
0.5201519437960124,0.0079343389558623,0.6519928641392493,-0.7289840153784378,12.006312868852978,-23.41931600339748,-0.678215816410225,-0.6485392787536117,-0.536335122188748,-0.4997128917175969,-5.2965803527042565,0.7289840153784378,-0.4997128917175969,-5.2965803527042565,120063128.68852976,225248.9285128425,351460.7212463882,2.31832438905626,23419316.00339748,0.1234966017782393,0.9999701863399952,0.7289840153784378,-0.4997128917175969,-5.2965803527042565,5725833.617064631,5677966.381099561,0.4318946450843882,0.999426400874888,111113714.78426096,23704654.014923558,24177084.539867308,268084.6842794157,47907.1712569596,49652.739899144406,1.492650311839404e-05,417466.5260240697,73993.82516409652,77719.13868868594,4.157715101561754e-05,2.414694892292626,0.2912708513476204,0.3034095870838084,0.0011687275027824824
0.4107918519914406,0.0002924689930928,0.9569380489042724,-0.6001108744562345,9.374368039713817,-9.20402260358701,-0.7282493594147349,-0.707405595316886,-0.5136780689240356,-0.4997128917175969,-8.895506181668106,0.6001108744562345,-0.4997128917175969,-8.895506181668106,93743680.39713816,190225.4484096856,292594.4046831141,2.4316096553798223,9204022.603587007,0.0286367059919774,0.999990285050538,0.6001108744562345,-0.4997128917175969,-8.895506181668106,4694763.54290774,3550775.2600035053,0.3776606708058128,0.9998075235367522,87368884.09409726,18273478.755957566,18716185.521239936,254639.6097892354,45421.244485048395,47673.66526313489,1.861198013317356e-06,388078.40567006206,67945.2636785643,72368.60818056087,3.227809883028349e-06,2.602433083627515,0.35066806274428075,0.3668472235304574,0.0012442192767191252
0.0065387945911252,0.9844418160871996,0.4073297626684349,-0.9153037044062464,21.65856132198029,-13.947211671454406,-0.3842646219734868,-0.4033885456458762,-0.3990362846840772,-0.4995673833930999,-17.646372750919042,0.9153037044062464,-0.4995673833930999,-17.646372750919042,216585613.2198029,431014.7646185592,596611.4543541238,3.004818576579614,13947211.671454404,0.2419379260181491,0.9998579546444676,0.915305638368615,-0.4995673833930999,-17.646372750919042,5234945.172536392,2819467.561466221,0.4591374273177365,0.9975524664095518,205692370.32383746,50703182.07766516,51659976.59204462,458059.73769936216,78966.99993253103,82791.72960951283,0.018304055177508986,640433.599937603,113071.75483825085,120035.52734374545,0.017051740119782145,3.0587030220701297,0.22436405523145908,0.2570910222358435,0.0010385242342311775
0.3551284089870448,0.0044950479198894,0.9125812452988158,-0.6321596943504088,9.816226512329472,-10.090769287574757,-0.7149609636972337,-0.6976682684323495,-0.49194645396461,-0.4997870565920409,-10.888879938038858,0.6321596943504088,-0.4997870565920409,-10.888879938038858,98162265.12329473,199527.3254119364,302331.73156765045,2.5402677301769496,10090769.287574757,0.0315593987617852,0.9999876414999386,0.632159694350409,-0.4997870565920409,-10.888879938038858,4737883.0599679565,3737763.3274896927,0.38122225256601416,0.9997561599274137,91796374.10391778,19651957.279310655,20080617.139241014,266378.27883382014,47580.18805970064,49665.31237850386,2.357147922955418e-06,400360.20463838207,70550.44017366048,74655.83785667439,3.845180536201029e-06,2.6872417290291315,0.351701808079794,0.3671758005258367,0.001903797016219961
0.0011859410346572,0.9270422132325616,0.5371405320924967,-0.8981926255176127,18.97051064030843,-16.22653794425016,-0.4249545412270896,-0.4554185414125053,-0.3497034366056958,-0.4996107551230084,-21.458147093664813,0.8981926255176127,-0.4996107551230084,-21.458147093664813,189705106.4030843,402531.8211410373,544581.4585874947,3.251482816971521,16226537.944250165,0.1455738230062051,0.9999157597936116,0.8982015645484843,-0.49961075512300845,-21.458147093664813,5115900.299217073,3497300.9543351564,0.4382678988676785,0.9984761897925055,180510374.08197528,43980238.58528549,44911112.62471243,436833.0755642233,78860.1198469458,82320.5186013959,0.0074101789568302295,594230.951912103,108133.09752630652,114359.47972229382,0.003928865802608183,3.296655223374336,0.2424214571435115,0.2787302268546887,0.0022542301327522314
0.0001283532687771,0.1750997405171026,0.1153280875777942,-0.9378656147797628,28.11286471167592,-10.930249231359028,-0.3093735611813017,-0.2764117049134809,-0.4717429760736653,-0.4584401974145231,-13.82260793112079,0.9378656147797628,-0.4584401974145231,-13.82260793112079,281128647.1167592,483438.5071730888,723588.2950865191,2.6412851196316733,10930249.231359027,0.4032054456257044,0.9995352716592584,0.937557941388434,-0.45844019741452313,-13.82260793112079,6173340.824484525,2688166.8063217015,0.48404486235502875,0.9931596648778305,273121326.2073394,64125515.90602864,65320899.87753202,501819.0070190487,85962.82813127835,90147.38347155302,0.053728766643887635,764260.3589855378,131761.67530853144,139814.735433986,0.08656366641184604,2.6359407961844057,0.24164025759782023,0.2629358006846142,0.0019211073941409146
0.232829014927628,0.002125492104132,0.6796357113769139,-0.7548825147713375,12.46871944765967,-18.80475539974137,-0.6385193868483353,-0.6292986777872174,-0.4454334416520951,-0.4997870565920409,-15.539922193819542,0.7548825147713375,-0.4997870565920409,-15.539922193819542,124687194.4765967,253036.4292061652,370701.3222127826,2.7728327917395243,18804755.39974137,0.0687173856239907,0.9999636272515288,0.7548825147713375,-0.4997870565920409,-15.539922193819542,5205685.496554216,4921776.281647888,0.4098636197793051,0.9993062256394774,116114878.24319004,25729354.331497714,26236756.40466392,313833.1799923229,56399.23491290464,58487.369936495976,3.7625852764982435e-05,458477.55272245576,81946.66097354387,86134.38906459634,5.175096404795144e-05,2.8902923024434393,0.30630469331533294,0.3233808088320354,0.002642109755607729
0.4204516586202103,0.0002924689930928,0.983237417803398,-0.5851912629565154,9.231522459334457,-8.559837271429911,-0.7308587125959808,-0.7089109431491831,-0.5185723273952891,-0.4997128917175969,-8.890811562102913,0.5851912629565154,-0.4997128917175969,-8.890811562102913,92315224.59334455,188398.90118281345,291089.0568508168,2.407138363023554,8559837.271429911,0.0259837242228226,0.9999913610304226,0.5851912629565154,-0.4997128917175969,-8.890811562102913,4628258.255309967,3378104.4852894833,0.3741006357950155,0.9998285480038496,86042156.173248,17758693.959036306,18254966.52205256,251960.19923025178,44696.27426567394,47176.557546791875,1.97446714778484e-06,385394.1888155655,66777.30519156718,71643.66976909949,3.316201824354665e-06,2.578503277943857,0.34561204515753036,0.3646193087723468,0.0010366957823718544
0.4741416051723853,0.0089031355929882,0.6063654319668285,-0.7522997323212329,12.576733454828757,-24.72831317610597,-0.6582150245003818,-0.6276945249959031,-0.5261119471310747,-0.4997128917175969,-6.265600007686922,0.7522997323212329,-0.4997128917175969,-6.265600007686922,125767334.54828756,239249.48284973277,372305.4750040969,2.369440264344626,24728313.17610597,0.1372204902565146,0.9999622753793568,0.7523150283828934,-0.4997128917175969,-6.265600007686922,5701441.349766411,5620184.336587968,0.43596329525287836,0.9992816839976788,116705180.84670919,25126512.00249291,25618339.118218783,279335.0142628727,50387.2644652063,52177.90087482792,4.7627136076023445e-05,432359.33924140735,77202.52450884647,81017.53209648897,0.00011581416214028096,2.4714599066950096,0.2863681919943874,0.29889957496477887,0.0012277666620021165
0.0027545547082131,0.0721985280830799,0.180564803957634,-0.9269905208923218,24.960820467634846,-11.805417125815264,-0.356101604946366,-0.3282344287472829,-0.4679206144296693,-0.4970621002204839,-20.53066470559786,0.9269905208923218,-0.4970621002204839,-20.53066470559786,249608204.67634845,450728.8765375438,671765.571252717,2.6603969278516533,11805417.125815265,0.3213557189402842,0.9996448882964076,0.9269980952839,-0.4970621002204839,-20.53066470559786,5851402.049588791,2526894.566835285,0.47221488637886905,0.9945512218226822,243284568.39999658,58796979.08307667,59897135.81652388,472335.2803778617,83522.64935871778,87442.13938311602,0.0321849959824092,712491.316045146,127574.2442154134,135136.99630870618,0.05661464699258625,2.615458923619981,0.22076454591586742,0.24470907564229177,0.0013491412869799354
0.0141243874446472,0.0892105183662901,0.5064225713089564,-0.8608574053473508,16.46529038386273,-20.246467286202076,-0.4884015083592103,-0.5016531339710723,-0.3284487374915349,-0.4997870565920409,-26.243848141370197,0.8608574053473508,-0.4997870565920409,-26.243848141370197,164652903.83862728,358118.9441485528,498346.8660289277,3.357756312542325,20246467.286202077,0.102441887761008,0.9999067012218598,0.8594782259368169,-0.4997870565920409,-26.243848141370194,5017356.34101003,4219598.846215012,0.4247805642738895,0.9983266317866046,157767179.28013128,38038825.91696059,38745050.52930816,408276.35127428704,72939.77105149807,75933.28958502278,0.0017071121907165248,564388.6992524524,100486.05336724034,106092.07162103445,0.0016022939559752175,3.3836653684178666,0.2552349345027501,0.28524890335527064,0.003400707642558259
0.0250410062613637,0.8976386438719476,0.4778422708384133,-0.9017274440921452,19.967147229503304,-15.98504017825206,-0.4221113130705413,-0.4430566726282636,-0.3765844512806842,-0.4995991334402901,-19.959993892506446,0.9017274440921452,-0.4995991334402901,-19.959993892506446,199671472.29503304,404522.08085062105,556943.3273717364,3.117077743596579,15985040.17825206,0.185190318510184,0.9998955642378078,0.9018525148856911,-0.49959913344029017,-19.959993892506446,5195238.05134423,3338382.6403323896,0.44787533200924545,0.9981454312804954,188065659.70375004,46648597.654398166,47512898.235981114,436382.0254801545,78346.15445305215,81598.42439755806,0.007993553548139918,603734.9494931588,109666.24055603248,115695.66144779325,0.006341418831491671,3.169415416677237,0.23715784040425186,0.26881461273116813,0.001609208132770768
0.5688746723230773,0.060487907015393,0.9617880414329828,-0.5917275998351891,9.451024012587204,-10.560059427502472,-0.7420503011434338,-0.7146782592421651,-0.5524937708942144,-0.499640944384727,-3.8099009099167658,0.5917275998351891,-0.499640944384727,-3.8099009099167658,94510240.12587205,180564.7891995963,285321.7407578349,2.237531145528928,10560059.427502472,0.0384383377183651,0.99999196905539,0.5917148062087538,-0.49964094438472706,-3.8099009099167658,4950290.213882782,3843482.0315161943,0.38845692310301616,0.999840459674213,87140911.82305378,17804050.580027528,18224405.833194852,237694.78886599667,42116.99302156574,44188.966570109595,9.000476295121232e-07,372634.0649259185,65027.92061131783,69196.05905332038,2.225511783453143e-06,2.4104098532283746,0.3294867177049553,0.3435693945800372,0.0006122728670258397
0.0072365597991821,0.0205151358657346,0.506533471808175,-0.8585546056860512,16.317518058076672,-20.146674899962807,-0.490061502921268,-0.5036437652652019,-0.3207738053313073,-0.4997870565920409,-27.17926360100273,0.8585546056860512,-0.4997870565920409,-27.17926360100273,163175180.5807667,356956.9479551124,496356.2347347981,3.3961309733434635,20146674.89996281,0.0971462389893511,0.9999061119355376,0.8585546056860512,-0.4997870565920409,-27.179263601002734,4983259.378728645,4209199.260889636,0.4227794235934796,0.9983169720315533,156476894.91909638,37558676.02011319,38302366.69113241,408324.4843960139,72625.551721611,75814.40432038739,0.0016997262536984474,563714.9790238313,99845.01604326438,105752.91812652457,0.0015555351690347038,3.41331669632351,0.25339732693919964,0.286897109414207,0.0036257903012925636
0.0005612261309638,0.9981335115635664,0.4201464785702675,-0.9150790433313548,21.521635127687023,-14.147613230181175,-0.3848767087037145,-0.4066997722490305,-0.3902519741228329,-0.4989721967494388,-18.663568128556907,0.9150790433313548,-0.4989721967494388,-18.663568128556907,215216351.27687025,430586.3039073998,593300.2277509695,3.0487401293858354,14147613.230181174,0.231307665752507,0.999864270166554,0.9149224295282248,-0.4989721967494388,-18.663568128556907,5228543.079864147,2881741.6469268897,0.45718712787082266,0.9976501851839584,204085851.77681425,50439528.18125761,51422234.16760922,458370.7848912029,79279.57314969375,83191.09055227682,0.018405991469539175,637648.9426812246,112806.7516522665,119875.82830763617,0.015861583771434803,3.0997244449822037,0.22478996504467383,0.2599703940195476,0.0011077389979454102
0.3205804398739468,0.0111334847976768,0.473850517534513,-0.817008643786715,14.6711678300999,-23.64256815329408,-0.5899149619245997,-0.5631906012315562,-0.4918629077998712,-0.4997870565920409,-10.88923061396349,0.817008643786715,-0.4997870565920409,-10.88923061396349,146711678.300999,287059.52665278025,436809.3987684439,2.540685461000644,23642568.153294083,0.1790007982365984,0.999923644448033,0.8170067166384025,-0.4997870565920409,-10.88923061396349,5423055.921850996,4668680.901634688,0.44649327888936896,0.9986080789097402,138816858.4179787,31919500.046896446,32486853.153743546,322213.32234241505,59747.95692144369,61803.858963193445,0.000461451737526134,486359.38913210283,89645.42741975709,93926.46632848587,0.0009249660564268289,2.6432313158384306,0.2731011271654999,0.28889095801025855,0.0012695994465456767
0.4730646421872417,0.0110380581414903,0.6090509042499433,-0.7516269449851408,12.553508660912566,-24.63719064866027,-0.6588675173787132,-0.6286442100356465,-0.5258952342920533,-0.4997128917175969,-6.296487168225408,0.7516269449851408,-0.4997128917175969,-6.296487168225408,125535086.60912566,238792.7378349008,371355.78996435343,2.3705238285397336,24637190.64866027,0.1357465224608773,0.9999626405900988,0.7516279032329358,-0.4997128917175969,-6.296487168225408,5698855.88882905,5620193.8539466,0.4355440069466537,0.9992883065410331,116488905.99546422,25087020.78840815,25576671.42708812,279244.38068941055,50369.67930204021,52156.224074625265,4.534639688306071e-05,432029.4059191723,77155.60798719212,80960.96353068209,0.00011049537018228574,2.473297804917171,0.28701425550534976,0.2994977585322114,0.0012393120580870014
0.5134177679039013,0.0029071251317744,0.8481163613151743,-0.6402194705335624,9.987968525578616,-14.108271368199956,-0.7276214346187342,-0.7020341855257624,-0.526726388393379,-0.4997128917175969,-5.627882273620161,0.6402194705335624,-0.4997128917175969,-5.627882273620161,99879685.25578617,190664.9957668861,297965.8144742376,2.366368058033105,14108271.368199956,0.0546368278941081,0.9999864700708346,0.6402194705335627,-0.4997128917175969,-5.627882273620161,5236114.423074404,4615042.349226914,0.4013913698569162,0.9997335283509957,92990082.43928905,19421382.29630031,19860759.42703674,249233.91716644572,44681.489003455696,46465.267065987806,9.058367979499527e-07,386633.0324881494,68601.2797024052,72288.96276255569,2.727472328048946e-06,2.4673158870314396,0.3250316218611261,0.3382628940963964,0.0009676464964681062
0.0170386555957519,0.3477679072040724,0.4577514317512739,-0.8840592629618539,18.289990859691144,-18.571953665002525,-0.456355806054854,-0.471530069230952,-0.3566004234834866,-0.4996664703155559,-24.250657893390795,0.8840592629618539,-0.4996664703155559,-24.250657893390795,182899908.59691143,380550.9357616022,528469.930769048,3.2169978825825667,18571953.665002525,0.1449659677861183,0.999886342658573,0.8840493147657299,-0.4996664703155559,-24.250657893390795,5062608.808039567,3746625.4985336736,0.4381041169012865,0.9979974638463179,173909672.66232648,43126966.26578319,43798400.286873795,423228.3801285114,77150.74007779983,79900.08890322431,0.0038961049275625607,586677.4108513648,107605.46044394198,112841.39965114018,0.0038198785805742446,3.258134681177937,0.25257236562414376,0.27719675224675394,0.0023028771634853997
5.266160499724183e-05,0.9902352927252216,0.3385164754439338,-0.9235178386627976,23.520541342038275,-12.34198293401429,-0.3511784983772982,-0.3622184830898563,-0.4325350282632391,-0.4995949397307353,-15.8055433468743,0.9235178386627976,-0.4995949397307353,-15.8055433468743,235205413.42038277,454175.0511358912,637781.5169101437,2.8373248586838047,12341982.93401429,0.300963084542493,0.999810774166904,0.9235178386627979,-0.4995949397307353,-15.8055433468743,5313856.132520352,2448133.4252776736,0.4690576147982613,0.9968424820576844,225197655.59157905,54410811.22085301,55462057.34509994,475066.31668964494,78364.57331292087,82487.79292075896,0.028567919243476618,677476.6921803128,115453.17299856666,122994.53034886315,0.03207937590914127,2.8778002429034304,0.2157507115489632,0.2456291777989426,0.0008215232446857401
0.0015585826305805,0.0052520176654597,0.0850090364467127,-0.9397720098536082,28.23543668934263,-10.962078514567148,-0.3149247912730649,-0.2768321281276993,-0.4584508751311577,-0.3826930437369281,-15.311176099135444,0.9397720098536082,-0.3826930437369281,-15.311176099135444,282354366.8934263,479552.64610885456,723167.8718723006,2.7077456243442115,10962078.514567148,0.4090379732448442,0.9994760815566348,0.9397720098536082,-0.38269304373692814,-15.311176099135444,6245001.978114973,2765360.7995245433,0.4848527163712917,0.9924387002635915,271599080.5385457,63296987.7462121,64681540.15279549,502860.2700502455,87034.9651091555,91947.20629203158,0.05515146394855533,767101.4813966532,133415.4724356024,142615.46662643307,0.08912018320788645,2.7005030014673337,0.2580447546602175,0.28403773553086176,0.0025282677853933778
0.0127883131849159,0.0010095240850454,0.1661292514174148,-0.9272634836071508,25.206545178045648,-11.913013603908864,-0.3613340748823227,-0.3285958792603297,-0.4794349640645788,-0.4899711317659747,-18.414530025832185,0.9272634836071508,-0.4899711317659747,-18.414530025832185,252065451.78045648,447066.1475823741,671404.1207396702,2.602825179677106,11913013.603908865,0.3290157845446644,0.999627778237824,0.926017174703557,-0.48997113176597473,-18.414530025832182,5979071.699016165,2586734.602542227,0.4733738434668795,0.9943286389513527,245672892.13429907,58572737.42309284,59742573.78146803,469392.3897809919,83327.69343260057,87407.35681798236,0.030601001694347416,713272.752301551,127769.60257594583,135633.50771803086,0.05692543884412408,2.567232123847626,0.22374303071663373,0.2484122331208415,0.001450276736119754
0.5538836744592214,0.0193871534050966,0.8520148242543326,-0.6371575707629314,9.98348419323438,-14.428155155380136,-0.730464433699219,-0.7032915794318215,-0.5350331395667918,-0.4996696868437071,-4.143615479769588,0.6371575707629314,-0.4996696868437071,-4.143615479769588,99834841.9323438,188674.89641054667,296708.4205681785,2.324834302166041,14428155.155380135,0.058191766258586,0.9999872518660649,0.6371575707629312,-0.49966968684370716,-4.143615479769588,5289762.358610475,4665708.936081752,0.4037163838734197,0.9997486236816366,92762067.69776088,19202859.31669155,19636967.19896889,245163.79567877448,43705.58811236926,45457.91048850132,7.458129049201882e-07,382828.59489980544,67619.8878478525,71260.95258679282,2.4719668261126193e-06,2.419668116124685,0.3205034038187312,0.333149374433958,0.0008479764195068414
0.0001567968025988,0.9835465087750764,0.4665120311829515,-0.9092094316723276,20.70135340409907,-15.131926734566475,-0.4007165378423452,-0.4267774871360811,-0.3694583300984925,-0.4995673833930999,-19.527734432958223,0.9092094316723276,-0.4995673833930999,-19.527734432958223,207013534.0409907,419498.4235103584,573222.5128639189,3.152708349507537,15131926.734566476,0.1949059654781345,0.999887553108531,0.9092094316723276,-0.4995673833930999,-19.527734432958226,5200004.1109984955,3158657.6157226027,0.4499727842903868,0.9980167845029257,195229804.016003,48474462.81015728,49462659.31274101,449947.652514438,79551.085342342,83320.41918046385,0.013737050813985194,619227.5055513978,111222.6982312498,118018.65315623154,0.00976437422607866,3.1957063921761337,0.23043434917553038,0.26871877006854533,0.001480203111014649
0.3254113570762432,0.0039916945989387,0.9578226590762978,-0.6152052271243631,9.585445558607388,-8.500026587408701,-0.7129189802515844,-0.6969730993175253,-0.4858618137333623,-0.4997870565920409,-11.889692292340396,0.6152052271243631,-0.4997870565920409,-11.889692292340396,95854455.58607388,200956.71382389087,303026.9006824748,2.5706909313331883,8500026.587408701,0.0246056385346705,0.9999893813428008,0.6152052271243631,-0.4997870565920409,-11.889692292340397,4537058.877169678,3333207.563350775,0.3721065119196237,0.9997899186350225,89778398.0366435,19048202.41882433,19508947.43742396,268404.08279840625,47198.55019003992,49611.53896387472,3.221688323973955e-06,401228.0343258538,69267.54428528575,73924.41992212941,4.428672320578892e-06,2.7196659418938975,0.3547227700674596,0.37249240267587636,0.0020462318404732135
0.457389870004085,0.1518635278660049,0.833431080938274,-0.6839457126186813,10.813741867650371,-14.36663078762711,-0.7054919580604299,-0.6837124132725538,-0.5159483295003776,-0.4997128917175969,-6.149331592223147,0.6839457126186813,-0.4997128917175969,-6.149331592223147,108137418.67650372,206155.6293576991,316287.5867274461,2.420258352498112,14366630.78762711,0.0580395811411377,0.9999847152181586,0.6839457126186813,-0.4997128917175969,-6.149331592223147,5104800.112852118,4376693.978473903,0.40361974366422443,0.9996997695048608,100706159.32888997,21541333.64230066,21958524.566026118,264408.09177195164,47052.35967231015,48710.98844587256,1.1038283902454473e-06,403732.3705262014,71384.00670975237,74839.08862651874,3.272287099213893e-06,2.5249446783245317,0.31909543455006667,0.3304826678495738,0.0011582316424001108
0.4994989901334459,0.046974676944721,0.5265265614360368,-0.7845696852058537,13.640539049454963,-25.59752986458516,-0.6274180742365654,-0.5904429375625543,-0.5340410109719544,-0.4997128917175969,-5.018780492792979,0.7845696852058537,-0.4997128917175969,-5.018780492792979,136405390.49454963,260807.34803440425,409557.06243744574,2.329794945140228,25597529.86458516,0.1961110442362036,0.9999492048713337,0.7837209161216335,-0.4997128917175969,-5.018780492792979,5694880.559598424,5275761.705857061,0.4502272141583843,0.999048094633909,127373001.1498584,27634913.911728356,28170366.569087945,287892.7489101108,52213.706598902594,54016.53304433612,0.00015301155460353794,448972.4460097945,80584.62366535733,84476.13647609502,0.0003777405690377691,2.4111234884885406,0.26971489158218226,0.2823891525105233,0.0009204198185442338
5.109120731735769e-05,0.9908361231726426,0.3376332508832803,-0.9236265617959892,23.55200653930016,-12.32222235215529,-0.3506943962609892,-0.3615957546013812,-0.4330627499260714,-0.4995949397307353,-15.717089931639416,0.9236265617959892,-0.4995949397307353,-15.717089931639416,235520065.3930016,454513.9226173075,638404.2453986187,2.834686250369643,12322222.35215529,0.3018775162041974,0.9998100921169532,0.9236265617959891,-0.4995949397307353,-15.717089931639416,5316038.421859744,2444331.3161832127,0.46920162611518823,0.9968324536875958,225513884.6521807,54468632.19790698,55522431.71181582,475298.0283452932,78348.38565891031,82477.7604881596,0.028710331985091552,678020.9393972044,115474.07611828917,123027.33911919637,0.032308473923129515,2.8749568163412405,0.21560401956122152,0.2454771685389382,0.0008197209397788299
0.4677145962217095,0.1481648717246143,0.833431080938274,-0.6820374204686074,10.782895974906785,-14.476076517332974,-0.7070339417909024,-0.6847061317776585,-0.5181622331501834,-0.4997128917175969,-6.266689279230453,0.6820374204686074,-0.4997128917175969,-6.266689279230453,107828959.74906784,205076.24074636836,315293.8682223415,2.409188834249083,14476076.517332971,0.0589311556149337,0.99998488582494,0.6820374204686074,-0.4997128917175969,-6.266689279230453,5124608.894579625,4407072.824304128,0.40418240998645194,0.9997030440483593,100369703.62569417,21414347.698558785,21831823.281434547,262880.7097711159,46755.041755587525,48409.78976116592,1.043686938587348e-06,402235.47720286244,71080.30782189051,74532.0655673816,3.1845710580694184e-06,2.5117571924828628,0.3185074715770627,0.3298403982310164,0.0011250129157863247
3.2560417512872257e-06,0.9727955778085426,0.3689964584988633,-0.919923155022168,22.558099694863085,-13.062335404343637,-0.3666605236117694,-0.3822881768085501,-0.4148804754676273,-0.4996107551230084,-16.597985272536743,0.919923155022168,-0.4996107551230084,-16.597985272536743,225580996.94863084,443337.6334717614,617711.8231914499,2.925597622661864,13062335.404343637,0.2708007693581694,0.9998328449800388,0.919923155022168,-0.49961075512300845,-16.597985272536743,5254690.62360526,2600324.174827422,0.4641572802873548,0.9971704591856584,215299620.6582715,52568998.584207416,53552826.72947586,467639.0371529083,78898.2236133346,82841.64365798577,0.023996289377751244,659931.9168883828,114678.2971149295,121869.72456728548,0.024759265353529236,2.97350170757739,0.22044028212437528,0.2509821602613875,0.0009017731829449909
0.2375178158592417,0.0207007241894215,0.7810091839743576,-0.7144444745307824,11.539797483521117,-13.851977813331557,-0.6650172842441112,-0.6567325549986308,-0.4462862937101278,-0.4997870565920409,-15.739562178206215,0.7144444745307824,-0.4997870565920409,-15.739562178206215,115397974.83521116,234487.9010291222,343267.4450013692,2.768568531449361,13851977.813331556,0.0457287326303765,0.9999760295778772,0.7144444745307824,-0.4997870565920409,-15.739562178206217,4915965.580016881,4304718.965690853,0.3948386149275137,0.9995350916159421,107933183.50294252,24277029.775964763,24751001.852173746,301927.3524138577,53891.52426188843,55938.61126288088,8.59004572158004e-06,440414.68832078326,77989.26455431822,82049.74532863012,1.1716120910675788e-05,2.8920564019412587,0.3234272946305805,0.34029374996828177,0.0029396414769309893
0.1575405968868637,0.2439755247617918,0.4505902354496588,-0.8595348937254083,16.84714477121113,-20.421504956173465,-0.5220615059762632,-0.5137248105212069,-0.4362356320881652,-0.4997870565920409,-16.215000811800202,0.8595348937254083,-0.4997870565920409,-16.215000811800202,168471447.71211132,334556.9458166157,486275.18947879307,2.818821839559174,20421504.956173465,0.1739141016016079,0.999899615500824,0.8595348937254083,-0.4997870565920409,-16.215000811800202,5225823.0486651305,4031333.1556219463,0.44532842694748465,0.9982110190841997,159585758.74134937,38699200.01658944,39274223.47403711,373665.2047014419,69732.058397899,71896.1336893334,0.0011511354679955563,540473.6941158664,101035.66374522424,105432.33244053536,0.002014985840341496,2.9139610365222994,0.2638060822271022,0.2805754928395235,0.00161183316311311
0.0172572746157579,0.4178612887483202,0.5064491344353741,-0.8774385666855499,17.561459672566365,-19.26752395913309,-0.46336833951493,-0.4810438535494398,-0.3447329045870075,-0.4996664703155559,-24.459591377175588,0.8774385666855499,-0.4996664703155559,-24.459591377175588,175614596.72566366,375642.162339549,518956.1464505601,3.276335477064962,19267523.95913309,0.1251313991767884,0.9999067088785584,0.8774385666855499,-0.4996664703155559,-24.459591377175588,5093869.354392828,4024325.903606136,0.43239981578184133,0.9983267573519333,167399009.9449839,40948669.645739876,41639931.578739904,418912.0995073353,75688.65225903966,78384.09021521163,0.002610620554950555,577396.8732060316,104462.57424004153,109584.50547011284,0.002215128463263105,3.3217109005758774,0.2559836484483322,0.2814167096548063,0.002610154912942872
0.3643234703372063,0.0251396673873187,0.7802254201109775,-0.6957801411932267,11.051041706670636,-15.407546923467123,-0.6923878893549473,-0.6745605540272593,-0.4931791783460824,-0.4997870565920409,-9.960896980554978,0.6957801411932267,-0.4997870565920409,-9.960896980554978,110510417.06670634,215328.4774515369,325439.44597274065,2.534104108269588,15407546.923467124,0.057191315325983,0.999979038891397,0.6957801411932267,-0.4997870565920409,-9.960896980554978,5149293.136854465,4659212.13109562,0.40307648324994305,0.9995917089067152,102884369.35940811,22509658.812988073,22964920.668861974,277499.6609358344,49941.41711135779,51769.22205824404,2.93569721035539e-06,417427.70634169993,74397.93489558014,78146.35255472643,6.513788268175934e-06,2.655656949502669,0.3240443304680214,0.3379109217029126,0.0017199758386988063
0.5811196709376834,0.0773668624928755,0.7810091839743576,-0.679035747117096,10.87028505427861,-17.86888862201045,-0.7123317425640324,-0.6837410117429698,-0.5430391439871707,-0.499640944384727,-3.6157690064500057,0.679035747117096,-0.499640944384727,-3.6157690064500057,108702850.54278608,201367.7802051773,316258.9882570303,2.2848042800641464,17868888.622010447,0.0847902691726235,0.9999834705639392,0.679035747117096,-0.49964094438472706,-3.6157690064500057,5492075.4603735,5102138.76927926,0.4176800136760163,0.9996759283423206,100291740.28426956,20839687.96556197,21278825.60063117,251536.75143886186,44278.48849005501,45923.401922957164,9.243526908487216e-07,393679.2475089114,68811.44300144263,72317.06451997157,3.8061679815456526e-06,2.365055652987847,0.30557246751808376,0.31646471477037075,0.0009364247098423983
0.5189124769575917,0.0008505849022394,0.51415208758057,-0.782475376992575,13.579827743765264,-25.673834287777694,-0.6286326925378795,-0.5897733941536889,-0.5390885803174406,-0.4997128917175969,-4.79912409536026,0.782475376992575,-0.4997128917175969,-4.79912409536026,135798277.43765265,259957.11522348435,410226.6058463111,2.304557098412797,25673834.2877777,0.2056538752630272,0.9999477211043604,0.7824753769925751,-0.4997128917175969,-4.79912409536026,5700246.774424149,5226924.532704713,0.452200726427505,0.9990219756996209,127095250.70734988,27426593.205511786,27983151.06671459,285104.27532193816,51526.40514739943,53394.8074145967,0.00016240516909038927,447098.4034132762,80024.40883533716,84048.25922234071,0.0004108450715361887,2.379755273361833,0.26495933909168157,0.27846631043701725,0.0008121533740228684
1.1051860342482789e-05,0.000822642165265,0.6021366188641251,-0.8324886382670945,14.841124731506024,-18.64071640128208,-0.5180130964336542,-0.5375863513008879,-0.297696308352375,-0.4997870565920409,-27.41493587256607,0.8324886382670945,-0.4997870565920409,-27.41493587256607,148411247.31506023,337390.832496442,462413.648699112,3.511518458238125,18640716.40128208,0.064018912566808,0.9999358585701148,0.8324886382670945,-0.4997870565920409,-27.41493587256607,4924383.093729291,4413468.954196513,0.40724196431280124,0.9988158143395235,140686735.18366265,31483383.276897866,32297056.6696365,395864.9735277806,68765.61182704332,72008.06844546928,0.0006579646656111918,541373.4436195793,93900.96333918975,99814.04772806542,0.00047928533522244174,3.5300439098845606,0.2664186118686494,0.3049555564550341,0.005400435223875017
0.0089935406814171,0.2747849994048273,0.655470050838218,-0.8360553159476801,14.945842937330225,-16.77587183522403,-0.5166453302011978,-0.5418522993268367,-0.3137934923491709,-0.4997518418288539,-26.013608000330557,0.8360553159476801,-0.4997518418288539,-26.013608000330557,149458429.37330225,338348.2688591616,458147.70067316334,3.4310325382541453,16775871.835224032,0.0617580167357929,0.9999487149098938,0.8360553159476797,-0.4997518418288539,-26.013608000330553,4829480.208993168,4110636.160311351,0.40591284039569875,0.9990394612432455,141365463.15324765,31620764.93823256,32284180.66507331,395266.3517133785,69251.00008864318,71991.7789975482,0.0004564698506225441,537199.8247703824,94454.7224279328,99517.39143358829,0.0002856953960508489,3.4757098018076076,0.2818124675549771,0.3088310273517225,0.006041938184844163
0.232829014927628,0.9392059548444044,0.6064107122429775,-0.8640697184561312,16.422354000154964,-17.704526298401664,-0.5308148873452024,-0.5293038320817279,-0.4548774037337142,-0.4996107551230084,-9.145716310076695,0.8640697184561312,-0.4996107551230084,-9.145716310076695,164223540.00154966,328429.5788583583,470696.167918272,2.725612981331429,17704526.298401665,0.1608384670506585,0.999950535831736,0.8640697184561312,-0.49961075512300845,-9.145716310076695,5236880.109800406,3840634.1314110435,0.4422008390568393,0.9990715898182809,156118008.302462,36996861.74236537,37628155.661209166,361332.1793098997,67818.67411108085,70045.37485633644,0.00044511378450590557,519287.49114947696,97329.66448182277,101767.61797168186,0.0005907144745469803,2.8290598538395924,0.2607922890504981,0.2780474252672495,0.0019154424878177316
0.3689427597803664,0.1552149434248352,0.6158161290447908,-0.777960774228511,13.139820074113304,-23.26403329920001,-0.6340072423116138,-0.6123330269644115,-0.499906626378699,-0.4997870565920409,-8.807645294406267,0.777960774228511,-0.4997870565920409,-8.807645294406267,131398200.74113303,256194.9303818704,387666.9730355885,2.5004668681065048,23264033.299200013,0.1220688287796255,0.9999592527163972,0.777960774228511,-0.4997870565920409,-8.807645294406267,5530811.074379422,5317717.377823913,0.43144851661984807,0.9992270800136203,122654856.30763938,27131976.705417667,27602830.189198494,300696.9252840567,54788.83257052223,56509.18693699236,6.196191728184022e-05,453223.6918318227,82034.02308134812,85670.67225863828,0.00013351196261442787,2.6277049575093696,0.2937923483014266,0.3054843492787197,0.0016919166278296246
0.3205804398739468,0.0111334847976768,0.603835501893422,-0.7715252139115426,12.95672965282732,-23.33976793172461,-0.6345329687469435,-0.6134727945108748,-0.4815946095484087,-0.4997870565920409,-11.395449558893004,0.7715252139115426,-0.4997870565920409,-11.395449558893004,129567296.5282732,255826.92187713957,386527.2054891252,2.592026952257956,23339767.931724608,0.1087621647636388,0.9999549852714558,0.7715230288438638,-0.4997870565920409,-11.395449558893004,5486509.57555769,5340149.242850291,0.42704689212556857,0.9991506009752413,120962516.74421994,26748036.09764826,27261827.570791,304944.8203298345,55450.58504957401,57394.2509799647,9.768056459795794e-05,457188.8788315582,82334.26021779446,86362.51946726402,0.0001733931004462443,2.714858309593461,0.29218973656818614,0.3071307312249373,0.001756939649696448
0.1478910138701116,0.0274488836929786,0.5548397025506132,-0.8165422808391146,14.454926683711788,-22.24622951207242,-0.5680486065625854,-0.5608122793421898,-0.4031920453478451,-0.4997870565920409,-17.798816038350452,0.8165422808391146,-0.4997870565920409,-17.798816038350452,144549266.83711788,302365.9754061902,439187.7206578102,2.984039773260774,22246229.51207242,0.1010117892942348,0.9999337505940888,0.8165422808391146,-0.4997870565920409,-17.798816038350452,5231904.508528162,4825615.014268872,0.4242498277032729,0.9987796483922171,136832175.38767192,31461960.914230805,32073675.552994702,354134.50492996624,63844.69386012691,66217.56405073724,0.000437615115509469,509142.3176908337,91000.70776136237,95708.96702120623,0.0005566362633173664,3.073275015195838,0.27320877784090747,0.2949885095433808,0.0025462760299744406
0.0379230409412834,0.0014448044071502,0.5073781437810599,-0.8488977552862123,15.954940479637797,-20.65358976063261,-0.5077547503729376,-0.5151749001646438,-0.3416231646426793,-0.4997870565920409,-25.613893179338305,0.8488977552862123,-0.4997870565920409,-25.613893179338305,159549404.79637796,344571.6747389437,484825.0998353561,3.291884176786604,20653589.760632608,0.1006158420903921,0.999909511114106,0.8488977552862123,-0.4997870565920409,-25.613893179338305,5028903.139225956,4303760.327302425,0.4241016491856562,0.9983728070406611,152763746.443769,36514646.32339903,37224269.65974256,395940.6041279343,70787.10342976477,73796.11382782734,0.0012574706620019967,552307.3931452814,98195.90112736293,103864.65368040503,0.0013352601207527182,3.3261749640929605,0.25548553054111733,0.2861260687127129,0.003310238036633844
0.6231732099003302,0.0072963374423291,0.7683520476328873,-0.6660762066353705,10.691852799906194,-18.800014737007857,-0.7183046387458824,-0.6871313176872101,-0.5514694041143554,-0.499640944384727,-2.2911139538434906,0.6660762066353705,-0.499640944384727,-2.2911139538434906,106918527.99906194,197186.7528778823,312868.6823127899,2.242652979428223,18800014.737007856,0.0916746339746511,0.9999833849801972,0.667051971101562,-0.49964094438472706,-2.2911139538434906,5631907.665396608,5368357.039495075,0.4206015572058764,0.9996742920867983,98470878.3979981,20181761.594092667,20642862.787961867,245503.48535650998,42999.06373724369,44718.746483742754,1.0875175703034283e-06,388045.9779984509,67410.58783206252,71076.86334530989,4.374664021986131e-06,2.315220475918807,0.2993528510961678,0.31123282356432563,0.0008360412448284307
0.4153119875446019,0.0012559775898844,0.6162952903706944,-0.7537914349827086,12.535892598368068,-23.9080608887272,-0.6556102033409281,-0.6290829700861003,-0.5116231377025404,-0.4997128917175969,-8.542523987813178,0.7537914349827086,-0.4997128917175969,-8.542523987813178,125358925.98368068,241072.85766135028,370917.0299138997,2.441884311487298,23908060.8887272,0.1197923108014999,0.9999613864827408,0.7537899093800662,-0.4997128917175969,-8.542523987813178,5617845.578853772,5538109.471798309,0.43072738055529103,0.999265587974927,116495630.30054718,25335343.13861695,25826455.520155586,286300.5063802714,51886.98680907932,53722.53293561319,4.969555752110228e-05,437952.44444176386,78592.53692827026,82459.71099213355,0.00010875384326737344,2.5573115909905453,0.29267087175702367,0.3059098231167009,0.00143943645314344
0.4107918519914406,0.0002924689930928,0.970706474518662,-0.593133637271751,9.302669241646264,-8.817421847957574,-0.7289463248199904,-0.7078188012235354,-0.5148632779911424,-0.4997128917175969,-8.895506181668106,0.593133637271751,-0.4997128917175969,-8.895506181668106,93026692.41646264,189737.57262600664,292181.19877646473,2.425683610044288,8817421.847957574,0.0269755019230689,0.9999908138941924,0.5931336372717512,-0.4997128917175969,-8.895506181668106,4650279.361455679,3447879.2539033615,0.3754719639857585,0.9998178483546235,86723483.91329148,18037736.359367914,18502833.87132242,253921.55862492544,45143.10542047962,47511.33219222681,1.969757014274496e-06,387278.00108242774,67420.59513190821,72061.97425238385,3.3167399492294573e-06,2.596815017358232,0.34900309943104846,0.3664221436004136,0.0011635594031114693
0.0205026108194631,0.3998855066405742,0.1257660023499284,-0.9366737332031376,27.978259880190503,-10.338061286670229,-0.2988371932083886,-0.2700309770842002,-0.4741447895909175,-0.3413566813375224,-9.190182106671706,0.9366737332031376,-0.3413566813375224,-9.190182106671706,279782598.80190504,490813.964754128,729969.0229157998,2.6292760520454124,10338061.286670228,0.4374968403505598,0.9995632716047512,0.936675301667103,-0.3413566813375224,-9.190182106671706,6046827.947420622,2617023.115190502,0.4887548884379759,0.9935077293923218,274091429.3883178,64727032.60450261,65830487.87596137,502885.0580655551,84291.91520820308,88058.10387463492,0.05285673155975496,765828.2875387444,129397.49737973839,136811.98517933258,0.08497646288479307,2.634155730119284,0.23165945591075793,0.25058730912225796,0.0016425840412270269
0.6474128584068352,2.866698848788541e-13,0.9978786547255298,-0.547269011821435,8.985579094999114,-9.929160463806214,-0.7547039730152172,-0.7229739409922114,-0.5646979131016485,-0.499640944384727,-1.6953729860389395,0.547269011821435,-0.499640944384727,-1.6953729860389395,89855790.94999114,171707.21888934798,277026.05900778866,2.1765104344917576,9929160.463806214,0.0362940569490153,0.9999936347146734,0.547269011821435,-0.49964094438472706,-1.6953729860389397,4983295.1826877175,3775225.8769889604,0.3863497463184021,0.999873207717635,82715907.06096521,16156987.527092213,16710949.65156801,226391.11568594506,40367.115798325365,42853.06511713524,8.532578841006826e-07,361602.8097495191,62873.31013614304,67894.06106302913,2.1205402956129906e-06,2.339020535449602,0.31625027039352965,0.33718334755605883,0.00042319282316499154
0.0126892710242796,0.0051537226445293,0.1184506496336142,-0.9340969191162842,27.39816030385696,-11.47442553822539,-0.3372083400801234,-0.2984369946630469,-0.4839108041533762,-0.4755841657212626,-15.311176099135444,0.9340969191162842,-0.4755841657212626,-15.311176099135444,273981603.0385696,463954.1619439136,701563.0053369531,2.580445979233119,11474425.53822539,0.3782029344635434,0.9995481303893806,0.9340969191162841,-0.4755841657212626,-15.311176099135444,6236275.041132881,2711844.568213337,0.48054024791013605,0.9933189243954612,265175844.1717339,61696355.00416751,62981357.25731023,486090.79482518655,85080.19696544865,89485.60382268108,0.04195295572906657,744769.2004104672,130818.5940409705,139254.56596803074,0.07488286075819653,2.5723391825159716,0.24305092290633434,0.26664223719377994,0.0019329782917199404
0.0014882495755265,0.0577650968358781,0.49407046383332,-0.8650739812977097,16.71608766439468,-19.919411092049625,-0.4805732887667852,-0.495628270179423,-0.3220760031781219,-0.4997870565920409,-26.52337070761581,0.8650739812977097,-0.4997870565920409,-26.52337070761581,167160876.64394683,363598.69786325033,504371.7298205769,3.3896199841093906,19919411.092049625,0.103479595540055,0.999900577282191,0.8650739812977097,-0.4997870565920409,-26.523370707615815,4980425.1205588,4114363.422910248,0.4251613873952336,0.9982266438649183,160369302.59844935,38901940.20342295,39632912.14388994,413715.7881885941,73909.51063270716,77071.00760857538,0.0021491636768690564,570253.274866441,101616.05039190999,107475.17305881168,0.0019242786144434032,3.4055959854640117,0.2527490539593548,0.28516462893673994,0.003473227070165398
0.368429249084821,0.0063973526111171,0.5963210751744936,-0.7677176559954314,12.89944048343418,-24.095691733174668,-0.6411434012609178,-0.6160553907988339,-0.4975306462835935,-0.4997870565920409,-9.505258703021676,0.7677176559954314,-0.4997870565920409,-9.505258703021676,128994404.8343418,251199.61911735756,383944.6092011661,2.512346768582032,24095691.733174667,0.120622052039278,0.9999559357456584,0.7677176559954314,-0.4997870565920409,-9.505258703021676,5562107.861567066,5435784.991965741,0.43099163802849694,0.9991675744029721,120193840.20996985,26406314.167329915,26914868.006816596,296809.4388363347,53994.51797872641,55885.47864430683,8.933583344757074e-05,450063.2967371334,81004.2934267089,84964.71495660773,0.00017548082891459985,2.6302228746459178,0.29032030100813755,0.3044186226806169,0.0015534777886124017
8.306184804662484e-05,0.0939883560688356,0.4941548374715903,-0.8658562840936692,16.843136505962306,-19.875186380975613,-0.477033822410973,-0.4929139060781562,-0.3223694047230531,-0.4997870565920409,-26.236506272159097,0.8658562840936692,-0.4997870565920409,-26.236506272159097,168431365.05962306,366076.3243123189,507086.0939218438,3.3881529763847347,19875186.38097561,0.1054765761204224,0.999900422434885,0.8658562840936692,-0.4997870565920409,-26.236506272159097,4990243.105969603,4104678.6847739965,0.42588439818702395,0.9982241268490814,161535355.27144918,39276670.59664618,39997124.787554935,415605.65480387665,74327.89069805857,77428.98518594624,0.0022809217278023995,572325.9597778514,102154.48531436548,107914.51651037487,0.0020026763535110855,3.405355560481454,0.2533705501539558,0.2846952478204614,0.0034144463776122104
0.4101340312296642,0.0002924689930928,0.9557513030124354,-0.6008127613712994,9.382299472534823,-9.233000693282134,-0.7280782493931153,-0.7072887598607752,-0.5133794100063078,-0.499764186422366,-8.895506181668106,0.6008127613712994,-0.499764186422366,-8.895506181668106,93822994.72534823,190345.22542481928,292711.24013922486,2.4331029499684607,9233000.693282137,0.0287512192354603,0.9999902311070212,0.6008127613712994,-0.499764186422366,-8.895506181668106,4697455.706517043,3558088.2445527785,0.3778068747766995,0.9998064713164461,87445068.61698107,18299486.63565185,18740874.10156258,254801.23799914663,45458.34447305947,47702.847004377385,1.8599231974941319e-06,388247.4399753481,67999.61699288934,72407.92298800821,3.228426161682247e-06,2.603685736003117,0.35080466350032147,0.36691121924947995,0.001255275773794383
0.0005978275016047,0.0081425084630814,0.6086908436990593,-0.8309408695381297,14.773658484269202,-18.438614046136014,-0.5199665726102807,-0.5399548209390047,-0.2981572043717125,-0.4997870565920409,-27.41493587256607,0.8309408695381297,-0.4997870565920409,-27.41493587256607,147736584.84269202,336023.3991728036,460045.1790609954,3.509213978141437,18438614.04613601,0.0626370153341576,0.9999375799193844,0.8309408695381297,-0.4997870565920409,-27.41493587256607,4917189.933736696,4406283.977821211,0.40643514088854826,0.9988454485109179,139917648.6266328,31230000.06281112,32034492.438727394,394900.77857951046,68574.27516395104,71790.70291278165,0.0006140241311602081,539796.2814253344,93641.57762958993,99508.1520522321,0.00044084155680351245,3.529062993776702,0.26792952297550787,0.30589771809359806,0.005526692674673727
0.007100037875342,0.0004706602484671,0.1520435396985973,-0.9297631058898288,26.010904382152223,-11.825114878218471,-0.3517287437666974,-0.3176841540481296,-0.4831958670767122,-0.4886807278098968,-17.68398886775035,0.9297631058898288,-0.4886807278098968,-17.68398886775035,260109043.82152224,453789.8793633118,682315.8459518703,2.584020664616439,11825114.878218472,0.3406495825297842,0.99960341634942,0.9297667711523618,-0.4886807278098968,-17.68398886775035,6078011.854685812,2625958.5497584385,0.4751091602690845,0.9940153307766364,253084561.83910137,59820610.796532035,61042267.200827345,476134.6668667883,84096.22010888807,88317.11758942736,0.03505896230775188,724941.2061063473,129004.23271815162,137106.4189729041,0.06358580031405407,2.5577269592371716,0.22831517389191852,0.252910358663498,0.001563532752934763
0.6520349859972983,0.0157566579097556,0.957058823199582,-0.5728214398723034,9.220634028857598,-11.352616129003655,-0.7512916488009791,-0.7204697981542081,-0.5644161627219847,-0.499640944384727,-1.5562751491785851,0.5728214398723034,-0.499640944384727,-1.5562751491785851,92206340.28857598,174095.8458393147,279530.20184579195,2.1779191863900764,11352616.129003655,0.0440246919558003,0.9999925220142823,0.5728214398723033,-0.49964094438472706,-1.5562751491785853,5127526.325903601,4104393.6865297803,0.3934422606578272,0.9998513121956731,84915256.00712192,16990104.842507575,17414139.279130626,228368.60404319162,40579.781101492255,42660.99505808082,6.75146308499354e-07,363563.3085711393,63609.855894641005,67817.99969077042,1.9140858826857353e-06,2.3381025670407376,0.3216668038811759,0.3359145903045641,0.0004919345737654179
0.0080040908111898,0.000822642165265,0.6029923045112509,-0.8300316514501742,14.75820551927141,-18.74823365886489,-0.5226793979160631,-0.5407095694326423,-0.3039818404628671,-0.4997870565920409,-27.41493587256607,0.8300316514501742,-0.4997870565920409,-27.41493587256607,147582055.1927141,334124.42145875585,459290.43056735775,3.4800907976856643,18748233.65886489,0.0646589882629006,0.999936632412099,0.8300316514501744,-0.4997870565920409,-27.41493587256607,4938427.75680171,4439851.506286428,0.4076099322754691,0.9988291251509233,139838678.91085646,31296000.540843483,32093133.391161133,392695.8428890331,68318.97546583985,71496.46132708064,0.0006090974964304026,538475.774709661,93529.06243297568,99352.80555022156,0.0004584259249302815,3.5041755106318644,0.26720485230397095,0.3044265417791166,0.005228467413241941
0.0150342132391689,0.0720908894751397,0.4893607899869214,-0.8641340750061904,16.71415815345909,-20.05949845192742,-0.485468340143803,-0.4979358456775471,-0.3339358342640543,-0.4997870565920409,-26.03248377929695,0.8641340750061904,-0.4997870565920409,-26.03248377929695,167141581.53459087,360172.1618993379,502064.1543224529,3.3303208286797283,20059498.45192742,0.1087055949846423,0.9999001169837182,0.8639912041475536,-0.4997870565920409,-26.03248377929695,5004688.449352026,4118706.433750873,0.42702715202634406,0.9982191633913758,160227796.24028736,38962619.41585605,39667147.57209031,409662.6448495213,73550.97763407537,76583.66497087608,0.0019791969089550266,567285.5201831617,101611.17781249392,107289.20608380306,0.0019354260044513031,3.3558017820247406,0.2535079324165275,0.283641487570911,0.0032420674228651565
0.3888340288279838,0.0212908202366733,0.9623303849032524,-0.6061797254663654,9.48488322794338,-8.922499414051726,-0.7234211846359976,-0.7038338335641334,-0.5083458493845818,-0.4997870565920409,-9.500479142582224,0.6061797254663654,-0.4997870565920409,-9.500479142582224,94848832.2794338,193605.1707548017,296166.1664358666,2.458270753077091,8922499.414051726,0.0272857843371166,0.9999902647579244,0.6061784353639975,-0.4997870565920409,-9.500479142582224,4633842.134531685,3443063.5173630468,0.3758907441085496,0.9998071276894063,88446821.9729885,18575617.484918255,19023625.874111354,258543.4676374569,45780.799601323386,48079.128283380356,2.175776552701533e-06,391973.0408391303,68125.8639730584,72623.11099501407,3.5397945329849575e-06,2.624938601949726,0.35076991505507205,0.3672307254090222,0.001337447354438344
0.4854405193698378,0.0951940470390195,0.7590103440805026,-0.7016636632595714,11.281204079341784,-17.885669897903163,-0.697488483596502,-0.6734437927223998,-0.525285338617076,-0.4997128917175969,-5.977458416597089,0.7016636632595714,-0.4997128917175969,-5.977458416597089,112812040.79341786,211758.06148244857,326556.20727760025,2.37357330691462,17885669.897903163,0.0800385211963194,0.9999799461214284,0.7016636632595714,-0.4997128917175969,-5.977458416597089,5384752.327232793,5001689.445716827,0.4155287709573241,0.999608866792044,104202892.80357835,22252859.314828776,22690652.021596596,265126.1497174262,47303.935924942125,48953.50507491766,1.5769927866821662e-06,407817.44279014744,72225.88898471031,75716.66339117265,5.451566223684015e-06,2.475028694130482,0.3123149533110031,0.3234856061341498,0.0012710081016395088
0.3679323781815626,0.0150871726318526,0.8209279794850023,-0.6752862458595144,10.579247640626054,-13.641835782046003,-0.702388260706684,-0.6842924694029275,-0.4923197604505132,-0.4997870565920409,-10.020969345318406,0.6752862458595144,-0.4997870565920409,-10.020969345318406,105792476.40626054,208328.2175053212,315707.53059707244,2.538401197747434,13641835.782046003,0.0481363241587419,0.9999823067234246,0.6752862458595144,-0.4997870565920409,-10.020969345318406,5043614.749580854,4409838.267787237,0.3967261691493665,0.9996537107998079,99005784.93713117,21554292.27078212,22002364.324741106,272528.7686001351,49014.95148552168,50878.10176171016,2.306979434225605e-06,410369.56243358244,73028.68036003392,76817.68914690892,4.815368595768317e-06,2.658733543105909,0.3308610465344384,0.34524483167410663,0.0016596308801927672
0.0002120770889783,0.5270383218133625,0.470861074699804,-0.8919674702432586,18.85469585081308,-17.814519931822343,-0.4363518758859894,-0.4575486059990256,-0.3476747457654762,-0.4996190921952563,-24.167318733914662,0.8919674702432586,-0.4996190921952563,-24.167318733914662,188546958.5081308,394553.6868798074,542451.3940009744,3.261626271172619,17814519.93182234,0.1488660976034451,0.9998900536896506,0.8918275916723089,-0.49961909219525635,-24.167318733914662,5085140.929848867,3656546.4622414755,0.43914488967857473,0.9980567939418865,178861747.6565638,44420184.16594637,45142963.655596055,434137.22916306846,78581.73861673886,81453.14118936817,0.005935853191843952,597206.3321301336,108931.57321239616,114328.27986671851,0.004594063436985207,3.2979163292503726,0.2501344513028081,0.2768258986593527,0.0021795366226823494
0.6845185494542628,0.001429152599206,0.791133430870561,-0.6492948034307672,10.400803550557823,-18.378033499034984,-0.7269357542849808,-0.6933979171863239,-0.560518044286963,-0.4996337709586586,-1.1476406300867057,0.6492948034307672,-0.4996337709586586,-1.1476406300867057,104008035.50557823,191144.9720005134,306602.0828136761,2.197409778565185,18378033.499034982,0.0921158002965387,0.9999858294160496,0.649294803430767,-0.4996337709586586,-1.1476406300867055,5678724.6131240055,5363923.283333384,0.4207816258281715,0.9997211839270349,95821031.56487797,19244189.722595893,19707948.615531124,238030.7845680609,41243.52947293999,42990.32301821042,7.679759855483881e-07,379918.43876183784,65321.42532279063,69043.16806812922,3.355026295271053e-06,2.2585168816017123,0.29459419537677156,0.30650123502130894,0.0006719365181263173
0.4107918519914406,0.0002924689930928,0.9820573760590264,-0.5873428152235447,9.252997622634622,-8.51713262078597,-0.7293527912109405,-0.7079264200726967,-0.5157639749091831,-0.4997128917175969,-8.890811562102913,0.5873428152235447,-0.4997128917175969,-8.890811562102913,92529976.22634622,189453.0461523416,292073.57992730336,2.421180125454085,8517132.62078597,0.0256767787772095,0.999991228161308,0.5873428152235446,-0.4997128917175969,-8.890811562102913,4614740.901216341,3364203.2544806614,0.3736656995468566,0.9998259479883943,86291754.8451886,17851959.691683844,18346074.699723125,253393.41983853522,44903.972212993445,47387.22186287698,2.072904348284203e-06,386756.3967927717,66959.80779435654,71823.57520721486,3.409031936907247e-06,2.5910928400741176,0.34665693307620066,0.3656067807920706,0.0010956324976869806
7.66964122584869e-06,0.9975563174787914,0.5069916853298321,-0.904998253195864,19.957638317206552,-15.6133036539801,-0.4115478290998604,-0.4410011085377888,-0.3582530192502976,-0.4989721967494388,-20.52734912017659,0.904998253195864,-0.4989721967494388,-20.52734912017659,199576383.17206556,411916.5196300977,558998.8914622111,3.208734903748512,15613303.6539801,0.1693770470955274,0.9999045846929184,0.9049982531958639,-0.4989721967494388,-20.52734912017659,5171346.331776769,3326484.3790458017,0.44426583714362744,0.9982919753262353,188662298.43733054,46539428.24370603,47561580.34638097,443917.39722992876,79445.93180164721,83203.2077425016,0.010795221131297278,606309.8027420735,109752.69925006674,116474.3637485267,0.006409370987384772,3.2501996347595434,0.23411871571410378,0.27496718054802677,0.001848677830104363
0.0022600889076901,0.985960163694934,0.3669341570309304,-0.920396776626398,22.627345460165568,-12.986851222538734,-0.3658241061609051,-0.3807224447876938,-0.4179788920917232,-0.4995949397307353,-16.49545571604836,0.920396776626398,-0.4995949397307353,-16.49545571604836,226273454.6016557,443923.1256873664,619277.5552123062,2.910105539541384,12986851.222538734,0.2751879146874371,0.999831826435431,0.920391166500291,-0.4995949397307353,-16.49545571604836,5266442.829604516,2584918.388166735,0.46488971460596507,0.9971551701062212,216114679.701751,52698764.61947622,53694781.50567781,467756.34846209845,78679.56423513303,82661.03569700335,0.024030096996067927,661068.8875530544,114533.63578626752,121795.48712167048,0.025154710864531027,2.958867185584935,0.2196208078064904,0.2502989490604898,0.0008838106092936982
0.3172340076489366,0.0183374841320421,0.6022056464929273,-0.7734042530603762,13.009481605182348,-23.354535737950336,-0.6326459346119767,-0.6118106796907596,-0.4804930050885694,-0.4997870565920409,-11.32029128179794,0.7734042530603762,-0.4997870565920409,-11.32029128179794,130094816.05182348,257147.84577161632,388189.3203092404,2.5975349745571528,23354535.737950336,0.1093500637222792,0.9999545180310352,0.7733998875881953,-0.4997870565920409,-11.320291281797939,5482512.11451632,5328363.78078309,0.4272514835827218,0.9991422695510046,121499378.48311871,26899761.227450643,27413446.663347334,306120.7058162569,55678.091419020246,57617.93223365858,0.00010231928273723423,458540.9577484494,82606.0611800224,86626.798043971,0.00018070838166215505,2.7204969682631956,0.29184023632180284,0.30672967930180745,0.0017688234209019482
0.0011772532417569,0.0059645208306838,0.1356352043162159,-0.9329004992632084,26.880405414188488,-11.667092828093644,-0.3401063676731465,-0.3050414052529705,-0.4828112588763764,-0.4863128920465461,-16.99482752462185,0.9329004992632084,-0.4863128920465461,-16.99482752462185,268804054.14188486,461925.5426287974,694958.5947470295,2.585943705618118,11667092.828093646,0.3556773096278196,0.999573318551703,0.9329040986594668,-0.48631289204654615,-16.99482752462185,6167145.210462046,2668701.6896569235,0.47731099236180713,0.993633793021059,260910319.5904385,61161353.312391445,62436503.92027912,484310.10948349576,85000.70430638503,89382.65164573454,0.04083704754488998,738343.5972075262,130412.87389700484,138777.130697265,0.07153224468699017,2.5680126310888602,0.23503964941754915,0.25959669724476286,0.0017281710064859885
0.6474128584068352,0.0006555508969181,0.8045803267451982,-0.6461293447266052,10.2791101644046,-17.409768897407066,-0.7285784896491335,-0.6967831493646537,-0.5534575048608157,-0.499640944384727,-1.7301970514196547,0.6461293447266052,-0.499640944384727,-1.7301970514196547,102791101.644046,189995.0572456066,303216.85063534626,2.2327124756959216,17409768.897407066,0.0819821146775271,0.9999860330282996,0.6461293447266052,-0.49964094438472706,-1.7301970514196547,5587533.274809371,5212289.057810224,0.4164230578161021,0.9997251047255977,94893370.43951894,19210868.28661556,19668501.171550307,239712.77923788133,41949.29223169156,43687.150688258975,7.202181573770388e-07,380411.67509402183,66021.90279439511,69705.29477689309,3.0154511199952904e-06,2.3006323893152527,0.30259982216121417,0.31460785671134206,0.0007218004207619659
0.0023251498752666,0.2393437547844353,0.0918113219250493,-0.9411448297740048,28.554976842470605,-10.343263811733296,-0.2905831546990488,-0.2598826616693854,-0.4494164419420154,-0.0747733831456626,-11.458541509185968,0.9411448297740048,-0.0747733831456626,-11.458541509185968,285549768.42470604,496591.79171066586,740117.3383306146,2.752917790289923,10343263.811733296,0.4402532449373522,0.9994895457328302,0.941132333945412,-0.07477338314566262,-11.458541509185967,6133822.48352581,2722056.100319047,0.4891300159088283,0.9926010145305487,276712943.94019604,65215170.39193797,66407607.85837879,513910.84378151054,86892.82075326961,91210.78314908026,0.0637839169666216,780048.2437383009,132936.36232221135,141179.1614189517,0.09633482111058217,2.7438076066647334,0.2501807347235045,0.2716829527845921,0.002309794155076902
0.0065387945911252,0.9844418160871996,0.64196738104535,-0.8856578260300118,17.240674594548373,-14.7153952906462,-0.452603060119886,-0.4873944789369851,-0.3383029123204537,-0.4995673833930999,-21.133632489622748,0.8856578260300118,-0.4995673833930999,-21.133632489622748,172406745.94548374,383177.85791607975,512605.52106301486,3.308485438397732,14715395.2906462,0.1006864916515104,0.999945274189955,0.8856601700729103,-0.4995673833930999,-21.133632489622748,4851141.734223457,3292537.2583201174,0.42412812867273975,0.9989790689874066,166239979.536455,38901406.66147028,39836998.13191001,422040.2782605007,76947.39131260161,80445.9814512502,0.0033992074824142782,568232.0404608975,103806.72977139564,109979.12736675143,0.0013713950812664427,3.353929532673446,0.2592302066360627,0.296119448134633,0.003444775256274277
0.447819653489694,0.0006115335080172,0.9806902505050228,-0.5823515130878311,9.200067187413794,-8.837772868174,-0.7346709680686584,-0.7114775492348426,-0.5256904419682117,-0.4997128917175969,-7.43656894726906,0.5823515130878311,-0.4997128917175969,-7.43656894726906,92000671.87413794,185730.3223519392,288522.4507651573,2.371547790158941,8837772.868174,0.0275749331171699,0.9999915261050196,0.5823521371927027,-0.4997128917175969,-7.43656894726906,4684880.603243913,3460661.305535849,0.3762767734514962,0.9998317797151929,85592606.2154548,17601720.361848906,18086166.93089152,248322.53737251126,44228.282828806696,46640.11553120574,1.6818253748322966e-06,381928.270193142,66488.17435960131,71242.33284468057,3.0312230758555184e-06,2.5469393578525295,0.34379006862222233,0.36205441781955294,0.0009209191440312847
0.5740898536448458,0.0002022982549684,0.7928951979328298,-0.6591257566083858,10.44242207512953,-17.15051664465171,-0.7218338092088064,-0.6930277719588327,-0.5411508433529062,-0.499640944384727,-4.086222794113346,0.6591257566083858,-0.499640944384727,-4.086222794113346,104424220.7512953,194716.33355383555,306972.22804116725,2.294245783235469,17150516.64465171,0.0761086512540741,0.9999841426146932,0.6591257566083858,-0.49964094438472706,-4.086222794113346,5494794.117372828,5128718.001564795,0.41365511315065046,0.999688790896572,96533801.6873359,19952316.378805064,20408490.52456158,247506.58948553127,43853.16570298252,45585.275794250214,9.475285475642227e-07,388122.65984097787,68131.75641866254,71788.29492867753,3.5584493298333464e-06,2.3763571406043655,0.31019182443863275,0.3224306460502053,0.0009074593891241834
0.0006185888867412,0.966223643585386,0.3219498650314235,-0.924886838166671,24.026144604869543,-12.054977899942257,-0.3451398903541669,-0.3532048090908613,-0.43992980389824,-0.4996107551230084,-15.499460397985285,0.924886838166671,-0.4996107551230084,-15.499460397985285,240261446.04869545,458402.0767520832,646795.1909091386,2.8003509805088,12054977.899942257,0.3134984642599812,0.9997977680687804,0.9248868381666712,-0.49961075512300845,-15.499460397985285,5339044.422008774,2392146.8771142527,0.47101137892102063,0.9966522955278121,229938164.90936667,55346925.1513425,56405277.99697203,477755.23318524705,78347.70173498744,82428.59049736461,0.030400315363023057,685314.8156090042,116201.34244778081,123719.01669669186,0.03570116671070142,2.833743333178723,0.21452422276485475,0.24298960544322434,0.0008156002473158892
0.1239130889787514,0.1698869487234222,0.471574729753813,-0.854448925264557,16.419600843070413,-21.019132505991784,-0.5221887085192443,-0.5175569603472918,-0.4110718382788356,-0.4997870565920409,-19.09743052171513,0.854448925264557,-0.4997870565920409,-19.09743052171513,164196008.43070412,334467.904036529,482443.0396527082,2.944640808605822,21019132.505991783,0.1465087020072465,0.9999044772222416,0.8544489252645572,-0.4997870565920409,-19.09743052171513,5185529.62306824,4209604.444884545,0.4385186488147805,0.9982902184005802,156272503.48200852,37922638.5104247,38511463.381533906,378100.8152115295,69823.97690352955,72144.57325283407,0.0011114655266680825,541381.2210788735,99748.13575205574,104383.34376847389,0.0016889001987822488,3.0270514969020756,0.26299967294955173,0.28216177986516056,0.0020065716476009724
