design_id,isamp,rn,rs,r_theta,gamma0_deg,V0,k_CD,k_CL,Qs,sg,q_stag_max,q_shldr_max,n_max,feasible,t_final,captured
0,0,0.6487569870319158,0.0002022982549684,0.5826049192419682,-2.119384789317555,7842.7605812620595,1.0790519603082434,0.9984028807727167,112065246.33327809,5553460.759221499,207890.128979162,331936.69876626576,2.2793873139942087,1.0,910.6461886195751,1.0
0,1,0.6487569870319158,0.0002022982549684,0.5826049192419682,-1.829709921259528,7791.122803512658,1.00027444111958,1.0308898309249819,133478156.97997254,8965301.790434415,231118.23825840585,368801.7443194873,2.162535696532061,1.0,1382.7264880932883,1.0
0,2,0.6487569870319158,0.0002022982549684,0.5826049192419682,-2.1729692987627476,7807.645272156125,0.9717542919489273,1.0231280268560476,109742813.7901726,4853281.078602835,225402.4029006913,358924.71051758074,2.0853076614225996,1.0,831.377087487151,1.0
0,3,0.6487569870319158,0.0002022982549684,0.5826049192419682,-1.7163743678533194,7917.8226973398105,0.9625568169891502,1.029491578052724,140954793.6850757,1864034.4307354682,272179.2592999189,433472.2296824677,2.020570199510498,1.0,6559.050742871525,1.0
0,4,0.6487569870319158,0.0002022982549684,0.5826049192419682,-2.584744739329761,7898.07507658648,0.9969204411374487,0.9898474178613209,99403256.1759476,3962859.137176571,282008.9032237226,449121.2331696329,2.1256226120535473,1.0,698.5538060538366,1.0
0,5,0.6487569870319158,0.0002022982549684,0.5826049192419682,-1.7189906419318697,7852.707306830919,1.0325805056221342,1.1128153894522312,133797993.95680761,1541651.4055236704,255286.3358143788,406928.90402328194,2.1047389153233684,1.0,6106.376697620549,1.0
0,6,0.6487569870319158,0.0002022982549684,0.5826049192419682,-2.338655074928475,7888.567176209457,0.9710966147434685,1.0135507520829024,120381244.75963359,5573435.297180356,225780.24061174778,359465.2827513544,2.1101794878379247,1.0,926.0080742189222,1.0
0,7,0.6487569870319158,0.0002022982549684,0.5826049192419682,-2.018641884236888,7936.482835146592,1.0247331754171218,0.9965193383304106,132035000.50447428,1829097.147250779,288802.002279039,460474.56485408964,2.2502030619646445,1.0,5957.291853584807,1.0
0,8,0.6487569870319158,0.0002022982549684,0.5826049192419682,-2.184042301824762,7858.962030054552,1.1000555624670028,0.9959984575585418,109030250.35555926,5289393.831547539,204123.32290674606,325956.8973490948,2.300379145180245,1.0,872.2232067993843,1.0
0,9,0.6487569870319158,0.0002022982549684,0.5826049192419682,-2.3172561896482775,7796.1392024799925,1.1334631315089192,1.0365092289650704,82073085.63890108,3473790.5543265925,265176.0709115454,422595.4392081462,2.3591446765933286,1.0,617.1452403870172,1.0
0,10,0.6487569870319158,0.0002022982549684,0.5826049192419682,-2.3553936751822526,7800.764647935618,1.025857875364287,1.010940159388776,88561109.5672163,3602056.913002612,272677.53843915474,434485.3931449025,2.2506763260965403,1.0,643.410650074071,1.0
0,11,0.6487569870319158,0.0002022982549684,0.5826049192419682,-1.1797748349921846,7833.1370692836745,0.9257756720186512,0.9956860338192436,156837400.20032504,3360055.400092062,221271.29538921826,353246.9178720568,2.0932399629583207,1.0,6737.105845326389,1.0
0,12,0.6487569870319158,0.0002022982549684,0.5826049192419682,-2.128567190530063,7912.683659637158,0.9504324263445937,1.0299263328712804,137071413.1543304,6218114.1611168,301054.51236991415,480298.91754775034,2.372304388377504,1.0,4859.5329103780605,1.0
0,13,0.6487569870319158,0.0002022982549684,0.5826049192419682,-2.524346728125093,7833.639117352326,1.0143651788739565,0.9832282813942599,86503605.54181279,3369888.773659619,294081.51099343324,468539.7039528753,2.294354555124343,1.0,607.5677988414519,1.0
0,14,0.6487569870319158,0.0002022982549684,0.5826049192419682,-2.0416007689073465,7799.836938288028,0.9904159947286909,1.018782566556584,115941900.17917895,5545629.260572138,203131.79767409206,324363.0209891018,2.1438519095856274,1.0,923.3991414916833,1.0
0,15,0.6487569870319158,0.0002022982549684,0.5826049192419682,-1.7306381636792163,7797.1121136080465,1.018861692943718,0.9812476973097274,133403754.54712084,7155732.022630965,273400.4389167398,436173.05335649377,2.208818129086983,1.0,4666.766605452077,1.0
0,16,0.6487569870319158,0.0002022982549684,0.5826049192419682,-2.3244668866438163,7879.317749432293,0.9931964440682804,0.9540950535124356,112958368.80462527,5028065.399293166,230098.13466141405,366365.8787593968,2.221982505068801,1.0,843.0417425708666,1.0
0,17,0.6487569870319158,0.0002022982549684,0.5826049192419682,-2.557232511466456,7862.3789755681055,0.9601741674229346,1.0512178924014266,99701856.83840689,3938640.60132623,285967.0842166436,455451.0811791061,1.9891526550963174,1.0,706.6567709307272,1.0
0,18,0.6487569870319158,0.0002022982549684,0.5826049192419682,-1.1654481965937253,7898.959876795474,1.0359976786136147,1.028957812964786,140818129.76740643,2419057.2012097035,224906.3190419793,358090.871657448,2.1705957965257863,1.0,6741.791903558221,1.0
0,19,0.6487569870319158,0.0002022982549684,0.5826049192419682,-2.096244679243624,7741.344883405281,1.0103445791747272,0.9728267121941054,89161239.37507941,3777650.8506519073,261783.44262551202,417300.2845771496,2.2923166440427587,1.0,665.5666775851216,1.0
0,20,0.6487569870319158,0.0002022982549684,0.5826049192419682,-1.8215231410308308,7846.41483732336,0.9420002138842689,1.0129022904105462,140931389.92863446,1864264.6657825431,273219.51653639134,435736.11650618206,2.1188098624000555,1.0,5746.895229051403,1.0
0,21,0.6487569870319158,0.0002022982549684,0.5826049192419682,-1.6404273769108813,7786.250811531237,0.9707117961062061,0.9879525388627828,138228877.09769267,2276218.995206649,267495.2117327894,426670.1222414934,2.187462747302444,1.0,5546.721712924905,1.0
0,22,0.6487569870319158,0.0002022982549684,0.5826049192419682,-1.8644122760459911,7778.225288913905,1.0461820185423858,1.0097908739509214,117671210.43141305,6289337.261206539,212274.15687898206,338860.7732480456,2.239723692154274,1.0,1016.297122028997,1.0
0,23,0.6487569870319158,0.0002022982549684,0.5826049192419682,-2.3214942850191913,7854.569480848585,0.9998398195988037,0.9970757035870295,107347431.97450376,4651233.584089295,238875.44284931975,380376.9330845106,2.1508065886699463,1.0,796.1985901047426,1.0
0,24,0.6487569870319158,0.0002022982549684,0.5826049192419682,-1.5846863795727046,7826.005889992251,1.0141659017937288,0.9794861482267111,132366799.75045614,1606464.855854836,253704.16245843138,404403.2435980195,2.2761272729200734,1.0,6161.328814721817,1.0
0,25,0.6487569870319158,0.0002022982549684,0.5826049192419682,-1.0850235169758422,7847.6199504018405,0.9953269899904319,1.0345463566540531,149599725.1031605,3085760.029974011,214605.4949539804,342616.0155005557,2.128777921470444,1.0,6731.99847532208,1.0
0,26,0.6487569870319158,0.0002022982549684,0.5826049192419682,-3.194048679105174,7832.490684483857,1.0946239242767035,0.8905326889263453,59974065.852272786,2044446.8548254557,409180.33959227003,652477.4261853878,3.893881436541689,1.0,386.35851771104734,1.0
0,27,0.6487569870319158,0.0002022982549684,0.5826049192419682,-2.264009168720497,7817.508230441026,0.9524275814856848,0.996905308977367,106451746.48300745,4494667.283466936,244113.65824854778,388750.31875131687,2.06755893903725,1.0,780.2159305508109,1.0
0,28,0.6487569870319158,0.0002022982549684,0.5826049192419682,-2.3145178924850547,7850.315599438471,0.9497482537515534,0.9693494545453593,111360339.98288725,4755213.794364261,241965.80508514628,385300.42492264305,2.13158929637911,1.0,813.4308707253443,1.0
0,29,0.6487569870319158,0.0002022982549684,0.5826049192419682,-2.2538495623013652,7830.111602798638,1.012090538525394,1.0138314932464976,104896426.94069448,4584729.2990162745,233316.05049659242,371533.723959945,2.131527628309436,1.0,787.5556145847432,1.0
0,30,0.6487569870319158,0.0002022982549684,0.5826049192419682,-2.9659910232505844,7895.304089524848,0.9635972366891307,0.9862115362621273,81763402.42611542,2863833.3046512436,358707.9172338878,571510.4245184197,2.201197714006957,1.0,536.3728577616008,1.0
0,31,0.6487569870319158,0.0002022982549684,0.5826049192419682,-1.9505732987083704,7753.803980928464,0.9935493439500384,0.9732551716015441,105068208.11577365,4809505.654216138,205598.13311897955,327457.1685449975,2.1672636667204865,1.0,816.2245769887464,1.0
0,32,0.6487569870319158,0.0002022982549684,0.5826049192419682,-2.1461168279116976,7776.182058840105,0.9397451787217413,0.9418961684981597,101437035.1829087,4245053.704114315,244129.0165191739,388926.2284669525,2.1516367289377443,1.0,738.875568667717,1.0
0,33,0.6487569870319158,0.0002022982549684,0.5826049192419682,-2.2996147446176667,7843.47415189168,0.9529921308003139,0.993805308342789,111444132.70013475,4790091.699497908,239990.43308794254,382153.40430271754,2.1029625793870377,1.0,821.098158555971,1.0
0,34,0.6487569870319158,0.0002022982549684,0.5826049192419682,-1.7625579451109459,7841.675274194279,1.1019875451287147,1.012489149245176,126620437.47584525,2041119.639561439,272914.3865397621,435262.08490683406,2.297653539768151,1.0,5707.624249758862,1.0
0,35,0.6487569870319158,0.0002022982549684,0.5826049192419682,-1.5777746510366595,7926.487652182961,1.0424028037014679,0.9846332111385263,128446023.97815831,1784753.9065456016,277002.16937089706,441159.35110420734,2.237796483156886,1.0,6586.467328732792,1.0
0,36,0.6487569870319158,0.0002022982549684,0.5826049192419682,-1.878402241141195,7800.196907283895,0.9502303794371569,1.0475631664294522,138393671.23079765,9494864.29888346,237347.21961365393,378733.94240913296,2.0692491553358683,1.0,1461.1711377716392,1.0
0,37,0.6487569870319158,0.0002022982549684,0.5826049192419682,-2.1956360787364346,7862.084937906572,0.9769181861809754,1.0860433039139807,127079715.81966096,6618380.173922143,226489.01449018132,361532.3672237442,2.024422803687319,1.0,1073.0551732221084,1.0
0,38,0.6487569870319158,0.0002022982549684,0.5826049192419682,-2.0165113773291696,7848.126568939709,0.9372292408259192,0.8897751241981154,138125154.89091903,9007908.949049827,247561.37972131063,395055.7855809881,2.2910939672506117,1.0,1377.2105977164351,1.0
0,39,0.6487569870319158,0.0002022982549684,0.5826049192419682,-2.189397054391543,7816.963985363969,0.960648590010714,0.9688258371753544,109874536.7493616,4800280.486551588,228104.67128096207,363228.1548528457,2.1432507190699,1.0,818.3468031035358,1.0
0,40,0.6487569870319158,0.0002022982549684,0.5826049192419682,-2.0743547467284165,7790.561583257173,0.9056042996589508,0.9572792002392043,117583969.87861355,5238534.1179623855,215384.21257717544,342956.5547515387,2.10688383499344,1.0,885.1168678785061,1.0
0,41,0.6487569870319158,0.0002022982549684,0.5826049192419682,-2.5509112348201874,7769.7013157677175,0.9949870384258478,1.0047621472874544,76114830.81885023,2858753.453127905,331666.49831832736,528804.8195724395,2.360830145641978,1.0,530.2726096691414,1.0
0,42,0.6487569870319158,0.0002022982549684,0.5826049192419682,-1.6999817244460993,7767.34052494243,0.9426242188787187,1.006703922501344,146875271.7730564,15560971.827317744,225075.08271753837,359070.7406964368,2.114344958000871,1.0,2289.166260656385,1.0
0,43,0.6487569870319158,0.0002022982549684,0.5826049192419682,-1.9738378310070233,7886.814959723431,1.0832920094996825,1.025055366821081,129391825.27758837,3814373.05421435,282184.2686642562,450133.9392536866,2.307976372570216,1.0,5275.939923252031,1.0
0,44,0.6487569870319158,0.0002022982549684,0.5826049192419682,-2.6694753154038393,7824.936032321859,1.1076964556245472,1.0445261253311104,73814786.9921052,2846113.1943721143,318434.62017532537,507551.35096141795,2.2495466753187183,1.0,524.9798113475756,1.0
0,45,0.6487569870319158,0.0002022982549684,0.5826049192419682,-2.7667988336218015,7850.699927222037,0.9957711569231573,1.0147549336505548,80986473.0234812,2971103.1748780077,331644.8237325583,528449.4266064817,2.1970349146229453,1.0,551.5887313162887,1.0
0,46,0.6487569870319158,0.0002022982549684,0.5826049192419682,-2.071115164273384,7778.763093474203,1.0198778309543512,0.9652999420951942,100410900.93975778,4465868.7922869725,220296.44362758117,350867.2791426046,2.2100715810338873,1.0,763.9918122693568,1.0
0,47,0.6487569870319158,0.0002022982549684,0.5826049192419682,-1.6294656984956815,7787.083832368414,0.9883237734986284,1.0086788514451404,136765268.13566184,2045211.6493632821,264927.7502679826,422557.7112936734,2.184351209527699,1.0,5616.599415645956,1.0
0,48,0.6487569870319158,0.0002022982549684,0.5826049192419682,-2.5749895668762868,7908.095685270786,1.001343233640083,1.0374385969595965,104630322.80244268,4301877.446719992,272400.3131810758,433787.62621848815,2.078757672445754,1.0,752.0662569119278,1.0
0,49,0.6487569870319158,0.0002022982549684,0.5826049192419682,-1.931873073046635,7766.388068092857,1.0016825679676022,1.0456326674544612,113841173.89670488,5531268.913240444,196496.1939135088,313781.61879983236,2.119472568758179,1.0,924.1677002817314,1.0
0,50,0.6487569870319158,0.0002022982549684,0.5826049192419682,-1.7821797131472257,7883.723911986957,1.0441880085826776,0.9816099908419196,128807338.47440672,1609826.837476008,274933.0048808452,438257.74306717573,2.3306465549613806,1.0,6137.643621628676,1.0
0,51,0.6487569870319158,0.0002022982549684,0.5826049192419682,-1.7683059090310707,7774.258004915355,0.986013620444193,0.9701982199135574,132610735.04446892,8503903.89258489,231400.00272898338,369269.21382630226,2.235612753119419,1.0,1316.0660729094823,1.0
0,52,0.6487569870319158,0.0002022982549684,0.5826049192419682,-1.2967598326873142,7835.808505301817,0.9541533461067393,1.0185790053453925,148989442.1597308,2690454.4259478655,211736.0584611132,337131.1464321693,2.0922843398577404,1.0,6618.51809201952,1.0
0,53,0.6487569870319158,0.0002022982549684,0.5826049192419682,-2.0131931214123826,7867.134850608574,0.9893877704571429,1.0210930114384384,135991732.73741126,14531668.172238398,267614.4443747814,426962.2283587047,2.1309743215518977,1.0,3607.7995762483265,1.0
0,54,0.6487569870319158,0.0002022982549684,0.5826049192419682,-1.3251040185425387,7845.295280005461,1.03740897612246,0.971986107553306,132373780.12194228,1994776.425322212,229900.5373146953,366111.5547557955,2.2166691676241013,1.0,6476.473211677056,1.0
0,55,0.6487569870319158,0.0002022982549684,0.5826049192419682,-2.191115694077897,7857.234136496171,1.0390715163152193,0.972467250767842,113412537.98675677,5407537.842248166,209367.65913931298,334321.15518864535,2.264421073741194,1.0,891.8670345391472,1.0
0,56,0.6487569870319158,0.0002022982549684,0.5826049192419682,-2.0437236149083886,7807.918490091763,0.9383666464295906,0.9769010703536507,123144287.64473179,5940025.794690156,215919.14625927538,344732.20944394486,2.138825722834423,1.0,977.6127177424718,1.0
0,57,0.6487569870319158,0.0002022982549684,0.5826049192419682,-1.8115257972906624,7897.10739451146,0.9857692364423605,1.0434531759038876,137279736.85763267,1602847.1739309474,265647.73114822805,423259.8807488005,2.1202311934847122,1.0,6268.4043952651855,1.0
0,58,0.6487569870319158,0.0002022982549684,0.5826049192419682,-1.8390042090868737,7761.982960876387,0.9781457543071991,0.9236024658140418,117712059.77352917,5912981.9382547205,213795.66407817893,341347.4948820338,2.279667461101833,1.0,963.2672506135665,1.0
0,59,0.6487569870319158,0.0002022982549684,0.5826049192419682,-2.6311804706098902,7823.039530006777,1.0084712131520992,1.005920617620509,80712756.68684378,3040567.220336985,318378.6697158852,507408.08141211426,2.222880469507864,1.0,559.5943009018373,1.0
0,60,0.6487569870319158,0.0002022982549684,0.5826049192419682,-1.7079160777366815,7762.374976433878,1.0392908566743033,0.8817810634519546,123808313.29013127,7576793.539152285,229515.98307783756,366303.50519448635,2.4511570495166017,1.0,1175.5703219483796,1.0
0,61,0.6487569870319158,0.0002022982549684,0.5826049192419682,-2.497797131081131,7828.740305193196,1.0341997259513211,0.9743316467950401,84923597.54189454,3338333.1242142096,291588.60441909835,464614.16987179057,2.33731963850162,1.0,599.9807077010767,1.0
0,62,0.6487569870319158,0.0002022982549684,0.5826049192419682,-2.0631280863516928,7879.2179167615795,1.07531932730833,1.0118505076152178,132159853.91927008,12170977.86830455,233633.19700414315,372756.19368188526,2.293565968016079,1.0,1805.4340062250378,1.0
0,63,0.6487569870319158,0.0002022982549684,0.5826049192419682,-1.865831889893467,7842.4304209768425,0.9470403311881846,1.0257209124734357,139791017.70017204,3332982.8930286756,281635.9693561365,449256.6063217407,2.060442211388532,1.0,5352.8787118490845,1.0
0,64,0.6487569870319158,0.0002022982549684,0.5826049192419682,-1.5549562774377939,7732.952635013606,1.0497327176484688,0.9105969532084963,130314838.76011194,9743698.474866485,225717.89429353265,360160.584959776,2.427126151594622,1.0,1471.890037644778,1.0
0,65,0.6487569870319158,0.0002022982549684,0.5826049192419682,-1.7520375241478852,7760.737628551039,1.0859103236910026,0.9818669585317699,116657015.96946889,6652159.824016594,215127.37051801707,343383.9398411449,2.3355520798593696,1.0,1058.095415566971,1.0
0,66,0.6487569870319158,0.0002022982549684,0.5826049192419682,-2.170287860737373,7799.6007843827465,1.0741527577974341,0.9921937290236758,95049475.59913708,4188096.895405104,229935.87479925153,366221.7827350524,2.2512595136154907,1.0,722.1228935958211,1.0
0,67,0.6487569870319158,0.0002022982549684,0.5826049192419682,-1.825775254073299,7870.480028226078,0.99218618596575,0.9669216657459306,134702993.03887647,1644408.8574251593,275704.4359006208,439611.9332214894,2.2717310386306777,1.0,5952.1918947127215,1.0
0,68,0.6487569870319158,0.0002022982549684,0.5826049192419682,-1.4553229292513077,7827.558249298959,1.0405186967413107,1.003866207648911,130695544.38381727,1781810.6756925515,237880.57156665542,378999.3924358704,2.211854286506602,1.0,6327.266203298657,1.0
0,69,0.6487569870319158,0.0002022982549684,0.5826049192419682,-1.459886297537945,7858.813418607618,0.9887947757202828,1.0495541478029968,141047868.0430925,2142821.064460155,236368.07150692175,376398.44236033666,2.059179267844716,1.0,6540.064227450291,1.0
0,70,0.6487569870319158,0.0002022982549684,0.5826049192419682,-3.043013349415671,7806.84670146786,1.0416837261051446,1.1138469607272057,66445553.890069485,2324108.9465976716,378879.4512577186,604065.6510974619,3.0823636959377994,1.0,449.7696175863952,1.0
0,71,0.6487569870319158,0.0002022982549684,0.5826049192419682,-1.7460704278563164,7892.470019069627,0.9697389628639533,0.9557415723973596,136308475.1484936,1666772.0467404216,268739.81105313386,428142.5517598068,2.231439104039793,1.0,6339.160082677225,1.0
0,72,0.6487569870319158,0.0002022982549684,0.5826049192419682,-2.6380620810889677,7901.783217335253,0.9314429955882485,0.9913459002560743,104639911.43833208,4066298.0054010707,294516.05166700674,469046.0424678797,2.0281395444357084,1.0,721.7940202467244,1.0
0,73,0.6487569870319158,0.0002022982549684,0.5826049192419682,-1.0993108955055801,7763.9163663251165,1.1054260870860992,1.0605379098864645,129251866.71864408,2088570.903607921,194914.39207048743,310524.585218733,2.1787364484571503,1.0,6312.823586651241,1.0
0,74,0.6487569870319158,0.0002022982549684,0.5826049192419682,-1.997774640466652,7851.409863458899,0.9443792210886048,1.0588957227712414,142633503.319352,18638746.495862007,248298.84937387097,396133.7269663336,2.0598458344178585,1.0,3016.0409099762137,1.0
0,75,0.6487569870319158,0.0002022982549684,0.5826049192419682,-1.6028062997678898,7785.237850805543,1.0100923176621088,0.9935821573081379,134470202.58807182,1848434.1813346136,263378.367201707,420070.73747894075,2.2409077988053085,1.0,5685.384243722605,1.0
0,76,0.6487569870319158,0.0002022982549684,0.5826049192419682,-1.1150934112895943,7825.149567184265,1.0033698412611807,1.061651130076148,147675639.11848414,2955471.662213542,206175.23919926197,329179.0085803705,2.1050108927685685,1.0,6651.502799125083,1.0
0,77,0.6487569870319158,0.0002022982549684,0.5826049192419682,-2.3876486593002886,7763.542451047776,0.9620011169776682,1.05408705530583,85378667.3004755,3327556.369319787,299565.2863033441,477524.04631348717,2.094535450716504,1.0,610.7887812894393,1.0
0,78,0.6487569870319158,0.0002022982549684,0.5826049192419682,-1.394698411019384,7786.514557004745,1.0282973945708616,0.9649439351142964,131043863.83421442,1736680.7887723926,236584.28714379636,377093.13263795373,2.2878389432980284,1.0,6196.763206971022,1.0
0,79,0.6487569870319158,0.0002022982549684,0.5826049192419682,-3.1417442232676915,7785.911101469026,0.9489875031124458,1.0396016508620562,66330058.112388164,2183583.919962338,412189.51302904263,657294.04777083,3.4498393922955013,1.0,425.8389382925921,1.0
0,80,0.6487569870319158,0.0002022982549684,0.5826049192419682,-1.571428578600306,7766.585323330922,0.9484421117165985,0.9975659590061194,140632307.01422083,2042937.0674873951,262738.49741253967,419076.3711286408,2.1513423918377796,1.0,5590.373528874501,1.0
0,81,0.6487569870319158,0.0002022982549684,0.5826049192419682,-2.084416330348213,7844.292656446502,1.0339403040378643,1.0699361365756377,124012479.52112901,6823586.84863722,223653.35395226904,356983.3661419525,2.1279406649130146,1.0,1093.0108216145431,1.0
0,82,0.6487569870319158,0.0002022982549684,0.5826049192419682,-2.103232197213483,7781.968021331733,0.9849070888996926,0.9640769361392665,102557637.20857508,4474747.905052927,226485.10041051905,360692.0996784354,2.161861306059059,1.0,769.0731705438761,1.0
0,83,0.6487569870319158,0.0002022982549684,0.5826049192419682,-2.2778579215364014,7706.178655697216,1.0363810156782054,1.0655871682314395,74112547.66085364,2975422.5727974833,315238.8183484754,502724.8137888958,2.4300020108054556,1.0,547.5664798690822,1.0
0,84,0.6487569870319158,0.0002022982549684,0.5826049192419682,-2.0121009110246275,7782.894721506419,0.9714616241902406,0.8994157743904571,108745518.3074814,4925106.961338295,207040.70041723753,329675.8556896066,2.264585250552661,1.0,825.3981851535492,1.0
0,85,0.6487569870319158,0.0002022982549684,0.5826049192419682,-0.8682189545924461,7868.30360407338,1.019767257264229,1.1221158373502251,155502518.01734006,4277118.824993033,231016.93173807632,368695.15225285204,2.037712370656858,1.0,6983.524978965425,1.0
0,86,0.6487569870319158,0.0002022982549684,0.5826049192419682,-1.9617142663951137,7849.393311056452,1.0021239480096253,0.9710948273820412,140294027.14380768,17128167.481869772,230213.7886053764,367268.99087014707,2.2682281150129846,1.0,2494.8691363059675,1.0
0,87,0.6487569870319158,0.0002022982549684,0.5826049192419682,-2.690373354731156,7927.518289070756,1.0049839972812769,1.0015723670035377,98988938.40284091,3894901.30707797,293519.71626608545,467456.74099474965,2.1133668332186675,1.0,689.4528658701632,1.0
0,88,0.6487569870319158,0.0002022982549684,0.5826049192419682,-1.3763783137254222,7781.329642985862,1.1324018939481761,1.0063688833949638,121190681.6665527,1600349.7338481687,244834.52580685145,390318.1954423513,2.3961204594839574,1.0,6105.3831413819025,1.0
0,89,0.6487569870319158,0.0002022982549684,0.5826049192419682,-1.980676395786333,7827.374931244155,1.0479910019710545,1.0021273216078501,124188950.73921698,7179761.854671647,226699.4777976964,361822.1967531063,2.25077118578157,1.0,1132.6672009652411,1.0
0,90,0.6487569870319158,0.0002022982549684,0.5826049192419682,-3.236887148376532,7893.418247350996,1.0593651410114713,1.0119484215866221,67433230.10096261,2296101.097113708,393520.1561506638,627184.8519751471,2.9761767644936064,1.0,440.01626586634063,1.0
0,91,0.6487569870319158,0.0002022982549684,0.5826049192419682,-3.025682897495079,7808.9994363867,1.0251124396164797,0.9510545816880872,65298116.40367826,2246947.5808328874,392783.9124122975,626313.30204739,3.3641543425878546,1.0,426.8864450911015,1.0
0,92,0.6487569870319158,0.0002022982549684,0.5826049192419682,-1.9346266102368186,7838.764687030089,1.080938816537197,0.9145972091858808,128290763.4490546,9093635.36023596,233314.05696612803,372299.8568387984,2.4525577219982053,1.0,1378.1765109400405,1.0
0,93,0.6487569870319158,0.0002022982549684,0.5826049192419682,-1.9493677945623138,7788.102275887545,1.0321788625609654,0.9454668886325669,111691856.52993107,5487204.518326109,206516.83238085185,329776.5931264807,2.3044362222668893,1.0,901.5025149740803,1.0
0,94,0.6487569870319158,0.0002022982549684,0.5826049192419682,-2.8311997154665427,7794.2461783561275,1.0434410392375786,0.9474622912573896,67244048.40523233,2412258.1516574384,369108.7379900182,588560.2190016481,3.0764333390007277,1.0,452.14783929502335,1.0
0,95,0.6487569870319158,0.0002022982549684,0.5826049192419682,-2.8427834576895843,7863.559313131007,0.9808760147167943,0.9731889614225664,79887908.79229465,2858119.070705296,345730.9726146695,550910.3886556535,2.22190600986856,1.0,531.7413174515987,1.0
0,96,0.6487569870319158,0.0002022982549684,0.5826049192419682,-1.6827363290630808,7876.033793611497,1.0057153399631928,0.9370843836769616,131263874.50564378,1648796.2987230304,267592.3854306578,426400.11792430596,2.340492799697767,1.0,6294.74955151499,1.0
0,97,0.6487569870319158,0.0002022982549684,0.5826049192419682,-2.0618159001630323,7846.816858053971,1.0201445422520672,0.9841024254364231,125311758.26633224,6968725.8939922,229837.5570184717,366847.8930570779,2.235379893905627,1.0,1104.5107740381156,1.0
0,98,0.6487569870319158,0.0002022982549684,0.5826049192419682,-1.71331588945373,7787.783073411422,1.0005919426007184,0.9016885880373292,137230019.2133985,12460516.225781847,255176.36496561882,407099.7506324809,2.377518371357864,1.0,3885.003779802376,1.0
0,99,0.6487569870319158,0.0002022982549684,0.5826049192419682,-2.1222356267993465,7838.09883319111,0.9654469714296714,1.017761247515817,124624486.70209584,6224884.870203803,221061.5653141327,352904.3891529245,2.1114557681989368,1.0,1015.853385905064,1.0
0,100,0.6487569870319158,0.0002022982549684,0.5826049192419682,-2.1744742479359074,7804.851413618698,1.080003848745183,0.9852415321474275,95370248.9111269,4216518.145575766,228368.6036313283,363696.57069419674,2.2654230505610142,1.0,724.8398429605512,1.0
0,101,0.6487569870319158,0.0002022982549684,0.5826049192419682,-1.3707609805267733,7821.267157277273,1.0123268921197712,1.078831436536178,139337591.4390607,2166377.1671071663,219229.82231484115,349106.5092448515,2.047924636738489,1.0,6454.847696831872,1.0
0,102,0.6487569870319158,0.0002022982549684,0.5826049192419682,-2.0504053742583768,7813.211179135594,1.0476236931420688,1.0724248317810445,115419893.38877074,5790289.982527725,204388.34922119643,326322.0737031091,2.1448093641227146,1.0,955.4222826031057,1.0
0,103,0.6487569870319158,0.0002022982549684,0.5826049192419682,-1.441069224991884,7843.266370345012,0.9730888319055445,0.9932048148717043,140702830.00712943,2108065.9844158594,232483.8872872247,370219.6531441569,2.1057274583809287,1.0,6484.0040968601525,1.0
0,104,0.6487569870319158,0.0002022982549684,0.5826049192419682,-2.0698129680508566,7852.116441588325,0.9982243596935232,0.9093127687182149,125763482.84081164,6827838.86728313,234442.31333650992,374212.23364368273,2.323975085237458,1.0,1079.2941478965195,1.0
0,105,0.6487569870319158,0.0002022982549684,0.5826049192419682,-1.881092524882101,7886.106695660466,0.9679518693021592,0.957631539917271,137030951.67045075,1655162.2820450983,278936.10156024277,444756.28004377655,2.253880770713438,1.0,5960.920067121655,1.0
0,106,0.6487569870319158,0.0002022982549684,0.5826049192419682,-1.7094421096550407,7820.101709753748,0.9363017224663034,0.9358886776678735,140452552.48980185,1625483.9579605544,269646.20589253056,430021.5127092972,2.2419065734502572,1.0,5833.6094931378575,1.0
0,107,0.6487569870319158,0.0002022982549684,0.5826049192419682,-2.131679426397234,7870.016248430166,1.022659735267484,1.0461220732376975,128473454.68187085,7638245.22390041,234339.75240089113,373994.68898790027,2.14443851342511,1.0,1199.532799448822,1.0
0,108,0.6487569870319158,0.0002022982549684,0.5826049192419682,-1.9043780497085685,7850.369039780971,0.9145632375851622,1.085146097692236,142984556.72794917,3154604.852450884,281965.2873418435,449769.36783947493,1.9410787590984144,1.0,5405.028735676923,1.0
0,109,0.6487569870319158,0.0002022982549684,0.5826049192419682,-1.9138119630014219,7781.774856916562,1.0087139490787558,1.0585448608737393,120803524.45212643,6306385.767092561,210623.8660316908,336229.2223461084,2.1224181092954155,1.0,1028.7544621538104,1.0
0,110,0.6487569870319158,0.0002022982549684,0.5826049192419682,-2.167781959819685,7823.597580022433,0.9791549744618379,1.0146198071702572,114033734.89896739,5203861.213135583,215951.56316954817,343845.1185122951,2.125725642424796,1.0,877.4055185465045,1.0
0,111,0.6487569870319158,0.0002022982549684,0.5826049192419682,-1.9227159615743752,7855.877067783676,1.0400596387718108,0.9754284729749548,131549706.31695527,7333357.346365982,281953.74799250736,449825.24814025615,2.3175655216434765,1.0,4649.693083361039,1.0
0,112,0.6487569870319158,0.0002022982549684,0.5826049192419682,-1.513381606332028,7867.40452127676,1.03794996376025,1.0012309738930334,130589602.16564688,1798104.9127681977,250921.02390994484,399629.1462735004,2.1982514827100914,1.0,6437.998661733286,1.0
0,113,0.6487569870319158,0.0002022982549684,0.5826049192419682,-1.2636465434056265,7890.976089291607,1.0046865025606369,0.9964555230131922,141601326.59554353,2365493.095477473,230408.28627837682,366867.03928021435,2.1749604436722554,1.0,6702.806387716685,1.0
0,114,0.6487569870319158,0.0002022982549684,0.5826049192419682,-1.426741714190923,7764.923060271222,1.0110629861851193,0.9659300581668417,133087379.36626296,1572852.2071499238,245652.7803132765,391684.9782058349,2.2945224963132795,1.0,6020.433962157222,1.0
0,115,0.6487569870319158,0.0002022982549684,0.5826049192419682,-2.1392488366547986,7819.759473022502,1.0489360033110717,0.9496496358005131,103843231.0586124,4719500.6119893035,214053.00037284216,340839.62503238686,2.278160355761024,1.0,794.3799812616687,1.0
0,116,0.6487569870319158,0.0002022982549684,0.5826049192419682,-2.2429229087604363,7815.215429090275,1.0638401718728774,0.9778153066415393,94537822.24604988,4073223.234466947,239835.79113680695,381974.13358085044,2.2732320325182456,1.0,705.2313831936076,1.0
0,117,0.6487569870319158,0.0002022982549684,0.5826049192419682,-1.8393725300702144,7823.364238193927,0.9753763274832736,1.025454863503549,135592197.81426886,7208504.750743897,283834.8866184539,452829.2320075073,2.203767056598174,1.0,4672.98165609612,1.0
0,118,0.6487569870319158,0.0002022982549684,0.5826049192419682,-2.717617483877766,7889.314944379731,1.0244176128754157,0.975821619615492,86293843.0407663,3265192.609083195,312595.2652575968,497942.0562875094,2.324658418611945,1.0,591.2240420010352,1.0
0,119,0.6487569870319158,0.0002022982549684,0.5826049192419682,-1.8041707047982212,7910.467571239206,1.0072294542035403,0.9977834484551918,132807516.9299442,1631835.2300516167,275368.4565315187,438709.8607673754,2.23909973985852,1.0,6322.956097541457,1.0
0,120,0.6487569870319158,0.0002022982549684,0.5826049192419682,-2.283232315049954,7884.286578171554,0.9898598662805669,1.0314051457487925,122296471.6425813,5968308.294668804,220862.78282945888,352607.78583597246,2.1110254407455615,1.0,978.3592178892815,1.0
0,121,0.6487569870319158,0.0002022982549684,0.5826049192419682,-2.203710216434912,7932.776744830635,1.0208928285693597,0.9439177741154602,137067206.44659266,18472797.02945627,249935.31447370708,398745.65121187613,2.3345306213074677,1.0,3030.701560266267,1.0
0,122,0.6487569870319158,0.0002022982549684,0.5826049192419682,-2.2968987070534332,7799.016110458755,1.0051231986732887,0.9973590215765862,93058340.34981996,3833292.276529934,261259.89243801153,416241.67742928985,2.208695233574523,1.0,678.3892416910397,1.0
0,123,0.6487569870319158,0.0002022982549684,0.5826049192419682,-1.4212034743285464,7777.006706100409,0.9685004097633041,1.032540190948964,140886562.84831527,1848003.1305137195,225662.12422090382,359681.5215860137,2.052067764516198,1.0,6204.135985248785,1.0
0,124,0.6487569870319158,0.0002022982549684,0.5826049192419682,-1.5010536990567924,7791.609505943985,0.9441003855374003,0.9830987752527167,141815339.08659208,1729574.236849159,237507.97995356127,378582.94883058674,2.1179905910110213,1.0,6166.3945347961735,1.0
0,125,0.6487569870319158,0.0002022982549684,0.5826049192419682,-2.116014705954174,7880.025268258953,0.966935306922866,1.0057008482277028,137938139.33927798,11117893.41821672,247666.52033771566,395177.2911026733,2.1459295556721854,1.0,1671.1295504386428,1.0
0,126,0.6487569870319158,0.0002022982549684,0.5826049192419682,-1.6967848313096985,7860.552990151628,0.9153515577838307,0.9534240614714867,144269026.80969167,1725434.8308275954,253265.57275744836,403532.5058331851,2.1115531682700097,1.0,6296.622347148679,1.0
0,127,0.6487569870319158,0.0002022982549684,0.5826049192419682,-2.036201652413568,7731.486846417975,0.9978903423273464,0.973925470809375,91298102.10194579,3913751.6075844453,255672.80031767578,407562.1617950029,2.26439060628083,1.0,686.7910130017871,1.0
0,128,0.6487569870319158,0.0002022982549684,0.5826049192419682,-1.623953465537285,7793.968624380539,0.9118274163898773,0.9771762869015546,144381326.55928427,1508876.3877572443,258785.93877552694,412685.7741049734,2.137465197837421,1.0,5877.012305904296,1.0
0,129,0.6487569870319158,0.0002022982549684,0.5826049192419682,-2.3980128461632186,7757.243689220422,0.9724630914767259,0.9903870238726281,81051548.64975157,3124280.458178738,313095.08659921057,499177.31467849866,2.1621483121361553,1.0,571.9919118555601,1.0
0,130,0.6487569870319158,0.0002022982549684,0.5826049192419682,-1.636204949547681,7809.673396999904,1.0000184045718894,1.010712848293726,135103930.78040528,1546101.869346242,259793.42068321677,414264.8447785318,2.2160076509745044,1.0,5919.248265662038,1.0
0,131,0.6487569870319158,0.0002022982549684,0.5826049192419682,-1.8429269285436036,7796.691148948162,1.0037774150658527,1.0926394723362618,135861645.588484,10217452.100825006,231360.01508701997,369156.1307908548,2.0833285491614393,1.0,1557.9148498545862,1.0
0,132,0.6487569870319158,0.0002022982549684,0.5826049192419682,-0.7599128936037476,7853.682974451631,1.0443646515738845,0.9644038655641202,148348214.80834883,3377441.7353710243,225887.30589036568,360566.4537634415,2.2962322775151556,1.0,6786.864234380787,1.0
0,133,0.6487569870319158,0.0002022982549684,0.5826049192419682,-2.163723332816627,7774.626990282483,1.0277412715369838,0.9662230931792022,91963279.44534168,3909890.153039703,250394.44307799096,399012.6753411459,2.2967320091748973,1.0,683.4298372332977,1.0
0,134,0.6487569870319158,0.0002022982549684,0.5826049192419682,-1.9863124030602461,7848.966277168204,0.9580172319049888,0.9781160695065273,141697057.09605852,14725764.117475597,239290.3269056992,381770.9260280271,2.19612324018853,1.0,2164.9377012198443,1.0
0,135,0.6487569870319158,0.0002022982549684,0.5826049192419682,-1.6739317724477059,7884.536816817145,0.8878688092742492,1.0821538841965948,157459917.6838349,2345006.264093647,248498.1683219224,395714.6256417712,1.904376736375931,1.0,6606.051830870762,1.0
0,136,0.6487569870319158,0.0002022982549684,0.5826049192419682,-2.0672852647584183,7856.06442128576,0.989601018815347,0.9525490828489618,130779823.76171164,7749492.686930683,238829.20912909738,381160.13825558696,2.2479375346093957,1.0,1208.677316796938,1.0
0,137,0.6487569870319158,0.0002022982549684,0.5826049192419682,-2.056542464242068,7871.0685143298615,1.0613892601905022,0.9545728675415307,129933672.46120045,9159239.685448773,236839.7313297778,377926.68573252525,2.3527673891180703,1.0,1391.8603051289363,1.0
0,138,0.6487569870319158,0.0002022982549684,0.5826049192419682,-1.7949745556320247,7852.870657328519,0.9995983426569676,0.9681848808837621,134320897.19729388,1731735.330653687,274865.10479345976,438327.90757538,2.2690222800271256,1.0,5846.686827365302,1.0
0,139,0.6487569870319158,0.0002022982549684,0.5826049192419682,-2.141216861713595,7890.681094572391,0.8939896484342366,0.989004380111546,144926211.99114284,18465455.95748029,258997.77502577787,413222.585915913,2.078848800964728,1.0,2709.9305644067417,1.0
0,140,0.6487569870319158,0.0002022982549684,0.5826049192419682,-1.828485279470828,7807.073867308361,1.0675118523168825,0.9590691152552169,131225008.16125901,10098161.242592253,229202.93057768827,365712.68262453855,2.368006633159582,1.0,1521.2274069185771,1.0
0,141,0.6487569870319158,0.0002022982549684,0.5826049192419682,-1.6514005471736108,7779.663297786228,0.9593391499793937,0.994304013077974,139214566.19728807,3533576.705854928,270647.93651035463,431740.8601576103,2.1450025261442676,1.0,5269.757238553696,1.0
0,142,0.6487569870319158,0.0002022982549684,0.5826049192419682,-1.6059920416765923,7743.676932452181,0.9516090547743058,0.9460043485170192,144319833.65368623,12863034.245823141,226664.91481663645,361626.125870066,2.225210974698659,1.0,1910.7718919957815,1.0
0,143,0.6487569870319158,0.0002022982549684,0.5826049192419682,-1.84629624461274,7805.324363010767,0.9872590625961518,1.0069833447250494,138923128.33611786,11645327.643226268,233734.73780909117,372925.505869828,2.1883968915446683,1.0,1744.6762196307793,1.0
0,144,0.6487569870319158,0.0002022982549684,0.5826049192419682,-1.2804567376615694,7704.042382903602,0.9812275687683719,0.9980673172115639,138106875.62317508,1472069.8089481897,240599.6748724013,383723.2874477913,2.198612749946312,1.0,5807.632075793245,1.0
0,145,0.6487569870319158,0.0002022982549684,0.5826049192419682,-2.2190705826547,7866.6045216658085,1.0054846620611817,1.0104485231040927,119684946.86556035,5830618.765258382,216722.34413774798,346011.12734229706,2.1672628272676078,1.0,956.5530676654631,1.0
0,146,0.6487569870319158,0.0002022982549684,0.5826049192419682,-2.654743581373885,7919.220870680187,0.9334949799221073,0.9990317579103257,108132661.54659006,4261851.755484316,291092.8115213434,463575.29217673227,2.0397197408209533,1.0,750.3854709347166,1.0
0,147,0.6487569870319158,0.0002022982549684,0.5826049192419682,-2.528004328980216,7836.188485388978,0.9415250346032111,0.9050744054912924,90498277.71619967,3412582.842263146,302900.595826168,482588.3017129405,2.3231118494139404,1.0,612.8895371851579,1.0
0,148,0.6487569870319158,0.0002022982549684,0.5826049192419682,-2.417180199781191,7808.497707108207,1.072215900711087,0.9610023596113537,81681134.8255771,3284055.1349450103,287018.46123731695,457438.03855156136,2.404859566487851,1.0,586.9310436073205,1.0
0,149,0.6487569870319158,0.0002022982549684,0.5826049192419682,-1.2604225726480296,7810.360201215036,0.9937353840723206,0.9836543549174814,140155147.02341336,2321382.162961618,209111.27062264958,332977.4960163458,2.1670706267864785,1.0,6470.342542189142,1.0
0,150,0.6487569870319158,0.0002022982549684,0.5826049192419682,-2.661442274579394,7831.81589072084,0.9591537822243525,0.979810938769665,84125576.0835675,3099886.5732623697,323993.5916975832,516300.4646142022,2.2080853539779026,1.0,571.0910879745438,1.0
0,151,0.6487569870319158,0.0002022982549684,0.5826049192419682,-2.047223591614976,7723.974811779638,1.0093521992632881,0.9505890687919349,86989316.05018665,3694848.4632166796,268259.74097448075,427690.1972006678,2.3313161486951417,1.0,650.5987207590423,1.0
0,152,0.6487569870319158,0.0002022982549684,0.5826049192419682,-2.031600670416589,7820.2544155441565,1.0228529580231571,0.9221829396270049,115326164.1804167,5696435.720858966,215438.97799233047,343983.33568979637,2.3322822963003365,1.0,927.353781124138,1.0
0,153,0.6487569870319158,0.0002022982549684,0.5826049192419682,-2.2111698268531157,7864.13994230302,0.9772116517856861,0.8981073147386089,117377842.24309795,5442310.723381091,218238.16236960667,348490.32039989723,2.2997042765245843,1.0,894.1543809555144,1.0
0,154,0.6487569870319158,0.0002022982549684,0.5826049192419682,-1.971041718956431,7792.794893797537,1.0255653047428643,1.0262040881173473,116003656.89275736,5822530.367036886,206332.13308653413,329427.72864223534,2.1836214315152076,1.0,957.5033685456189,1.0
0,155,0.6487569870319158,0.0002022982549684,0.5826049192419682,-1.7876119214263892,7838.357660746322,0.9637690079362222,0.9314234110691838,137664010.5693314,1961186.8092372546,277569.6837971688,442701.2082649634,2.2676993458590373,1.0,5700.243203361946,1.0
0,156,0.6487569870319158,0.0002022982549684,0.5826049192419682,-1.274770735134886,7784.719794201493,1.0317710253472918,1.0220604183732984,134536411.09277597,2054671.6140517364,210189.00878403464,334844.6566195628,2.139209910154676,1.0,6334.926403980373,1.0
0,157,0.6487569870319158,0.0002022982549684,0.5826049192419682,-1.4596794173998064,7903.528319852051,1.0571433540540476,0.9933165656091242,128569066.40678988,1837902.4504901303,260345.06797547833,414613.69111190876,2.210185048134169,1.0,6568.94702291278,1.0
0,158,0.6487569870319158,0.0002022982549684,0.5826049192419682,-1.620214651812061,7834.868462322946,1.015808057618635,0.938179949974555,130888423.88055275,1591055.7032773078,261908.90768020312,417513.78102175944,2.361241692557709,1.0,6136.565339472024,1.0
0,159,0.6487569870319158,0.0002022982549684,0.5826049192419682,-2.0494881290320874,7801.536463302396,1.0623071072145605,1.0167672933574632,107418001.11318098,5130496.594590927,197665.24831352592,314724.5346425745,2.2227933458739964,1.0,857.9206086566247,1.0
0,160,0.6487569870319158,0.0002022982549684,0.5826049192419682,-2.2587842122182584,7839.9922487758895,1.026442304155879,0.9472852095419814,102509781.02623442,4452584.998160167,233649.38953691558,372069.50181353855,2.241143582241498,1.0,759.2642810067712,1.0
0,161,0.6487569870319158,0.0002022982549684,0.5826049192419682,-1.6078739382105716,7835.632474203051,1.055884835606324,1.007956523330975,128422443.54292369,1585559.7676950244,257757.15851889452,410871.0001970485,2.29771966469133,1.0,6148.875373826976,1.0
0,162,0.6487569870319158,0.0002022982549684,0.5826049192419682,-2.2138690148814346,7821.9113628627065,0.9837188134174778,0.9675462475154725,106530132.47879085,4630450.644192021,231271.16607666053,368281.8503023368,2.162471106761851,1.0,791.5955283533616,1.0
0,163,0.6487569870319158,0.0002022982549684,0.5826049192419682,-1.8797935911239616,7845.154642679927,1.0353446931426482,0.9626520842016884,132392206.04833874,6217619.123333957,280064.49612467154,446800.1460368784,2.260882081047512,1.0,4823.432339546795,1.0
0,164,0.6487569870319158,0.0002022982549684,0.5826049192419682,-1.5930327799280966,7831.524892949842,1.0007626597611057,1.0150401638703967,135127112.70184863,1646370.0802077078,248148.24703873906,395479.8053036483,2.1750725926496153,1.0,6214.0024145739935,1.0
0,165,0.6487569870319158,0.0002022982549684,0.5826049192419682,-2.533582802112968,7857.470284527035,0.8815829037279067,1.0557084154899694,110853735.41892594,4374961.296989855,284907.2471630095,453742.20988888736,1.8953853551264936,1.0,781.5809948326764,1.0
0,166,0.6487569870319158,0.0002022982549684,0.5826049192419682,-2.485009078659923,7790.360494173255,1.0290673870073317,0.9610759427934934,78513741.08045083,3036701.7912795166,312016.82923902944,497398.29803742614,2.294909152632302,1.0,552.3353307362842,1.0
0,167,0.6487569870319158,0.0002022982549684,0.5826049192419682,-1.3917693361851415,7941.981263095888,0.9818095650818589,0.951570462881042,139935502.13484663,2137453.404748589,261415.3722587477,416264.00694900897,2.189915108496162,1.0,6781.7530060726995,1.0
0,168,0.6487569870319158,0.0002022982549684,0.5826049192419682,-1.1943341252459827,7831.110064920631,0.9869714211408956,1.0420777609924399,147343015.01445228,2792875.4281963813,203508.0087670826,324957.1616786682,2.1070093800837673,1.0,6633.259935283511,1.0
0,169,0.6487569870319158,0.0002022982549684,0.5826049192419682,-1.7474312911910763,7848.358036170991,0.9684219707376802,1.06953144024424,140008948.24787456,1521277.6829371494,256697.99641689658,409224.30025046127,2.0761247242740906,1.0,6053.586221020962,1.0
0,170,0.6487569870319158,0.0002022982549684,0.5826049192419682,-1.6760529713468868,7787.382745587954,1.0494057349176023,0.9993510460328627,132177724.06150669,5160783.431047438,267564.93801612605,426840.57699333964,2.235777152601974,1.0,4981.795327366834,1.0
0,171,0.6487569870319158,0.0002022982549684,0.5826049192419682,-2.516251919756728,7842.202868470946,1.0091121515209491,0.9808851193033434,89125241.90287417,3492543.4081504815,289003.41528843576,460356.0180723194,2.2786077986206106,1.0,626.4731394881472,1.0
0,172,0.6487569870319158,0.0002022982549684,0.5826049192419682,-0.8215546159729485,7908.657283137846,1.057722071065386,1.0626184239962704,147810494.83435422,3169087.3292223066,223746.18895938943,357162.6549732262,2.1500925749682973,1.0,6910.632358791217,1.0
0,173,0.6487569870319158,0.0002022982549684,0.5826049192419682,-1.9969331526135232,7785.576749217971,1.084507368018007,0.9884065557871389,103033387.31418745,4920745.985496197,195274.30200135586,310928.9765044857,2.2710242283105484,1.0,823.319843071398,1.0
0,174,0.6487569870319158,0.0002022982549684,0.5826049192419682,-2.1131663777220666,7815.894083092343,0.986626188900143,0.9789094281116707,113458630.10062385,5242899.816088633,208351.56060734822,331740.1817529147,2.1879584918122865,1.0,877.3364821997034,1.0
0,175,0.6487569870319158,0.0002022982549684,0.5826049192419682,-2.726063068276459,7789.32355925417,0.8902761486120163,1.024095436750685,81364049.76392043,2857271.704669774,352739.4157624154,562316.9955499807,2.232720554344033,1.0,541.9382482355695,1.0
0,176,0.6487569870319158,0.0002022982549684,0.5826049192419682,-2.1934663904427674,7845.997770880329,1.0419385369484717,1.0705386562670136,114079056.74001649,5478460.336081713,206693.8385574641,329078.48422647,2.1324616879782323,1.0,912.990717900853,1.0
0,177,0.6487569870319158,0.0002022982549684,0.5826049192419682,-3.1136369489785216,7814.099095938005,1.0987310926105385,0.9364989247369423,60487761.86239343,2098725.597547705,398681.91183550615,635749.9403130043,3.762703555488882,1.0,397.53741558468863,1.0
0,178,0.6487569870319158,0.0002022982549684,0.5826049192419682,-1.7262700755071565,7819.157223490392,0.978821048706208,1.0661219953186902,138158202.37605503,1816686.2670434522,265090.32542940805,422773.2000559806,2.0950059566854224,1.0,5738.207526682498,1.0
0,179,0.6487569870319158,0.0002022982549684,0.5826049192419682,-2.270245744537723,7777.892883713806,0.909136908141636,1.0522103132643208,101684963.66928558,4117296.326590711,262050.92693863562,417443.1163856935,1.9407350734203856,1.0,737.9969549844187,1.0
0,180,0.6487569870319158,0.0002022982549684,0.5826049192419682,-1.334905804826506,7832.093689895433,1.0664622705647784,0.9944753880736849,128801944.45203337,1883958.6843309747,229349.7457332723,365261.70536689187,2.230497303787905,1.0,6405.397232220795,1.0
0,181,0.6487569870319158,0.0002022982549684,0.5826049192419682,-2.8399380266303504,7832.8076064953375,0.9834176534810963,1.101245167057274,78836315.79232156,2848690.0200226577,342657.43019690394,546060.6531768948,2.104953926314123,1.0,540.5689543243287,1.0
0,182,0.6487569870319158,0.0002022982549684,0.5826049192419682,-2.859668020208073,7877.108283966975,1.031393330229276,0.9842946773314697,77790811.87284566,2827631.1575704236,341281.2516224082,543787.034398166,2.2761744995759634,1.0,524.120947720819,1.0
0,183,0.6487569870319158,0.0002022982549684,0.5826049192419682,-1.9890318162447633,7824.221563230302,1.0612471065520275,0.9294649763840458,117196747.98684362,6218734.976523603,221302.1719002387,353278.11347596796,2.3749727484242857,1.0,994.4278151558154,1.0
0,184,0.6487569870319158,0.0002022982549684,0.5826049192419682,-1.8688890492026908,7811.896647794304,1.0424426888975094,0.999682699005341,132086932.21143174,9632517.506670414,231219.42717153745,368942.766769958,2.2671969049759273,1.0,1464.4690427837124,1.0
0,185,0.6487569870319158,0.0002022982549684,0.5826049192419682,-1.7227544391713758,7836.94776606145,1.0307242276754902,0.9530416526881443,130943601.5175883,1675944.7088209267,272289.8511139184,434215.1566185352,2.337580277700242,1.0,5875.2288940411945,1.0
0,186,0.6487569870319158,0.0002022982549684,0.5826049192419682,-1.7566674858337,7856.358013861622,0.9889237505456414,0.9687160677758863,134937005.88414896,1571069.351435158,269267.4600285512,429304.5718927895,2.2718915954009384,1.0,6030.9351788564545,1.0
0,187,0.6487569870319158,0.0002022982549684,0.5826049192419682,-2.104842811860182,7812.647019740801,1.0519527668652127,0.991903246931761,106212313.71157265,4940885.079476731,206780.89494157434,329247.89758640865,2.23445972444753,1.0,829.8467948165007,1.0
0,188,0.6487569870319158,0.0002022982549684,0.5826049192419682,-1.4811539751057814,7858.187523926618,0.9221993917372625,1.0567542711597273,152792231.0525316,2549202.940825396,230858.3279591265,367601.0863729093,1.991499884548211,1.0,6629.696199169572,1.0
0,189,0.6487569870319158,0.0002022982549684,0.5826049192419682,-2.3428811661228592,7873.220614047372,0.9557797337739395,1.0711014965696322,120530357.39012137,5498797.419399597,231217.2135715363,368137.310651594,2.015173937986643,1.0,925.7132088451626,1.0
0,190,0.6487569870319158,0.0002022982549684,0.5826049192419682,-1.9013393512616508,7779.894409291768,0.8769452238702491,0.9853466515605507,135453557.26900077,7103358.054013589,230848.22595654946,368472.463387843,2.0451235085468222,1.0,1143.5840555814145,1.0
0,191,0.6487569870319158,0.0002022982549684,0.5826049192419682,-1.3473838382680907,7804.206356740535,1.0175916850467772,1.0321861962602568,136231845.47486064,2040119.785660283,216852.28811163045,345376.3282334479,2.1038424182794526,1.0,6373.292104310598,1.0
0,192,0.6487569870319158,0.0002022982549684,0.5826049192419682,-1.579370367952618,7840.970326372653,0.8679827664903588,1.0328658233986419,158701756.40657374,2414198.3607928096,230108.5047657586,366429.38555270835,1.9391415821922517,1.0,6506.461245244441,1.0
0,193,0.6487569870319158,0.0002022982549684,0.5826049192419682,-2.3518833509978547,7822.074456218822,1.0224736637849465,0.9448176918311333,91604043.83053653,3738146.947634473,265382.3745936295,422766.55404525186,2.3313358449793373,1.0,657.2309094879785,1.0
0,194,0.6487569870319158,0.0002022982549684,0.5826049192419682,-1.3023980119473366,7856.924061878936,1.022060182712237,1.0410304989223225,139037240.706353,2271991.352253833,224460.48703775648,357413.3071213845,2.1302064081152454,1.0,6588.192160472133,1.0
0,195,0.6487569870319158,0.0002022982549684,0.5826049192419682,-1.9639722076210973,7830.323889195781,0.97382331183458,1.0053863234212956,136503094.62760776,9507802.560605332,239759.11655924746,382582.72072252724,2.1602377828972648,1.0,1454.2825084476442,1.0
0,196,0.6487569870319158,0.0002022982549684,0.5826049192419682,-3.4919175749210973,7752.434210143327,0.933679008589647,1.0531348379009886,59201801.68153725,1819817.4694145012,462832.8685435428,738233.0692439637,4.505357154016892,1.0,358.8085933935997,1.0
0,197,0.6487569870319158,0.0002022982549684,0.5826049192419682,-1.3650001962256912,7736.675154520489,1.0250589635195477,0.933876975549237,131602149.22809586,1516741.2884788264,248938.53139966482,396997.2549483534,2.374522617989475,1.0,5877.070654861857,1.0
0,198,0.6487569870319158,0.0002022982549684,0.5826049192419682,-2.7730297664907315,7822.395815084552,0.9392024090899409,1.0341211638033756,81269198.30546306,2906448.8617774453,343378.0998880067,547260.1187377106,2.0782787633147892,1.0,547.4705266111418,1.0
0,199,0.6487569870319158,0.0002022982549684,0.5826049192419682,-1.5981275591800717,7803.262340351579,0.9357815307863471,0.9639461225070797,141497357.7832508,1543229.2343932008,253026.20705797168,403420.0327286205,2.1849279146664218,1.0,6035.047517791851,1.0
0,200,0.6487569870319158,0.0002022982549684,0.5826049192419682,-2.3786297190359122,7828.321451296439,0.9904713878692722,1.0084652115948953,97316408.79146226,3978532.092610047,263553.53687380516,419758.47893317026,2.119139556218776,1.0,703.098201086142,1.0
0,201,0.6487569870319158,0.0002022982549684,0.5826049192419682,-2.27140487725352,7899.96249066703,1.077957109460793,1.074659909296358,119518148.36163297,6311946.515131388,221570.9284876564,353690.8251072263,2.1580582178081924,1.0,1018.3687175290039,1.0
0,202,0.6487569870319158,0.0002022982549684,0.5826049192419682,-1.9293348040985405,7780.280117832651,0.9742638816177178,1.0353672425225218,122027153.73331356,6183544.836261463,211048.06619234162,336924.44700913824,2.1085901108089793,1.0,1014.0057002183842,1.0
0,203,0.6487569870319158,0.0002022982549684,0.5826049192419682,-2.9886576915335397,7889.11099636844,1.03033724325385,1.0548581749064707,76915007.26132311,2751518.3289990765,354161.6021843536,564287.552007794,2.1634471444044188,1.0,518.8368071358277,1.0
0,204,0.6487569870319158,0.0002022982549684,0.5826049192419682,-0.5217107019947242,7859.49814716671,0.9040407767394333,1.0716669706842066,170032695.38342786,7329403.330035519,285150.2934481216,454870.59831551235,1.9689345059752914,1.0,11070.800176188915,1.0
0,205,0.6487569870319158,0.0002022982549684,0.5826049192419682,-2.2401218205680755,7829.316029982461,0.896928508742306,1.0153378092018603,120944459.64907032,5305049.157659887,231981.64465868945,369384.583553753,2.013380515309415,1.0,902.7409141441989,1.0
0,206,0.6487569870319158,0.0002022982549684,0.5826049192419682,-2.0327369265973636,7805.888272430431,1.1117663509089597,1.0478431503071803,106552870.79471715,5270598.156557328,194611.34935768927,310784.0283120061,2.2434809810579717,1.0,875.3203389392371,1.0
0,207,0.6487569870319158,0.0002022982549684,0.5826049192419682,-1.3861334457985175,7790.942262657454,1.0176689530963279,1.0122919102609962,134266227.67317832,1852761.6850067547,226396.97315906128,360789.6459521174,2.1542458371742215,1.0,6263.357281205459,1.0
0,208,0.6487569870319158,0.0002022982549684,0.5826049192419682,-2.223828719843222,7862.722797046235,1.0042524394641024,0.9681216555356595,116100166.43617956,5449646.910872157,211922.78907509954,338399.1712545848,2.2262435985813283,1.0,900.7929566365697,1.0
0,209,0.6487569870319158,0.0002022982549684,0.5826049192419682,-2.203097437173582,7835.271838496574,0.9673228904057353,0.928646804418833,111592008.75181738,4928788.80034505,224040.24006907266,356737.13668099133,2.2241109764857625,1.0,829.9279309784166,1.0
0,210,0.6487569870319158,0.0002022982549684,0.5826049192419682,-1.9437007921175438,7773.935038910603,1.0484790153468115,1.0253061944252988,109148256.73438369,5330577.573350521,194709.24599149788,310952.4875130928,2.2003023787728533,1.0,888.2991364315528,1.0
0,211,0.6487569870319158,0.0002022982549684,0.5826049192419682,-2.0268201948426974,7930.913113980984,0.9508970920133369,1.003665361036027,139813972.64591318,1717963.8683786439,283835.8013376956,452530.47011068626,2.157759807430667,1.0,5979.1416487082415,1.0
0,212,0.6487569870319158,0.0002022982549684,0.5826049192419682,-2.5624088059974444,7802.901508374321,0.9928066627855535,0.9720465829061417,80346704.90809311,3029912.322301072,319453.16914472554,509207.51372603985,2.2357040304303006,1.0,555.5567535624018,1.0
0,213,0.6487569870319158,0.0002022982549684,0.5826049192419682,-1.209154563882416,7853.580344761749,0.9762305883280604,0.9858842317206008,146818931.32487437,2693276.30114541,210314.29190875663,334854.2627823195,2.1675375440153,1.0,6669.364786642712,1.0
0,214,0.6487569870319158,0.0002022982549684,0.5826049192419682,-2.591924307204601,7874.365036690475,0.9645746238699057,0.9635882413486977,95561691.38504063,3679997.9552179,295554.63937757345,470746.05482308014,2.1910098331384247,1.0,657.7513275773466,1.0
0,215,0.6487569870319158,0.0002022982549684,0.5826049192419682,-2.5430215877704994,7854.332086660269,1.0821324547622746,1.0528723493436263,86549475.40100896,3487975.038727221,282129.94596224156,449388.06388294784,2.2536322527473174,1.0,626.4525085978954,1.0
0,216,0.6487569870319158,0.0002022982549684,0.5826049192419682,-1.517942283706854,7869.587295866477,0.8593117281178909,0.9260996075102569,157078885.380653,2574490.5544763803,239054.4567299736,380655.4738375236,2.0831340718587605,1.0,6652.906039420295,1.0
0,217,0.6487569870319158,0.0002022982549684,0.5826049192419682,-1.6908259552102032,7822.563783905525,1.0060857998770723,1.0780623473729243,135766010.61982733,1568347.8732362308,258993.52261181493,412982.95946122153,2.1240513993459613,1.0,5902.762839349213,1.0
0,218,0.6487569870319158,0.0002022982549684,0.5826049192419682,-2.15433464498711,7902.985621070505,0.9775674715685867,1.0338773051576977,138953488.5244953,18804710.32945934,249791.17986212228,398521.251152343,2.134350412195695,1.0,2765.787350233109,1.0
0,219,0.6487569870319158,0.0002022982549684,0.5826049192419682,-2.489133008135919,7834.073774587635,0.951407129502698,1.0281192109974977,96703194.65260135,3797113.585379539,284442.24032495776,453056.27802763646,2.060627917691145,1.0,683.5401094766041,1.0
0,220,0.6487569870319158,0.0002022982549684,0.5826049192419682,-2.436950722156091,7826.81937902213,0.9546636748235147,0.9248579207755904,93181694.01735891,3627036.246866942,285151.2138964188,454250.9517887605,2.2852959734853497,1.0,645.6191465340348,1.0
0,221,0.6487569870319158,0.0002022982549684,0.5826049192419682,-1.398334573908775,7719.485463095276,1.024106470107584,0.9632663222775858,134637926.72892964,2812084.911304348,253640.17781769266,404593.8267324404,2.3079693575041227,1.0,5367.743122386288,1.0
0,222,0.6487569870319158,0.0002022982549684,0.5826049192419682,-1.5600148337396953,7887.494238563554,1.008195516952778,0.9767256249387088,133181735.41856253,1829378.2007591808,259762.24276937687,413699.75128288567,2.1804032457060822,1.0,6497.738344848661,1.0
0,223,0.6487569870319158,0.0002022982549684,0.5826049192419682,-2.474642097455802,7830.787586826255,1.0771171145145277,1.0902150746476935,87047971.25470331,3557032.5727094417,274715.5639991397,437597.37856082496,2.187100745589689,1.0,640.5023161454096,1.0
0,224,0.6487569870319158,0.0002022982549684,0.5826049192419682,-2.403180625271488,7896.012969210187,0.9845546149584511,0.9398446544603469,111453709.28333847,4807390.637555528,243186.69831017393,387222.0464421337,2.2230455759540613,1.0,811.9426352778767,1.0
0,225,0.6487569870319158,0.0002022982549684,0.5826049192419682,-1.251764388689537,7818.6343149984705,0.8858017000154961,1.024687899481257,162773730.67493922,3585320.542302664,221882.94978671594,354211.46571369056,1.9974231620430984,1.0,6737.115361208784,1.0
0,226,0.6487569870319158,0.0002022982549684,0.5826049192419682,-1.9094843205570349,7792.081415861943,0.9431660328310576,0.9763602341524745,129699560.37054077,7003802.063981364,228393.7300573448,364551.28436365485,2.1541012301247404,1.0,1119.5018557360024,1.0
0,227,0.6487569870319158,0.0002022982549684,0.5826049192419682,-1.874244110262738,7962.676326301043,1.058187491758277,0.9989366457838499,125788330.14277081,1690501.073245434,300928.38048049004,479352.0848431576,2.3302443855436503,1.0,6447.625609319643,1.0
0,228,0.6487569870319158,0.0002022982549684,0.5826049192419682,-1.6493871807563982,7851.888247412572,0.985134914364544,0.9563988656251049,134840486.3077585,1641424.230428693,258118.93427232388,411358.0683385262,2.263800825263571,1.0,6237.904340035065,1.0
0,229,0.6487569870319158,0.0002022982549684,0.5826049192419682,-1.0140680485550453,7828.029617227369,1.0210080950106324,0.994023477914086,144900020.19247997,2878487.071275224,210632.2241255775,336296.2964221611,2.222021983959163,1.0,6639.498225380525,1.0
0,230,0.6487569870319158,0.0002022982549684,0.5826049192419682,-2.3447301348206055,7747.28171923222,1.048538454916336,1.0160888938960073,76804294.79036328,3072660.642071463,305218.2693099965,486649.1921523917,2.2073950123281696,1.0,559.6997355983755,1.0
0,231,0.6487569870319158,0.0002022982549684,0.5826049192419682,-2.001492893549555,7878.231950164337,0.9329161460361302,1.0464030270035456,140232672.67675105,4080764.433112011,290901.4496710863,464055.8417523879,2.1205856419727294,1.0,5229.1814198206375,1.0
0,232,0.6487569870319158,0.0002022982549684,0.5826049192419682,-2.1621369004287234,7953.163186857477,1.014931014218679,1.0172023282229787,133964941.37317604,3002843.16635304,295364.47868211824,471111.794657922,2.258829325373563,1.0,5512.905413281199,1.0
0,233,0.6487569870319158,0.0002022982549684,0.5826049192419682,-2.4624121676857142,7804.379179204808,0.9229201686938481,1.015874513193434,93334046.83493488,3585145.9416895946,293402.95137053635,467460.8745895195,2.096189107486694,1.0,652.6569528451195,1.0
0,234,0.6487569870319158,0.0002022982549684,0.5826049192419682,-2.919134800823253,7802.408728983828,0.9908232172242033,1.0415994691249986,70511082.69558032,2466870.850130149,372550.32151388493,593973.3788709226,2.8458513006449806,1.0,471.71533731138527,1.0
0,235,0.6487569870319158,0.0002022982549684,0.5826049192419682,-2.4054505264560038,7880.150836433591,0.9767021272650058,1.0015001653580473,111121898.23680004,4766961.400496672,247325.5314529464,393828.7497678834,2.1229978877492037,1.0,815.4077321631966,1.0
0,236,0.6487569870319158,0.0002022982549684,0.5826049192419682,-2.5680958484282144,7789.6048800433155,1.0504043151833453,0.9553037577556334,73860487.46857053,2813183.293411757,327782.7794766023,522589.21809795115,2.406206681016832,1.0,515.7328398424215,1.0
0,237,0.6487569870319158,0.0002022982549684,0.5826049192419682,-2.8124449593546137,7861.166847938092,1.0026435545654122,1.0969247900985621,82975053.0694835,3070362.590943212,329203.44339008967,524462.4978056495,2.1073333495137585,1.0,574.6831265987541,1.0
0,238,0.6487569870319158,0.0002022982549684,0.5826049192419682,-2.370428921627542,7810.85653983299,0.9764979529171203,0.9911586668833076,93984396.9038207,3772868.5985956006,271834.9850118625,433044.3849096088,2.1818424661050835,1.0,672.1270116679244,1.0
0,239,0.6487569870319158,0.0002022982549684,0.5826049192419682,-2.252891710775418,7873.90602111348,0.9976841657280296,1.0006964699998218,119426099.4476019,5718051.432425043,216380.18366699672,345479.28954154043,2.1688270117146016,1.0,941.0547664505457,1.0
0,240,0.6487569870319158,0.0002022982549684,0.5826049192419682,-2.5813156375025628,7794.538614452201,1.034661798135973,1.0052615470703488,76200106.32362626,2899145.5850894805,322857.8275773963,514685.93658268545,2.234841939647873,1.0,534.4921851800074,1.0
0,241,0.6487569870319158,0.0002022982549684,0.5826049192419682,-2.3124212064901863,7751.648273983559,0.9736316489176081,1.0669404802526228,85815009.16195151,3415458.184911903,291138.2553167235,464107.2037190608,2.0954236832763753,1.0,623.9373951470759,1.0
0,242,0.6487569870319158,0.0002022982549684,0.5826049192419682,-2.1870307060404053,7876.777911998661,0.9943914282744801,0.9927581624759231,126495512.17501932,6743403.7000943255,232483.72083099667,371090.127342624,2.176720062563867,1.0,1076.838844926941,1.0
0,243,0.6487569870319158,0.0002022982549684,0.5826049192419682,-1.705061179920473,7898.920453688145,0.9691927767479993,0.9132090650465209,134648611.4404041,1715847.2360646466,273155.80630612926,435088.87897258456,2.2987406554931225,1.0,6412.280980671606,1.0
0,244,0.6487569870319158,0.0002022982549684,0.5826049192419682,-2.6026093666844816,7866.18432758202,0.9069688231890654,0.9208379300610309,97319183.69297685,3631255.711156586,306451.43508055725,488131.43294223264,2.1955672108690285,1.0,651.9860145584964,1.0
0,245,0.6487569870319158,0.0002022982549684,0.5826049192419682,-1.042979671841326,7824.564455616609,1.0272146910440028,0.9807013630561294,142087474.39878392,2679143.3603588124,206211.7719165988,329277.88762343087,2.2453934197145604,1.0,6591.619863309725,1.0
0,246,0.6487569870319158,0.0002022982549684,0.5826049192419682,-1.2329973145052922,7804.980797003061,1.0170871426796377,1.046947060470676,139956099.65965068,2380323.3726228406,204047.99138413218,324904.7617094672,2.117331476654866,1.0,6476.561420175756,1.0
0,247,0.6487569870319158,0.0002022982549684,0.5826049192419682,-0.9503438360035124,7868.058443180959,0.9453952245980528,1.0032799919157287,162387691.1757798,4790407.6163511975,243101.55045563093,387972.89167911815,2.1035763021264917,1.0,7052.83705911139,1.0
0,248,0.6487569870319158,0.0002022982549684,0.5826049192419682,-0.7316517095867512,7896.586647416903,0.963339749256506,1.013286843976334,163929008.76100624,7690890.240013772,251816.6478658702,401801.0180842077,2.1202603972673204,1.0,7549.102332241052,1.0
0,249,0.6487569870319158,0.0002022982549684,0.5826049192419682,-1.9417582757989353,7726.829004399436,1.0194663640694985,1.0358162996120681,96583191.70790045,4354962.410072579,228150.6018667182,363630.33185632067,2.130315642393505,1.0,755.7961952726056,1.0
0,250,0.6487569870319158,0.0002022982549684,0.5826049192419682,-1.2453341285087327,7825.4576431018995,1.0304285378228673,0.9265243174084582,132734108.32584837,2058347.2733046068,218630.71161876523,348156.585488897,2.2857209845105055,1.0,6444.02247864859,1.0
0,251,0.6487569870319158,0.0002022982549684,0.5826049192419682,-1.984228967557959,7872.383949488081,1.0152831748957174,1.0634246621091454,133115266.12053066,6019722.211395165,286872.04281719314,457660.13594801555,2.3092878997799096,1.0,4877.521327050782,1.0
0,252,0.6487569870319158,0.0002022982549684,0.5826049192419682,-2.3622958316867684,7804.064522952871,0.9587280144971668,1.0272888942254415,96136094.45084825,3864354.3805011422,270327.216805879,430612.04158882465,2.0815592663480413,1.0,691.7689953170269,1.0
0,253,0.6487569870319158,0.0002022982549684,0.5826049192419682,-1.539943502793029,7813.703763044092,1.0275543547853492,1.0074131158070834,131805437.25305499,1613656.103148871,248281.16741124608,395760.48943258834,2.242881057129017,1.0,6156.312240547911,1.0
0,254,0.6487569870319158,0.0002022982549684,0.5826049192419682,-2.4562222304531476,7840.860392215686,0.9641386649129532,1.0738277095105067,101525541.18412462,4120200.4926385307,271008.8784582581,431611.77805175644,1.9606954943409753,1.0,735.0008516371039,1.0
0,255,0.6487569870319158,0.0002022982549684,0.5826049192419682,-1.9179210228642414,7822.744909223066,1.0368668862817125,1.0319991146748286,132313130.98541415,9549336.068633923,232354.40424388027,370756.7805646015,2.2083142348927134,1.0,1456.5743881808291,1.0
0,256,0.6487569870319158,0.0002022982549684,0.5826049192419682,-1.2854589495859687,7873.086944509352,1.0599475297945722,0.9665805846504232,130342119.70109083,1967861.2055535428,236179.12757626342,376097.737077164,2.2511541856909525,1.0,6546.269711919582,1.0
0,257,0.6487569870319158,0.0002022982549684,0.5826049192419682,-1.7910082446333213,7904.01288130002,1.0694099789335387,0.9925518036541361,125842012.0741528,1635150.2919722106,279443.01137918385,445353.7465803142,2.3509006766189025,1.0,6236.9283763503745,1.0
0,258,0.6487569870319158,0.0002022982549684,0.5826049192419682,-1.4820191123158337,7821.01198526654,1.0376563633140246,0.958343260216047,129163884.510001,1696682.3861301218,246536.2724772697,392896.2914911964,2.325750042828689,1.0,6251.16812191555,1.0
0,259,0.6487569870319158,0.0002022982549684,0.5826049192419682,-1.7524404242412115,7901.521835529825,0.9104730030873062,1.0267145444714705,148971741.7161777,1925111.058177858,263039.25789205247,418911.48964224814,1.9627314533600981,1.0,6503.90748101527,1.0
0,260,0.6487569870319158,0.0002022982549684,0.5826049192419682,-1.6625340269326498,7881.577410200335,0.9945842812567505,1.0805825492772154,138627883.04211777,1801059.101091277,254697.7960710011,405638.4630408446,1.9975743567126032,1.0,6436.572330680994,1.0
0,261,0.6487569870319158,0.0002022982549684,0.5826049192419682,-1.3410408728430525,7745.270278370559,0.9864084809616147,1.092501069511002,140344291.3984387,1804187.141281696,221383.97247434422,352924.00036275655,1.9985538481079888,1.0,6125.020685431325,1.0
0,262,0.6487569870319158,0.0002022982549684,0.5826049192419682,-2.5136256070659693,7837.321770593022,0.9254155781632654,0.9745387153336306,96364268.70931786,3694279.1454746444,293457.6365935267,467426.29545989586,2.131592903371815,1.0,665.0718709178675,1.0
0,263,0.6487569870319158,0.0002022982549684,0.5826049192419682,-2.645897155413227,7920.48363472656,0.9308592212786005,0.9923619783575407,109071641.58900563,4312747.858014203,289207.63863621425,460562.6044491401,2.0487650599413545,1.0,757.0097695612105,1.0
0,264,0.6487569870319158,0.0002022982549684,0.5826049192419682,-2.2385147092685864,7816.375347514808,0.9567836492318592,0.9908126536397579,107279007.76262581,4578772.229885431,238978.5721515722,380563.10407011665,2.088195706225697,1.0,790.7194924310689,1.0
0,265,0.6487569870319158,0.0002022982549684,0.5826049192419682,-2.333587027377848,7859.78807150099,0.97557562163691,1.0008000470871619,111101627.25853255,4820009.3582548695,239454.74538001505,381294.3525783962,2.125386772439668,1.0,823.0109547217049,1.0
0,266,0.6487569870319158,0.0002022982549684,0.5826049192419682,-1.6680440425782592,7860.690158398704,0.9599021341112702,0.9617033173279831,138310939.93107358,1690530.9365931947,255972.3579299778,407867.20072623144,2.1895162587984194,1.0,6294.070710208926,1.0
0,267,0.6487569870319158,0.0002022982549684,0.5826049192419682,-2.421150363820415,7839.177000716025,0.9579144601352101,0.9324407058269736,97229766.02128404,3851423.687308675,275073.8737453813,438122.5618942007,2.2236515141490876,1.0,679.3983797630245,1.0
0,268,0.6487569870319158,0.0002022982549684,0.5826049192419682,-2.380011544444092,7802.091814125614,0.9874993322231376,1.0225196981586333,91377470.09710252,3663084.324893746,275959.26405719115,439669.63176200754,2.1698873060544095,1.0,657.7758827727936,1.0
0,269,0.6487569870319158,0.0002022982549684,0.5826049192419682,-2.307525662611278,7821.687717017178,0.9759978318345706,0.975166004077972,100502966.00176592,4165292.2125567594,253348.02741756046,403482.5992710816,2.132413056846916,1.0,727.6884133106503,1.0
0,270,0.6487569870319158,0.0002022982549684,0.5826049192419682,-2.0906721351919284,7800.431110914164,0.9712879427170565,0.9276283861395435,109354535.33719426,4890077.8081851825,214967.26126872035,342302.09212852846,2.220767820987116,1.0,824.1589763109085,1.0
0,271,0.6487569870319158,0.0002022982549684,0.5826049192419682,-2.469468031309766,7792.5281786831765,1.0024228890422264,1.0311574118531455,83480121.61657125,3251151.0521106906,300155.0243435704,478398.6987766179,2.190105889314514,1.0,594.0510840062115,1.0
0,272,0.6487569870319158,0.0002022982549684,0.5826049192419682,-2.889173249435138,7757.84051463227,0.9656618160202679,0.9513471053943685,66558937.14045044,2285174.3618272794,395793.3892050394,631226.8495167095,3.4153498155014086,1.0,434.6992790989393,1.0
0,273,0.6487569870319158,0.0002022982549684,0.5826049192419682,-1.6886676567684902,7803.695894624374,1.003216977338907,0.9184148474410843,134696601.6229102,2426190.595893257,272949.40750784025,435377.510527289,2.3323578318646687,1.0,5519.738085041007,1.0
0,274,0.6487569870319158,0.0002022982549684,0.5826049192419682,-3.003670753914543,7803.178869558662,0.9777777724038089,1.0372542639086113,69236138.88862509,2370588.9410772803,385866.4953743457,615227.3139204704,3.020725445270188,1.0,456.43775823819027,1.0
0,275,0.6487569870319158,0.0002022982549684,0.5826049192419682,-1.8953095615389053,7806.119928957445,0.9570773829916568,0.9239968152550425,133286578.05932446,8014977.568193746,237942.42017165577,379736.0688150315,2.262050426212806,1.0,1246.657366658405,1.0
0,276,0.6487569870319158,0.0002022982549684,0.5826049192419682,-2.820131610392523,7756.476703419506,1.0213459367601938,0.9416802837839146,64924156.63547674,2303680.827200447,383402.85850792116,611464.3865822086,3.4206845540961774,1.0,433.90968554415855,1.0
0,277,0.6487569870319158,0.0002022982549684,0.5826049192419682,-2.6803330747259895,7890.170647738189,0.940808842373493,0.9813053060667134,97275199.15818408,3673395.6302282377,307885.1949628336,490394.93795298313,2.1148228631373165,1.0,661.9958813668775,1.0
0,278,0.6487569870319158,0.0002022982549684,0.5826049192419682,-2.734155144146296,7881.10224665947,0.9343365160289681,0.9622815348854,91894942.17743832,3367830.8991708383,323397.05243774474,515160.90088056424,2.205783146930532,1.0,614.4373640761582,1.0
0,279,0.6487569870319158,0.0002022982549684,0.5826049192419682,-1.7581608951322305,7758.77210131371,0.9840671366336219,0.9824259238852641,127010663.93214166,7247908.699205551,223778.8390572293,357165.06239511137,2.2080490858465684,1.0,1149.4230518937097,1.0
0,280,0.6487569870319158,0.0002022982549684,0.5826049192419682,-2.2612924589340966,7760.376195451385,1.0171440523580064,0.9668382074391141,83901493.03658198,3406113.4449444753,285122.8645870854,454526.6470024378,2.311686666850357,1.0,609.2422295146959,1.0
0,281,0.6487569870319158,0.0002022982549684,0.5826049192419682,-1.408658356444302,7795.296921859516,1.0371085065292793,1.094151077632185,134510715.14360392,1841433.1980410393,223381.10331183096,355951.85577548586,2.0499732475648402,1.0,6272.854710493419,1.0
0,282,0.6487569870319158,0.0002022982549684,0.5826049192419682,-1.7928474060646729,7812.479738474471,1.045064220105805,1.0386266966533997,130630641.37596358,8814679.557051776,274732.1897260624,438307.55795957486,2.2338895764574707,1.0,4421.8687922468425,1.0
0,283,0.6487569870319158,0.0002022982549684,0.5826049192419682,-1.7732887003297726,7767.7086651523605,1.0695985571990971,1.0988163979586187,123915655.72275075,7583831.207381715,216651.3518765035,345758.2308001419,2.1518703891771884,1.0,1197.6537614894266,1.0
0,284,0.6487569870319158,0.0002022982549684,0.5826049192419682,-1.8143004807172456,7727.947618223752,0.9827318940895537,0.9713603996940887,108476745.28031322,5159907.445952307,189758.10101116175,303087.4799108379,2.1703664394658837,1.0,866.162431547463,1.0
0,285,0.6487569870319158,0.0002022982549684,0.5826049192419682,-1.5038679785622184,7816.063985735845,1.0914088619376636,0.9204144002770405,122506131.06232396,1605683.3894900165,260467.65655152884,415234.5532014951,2.499141699934276,1.0,6132.0474408445,1.0
0,286,0.6487569870319158,0.0002022982549684,0.5826049192419682,-1.9264019647535489,7772.869868517096,1.0727177901975598,0.9333314317647767,103524275.39756557,4996415.644169011,195026.84123533848,311501.44732325705,2.343709655843777,1.0,828.5577737853447,1.0
0,287,0.6487569870319158,0.0002022982549684,0.5826049192419682,-2.0941102931978843,7872.540982472726,0.9320568659646279,1.0215333161174593,141009455.27172107,13425249.159459906,250359.4650740744,399453.7285488127,2.0811168814117984,1.0,1991.8209468900088,1.0
0,288,0.6487569870319158,0.0002022982549684,0.5826049192419682,-2.2499083068359242,7788.635721289275,1.0711503430552196,0.9481444890975473,85969110.90963003,3603197.7952207546,263693.8109407241,420247.98886639555,2.4222407852986514,1.0,632.8466807195053,1.0
0,289,0.6487569870319158,0.0002022982549684,0.5826049192419682,-1.9553771744408575,7737.958043184111,0.9617188337879314,0.9389632107242251,101156048.20935392,4452882.10174108,228183.52013346844,363641.32043876563,2.1897623779555606,1.0,765.226737605002,1.0
0,290,0.6487569870319158,0.0002022982549684,0.5826049192419682,-1.8870146223659992,7894.548260306279,0.952273708550823,1.0306355659694175,140700707.77245158,1559980.834328166,269291.35146366514,429262.1187042992,2.1183370164606887,1.0,6089.9959310773465,1.0
0,291,0.6487569870319158,0.0002022982549684,0.5826049192419682,-2.086074480508261,7877.338716200798,1.058586001639473,0.9113565946707327,127265822.27182189,8035866.233786203,237825.54006696027,379539.7554703099,2.4109798424282545,1.0,1235.6170789079893,1.0
0,292,0.6487569870319158,0.0002022982549684,0.5826049192419682,-2.300674778963838,7836.383125363502,1.0310867627082683,0.9905096805489402,99891725.43108678,4275039.750853,242563.11254105344,386280.6811759534,2.176221959772001,1.0,738.9558257014627,1.0
0,293,0.6487569870319158,0.0002022982549684,0.5826049192419682,-2.5485358191995067,7863.916730501919,0.9747343267571943,0.987795091256483,95875428.58975625,3750970.5496286876,287965.71232890914,458648.5160749229,2.155798842727833,1.0,669.7417256196884,1.0
0,294,0.6487569870319158,0.0002022982549684,0.5826049192419682,-2.6510870771611836,7875.186569823903,0.9957133394594788,0.9827987872393789,89946442.6182056,3431978.3585115527,304628.3568223354,485230.01854166196,2.253905072095693,1.0,619.6412334906606,1.0
0,295,0.6487569870319158,0.0002022982549684,0.5826049192419682,-1.5234498810812513,7809.990676751368,1.0287260547277013,1.042251562142065,132812143.73079887,1635075.5321170178,242974.40859984863,387277.24088139826,2.175710919955611,1.0,6173.979049054386,1.0
0,296,0.6487569870319158,0.0002022982549684,0.5826049192419682,-2.246818871991874,7817.753386582866,1.1129014657127099,0.8693747004597202,86787579.31412789,3704779.3985873843,250102.75776793546,398510.1711683279,2.6150148241087576,1.0,636.5231282361979,1.0
0,297,0.6487569870319158,0.0002022982549684,0.5826049192419682,-2.8829697125099494,7818.326200249093,0.9163979026536215,1.0041710607738532,77780325.22142448,2676123.73713573,368258.88838393986,587021.2444584565,2.4253641645593516,1.0,509.67989166091786,1.0
0,298,0.6487569870319158,0.0002022982549684,0.5826049192419682,-2.1441056306667585,7861.528212488376,0.9282768461878136,0.9569123586036344,132567523.25906956,7084074.881622552,240185.32715087789,383370.05100994656,2.143921278587458,1.0,1126.403252270504,1.0
0,299,0.6487569870319158,0.0002022982549684,0.5826049192419682,-1.816439951888689,7836.712957979838,1.0449718252212072,0.990139396636701,132098609.8516089,3381556.921031108,276207.5640916629,440596.82083846314,2.2345164394971726,1.0,5331.852118779605,1.0
1,0,0.4595438517718475,0.0053611405575982,0.3020703482844469,-2.119384789317555,7842.7605812620595,1.0790519603082434,0.9984028807727167,158763066.89164603,6577025.769233637,291466.8332133846,462296.387862983,2.3414964164018444,1.0,1047.5627987544344,1.0
1,1,0.4595438517718475,0.0053611405575982,0.3020703482844469,-1.829709921259528,7791.122803512658,1.00027444111958,1.0308898309249819,191570883.03681248,19155328.106470026,286149.9968686749,453546.43319595134,2.2241676871894125,1.0,2875.2236249030793,1.0
1,2,0.4595438517718475,0.0053611405575982,0.3020703482844469,-2.1729692987627476,7807.645272156125,0.9717542919489273,1.0231280268560476,153542156.32135072,5404131.806755723,276836.70821695495,437894.56524694484,2.1385413342979196,1.0,906.4408395116047,1.0
1,3,0.4595438517718475,0.0053611405575982,0.3020703482844469,-1.7163743678533194,7917.8226973398105,0.9625568169891502,1.029491578052724,208954285.40771496,3711885.7794290055,299323.58062958467,474810.3182709984,2.098783057235307,1.0,6953.610950451759,1.0
1,4,0.4595438517718475,0.0053611405575982,0.3020703482844469,-2.584744739329761,7898.07507658648,0.9969204411374487,0.9898474178613209,139221620.55328345,4373049.564640899,350285.92344905663,554172.6389131177,2.169775553321817,1.0,755.6289147897741,1.0
1,5,0.4595438517718475,0.0053611405575982,0.3020703482844469,-1.7189906419318697,7852.707306830919,1.0325805056221342,1.1128153894522312,194673231.6053234,2658858.114004233,259146.1377930095,409914.08691385447,2.102607965579196,1.0,6509.040593608258,1.0
1,6,0.4595438517718475,0.0053611405575982,0.3020703482844469,-2.338655074928475,7888.567176209457,0.9710966147434685,1.0135507520829024,169130852.41003382,6499572.50216051,303204.95384486264,480944.9127241378,2.1337072052837556,1.0,1049.1002826949903,1.0
1,7,0.4595438517718475,0.0053611405575982,0.3020703482844469,-2.018641884236888,7936.482835146592,1.0247331754171218,0.9965193383304106,185686365.55214894,1834621.337506569,312319.41046286334,494153.7749976263,2.2661144810090827,1.0,6377.50443824232,1.0
1,8,0.4595438517718475,0.0053611405575982,0.3020703482844469,-2.184042301824762,7858.962030054552,1.1000555624670028,0.9959984575585418,154494489.94720966,6206701.9065667605,287151.22249377146,455498.01091219095,2.3659389149516303,1.0,995.0570056580306,1.0
1,9,0.4595438517718475,0.0053611405575982,0.3020703482844469,-2.3172561896482775,7796.1392024799925,1.1334631315089192,1.0365092289650704,114296405.53110242,3785744.9427970783,330588.96258064685,523363.0885720523,2.4500140766170184,1.0,661.8807452218443,1.0
1,10,0.4595438517718475,0.0053611405575982,0.3020703482844469,-2.3553936751822526,7800.764647935618,1.025857875364287,1.010940159388776,123400504.69174,3927957.8696623547,340073.7398510152,538275.1401524809,2.3160583985891843,1.0,690.4380949199933,1.0
1,11,0.4595438517718475,0.0053611405575982,0.3020703482844469,-1.1797748349921846,7833.1370692836745,0.9257756720186512,0.9956860338192436,224928201.6812572,5275053.5297718,333340.56856302527,528249.6273286756,2.1785258033050368,1.0,11367.441723119073,1.0
1,12,0.4595438517718475,0.0053611405575982,0.3020703482844469,-2.128567190530063,7912.683659637158,0.9504324263445937,1.0299263328712804,191266830.0016751,1830887.592065889,340147.06286926824,538948.2962453938,2.167981890803913,1.0,5755.76949332273,1.0
1,13,0.4595438517718475,0.0053611405575982,0.3020703482844469,-2.524346728125093,7833.639117352326,1.0143651788739565,0.9832282813942599,120401659.2595302,3665150.044928607,368983.6872279984,583974.0609610723,2.370425250989302,1.0,650.3934927940852,1.0
1,14,0.4595438517718475,0.0053611405575982,0.3020703482844469,-2.0416007689073465,7799.836938288028,0.9904159947286909,1.018782566556584,162623159.26215047,6332167.338543283,284300.45106428524,450984.1907463947,2.19209412499561,1.0,1028.7718797518992,1.0
1,15,0.4595438517718475,0.0053611405575982,0.3020703482844469,-1.7306381636792163,7797.1121136080465,1.018861692943718,0.9812476973097274,183725856.31696588,1626856.6395351617,313983.392499302,497534.3006937571,2.3574529625457425,1.0,5716.206609735793,1.0
1,16,0.4595438517718475,0.0053611405575982,0.3020703482844469,-2.3244668866438163,7879.317749432293,0.9931964440682804,0.9540950535124356,159188409.40449363,5760178.451322302,289975.635556821,460077.0516446239,2.2649199177741983,1.0,941.1083267334017,1.0
1,17,0.4595438517718475,0.0053611405575982,0.3020703482844469,-2.557232511466456,7862.3789755681055,0.9601741674229346,1.0512178924014266,139162562.79650328,4312298.339807231,357645.4000488832,565846.9973932826,2.022323699997275,1.0,759.5055030885748,1.0
1,18,0.4595438517718475,0.0053611405575982,0.3020703482844469,-1.1654481965937253,7898.959876795474,1.0359976786136147,1.028957812964786,208327848.2053076,7382865.360141432,352148.92653816915,558133.4951470972,2.2235112745450456,1.0,11121.540568929213,1.0
1,19,0.4595438517718475,0.0053611405575982,0.3020703482844469,-2.096244679243624,7741.344883405281,1.0103445791747272,0.9728267121941054,124098222.6518052,4117400.8608267056,325602.1937017044,515625.9686163686,2.360063950096001,1.0,714.362113229657,1.0
1,20,0.4595438517718475,0.0053611405575982,0.3020703482844469,-1.8215231410308308,7846.41483732336,0.9420002138842689,1.0129022904105462,200515865.5047567,2017633.1680792577,276202.8904663156,437272.6329982869,2.0751358194910567,1.0,6234.90645618669,1.0
1,21,0.4595438517718475,0.0053611405575982,0.3020703482844469,-1.6404273769108813,7786.250811531237,0.9707117961062061,0.9879525388627828,193866236.45619887,1885239.588897003,279150.78280709387,442167.7900539966,2.191328051874217,1.0,6082.148492898822,1.0
1,22,0.4595438517718475,0.0053611405575982,0.3020703482844469,-1.8644122760459911,7778.225288913905,1.0461820185423858,1.0097908739509214,166550503.08395398,7602580.358586322,294275.51875382685,466653.89499116683,2.3040235533798574,1.0,1192.1707205497614,1.0
1,23,0.4595438517718475,0.0053611405575982,0.3020703482844469,-2.3214942850191913,7854.569480848585,0.9998398195988037,0.9970757035870295,150591308.31960636,5203539.921915279,293059.5837360183,463553.00388708425,2.204815464087793,1.0,871.2412257205326,1.0
1,24,0.4595438517718475,0.0053611405575982,0.3020703482844469,-1.5846863795727046,7826.005889992251,1.0141659017937288,0.9794861482267111,193476905.2281875,2941772.24751916,267247.4511582731,424104.64496732544,2.2724575509289626,1.0,6534.981221349541,1.0
1,25,0.4595438517718475,0.0053611405575982,0.3020703482844469,-1.0850235169758422,7847.6199504018405,0.9953269899904319,1.0345463566540531,216111764.46512574,5037550.411064547,325117.6209435533,515170.73994322587,2.232599425650896,1.0,11507.208720932653,1.0
1,26,0.4595438517718475,0.0053611405575982,0.3020703482844469,-3.194048679105174,7832.490684483857,1.0946239242767035,0.8905326889263453,81867609.68017901,2166972.4942177776,527803.0342586235,836204.9282170566,3.6722320274085996,1.0,404.63506822051994,1.0
1,27,0.4595438517718475,0.0053611405575982,0.3020703482844469,-2.264009168720497,7817.508230441026,0.9524275814856848,0.996905308977367,148928948.23739162,4973857.960918265,302077.8247620123,477859.2433444085,2.1251856717370456,1.0,846.3473346394767,1.0
1,28,0.4595438517718475,0.0053611405575982,0.3020703482844469,-2.3145178924850547,7850.315599438471,0.9497482537515534,0.9693494545453593,156083255.86081913,5318303.957400131,296830.96988940035,469521.3639449067,2.1745787607466456,1.0,889.7099756878295,1.0
1,29,0.4595438517718475,0.0053611405575982,0.3020703482844469,-2.2538495623013652,7830.111602798638,1.012090538525394,1.0138314932464976,147021221.51933986,5106944.9022708135,286880.80758119497,453792.0901988824,2.197069725186497,1.0,859.0388560627893,1.0
1,30,0.4595438517718475,0.0053611405575982,0.3020703482844469,-2.9659910232505844,7895.304089524848,0.9635972366891307,0.9862115362621273,113147925.80707252,3084346.453231467,455671.22635196487,721258.7702670776,2.27085876255273,1.0,569.2104636825022,1.0
1,31,0.4595438517718475,0.0053611405575982,0.3020703482844469,-1.9505732987083704,7753.803980928464,0.9935493439500384,0.9732551716015441,146962933.7674352,5345973.586923236,259593.82842823266,412022.3952242631,2.2341443545800583,1.0,889.6727999206935,1.0
1,32,0.4595438517718475,0.0053611405575982,0.3020703482844469,-2.1461168279116976,7776.182058840105,0.9397451787217413,0.9418961684981597,141727528.55028737,4670642.581781437,300916.5344916957,476080.36097993987,2.18482266369239,1.0,798.3506604951053,1.0
1,33,0.4595438517718475,0.0053611405575982,0.3020703482844469,-2.2996147446176667,7843.47415189168,0.9529921308003139,0.993805308342789,156039259.12014952,5346241.183348493,294819.8379230953,466339.6189425734,2.145132576136813,1.0,896.4718055568146,1.0
1,34,0.4595438517718475,0.0053611405575982,0.3020703482844469,-1.7625579451109459,7841.675274194279,1.1019875451287147,1.012489149245176,175965325.22293583,1755584.6714018274,289688.459518373,458766.40538977564,2.396980960298023,1.0,6155.63894147396,1.0
1,35,0.4595438517718475,0.0053611405575982,0.3020703482844469,-1.5777746510366595,7926.487652182961,1.0424028037014679,0.9846332111385263,196221048.98373166,3579929.0402210886,297434.6718820423,471816.7774335415,2.2824865485794357,1.0,6981.8885487326115,1.0
1,36,0.4595438517718475,0.0053611405575982,0.3020703482844469,-1.878402241141195,7800.196907283895,0.9502303794371569,1.0475631664294522,194084640.33353,17960964.435439,304232.28969854856,482225.08642698714,2.1371524929590544,1.0,3128.8518305211696,1.0
1,37,0.4595438517718475,0.0053611405575982,0.3020703482844469,-2.1956360787364346,7862.084937906572,0.9769181861809754,1.0860433039139807,178250309.90466046,8259965.819087267,314765.67730632576,499116.42500875203,2.053540145319668,1.0,1292.5281415610727,1.0
1,38,0.4595438517718475,0.0053611405575982,0.3020703482844469,-2.0165113773291696,7848.126568939709,0.9372292408259192,0.8897751241981154,189147692.49905998,14379320.889670866,340482.40303515096,539718.9543524313,2.3596223563759127,1.0,3620.497955262541,1.0
1,39,0.4595438517718475,0.0053611405575982,0.3020703482844469,-2.189397054391543,7816.963985363969,0.960648590010714,0.9688258371753544,154003007.33481824,5365371.140650808,279301.6499982839,441790.44832342473,2.1994851998114116,1.0,895.2485873825412,1.0
1,40,0.4595438517718475,0.0053611405575982,0.3020703482844469,-2.0743547467284165,7790.561583257173,0.9056042996589508,0.9572792002392043,164508572.38070863,5876002.695620814,282576.1933997439,448360.8349766561,2.147936429948404,1.0,971.152422442856,1.0
1,41,0.4595438517718475,0.0053611405575982,0.3020703482844469,-2.5509112348201874,7769.7013157677175,0.9949870384258478,1.0047621472874544,104828637.40874144,3064954.6712619825,423552.4785911303,670930.9062620283,2.172152234265568,1.0,561.1139359108007,1.0
1,42,0.4595438517718475,0.0053611405575982,0.3020703482844469,-1.6999817244460993,7767.34052494243,0.9426242188787187,1.006703922501344,188495790.23448443,4634658.688979422,338037.8180262239,535786.7266324792,2.164767952213768,1.0,5056.989600509537,1.0
1,43,0.4595438517718475,0.0053611405575982,0.3020703482844469,-1.9738378310070233,7886.814959723431,1.0832920094996825,1.025055366821081,176874325.66239086,1568959.615415296,320021.1781221398,506975.6479710087,2.38871089905023,1.0,5927.687150048855,1.0
1,44,0.4595438517718475,0.0053611405575982,0.3020703482844469,-2.6694753154038393,7824.936032321859,1.1076964556245472,1.0445261253311104,101997440.6919667,3063400.8411070807,404547.01016098063,640606.645048732,2.3359520027438814,1.0,557.0018192573051,1.0
1,45,0.4595438517718475,0.0053611405575982,0.3020703482844469,-2.7667988336218015,7850.699927222037,0.9957711569231573,1.0147549336505548,112105862.04093482,3203256.0401004767,420635.04601651226,665856.3436380638,2.27009009270952,1.0,586.0953131106746,1.0
1,46,0.4595438517718475,0.0053611405575982,0.3020703482844469,-2.071115164273384,7778.763093474203,1.0198778309543512,0.9652999420951942,140510651.81826824,4949429.125059998,270205.28645022464,427433.23310966836,2.268273656240339,1.0,830.5374040441167,1.0
1,47,0.4595438517718475,0.0053611405575982,0.3020703482844469,-1.6294656984956815,7787.083832368414,0.9883237734986284,1.0086788514451404,192489188.6567247,1977678.612462049,272666.98482117476,431859.9342745093,2.1752102948922194,1.0,6122.6558613100615,1.0
1,48,0.4595438517718475,0.0053611405575982,0.3020703482844469,-2.5749895668762868,7908.095685270786,1.001343233640083,1.0374385969595965,146509459.30576897,4768283.899194992,337380.9767461032,533706.1405424458,2.1230540541090406,1.0,815.8833955721188,1.0
1,49,0.4595438517718475,0.0053611405575982,0.3020703482844469,-1.931873073046635,7766.388068092857,1.0016825679676022,1.0456326674544612,159327602.5896626,6251694.363227592,274593.1977247811,435602.3459968413,2.176045334875192,1.0,1021.1580166119163,1.0
1,50,0.4595438517718475,0.0053611405575982,0.3020703482844469,-1.7821797131472257,7883.723911986957,1.0441880085826776,0.9816099908419196,184926930.4362627,2280762.508278741,284140.6709181101,449488.38367659756,2.2727283170975405,1.0,6497.378489752145,1.0
1,51,0.4595438517718475,0.0053611405575982,0.3020703482844469,-1.7683059090310707,7774.258004915355,0.986013620444193,0.9701982199135574,193145160.88946697,16550114.453669371,286179.22645202733,453605.28337851516,2.29432680951492,1.0,2415.7936181691375,1.0
1,52,0.4595438517718475,0.0053611405575982,0.3020703482844469,-1.2967598326873142,7835.808505301817,0.9541533461067393,1.0185790053453925,221262102.54097402,15352633.799188409,333798.1649069481,529111.4378712806,2.1660425513936707,1.0,9568.388574138078,1.0
1,53,0.4595438517718475,0.0053611405575982,0.3020703482844469,-2.0131931214123826,7867.134850608574,0.9893877704571429,1.0210930114384384,184216099.4853029,2957356.9304250996,345453.15373555897,547481.4814083029,2.2070277169598844,1.0,5408.6241336147605,1.0
1,54,0.4595438517718475,0.0053611405575982,0.3020703482844469,-1.3251040185425387,7845.295280005461,1.03740897612246,0.971986107553306,208202754.25747976,6144446.173923654,309379.6353489991,490530.69669240265,2.3537048494793784,1.0,7158.124042597154,1.0
1,55,0.4595438517718475,0.0053611405575982,0.3020703482844469,-2.191115694077897,7857.234136496171,1.0390715163152193,0.972467250767842,160436936.13294417,6344240.966980073,294306.0972826576,466839.3765430627,2.317938956897439,1.0,1017.1022390638934,1.0
1,56,0.4595438517718475,0.0053611405575982,0.3020703482844469,-2.0437236149083886,7807.918490091763,0.9383666464295906,0.9769010703536507,172999488.31034255,6929353.511416728,301704.71303479344,478522.4784096516,2.17493818678623,1.0,1109.6059392074674,1.0
1,57,0.4595438517718475,0.0053611405575982,0.3020703482844469,-1.8115257972906624,7897.10739451146,0.9857692364423605,1.0434531759038876,199993011.90261316,2753069.375000165,283210.0826778789,447974.50687897956,2.1274126058092837,1.0,6649.897130824835,1.0
1,58,0.4595438517718475,0.0053611405575982,0.3020703482844469,-1.8390042090868737,7761.982960876387,0.9781457543071991,0.9236024658140418,166035071.02535468,6913731.061429709,296870.17574492283,470854.77363079175,2.3403756886554077,1.0,1097.473408933987,1.0
1,59,0.4595438517718475,0.0053611405575982,0.3020703482844469,-2.6311804706098902,7823.039530006777,1.0084712131520992,1.005920617620509,111754336.1485492,3280770.270872257,403219.0004023477,638419.8204532149,2.2996199962052293,1.0,595.1160951708354,1.0
1,60,0.4595438517718475,0.0053611405575982,0.3020703482844469,-1.7079160777366815,7762.374976433878,1.0392908566743033,0.8817810634519546,182500091.87219912,12516099.626337405,294236.2208701833,466421.3801901016,2.5511381354952456,1.0,1844.5267136686161,1.0
1,61,0.4595438517718475,0.0053611405575982,0.3020703482844469,-2.497797131081131,7828.740305193196,1.0341997259513211,0.9743316467950401,118184595.10375479,3630478.3373471764,365487.3884382137,578510.7367780346,2.4206469591105715,1.0,642.2347268610986,1.0
1,62,0.4595438517718475,0.0053611405575982,0.3020703482844469,-2.0631280863516928,7879.2179167615795,1.07531932730833,1.0118505076152178,173120796.12917593,6117016.403640878,352414.75171856803,558592.2786960395,2.2801280284536234,1.0,4838.964655231203,1.0
1,63,0.4595438517718475,0.0053611405575982,0.3020703482844469,-1.865831889893467,7842.4304209768425,0.9470403311881846,1.0257209124734357,196112379.2190874,1544396.5668437849,303209.8750643776,480314.1383998265,2.135206023169679,1.0,5988.570188268864,1.0
1,64,0.4595438517718475,0.0053611405575982,0.3020703482844469,-1.5549562774377939,7732.952635013606,1.0497327176484688,0.9105969532084963,176404722.03727567,9819734.554790828,321850.83008167346,510150.3738669291,2.512590024443097,1.0,4249.11985377911,1.0
1,65,0.4595438517718475,0.0053611405575982,0.3020703482844469,-1.7520375241478852,7760.737628551039,1.0859103236910026,0.9818669585317699,166776491.47659683,8465358.111021902,294631.56077802577,467163.0050633146,2.419809673641673,1.0,1301.7619462455243,1.0
1,66,0.4595438517718475,0.0053611405575982,0.3020703482844469,-2.170287860737373,7799.6007843827465,1.0741527577974341,0.9921937290236758,133023987.36886007,4629307.347279546,283481.6832398413,448456.17540260823,2.3065057660628536,1.0,783.2428809683693,1.0
1,67,0.4595438517718475,0.0053611405575982,0.3020703482844469,-1.825775254073299,7870.480028226078,0.99218618596575,0.9669216657459306,191268396.72722188,2124439.8877501925,280526.7473185397,443889.9993145873,2.2279107066761807,1.0,6361.743240231163,1.0
1,68,0.4595438517718475,0.0053611405575982,0.3020703482844469,-1.4553229292513077,7827.558249298959,1.0405186967413107,1.003866207648911,196905094.04278612,3788958.245059636,285183.29347212723,452360.5650630592,2.2899797732444287,1.0,6737.065029980004,1.0
1,69,0.4595438517718475,0.0053611405575982,0.3020703482844469,-1.459886297537945,7858.813418607618,0.9887947757202828,1.0495541478029968,213765117.93729964,5692852.671860988,312017.7226495372,494743.2804444575,2.1399015982730876,1.0,7127.94874618599,1.0
1,70,0.4595438517718475,0.0053611405575982,0.3020703482844469,-3.043013349415671,7806.84670146786,1.0416837261051446,1.1138469607272057,90871413.32429732,2467758.601337478,488143.4464214449,773246.811698682,2.9011165580538263,1.0,471.8783518392566,1.0
1,71,0.4595438517718475,0.0053611405575982,0.3020703482844469,-1.7460704278563164,7892.470019069627,0.9697389628639533,0.9557415723973596,199841914.78870693,2922529.6649251473,279231.5655449652,441664.3416317908,2.2334889455568896,1.0,6701.374838515157,1.0
1,72,0.4595438517718475,0.0053611405575982,0.3020703482844469,-2.6380620810889677,7901.783217335253,0.9314429955882485,0.9913459002560743,146341530.7936229,4476122.697337188,366521.1523063951,579860.1521237701,2.070835032892441,1.0,778.8315972431727,1.0
1,73,0.4595438517718475,0.0053611405575982,0.3020703482844469,-1.0993108955055801,7763.9163663251165,1.1054260870860992,1.0605379098864645,204615440.8771562,7286685.393675604,288017.2786270574,456597.8107313749,2.334342940171618,1.0,7123.338073274723,1.0
1,74,0.4595438517718475,0.0053611405575982,0.3020703482844469,-1.997774640466652,7851.409863458899,0.9443792210886048,1.0588957227712414,187273101.19913715,4111291.030480452,354575.76087560266,561986.8301829788,2.0541238770987955,1.0,5187.268832121588,1.0
1,75,0.4595438517718475,0.0053611405575982,0.3020703482844469,-1.6028062997678898,7785.237850805543,1.0100923176621088,0.9935821573081379,189161379.6625951,2064095.9529458752,268626.6703892136,425433.06698643934,2.2327046990648323,1.0,6155.9491194194325,1.0
1,76,0.4595438517718475,0.0053611405575982,0.3020703482844469,-1.1150934112895943,7825.149567184265,1.0033698412611807,1.061651130076148,214918182.36584917,5976419.182829795,330334.32066490833,523514.81980493496,2.1859140892686764,1.0,11176.634867039806,1.0
1,77,0.4595438517718475,0.0053611405575982,0.3020703482844469,-2.3876486593002886,7763.542451047776,0.9620011169776682,1.05408705530583,118223703.24019808,3593032.779997689,379053.6329868132,600293.473924002,2.1554529034340644,1.0,650.4916811101316,1.0
1,78,0.4595438517718475,0.0053611405575982,0.3020703482844469,-1.394698411019384,7786.514557004745,1.0282973945708616,0.9649439351142964,194940344.35413128,3622054.130465139,280812.16731237184,445468.47425913205,2.3398502787046955,1.0,6593.527106051234,1.0
1,79,0.4595438517718475,0.0053611405575982,0.3020703482844469,-3.1417442232676915,7785.911101469026,0.9489875031124458,1.0396016508620562,90358299.99825545,2306035.0472478834,532859.7050890904,844242.4219359492,3.27441492750797,1.0,444.3710939757442,1.0
1,80,0.4595438517718475,0.0053611405575982,0.3020703482844469,-1.571428578600306,7766.585323330922,0.9484421117165985,0.9975659590061194,198674744.8112845,2099926.130333528,267676.8964826217,423975.4970863528,2.1203071630611974,1.0,6118.319091866854,1.0
1,81,0.4595438517718475,0.0053611405575982,0.3020703482844469,-2.084416330348213,7844.292656446502,1.0339403040378643,1.0699361365756377,175594101.14803275,8990614.786262803,307843.04663718457,488092.5476097196,2.1848611891956384,1.0,1384.0496951708028,1.0
1,82,0.4595438517718475,0.0053611405575982,0.3020703482844469,-2.103232197213483,7781.968021331733,0.9849070888996926,0.9640769361392665,143469866.27100706,4953015.912153582,278870.23265018046,441149.1846507336,2.216253560212146,1.0,835.021672310282,1.0
1,83,0.4595438517718475,0.0053611405575982,0.3020703482844469,-2.2778579215364014,7706.178655697216,1.0363810156782054,1.0655871682314395,101899350.63615754,3186305.31735302,403565.38109500904,639422.9580741191,2.2483921285905097,1.0,579.2379745035632,1.0
1,84,0.4595438517718475,0.0053611405575982,0.3020703482844469,-2.0121009110246275,7782.894721506419,0.9714616241902406,0.8994157743904571,152741095.8463319,5544522.486490835,279094.0526223609,442910.13988819096,2.3363939956713113,1.0,909.5232446744157,1.0
1,85,0.4595438517718475,0.0053611405575982,0.3020703482844469,-0.8682189545924461,7868.30360407338,1.019767257264229,1.1221158373502251,216971251.8664078,4173014.1264297697,290987.89778242545,460753.78774273774,2.0670838037751156,1.0,12004.64659584705,1.0
1,86,0.4595438517718475,0.0053611405575982,0.3020703482844469,-1.9617142663951137,7849.393311056452,1.0021239480096253,0.9710948273820412,181836840.95225108,3931513.136257124,347539.82624016085,550829.2919669849,2.2941520834882043,1.0,5201.02379957679,1.0
1,87,0.4595438517718475,0.0053611405575982,0.3020703482844469,-2.690373354731156,7927.518289070756,1.0049839972812769,1.0015723670035377,138656470.358469,4296692.742541593,364816.1098290703,577154.5199081006,2.1583184540747897,1.0,745.3788385051803,1.0
1,88,0.4595438517718475,0.0053611405575982,0.3020703482844469,-1.3763783137254222,7781.329642985862,1.1324018939481761,1.0063688833949638,178460264.1737573,2963268.274434564,259601.51656568388,411951.9322728496,2.386917127648993,1.0,6464.291668187452,1.0
1,89,0.4595438517718475,0.0053611405575982,0.3020703482844469,-1.980676395786333,7827.374931244155,1.0479910019710545,1.0021273216078501,178303494.53205043,10565253.540727753,304802.740585201,483217.09921137063,2.3373169022324003,1.0,1589.748092449038,1.0
1,90,0.4595438517718475,0.0053611405575982,0.3020703482844469,-3.236887148376532,7893.418247350996,1.0593651410114713,1.0119484215866221,92549684.31468251,2447816.7910964023,504527.94503706065,798895.1474475501,2.7729232829347286,1.0,462.97667037895985,1.0
1,91,0.4595438517718475,0.0053611405575982,0.3020703482844469,-3.025682897495079,7808.9994363867,1.0251124396164797,0.9510545816880872,89279141.65086071,2385888.202503809,506006.93140222266,801644.3875625795,3.162955906538365,1.0,447.81229470940036,1.0
1,92,0.4595438517718475,0.0053611405575982,0.3020703482844469,-1.9346266102368186,7838.764687030089,1.080938816537197,0.9145972091858808,171927415.53663453,10008553.793705203,344184.2680567205,545573.966658143,2.4882768127746377,1.0,4229.962653126994,1.0
1,93,0.4595438517718475,0.0053611405575982,0.3020703482844469,-1.9493677945623138,7788.102275887545,1.0321788625609654,0.9454668886325669,157637193.33472446,6354974.7973735975,288494.66136128874,457632.01648331236,2.372684716736685,1.0,1018.0775458800996,1.0
1,94,0.4595438517718475,0.0053611405575982,0.3020703482844469,-2.8311997154665427,7794.2461783561275,1.0434410392375786,0.9474622912573896,92172304.13187598,2570708.8192609237,474320.5929917295,751440.2838885364,2.874260267552029,1.0,475.9257125674174,1.0
1,95,0.4595438517718475,0.0053611405575982,0.3020703482844469,-2.8427834576895843,7863.559313131007,0.9808760147167943,0.9731889614225664,110487685.95013325,3077324.804544904,439076.44826802716,695076.6400053845,2.2939007859247873,1.0,564.2478369434774,1.0
1,96,0.4595438517718475,0.0053611405575982,0.3020703482844469,-1.6827363290630808,7876.033793611497,1.0057153399631928,0.9370843836769616,192584154.21524876,2809574.7822412583,273040.15798267926,433335.1828794709,2.314211271201743,1.0,6644.945614650043,1.0
1,97,0.4595438517718475,0.0053611405575982,0.3020703482844469,-2.0618159001630323,7846.816858053971,1.0201445422520672,0.9841024254364231,179262059.4335063,9917582.369737856,312273.155291152,495087.0850995877,2.3127537404222815,1.0,1501.9272448420375,1.0
1,98,0.4595438517718475,0.0053611405575982,0.3020703482844469,-1.71331588945373,7787.783073411422,1.0005919426007184,0.9016885880373292,184212410.15777755,1980696.5436536775,322786.63023603405,511534.19600147224,2.470782282488851,1.0,5568.410177913785,1.0
1,99,0.4595438517718475,0.0053611405575982,0.3020703482844469,-2.1222356267993465,7838.09883319111,0.9654469714296714,1.017761247515817,175380575.24274153,7497956.635974081,308837.87845135044,489770.47137001716,2.144044994774523,1.0,1185.5949910085908,1.0
1,100,0.4595438517718475,0.0053611405575982,0.3020703482844469,-2.1744742479359074,7804.851413618698,1.080003848745183,0.9852415321474275,133551777.98818564,4669104.3499334,281193.0796376086,444828.6735877058,2.323482731537275,1.0,787.3498521052185,1.0
1,101,0.4595438517718475,0.0053611405575982,0.3020703482844469,-1.3707609805267733,7821.267157277273,1.0123268921197712,1.078831436536178,211817665.28073937,5847356.259328786,302844.0124242282,480181.4008693363,2.148591787649011,1.0,7055.594475008288,1.0
1,102,0.4595438517718475,0.0053611405575982,0.3020703482844469,-2.0504053742583768,7813.211179135594,1.0476236931420688,1.0724248317810445,162232608.6870518,6736787.023061791,285835.1383834163,453348.3082471369,2.1956064101942805,1.0,1081.7910561371482,1.0
1,103,0.4595438517718475,0.0053611405575982,0.3020703482844469,-1.441069224991884,7843.266370345012,0.9730888319055445,0.9932048148717043,214187826.99096978,5448027.656114131,312065.97088664374,494838.9068559528,2.2077508115867697,1.0,7045.161194176676,1.0
1,104,0.4595438517718475,0.0053611405575982,0.3020703482844469,-2.0698129680508566,7852.116441588325,0.9982243596935232,0.9093127687182149,181224700.34670794,9908861.81764494,317662.7715393073,503638.92401918775,2.4113851950999248,1.0,1494.5780763703829,1.0
1,105,0.4595438517718475,0.0053611405575982,0.3020703482844469,-1.881092524882101,7886.106695660466,0.9679518693021592,0.957631539917271,194593147.71021613,2104307.862380508,287686.79448633996,455158.88652964815,2.201774763581258,1.0,6377.598472852135,1.0
1,106,0.4595438517718475,0.0053611405575982,0.3020703482844469,-1.7094421096550407,7820.101709753748,0.9363017224663034,0.9358886776678735,199445971.4780401,2272247.9527323735,265865.7189019743,420878.3715455971,2.1934172359952995,1.0,6277.554006075576,1.0
1,107,0.4595438517718475,0.0053611405575982,0.3020703482844469,-2.131679426397234,7870.016248430166,1.022659735267484,1.0461220732376975,181492726.27637053,12530181.429234263,312193.3646057305,494906.8805983241,2.2269616847951466,1.0,1862.6466084270867,1.0
1,108,0.4595438517718475,0.0053611405575982,0.3020703482844469,-1.9043780497085685,7850.369039780971,0.9145632375851622,1.085146097692236,203650144.6988382,1566043.647182623,296049.1583579642,468917.7979862926,1.9598379070685754,1.0,6032.332266339522,1.0
1,109,0.4595438517718475,0.0053611405575982,0.3020703482844469,-1.9138119630014219,7781.774856916562,1.0087139490787558,1.0585448608737393,169784494.58151358,7462663.554191597,292915.4934269599,464511.19892421394,2.1718651309571504,1.0,1183.2306812247393,1.0
1,110,0.4595438517718475,0.0053611405575982,0.3020703482844469,-2.167781959819685,7823.597580022433,0.9791549744618379,1.0146198071702572,159807238.59579533,5877428.561733585,279479.9249634654,443415.5220737307,2.1698060635826435,1.0,967.8980903938855,1.0
1,111,0.4595438517718475,0.0053611405575982,0.3020703482844469,-1.9227159615743752,7855.877067783676,1.0400596387718108,0.9754284729749548,180254577.09592044,1806904.1275450208,328592.2533617936,520677.8907662021,2.396946390613789,1.0,5704.453251690582,1.0
1,112,0.4595438517718475,0.0053611405575982,0.3020703482844469,-1.513381606332028,7867.40452127676,1.03794996376025,1.0012309738930334,198063337.797311,3806244.2334942957,291795.65534102434,462843.0303816094,2.2764333055615498,1.0,6850.082782603605,1.0
1,113,0.4595438517718475,0.0053611405575982,0.3020703482844469,-1.2636465434056265,7890.976089291607,1.0046865025606369,0.9964555230131922,208970937.72866344,11374063.413370201,364979.2060226186,578550.5515294117,2.177810168199762,1.0,10377.445049473252,1.0
1,114,0.4595438517718475,0.0053611405575982,0.3020703482844469,-1.426741714190923,7764.923060271222,1.0110629861851193,0.9659300581668417,192995149.28986305,3074239.5096186865,266507.6605558201,422903.72191376676,2.2905760153061956,1.0,6410.273339727126,1.0
1,115,0.4595438517718475,0.0053611405575982,0.3020703482844469,-2.1392488366547986,7819.759473022502,1.0489360033110717,0.9496496358005131,146136910.1078387,5324196.9210230755,270357.59010982316,429065.53403706854,2.3574338859364796,1.0,876.567005159859,1.0
1,116,0.4595438517718475,0.0053611405575982,0.3020703482844469,-2.2429229087604363,7815.215429090275,1.0638401718728774,0.9778153066415393,132335545.79229379,4498370.224570725,296579.38315674034,469186.00455974875,2.321835688564063,1.0,764.2840860997705,1.0
1,117,0.4595438517718475,0.0053611405575982,0.3020703482844469,-1.8393725300702144,7823.364238193927,0.9753763274832736,1.025454863503549,189078965.82808164,1706273.44338939,321150.6885641576,508888.884133332,2.2157840166904443,1.0,5705.404667061907,1.0
1,118,0.4595438517718475,0.0053611405575982,0.3020703482844469,-2.717617483877766,7889.314944379731,1.0244176128754157,0.975821619615492,120228613.96104573,3554368.818400934,392891.61465920875,621725.6386720283,2.4039704007336318,1.0,633.0329332988542,1.0
1,119,0.4595438517718475,0.0053611405575982,0.3020703482844469,-1.8041707047982212,7910.467571239206,1.0072294542035403,0.9977834484551918,193650632.83209088,2626131.551203486,292082.8378098202,462013.85448719095,2.2128506365633056,1.0,6677.881116089761,1.0
1,120,0.4595438517718475,0.0053611405575982,0.3020703482844469,-2.283232315049954,7884.286578171554,0.9898598662805669,1.0314051457487925,172172525.185908,7188336.079587685,310030.2844589627,491686.15361866483,2.1390901480975497,1.0,1140.7641449696098,1.0
1,121,0.4595438517718475,0.0053611405575982,0.3020703482844469,-2.203710216434912,7932.776744830635,1.0208928285693597,0.9439177741154602,179668946.23535365,3415488.9429700333,361087.1833752779,572277.142644072,2.3428310006806314,1.0,5339.510678192262,1.0
1,122,0.4595438517718475,0.0053611405575982,0.3020703482844469,-2.2968987070534332,7799.016110458755,1.0051231986732887,0.9973590215765862,129884680.68541694,4196370.626111527,324462.77256920096,513422.0859932871,2.256019303319533,1.0,730.1062303658175,1.0
1,123,0.4595438517718475,0.0053611405575982,0.3020703482844469,-1.4212034743285464,7777.006706100409,0.9685004097633041,1.032540190948964,208355524.11540002,4066095.9925323967,281236.26057287963,446068.4499459477,2.1562337096397446,1.0,6637.514383488469,1.0
1,124,0.4595438517718475,0.0053611405575982,0.3020703482844469,-1.5010536990567924,7791.609505943985,0.9441003855374003,0.9830987752527167,208226703.58663675,3637332.790441934,280937.0301954156,445668.43413320335,2.186574329073409,1.0,6580.660405261031,1.0
1,125,0.4595438517718475,0.0053611405575982,0.3020703482844469,-2.116014705954174,7880.025268258953,0.966935306922866,1.0057008482277028,178683036.90647447,9377599.186932111,377929.405190372,599098.9137528432,2.208810880667125,1.0,4347.034252075365,1.0
1,126,0.4595438517718475,0.0053611405575982,0.3020703482844469,-1.6967848313096985,7860.552990151628,0.9153515577838307,0.9534240614714867,211438095.80964574,3357592.851356334,287936.0282824637,456828.72661618533,2.169589719287874,1.0,6690.729664418695,1.0
1,127,0.4595438517718475,0.0053611405575982,0.3020703482844469,-2.036201652413568,7731.486846417975,0.9978903423273464,0.973925470809375,127126173.44250274,4270936.329463675,317036.93105018884,502062.1126579478,2.3234165936249247,1.0,737.9268231473706,1.0
1,128,0.4595438517718475,0.0053611405575982,0.3020703482844469,-1.623953465537285,7793.968624380539,0.9118274163898773,0.9771762869015546,207518457.89907965,2674620.204653196,258869.0492550151,410852.99561199616,2.107522292713703,1.0,6330.4756101566045,1.0
1,129,0.4595438517718475,0.0053611405575982,0.3020703482844469,-2.3980128461632186,7757.243689220422,0.9724630914767259,0.9903870238726281,111965533.6176197,3363418.3153037466,397763.911128918,630049.2381191107,2.226592583551036,1.0,607.4805701806083,1.0
1,130,0.4595438517718475,0.0053611405575982,0.3020703482844469,-1.636204949547681,7809.673396999904,1.0000184045718894,1.010712848293726,193555431.95023704,2457150.520344469,248935.2893833546,393970.4802299976,2.176205433513706,1.0,6336.653197346487,1.0
1,131,0.4595438517718475,0.0053611405575982,0.3020703482844469,-1.8429269285436036,7796.691148948162,1.0037774150658527,1.0926394723362618,181101812.29764134,13389555.623279609,329461.3523332887,522232.37319952925,2.123378775803686,1.0,3771.0795094905616,1.0
1,132,0.4595438517718475,0.0053611405575982,0.3020703482844469,-0.7599128936037476,7853.682974451631,1.0443646515738845,0.9644038655641202,207152155.4581686,4266054.195875012,304219.85197795427,481799.587991522,2.4100866325031514,1.0,11935.593030275384,1.0
1,133,0.4595438517718475,0.0053611405575982,0.3020703482844469,-2.163723332816627,7774.626990282483,1.0277412715369838,0.9662230931792022,128356588.16054502,4285410.603048917,308154.8647433357,487770.39286798786,2.351759094028424,1.0,736.4977672423203,1.0
1,134,0.4595438517718475,0.0053611405575982,0.3020703482844469,-1.9863124030602461,7848.966277168204,0.9580172319049888,0.9781160695065273,184587745.39621302,5175712.005320073,358878.73863314465,568837.0586022759,2.185828788887664,1.0,4991.115259867407,1.0
1,135,0.4595438517718475,0.0053611405575982,0.3020703482844469,-1.6739317724477059,7884.536816817145,0.8878688092742492,1.0821538841965948,227911265.71043622,5315580.41487524,323848.4816097109,513546.3488946241,1.9108755810734082,1.0,7114.828178797192,1.0
1,136,0.4595438517718475,0.0053611405575982,0.3020703482844469,-2.0672852647584183,7856.06442128576,0.989601018815347,0.9525490828489618,187059999.890963,14110438.823578525,309749.1015979172,491011.9862882987,2.345661474493548,1.0,2073.258390116439,1.0
1,137,0.4595438517718475,0.0053611405575982,0.3020703482844469,-2.056542464242068,7871.0685143298615,1.0613892601905022,0.9545728675415307,171938086.21808174,11367063.412540944,355180.2091377431,563022.6371082771,2.347275953352017,1.0,4041.7770903598275,1.0
1,138,0.4595438517718475,0.0053611405575982,0.3020703482844469,-1.7949745556320247,7852.870657328519,0.9995983426569676,0.9681848808837621,189599967.68405727,2019002.8464465453,280253.4591094067,443646.50624501955,2.2544271393545396,1.0,6277.162463789179,1.0
1,139,0.4595438517718475,0.0053611405575982,0.3020703482844469,-2.141216861713595,7890.681094572391,0.8939896484342366,0.989004380111546,190795623.15057382,4782489.220023037,375854.50941679225,595745.5244061009,2.041558350561792,1.0,5082.402259300657,1.0
1,140,0.4595438517718475,0.0053611405575982,0.3020703482844469,-1.828485279470828,7807.073867308361,1.0675118523168825,0.9590691152552169,173600304.4338707,8297577.7252864875,340088.0766393895,539067.8606867662,2.3999107160315925,1.0,4482.971171999985,1.0
1,141,0.4595438517718475,0.0053611405575982,0.3020703482844469,-1.6514005471736108,7779.663297786228,0.9593391499793937,0.994304013077974,194054165.6073949,1596421.5984761915,293263.5344111327,464617.74175199657,2.197859653798128,1.0,5941.665693491323,1.0
1,142,0.4595438517718475,0.0053611405575982,0.3020703482844469,-1.6059920416765923,7743.676932452181,0.9516090547743058,0.9460043485170192,187335172.69906068,5414149.094254693,333711.4694467207,528938.0043733882,2.288474565274141,1.0,4916.86060850739,1.0
1,143,0.4595438517718475,0.0053611405575982,0.3020703482844469,-1.84629624461274,7805.324363010767,0.9872590625961518,1.0069833447250494,179983792.14798203,7674384.215132587,352539.0735763255,558813.9647382069,2.1803987575373323,1.0,4588.24084303653,1.0
1,144,0.4595438517718475,0.0053611405575982,0.3020703482844469,-1.2804567376615694,7704.042382903602,0.9812275687683719,0.9980673172115639,197270638.44338018,3062307.6478633336,258597.7060218177,410328.9569663987,2.1927366375725845,1.0,6256.816300952476,1.0
1,145,0.4595438517718475,0.0053611405575982,0.3020703482844469,-2.2190705826547,7866.6045216658085,1.0054846620611817,1.0104485231040927,168880257.424406,6965818.723523547,304150.44610670925,482380.5855968818,2.2049221776030787,1.0,1107.8291038277553,1.0
1,146,0.4595438517718475,0.0053611405575982,0.3020703482844469,-2.654743581373885,7919.220870680187,0.9334949799221073,0.9990317579103257,151251688.72480005,4708124.718289514,361269.1785464269,571522.3480092806,2.070346753203527,1.0,811.5061092628699,1.0
1,147,0.4595438517718475,0.0053611405575982,0.3020703482844469,-2.528004328980216,7836.188485388978,0.9415250346032111,0.9050744054912924,126031215.20762157,3714685.296341556,379663.0095861398,600863.1956767173,2.3918394976493325,1.0,656.4983264135166,1.0
1,148,0.4595438517718475,0.0053611405575982,0.3020703482844469,-2.417180199781191,7808.497707108207,1.072215900711087,0.9610023596113537,113560612.0016172,3567605.815028567,359751.619865511,569591.2220233823,2.501888757311939,1.0,627.7642036472738,1.0
1,149,0.4595438517718475,0.0053611405575982,0.3020703482844469,-1.2604225726480296,7810.360201215036,0.9937353840723206,0.9836543549174814,220294750.2366199,9731408.910784993,303568.2917983323,481220.52566471,2.297927898065503,1.0,7587.676818809715,1.0
1,150,0.4595438517718475,0.0053611405575982,0.3020703482844469,-2.661442274579394,7831.81589072084,0.9591537822243525,0.979810938769665,116573935.3941486,3347681.579184861,409993.83936909033,649063.7527704666,2.2784678212840976,1.0,607.7873835055391,1.0
1,151,0.4595438517718475,0.0053611405575982,0.3020703482844469,-2.047223591614976,7723.974811779638,1.0093521992632881,0.9505890687919349,120849866.89463007,4015921.6266265702,335466.3607665519,531347.7003026537,2.4096012426718287,1.0,696.7951712098381,1.0
1,152,0.4595438517718475,0.0053611405575982,0.3020703482844469,-2.031600670416589,7820.2544155441565,1.0228529580231571,0.9221829396270049,163737720.7263309,6802459.977359675,300957.2086413922,477337.76259170787,2.3953539474697854,1.0,1075.452632035425,1.0
1,153,0.4595438517718475,0.0053611405575982,0.3020703482844469,-2.2111698268531157,7864.13994230302,0.9772116517856861,0.8981073147386089,166419864.00545236,6438804.714195216,306851.2070308147,486741.31764435256,2.3470255907856754,1.0,1027.3404320448296,1.0
1,154,0.4595438517718475,0.0053611405575982,0.3020703482844469,-1.971041718956431,7792.794893797537,1.0255653047428643,1.0262040881173473,163201006.54058993,6772945.89512646,287882.3277357905,456598.0963501271,2.238470254292692,1.0,1084.6519885077455,1.0
1,155,0.4595438517718475,0.0053611405575982,0.3020703482844469,-1.7876119214263892,7838.357660746322,0.9637690079362222,0.9314234110691838,192856348.1577968,1892658.2529163023,288449.1267959243,456786.412882985,2.284085645107213,1.0,6176.563651466317,1.0
1,156,0.4595438517718475,0.0053611405575982,0.3020703482844469,-1.274770735134886,7784.719794201493,1.0317710253472918,1.0220604183732984,206141505.46762934,5381913.837891746,296366.5615012074,469935.60902524943,2.270489316394536,1.0,6890.279688015078,1.0
1,157,0.4595438517718475,0.0053611405575982,0.3020703482844469,-1.4596794173998064,7903.528319852051,1.0571433540540476,0.9933165656091242,199656565.25592777,4391244.572254344,305806.99948345154,484980.9993008948,2.304234201453078,1.0,7054.208599752274,1.0
1,158,0.4595438517718475,0.0053611405575982,0.3020703482844469,-1.620214651812061,7834.868462322946,1.015808057618635,0.938179949974555,189848101.19163322,2694473.674928651,264299.424773521,419494.90783722955,2.319854507988125,1.0,6497.102657892946,1.0
1,159,0.4595438517718475,0.0053611405575982,0.3020703482844469,-2.0494881290320874,7801.536463302396,1.0623071072145605,1.0167672933574632,150994620.6170252,5822550.469556401,272593.9366861116,432490.142941974,2.291349712946504,1.0,951.3121646528609,1.0
1,160,0.4595438517718475,0.0053611405575982,0.3020703482844469,-2.2587842122182584,7839.9922487758895,1.026442304155879,0.9472852095419814,144015107.12938762,4980480.071228105,286007.51718723594,452408.5016130217,2.309663186279196,1.0,831.4159738235375,1.0
1,161,0.4595438517718475,0.0053611405575982,0.3020703482844469,-1.6078739382105716,7835.632474203051,1.055884835606324,1.007956523330975,187165873.6406088,2709934.1091826092,257002.76460680214,407900.21255299536,2.272010556760584,1.0,6512.590445882644,1.0
1,162,0.4595438517718475,0.0053611405575982,0.3020703482844469,-2.2138690148814346,7821.9113628627065,0.9837188134174778,0.9675462475154725,149393463.73309729,5167344.179159741,283641.88984024187,448667.41718242917,2.2274218953027054,1.0,864.9783050839118,1.0
1,163,0.4595438517718475,0.0053611405575982,0.3020703482844469,-1.8797935911239616,7845.154642679927,1.0353446931426482,0.9626520842016884,180929802.84657985,1665466.463292821,324120.6488920264,513575.1450117916,2.4174706435825457,1.0,5758.455957499398,1.0
1,164,0.4595438517718475,0.0053611405575982,0.3020703482844469,-1.5930327799280966,7831.524892949842,1.0007626597611057,1.0150401638703967,198654595.3332659,3181068.2013249802,271211.71420713153,430320.6940508579,2.209391803105311,1.0,6600.590600768272,1.0
1,165,0.4595438517718475,0.0053611405575982,0.3020703482844469,-2.533582802112968,7857.470284527035,0.8815829037279067,1.0557084154899694,154479874.8970321,4791059.972219699,355898.57154014235,563053.0989106024,1.9235517303954284,1.0,839.4400493094033,1.0
1,166,0.4595438517718475,0.0053611405575982,0.3020703482844469,-2.485009078659923,7790.360494173255,1.0290673870073317,0.9610759427934934,108613099.38561058,3274812.9364133966,395345.5726531391,626134.5640186155,2.3793524538485524,1.0,587.1858735794472,1.0
1,167,0.4595438517718475,0.0053611405575982,0.3020703482844469,-1.3917693361851415,7941.981263095888,0.9818095650818589,0.951570462881042,215876578.3883918,13186977.223084213,326599.4050719429,517726.9092572347,2.3186411440052,1.0,8458.766028069072,1.0
1,168,0.4595438517718475,0.0053611405575982,0.3020703482844469,-1.1943341252459827,7831.110064920631,0.9869714211408956,1.0420777609924399,214329725.56482682,8235002.612537781,347150.20717311086,550240.0022131653,2.1457540202938716,1.0,10742.041799989243,1.0
1,169,0.4595438517718475,0.0053611405575982,0.3020703482844469,-1.7474312911910763,7848.358036170991,0.9684219707376802,1.06953144024424,203170643.81069756,2693546.707414737,258638.29378688312,409113.290793908,2.0727416447239184,1.0,6478.2285446405285,1.0
1,170,0.4595438517718475,0.0053611405575982,0.3020703482844469,-1.6760529713468868,7787.382745587954,1.0494057349176023,0.9993510460328627,181133474.17161834,1515714.1064610698,303928.83544805425,481568.184852423,2.370008992404276,1.0,5807.0745616192335,1.0
1,171,0.4595438517718475,0.0053611405575982,0.3020703482844469,-2.516251919756728,7842.202868470946,1.0091121515209491,0.9808851193033434,124246834.85842925,3809155.7258093106,362021.01074720314,572862.7073348181,2.3452410967016446,1.0,672.0575278022499,1.0
1,172,0.4595438517718475,0.0053611405575982,0.3020703482844469,-0.8215546159729485,7908.657283137846,1.057722071065386,1.0626184239962704,207722005.61606655,4647366.497432019,318448.26601914596,504356.7259314533,2.2860579209655825,1.0,12008.719920773621,1.0
1,173,0.4595438517718475,0.0053611405575982,0.3020703482844469,-1.9969331526135232,7785.576749217971,1.084507368018007,0.9884065557871389,144838428.57083127,5555252.400105432,267181.0950208805,423972.4954940798,2.357127620591338,1.0,909.4758023740397,1.0
1,174,0.4595438517718475,0.0053611405575982,0.3020703482844469,-2.1131663777220666,7815.894083092343,0.986626188900143,0.9789094281116707,159371038.98455125,5961061.592734143,283521.6886956183,449812.1708823912,2.2384317748899036,1.0,973.8390614304158,1.0
1,175,0.4595438517718475,0.0053611405575982,0.3020703482844469,-2.726063068276459,7789.32355925417,0.8902761486120163,1.024095436750685,111976162.04919899,3058087.803786003,451089.7937606527,714438.3082082142,2.0602795187334513,1.0,572.6328261702744,1.0
1,176,0.4595438517718475,0.0053611405575982,0.3020703482844469,-2.1934663904427674,7845.997770880329,1.0419385369484717,1.0705386562670136,160222915.0929808,6308285.604263409,284352.7827233328,451053.25417255954,2.1765038550687343,1.0,1023.7127767654065,1.0
1,177,0.4595438517718475,0.0053611405575982,0.3020703482844469,-3.1136369489785216,7814.099095938005,1.0987310926105385,0.9364989247369423,82579519.8687423,2225040.9201134862,514366.8733150923,814933.745046743,3.5492071438627844,1.0,416.498799766473,1.0
1,178,0.4595438517718475,0.0053611405575982,0.3020703482844469,-1.7262700755071565,7819.157223490392,0.978821048706208,1.0661219953186902,197075039.67156595,2099569.392964505,264795.05954739416,419240.70692886435,2.054639420513918,1.0,6223.398775410103,1.0
1,179,0.4595438517718475,0.0053611405575982,0.3020703482844469,-2.270245744537723,7777.892883713806,0.909136908141636,1.0522103132643208,141792072.66011983,4499999.287415425,327786.5814482773,518622.6368477712,1.960966403624359,1.0,792.8983233013988,1.0
1,180,0.4595438517718475,0.0053611405575982,0.3020703482844469,-1.334905804826506,7832.093689895433,1.0664622705647784,0.9944753880736849,200030554.1132151,4845144.933112172,299244.662963902,474532.4733477467,2.3475009799291064,1.0,6929.934849985643,1.0
1,181,0.4595438517718475,0.0053611405575982,0.3020703482844469,-2.8399380266303504,7832.8076064953375,0.9834176534810963,1.101245167057274,108704403.2542009,3055204.516264166,437036.9166576017,691927.7450179482,2.074687603226229,1.0,571.9697566000051,1.0
1,182,0.4595438517718475,0.0053611405575982,0.3020703482844469,-2.859668020208073,7877.108283966975,1.031393330229276,0.9842946773314697,107659797.1388151,3047340.0124888727,433035.1635101539,685469.6084470734,2.3594981989033705,1.0,556.5044973237058,1.0
1,183,0.4595438517718475,0.0053611405575982,0.3020703482844469,-1.9890318162447633,7824.221563230302,1.0612471065520275,0.9294649763840458,168152913.27536148,7986883.0549479555,306156.8472715894,485472.2672932285,2.4551293858973846,1.0,1231.664754841849,1.0
1,184,0.4595438517718475,0.0053611405575982,0.3020703482844469,-1.8688890492026908,7811.896647794304,1.0424426888975094,0.999682699005341,175740515.22721457,11781273.68607291,337855.00823215215,535541.803827845,2.301135315111883,1.0,3985.26315136239,1.0
1,185,0.4595438517718475,0.0053611405575982,0.3020703482844469,-1.7227544391713758,7836.94776606145,1.0307242276754902,0.9530416526881443,184655776.37025905,2071902.9493361788,275309.65026185533,435836.076121595,2.3362736928264747,1.0,6281.185764703857,1.0
1,186,0.4595438517718475,0.0053611405575982,0.3020703482844469,-1.7566674858337,7856.358013861622,0.9889237505456414,0.9687160677758863,193287294.8892177,2371351.031436475,269914.48680511536,426984.6612131673,2.217488793620902,1.0,6423.55192584877,1.0
1,187,0.4595438517718475,0.0053611405575982,0.3020703482844469,-2.104842811860182,7812.647019740801,1.0519527668652127,0.991903246931761,149360374.65538326,5588634.0205276385,271634.70107369125,431021.55401411443,2.30654505302706,1.0,917.5434129648229,1.0
1,188,0.4595438517718475,0.0053611405575982,0.3020703482844469,-1.4811539751057814,7858.187523926618,0.9221993917372625,1.0567542711597273,226149895.2591606,8189560.3635785235,325888.9868155095,516661.12607012474,2.0358863401240077,1.0,7490.4650548537265,1.0
1,189,0.4595438517718475,0.0053611405575982,0.3020703482844469,-2.3428811661228592,7873.220614047372,0.9557797337739395,1.0711014965696322,168335014.02520984,6259794.037341876,293194.0418950006,465104.7103413985,2.0326679770038636,1.0,1026.7474995900186,1.0
1,190,0.4595438517718475,0.0053611405575982,0.3020703482844469,-1.9013393512616508,7779.894409291768,0.8769452238702491,0.9853466515605507,190327720.49757782,8814649.12520365,318153.273037674,504474.35309329303,2.0758033239114364,1.0,1372.8715091472557,1.0
1,191,0.4595438517718475,0.0053611405575982,0.3020703482844469,-1.3473838382680907,7804.206356740535,1.0175916850467772,1.0321861962602568,207447135.7510029,5129776.355910007,297981.5267211461,472515.29040101817,2.226533527564383,1.0,6899.736351093582,1.0
1,192,0.4595438517718475,0.0053611405575982,0.3020703482844469,-1.579370367952618,7840.970326372653,0.8679827664903588,1.0328658233986419,231588211.62403473,5581300.137653241,320752.22694887815,508622.3619049086,1.971426499830125,1.0,7038.862698876221,1.0
1,193,0.4595438517718475,0.0053611405575982,0.3020703482844469,-2.3518833509978547,7822.074456218822,1.0224736637849465,0.9448176918311333,127980807.35975002,4099491.8598921783,329632.86375992285,521557.1105283954,2.3899525031020863,1.0,708.2785708450738,1.0
1,194,0.4595438517718475,0.0053611405575982,0.3020703482844469,-1.3023980119473366,7856.924061878936,1.022060182712237,1.0410304989223225,216007594.47428852,12023804.145814547,303845.7727438811,481636.9321980676,2.2506398396965834,1.0,8049.61888890218,1.0
1,195,0.4595438517718475,0.0053611405575982,0.3020703482844469,-1.9639722076210973,7830.323889195781,0.97382331183458,1.0053863234212956,185685611.0692532,14781040.052189296,330184.5323032045,523384.026910732,2.2211038827876246,1.0,3572.260272628005,1.0
1,196,0.4595438517718475,0.0053611405575982,0.3020703482844469,-3.4919175749210973,7752.434210143327,0.933679008589647,1.0531348379009886,80065945.64400145,1904309.93249837,601568.1551811398,953349.8436981455,4.449355082626754,1.0,370.63956250200596,1.0
1,197,0.4595438517718475,0.0053611405575982,0.3020703482844469,-1.3650001962256912,7736.675154520489,1.0250589635195477,0.933876975549237,187499583.683467,2771660.094581588,260555.62581124433,413486.14020407543,2.3505746458369674,1.0,6272.883550884517,1.0
1,198,0.4595438517718475,0.0053611405575982,0.3020703482844469,-2.7730297664907315,7822.395815084552,0.9392024090899409,1.0341211638033756,112134982.78147572,3120278.911876643,437493.18061898724,692715.2431541376,2.1053392685024495,1.0,579.8157996417364,1.0
1,199,0.4595438517718475,0.0053611405575982,0.3020703482844469,-1.5981275591800717,7803.262340351579,0.9357815307863471,0.9639461225070797,204886620.5554723,2976146.5468883496,268949.7631102354,426802.3562725921,2.1836365010889285,1.0,6447.531144095659,1.0
1,200,0.4595438517718475,0.0053611405575982,0.3020703482844469,-2.3786297190359122,7828.321451296439,0.9904713878692722,1.0084652115948953,135998960.19251043,4369371.893477767,328518.74765426863,519747.72639633715,2.154480898371965,1.0,758.1369243518719,1.0
1,201,0.4595438517718475,0.0053611405575982,0.3020703482844469,-2.27140487725352,7899.96249066703,1.077957109460793,1.074659909296358,169354591.12162292,8165449.36706618,308428.8182122347,489057.9844682305,2.213015898955517,1.0,1266.5302034239405,1.0
1,202,0.4595438517718475,0.0053611405575982,0.3020703482844469,-1.9293348040985405,7780.280117832651,0.9742638816177178,1.0353672425225218,171181152.86263043,7221982.341491692,293871.75626316515,466058.46244432224,2.1530498819420987,1.0,1152.6764981721374,1.0
1,203,0.4595438517718475,0.0053611405575982,0.3020703482844469,-2.9886576915335397,7889.11099636844,1.03033724325385,1.0548581749064707,106243216.50502355,2956654.304222818,450812.29618246376,713599.4607040727,2.2337502380337853,1.0,549.5302025052445,1.0
1,204,0.4595438517718475,0.0053611405575982,0.3020703482844469,-0.5217107019947242,7859.49814716671,0.9040407767394333,1.0716669706842066,242381254.5475431,3554996.8984101973,279738.05099223455,443803.1668145016,1.980039735321669,1.0,12506.528761474658,1.0
1,205,0.4595438517718475,0.0053611405575982,0.3020703482844469,-2.2401218205680755,7829.316029982461,0.896928508742306,1.0153378092018603,168730458.11201054,5938228.870446673,284833.8872674882,451921.3359055299,2.0369909005313844,1.0,987.5094814537268,1.0
1,206,0.4595438517718475,0.0053611405575982,0.3020703482844469,-2.0327369265973636,7805.888272430431,1.1117663509089597,1.0478431503071803,150059159.47239965,6040791.730898386,272947.76103522955,432997.1298343184,2.3157197462219763,1.0,978.8681847448946,1.0
1,207,0.4595438517718475,0.0053611405575982,0.3020703482844469,-1.3861334457985175,7790.942262657454,1.0176689530963279,1.0122919102609962,201288918.25666842,4115868.806015664,285196.3379581287,452338.65559800947,2.2564750178481563,1.0,6695.652014810895,1.0
1,208,0.4595438517718475,0.0053611405575982,0.3020703482844469,-2.223828719843222,7862.722797046235,1.0042524394641024,0.9681216555356595,163944275.98665142,6377227.8292045845,298028.00661261583,472745.18223260395,2.2701722134899835,1.0,1024.6333437036615,1.0
1,209,0.4595438517718475,0.0053611405575982,0.3020703482844469,-2.203097437173582,7835.271838496574,0.9673228904057353,0.928646804418833,156919745.91449788,5576773.370028366,283404.74096869555,449711.8922979621,2.2765562660113665,1.0,917.3756844512598,1.0
1,210,0.4595438517718475,0.0053611405575982,0.3020703482844469,-1.9437007921175438,7773.935038910603,1.0484790153468115,1.0253061944252988,153185286.69819307,6044338.896590188,272770.5058557595,432737.3422996496,2.268360021643591,1.0,984.5984286002274,1.0
1,211,0.4595438517718475,0.0053611405575982,0.3020703482844469,-2.0268201948426974,7930.913113980984,0.9508970920133369,1.003665361036027,199043167.22316617,2009487.822027479,306966.204018708,485634.9928729874,2.091604289158587,1.0,6418.273189253384,1.0
1,212,0.4595438517718475,0.0053611405575982,0.3020703482844469,-2.5624088059974444,7802.901508374321,0.9928066627855535,0.9720465829061417,111147386.46743374,3266212.171325345,404984.32306866505,641337.9696616671,2.310746982543737,1.0,590.4104709254673,1.0
1,213,0.4595438517718475,0.0053611405575982,0.3020703482844469,-1.209154563882416,7853.580344761749,0.9762305883280604,0.9858842317206008,215591935.20583966,7432766.850710629,350534.37335438636,555589.7032399907,2.223783155149894,1.0,10956.872177593195,1.0
1,214,0.4595438517718475,0.0053611405575982,0.3020703482844469,-2.591924307204601,7874.365036690475,0.9645746238699057,0.9635882413486977,133476718.57378122,4029242.997391585,369209.1837575672,584172.4984368016,2.2319588895507114,1.0,707.3577095440575,1.0
1,215,0.4595438517718475,0.0053611405575982,0.3020703482844469,-2.5430215877704994,7854.332086660269,1.0821324547622746,1.0528723493436263,120710803.89591885,3807203.8257918875,353496.5213387306,559337.2853774156,2.3234285928034875,1.0,672.3313922531088,1.0
1,216,0.4595438517718475,0.0053611405575982,0.3020703482844469,-1.517942283706854,7869.587295866477,0.8593117281178909,0.9260996075102569,234685474.4494121,9030773.420273574,338268.1932540541,536285.9306886111,2.14146373522329,1.0,7632.921466260863,1.0
1,217,0.4595438517718475,0.0053611405575982,0.3020703482844469,-1.6908259552102032,7822.563783905525,1.0060857998770723,1.0780623473729243,195190958.91841495,2391801.9709511334,250817.82940191423,396901.75005720847,2.0883915158076496,1.0,6339.77957864866,1.0
1,218,0.4595438517718475,0.0053611405575982,0.3020703482844469,-2.15433464498711,7902.985621070505,0.9775674715685867,1.0338773051576977,182762066.29240435,4453971.877705455,364005.14195477625,576939.2480607164,2.1093746762090464,1.0,5141.858448310058,1.0
1,219,0.4595438517718475,0.0053611405575982,0.3020703482844469,-2.489133008135919,7834.073774587635,0.951407129502698,1.0281192109974977,134865020.59583095,4146973.410898799,356444.7740967981,563985.4329401009,2.092346957896153,1.0,733.7278334807246,1.0
1,220,0.4595438517718475,0.0053611405575982,0.3020703482844469,-2.436950722156091,7826.81937902213,0.9546636748235147,0.9248579207755904,129992490.3573302,3962641.8079014663,356012.2033928664,563341.7458391709,2.3405856528442754,1.0,693.6078532802541,1.0
1,221,0.4595438517718475,0.0053611405575982,0.3020703482844469,-1.398334573908775,7719.485463095276,1.024106470107584,0.9632663222775858,185662369.97659862,1856056.9408536775,274459.83059208345,434834.9490716421,2.3362439692597503,1.0,5967.665770867806,1.0
1,222,0.4595438517718475,0.0053611405575982,0.3020703482844469,-1.5600148337396953,7887.494238563554,1.008195516952778,0.9767256249387088,201874664.9084994,3865737.91446486,299331.7407539429,474794.25383368507,2.2628216572048916,1.0,6912.392755003953,1.0
1,223,0.4595438517718475,0.0053611405575982,0.3020703482844469,-2.474642097455802,7830.787586826255,1.0771171145145277,1.0902150746476935,121328582.03059039,3879171.289516965,344553.8187046961,545194.1341293599,2.25078372058854,1.0,687.0421254264674,1.0
1,224,0.4595438517718475,0.0053611405575982,0.3020703482844469,-2.403180625271488,7896.012969210187,0.9845546149584511,0.9398446544603469,157006510.4581263,5468390.97961763,295954.39286958665,468096.8872701152,2.265276533971577,1.0,900.7208454788779,1.0
1,225,0.4595438517718475,0.0053611405575982,0.3020703482844469,-1.251764388689537,7818.6343149984705,0.8858017000154961,1.024687899481257,229538362.98978388,6307935.389856165,345060.5121760525,546888.933116895,2.0477706424921567,1.0,11074.275624977694,1.0
1,226,0.4595438517718475,0.0053611405575982,0.3020703482844469,-1.9094843205570349,7792.081415861943,0.9431660328310576,0.9763602341524745,183870536.8929391,9025043.560536694,313263.09994267573,496698.89031690976,2.204811295089612,1.0,1390.9752522977208,1.0
1,227,0.4595438517718475,0.0053611405575982,0.3020703482844469,-1.874244110262738,7962.676326301043,1.058187491758277,0.9989366457838499,183071345.84164572,2308687.5591083798,323891.02119232784,512351.42081243236,2.255767322005315,1.0,6766.32709092208,1.0
1,228,0.4595438517718475,0.0053611405575982,0.3020703482844469,-1.6493871807563982,7851.888247412572,0.985134914364544,0.9563988656251049,197556672.10164604,2985700.617750235,274456.40797906835,435531.03058324975,2.265331302038638,1.0,6608.264223902057,1.0
1,229,0.4595438517718475,0.0053611405575982,0.3020703482844469,-1.0140680485550453,7828.029617227369,1.0210080950106324,0.994023477914086,212514444.0827819,4887756.790510484,320128.0522588909,507261.82355780987,2.3401566978710044,1.0,11478.993515370357,1.0
1,230,0.4595438517718475,0.0053611405575982,0.3020703482844469,-2.3447301348206055,7747.28171923222,1.048538454916336,1.0160888938960073,106030174.99685043,3306346.7104913453,388087.82024494314,614764.8002823722,2.2828476900005925,1.0,594.1896099659889,1.0
1,231,0.4595438517718475,0.0053611405575982,0.3020703482844469,-2.001492893549555,7878.231950164337,0.9329161460361302,1.0464030270035456,197049257.0468869,1503618.7308126506,317321.76348241017,502692.5258787023,2.1033971115759242,1.0,5926.813086339284,1.0
1,232,0.4595438517718475,0.0053611405575982,0.3020703482844469,-2.1621369004287234,7953.163186857477,1.014931014218679,1.0172023282229787,185306639.6537724,1570995.820769892,329085.81120261305,521182.80652239796,2.2976758901440792,1.0,6082.570781412388,1.0
1,233,0.4595438517718475,0.0053611405575982,0.3020703482844469,-2.4624121676857142,7804.379179204808,0.9229201686938481,1.015874513193434,129817833.23779818,3895179.6438385826,368762.01048086194,583624.4449665035,2.143966619458494,1.0,698.2437091170382,1.0
1,234,0.4595438517718475,0.0053611405575982,0.3020703482844469,-2.919134800823253,7802.408728983828,0.9908232172242033,1.0415994691249986,96635579.10627535,2626717.421632771,478872.0508808455,758552.7881000821,2.662217163362369,1.0,496.134168189104,1.0
1,235,0.4595438517718475,0.0053611405575982,0.3020703482844469,-2.4054505264560038,7880.150836433591,0.9767021272650058,1.0015001653580473,155789948.70654416,5346868.99168901,303458.91593238834,479992.04712890385,2.1603426028486954,1.0,893.5464714004976,1.0
1,236,0.4595438517718475,0.0053611405575982,0.3020703482844469,-2.5680958484282144,7789.6048800433155,1.0504043151833453,0.9553037577556334,101855942.5674098,3021387.345696063,417610.39095006837,661484.0683684511,2.3382439904397474,1.0,546.3410005391984,1.0
1,237,0.4595438517718475,0.0053611405575982,0.3020703482844469,-2.8124449593546137,7861.166847938092,1.0026435545654122,1.0969247900985621,114919792.33804986,3311723.853876439,417723.151281516,661134.7796646385,2.1746997146891895,1.0,610.8844295753166,1.0
1,238,0.4595438517718475,0.0053611405575982,0.3020703482844469,-2.370428921627542,7810.85653983299,0.9764979529171203,0.9911586668833076,131127266.13477036,4124886.6538397665,339270.90931531996,536821.5721979942,2.226520872427578,1.0,722.5082933921856,1.0
1,239,0.4595438517718475,0.0053611405575982,0.3020703482844469,-2.252891710775418,7873.90602111348,0.9976841657280296,1.0006964699998218,168453089.18067148,6786301.798302902,304090.61980487034,482307.9726122738,2.2041239376216146,1.0,1083.3448711702924,1.0
1,240,0.4595438517718475,0.0053611405575982,0.3020703482844469,-2.5813156375025628,7794.538614452201,1.034661798135973,1.0052615470703488,105181159.93468423,3116755.6114955693,410811.0503215979,650642.5860600756,2.2723500868499036,1.0,566.7283891294635,1.0
1,241,0.4595438517718475,0.0053611405575982,0.3020703482844469,-2.3124212064901863,7751.648273983559,0.9736316489176081,1.0669404802526228,118904452.73499604,3692126.622570615,367822.1229838565,582526.6765251226,2.1575824926776543,1.0,665.2264342854885,1.0
1,242,0.4595438517718475,0.0053611405575982,0.3020703482844469,-2.1870307060404053,7876.777911998661,0.9943914282744801,0.9927581624759231,179669066.67113602,9197405.385276979,319800.45579476404,507055.1694194826,2.2357534022382684,1.0,1406.6922263676972,1.0
1,243,0.4595438517718475,0.0053611405575982,0.3020703482844469,-1.705061179920473,7898.920453688145,0.9691927767479993,0.9132090650465209,199256944.19078618,3056310.9271704555,287790.35035384813,456665.58900594886,2.2993982600420644,1.0,6766.9196427786155,1.0
1,244,0.4595438517718475,0.0053611405575982,0.3020703482844469,-2.6026093666844816,7866.18432758202,0.9069688231890654,0.9208379300610309,135806722.52245662,3967365.843812153,383672.4109961227,607101.32070379,2.235827382535003,1.0,700.0415284161975,1.0
1,245,0.4595438517718475,0.0053611405575982,0.3020703482844469,-1.042979671841326,7824.564455616609,1.0272146910440028,0.9807013630561294,211539470.867617,5425076.228537275,326428.48020147375,517297.9281052691,2.3633218226302337,1.0,11305.476871407736,1.0
1,246,0.4595438517718475,0.0053611405575982,0.3020703482844469,-1.2329973145052922,7804.980797003061,1.0170871426796377,1.046947060470676,218905617.97071707,10741271.180004852,296476.5887896592,469957.9862839077,2.2338599692787073,1.0,7725.68165592305,1.0
1,247,0.4595438517718475,0.0053611405575982,0.3020703482844469,-0.9503438360035124,7868.058443180959,0.9453952245980528,1.0032799919157287,224917478.89244944,4040007.4554931405,295045.8943420318,467151.57541431836,2.1184132962104405,1.0,12054.251946375403,1.0
1,248,0.4595438517718475,0.0053611405575982,0.3020703482844469,-0.7316517095867512,7896.586647416903,0.963339749256506,1.013286843976334,221794440.0412996,4055347.4409824484,301968.7520325701,477733.80540444946,2.0986038167160825,1.0,12304.777963239041,1.0
1,249,0.4595438517718475,0.0053611405575982,0.3020703482844469,-1.9417582757989353,7726.829004399436,1.0194663640694985,1.0358162996120681,134731138.2700727,4780463.685762264,278568.12655442505,441002.2621825732,2.1713064407075318,1.0,815.642734395115,1.0
1,250,0.4595438517718475,0.0053611405575982,0.3020703482844469,-1.2453341285087327,7825.4576431018995,1.0304285378228673,0.9265243174084582,212973303.33449596,8053870.773358828,307076.48170859745,486814.71922326076,2.4482729644092416,1.0,7379.300665542897,1.0
1,251,0.4595438517718475,0.0053611405575982,0.3020703482844469,-1.984228967557959,7872.383949488081,1.0152831748957174,1.0634246621091454,184571260.5257753,1724293.9190432804,325570.38723570155,515852.38452262786,2.219818414733815,1.0,5761.389527218713,1.0
1,252,0.4595438517718475,0.0053611405575982,0.3020703482844469,-2.3622958316867684,7804.064522952871,0.9587280144971668,1.0272888942254415,134085571.69471857,4222733.756115309,338234.95594248996,535168.7305584233,2.116032201120571,1.0,743.2201622471474,1.0
1,253,0.4595438517718475,0.0053611405575982,0.3020703482844469,-1.539943502793029,7813.703763044092,1.0275543547853492,1.0074131158070834,193318543.24243027,3065364.7182143065,266435.8807864134,422778.92393363325,2.2561943062567784,1.0,6536.367639045993,1.0
1,254,0.4595438517718475,0.0053611405575982,0.3020703482844469,-2.4562222304531476,7840.860392215686,0.9641386649129532,1.0738277095105067,141736325.9268871,4518395.046327487,338673.8625739986,535814.9664161368,2.0027236963533346,1.0,791.0432784917494,1.0
1,255,0.4595438517718475,0.0053611405575982,0.3020703482844469,-1.9179210228642414,7822.744909223066,1.0368668862817125,1.0319991146748286,178092428.07146782,13296255.80638273,329890.03376347537,522911.615110978,2.2602831111711645,1.0,3776.2730388182636,1.0
1,256,0.4595438517718475,0.0053611405575982,0.3020703482844469,-1.2854589495859687,7873.086944509352,1.0599475297945722,0.9665805846504232,209134522.12147856,8005076.09307851,309588.5016240404,490797.5626237546,2.411432103176299,1.0,7502.526754376783,1.0
1,257,0.4595438517718475,0.0053611405575982,0.3020703482844469,-1.7910082446333213,7904.01288130002,1.0694099789335387,0.9925518036541361,181708774.08079928,2288437.8878115956,293407.31744758546,464139.4181702946,2.2867763491869044,1.0,6576.872696971654,1.0
1,258,0.4595438517718475,0.0053611405575982,0.3020703482844469,-1.4820191123158337,7821.01198526654,1.0376563633140246,0.958343260216047,192279965.24784696,3329338.882344973,279367.85908730794,443232.82648093894,2.3515713738000628,1.0,6627.690221720967,1.0
1,259,0.4595438517718475,0.0053611405575982,0.3020703482844469,-1.7524404242412115,7901.521835529825,0.9104730030873062,1.0267145444714705,218218818.45586675,3876276.1137059815,302838.76422111614,480372.16615009215,2.030411957288514,1.0,6913.062463206844,1.0
1,260,0.4595438517718475,0.0053611405575982,0.3020703482844469,-1.6625340269326498,7881.577410200335,0.9945842812567505,1.0805825492772154,205327269.31356648,3625002.8837732896,284982.53871000983,452067.3331985918,2.0946299415312897,1.0,6834.434046060509,1.0
1,261,0.4595438517718475,0.0053611405575982,0.3020703482844469,-1.3410408728430525,7745.270278370559,0.9864084809616147,1.092501069511002,207006128.1844342,4106054.9100882937,270631.24882226455,429231.3710348418,2.099654878305332,1.0,6570.576311705089,1.0
1,262,0.4595438517718475,0.0053611405575982,0.3020703482844469,-2.5136256070659693,7837.321770593022,0.9254155781632654,0.9745387153336306,134361869.0667671,4031359.2510523535,367783.13312936964,581952.0589810632,2.1701960804621274,1.0,713.5687240037922,1.0
1,263,0.4595438517718475,0.0053611405575982,0.3020703482844469,-2.645897155413227,7920.48363472656,0.9308592212786005,0.9923619783575407,152586224.22236282,4770612.854143523,358501.556518078,567129.0597346778,2.077148519671927,1.0,819.5004071384527,1.0
1,264,0.4595438517718475,0.0053611405575982,0.3020703482844469,-2.2385147092685864,7816.375347514808,0.9567836492318592,0.9908126536397579,150145705.57458436,5078585.546075341,294888.4352776313,466476.6150608582,2.1473892835635984,1.0,859.4241124949699,1.0
1,265,0.4595438517718475,0.0053611405575982,0.3020703482844469,-2.333587027377848,7859.78807150099,0.97557562163691,1.0008000470871619,155731047.85376453,5404094.5564950025,293461.58506129077,464175.6330595585,2.166864800366291,1.0,901.8399070099509,1.0
1,266,0.4595438517718475,0.0053611405575982,0.3020703482844469,-1.6680440425782592,7860.690158398704,0.9599021341112702,0.9617033173279831,203320051.21425438,3193670.868123332,281621.07929602487,446841.3274404147,2.222997682538463,1.0,6673.5481330359635,1.0
1,267,0.4595438517718475,0.0053611405575982,0.3020703482844469,-2.421150363820415,7839.177000716025,0.9579144601352101,0.9324407058269736,135915699.72572282,4228891.373437014,342440.48222555895,541802.4116468744,2.2621184045596943,1.0,732.5653173369303,1.0
1,268,0.4595438517718475,0.0053611405575982,0.3020703482844469,-2.380011544444092,7802.091814125614,0.9874993322231376,1.0225196981586333,127315650.99350765,3993375.92509005,344851.9277645227,545767.7665964839,2.2230855051708027,1.0,705.6332112433954,1.0
1,269,0.4595438517718475,0.0053611405575982,0.3020703482844469,-2.307525662611278,7821.687717017178,0.9759978318345706,0.975166004077972,140594333.6740187,4592667.838087411,314486.93598571006,497525.18924268364,2.1740788391390535,1.0,787.1965667807135,1.0
1,270,0.4595438517718475,0.0053611405575982,0.3020703482844469,-2.0906721351919284,7800.431110914164,0.9712879427170565,0.9276283861395435,153561445.80767444,5499130.473387817,276747.8315771329,439187.88581247337,2.2873105875907456,1.0,906.882078861012,1.0
1,271,0.4595438517718475,0.0053611405575982,0.3020703482844469,-2.469468031309766,7792.5281786831765,1.0024228890422264,1.0311574118531455,115727672.56857888,3515463.114125623,379020.1982318089,600146.7678087994,2.2632900739616097,1.0,633.1501213596989,1.0
1,272,0.4595438517718475,0.0053611405575982,0.3020703482844469,-2.889173249435138,7757.84051463227,0.9656618160202679,0.9513471053943685,90805645.13051166,2420398.077611047,511090.4051298506,809852.5814936548,3.22661780828544,1.0,455.0309422028533,1.0
1,273,0.4595438517718475,0.0053611405575982,0.3020703482844469,-1.6886676567684902,7803.695894624374,1.003216977338907,0.9184148474410843,185992568.80452946,1736301.5826400302,293872.4946046006,465517.2630680785,2.4119457550891115,1.0,6046.652131070968,1.0
1,274,0.4595438517718475,0.0053611405575982,0.3020703482844469,-3.003670753914543,7803.178869558662,0.9777777724038089,1.0372542639086113,94721926.18526842,2518043.440854091,496865.51572875,787089.4203137096,2.838338414717176,1.0,478.966142949753,1.0
1,275,0.4595438517718475,0.0053611405575982,0.3020703482844469,-1.8953095615389053,7806.119928957445,0.9570773829916568,0.9239968152550425,192791765.1340992,14444172.539291855,303597.17785073194,481250.12583792553,2.3440054562955717,1.0,2121.0120364474747,1.0
1,276,0.4595438517718475,0.0053611405575982,0.3020703482844469,-2.820131610392523,7756.476703419506,1.0213459367601938,0.9416802837839146,88665301.28340988,2444179.250651948,494686.9195373714,783858.7341901317,3.223178286468907,1.0,455.01384694772867,1.0
1,277,0.4595438517718475,0.0053611405575982,0.3020703482844469,-2.6803330747259895,7890.170647738189,0.940808842373493,0.9813053060667134,135772398.4435548,4015540.2871454735,385592.23302380415,610114.7970700192,2.145347063662435,1.0,710.7459082231633,1.0
1,278,0.4595438517718475,0.0053611405575982,0.3020703482844469,-2.734155144146296,7881.10224665947,0.9343365160289681,0.9622815348854,127943404.48382694,3661642.969533666,407226.6647195514,644426.6229101261,2.2638989143164427,1.0,657.2269841382545,1.0
1,279,0.4595438517718475,0.0053611405575982,0.3020703482844469,-1.7581608951322305,7758.77210131371,0.9840671366336219,0.9824259238852641,181101389.32762933,9544725.315811092,303699.87425159814,481505.10273735214,2.2740191491538355,1.0,1458.6709643885154,1.0
1,280,0.4595438517718475,0.0053611405575982,0.3020703482844469,-2.2612924589340966,7760.376195451385,1.0171440523580064,0.9668382074391141,116453342.81169784,3692762.0899213096,358357.5754582057,567543.5385173169,2.3953286015968835,1.0,650.8852937091909,1.0
1,281,0.4595438517718475,0.0053611405575982,0.3020703482844469,-1.408658356444302,7795.296921859516,1.0371085065292793,1.094151077632185,201170664.09895965,4101654.465269127,277838.86489558103,440660.4209110659,2.164848799582454,1.0,6707.152734592536,1.0
1,282,0.4595438517718475,0.0053611405575982,0.3020703482844469,-1.7928474060646729,7812.479738474471,1.045064220105805,1.0386266966533997,180921261.7833804,1876864.3029246342,318110.48190613615,504089.2749967581,2.2997785927919137,1.0,5635.6452866162,1.0
1,283,0.4595438517718475,0.0053611405575982,0.3020703482844469,-1.7732887003297726,7767.7086651523605,1.0695985571990971,1.0988163979586187,176886133.57851976,10561029.5431162,291114.245042886,461502.92310524965,2.22659018537288,1.0,1599.5822088220987,1.0
1,284,0.4595438517718475,0.0053611405575982,0.3020703482844469,-1.8143004807172456,7727.947618223752,0.9827318940895537,0.9713603996940887,151670913.35035956,5758248.387736725,267246.31047612545,424086.7431861373,2.242236883358999,1.0,947.7111059147574,1.0
1,285,0.4595438517718475,0.0053611405575982,0.3020703482844469,-1.5038679785622184,7816.063985735845,1.0914088619376636,0.9204144002770405,178469199.90663457,2640673.283973,261809.96862436796,415543.34780253406,2.4584862465914123,1.0,6468.311803013613,1.0
1,286,0.4595438517718475,0.0053611405575982,0.3020703482844469,-1.9264019647535489,7772.869868517096,1.0727177901975598,0.9333314317647767,145686968.72461036,5666450.605755239,274615.2938533372,435754.5680315636,2.4315165370756966,1.0,919.324754802379,1.0
1,287,0.4595438517718475,0.0053611405575982,0.3020703482844469,-2.0941102931978843,7872.540982472726,0.9320568659646279,1.0215333161174593,183686504.31999218,7203174.720401934,377544.7967432588,598468.2077784429,2.1001852257900824,1.0,4681.676375459166,1.0
1,288,0.4595438517718475,0.0053611405575982,0.3020703482844469,-2.2499083068359242,7788.635721289275,1.0711503430552196,0.9481444890975473,119844368.64475554,3936149.054833633,326892.4410533916,517521.3371183666,2.506420832822261,1.0,680.1358613058527,1.0
1,289,0.4595438517718475,0.0053611405575982,0.3020703482844469,-1.9553771744408575,7737.958043184111,0.9617188337879314,0.9389632107242251,141219912.92076063,4904119.468909948,276364.64556154225,437418.67342870834,2.2302769187545537,1.0,827.9039292257781,1.0
1,290,0.4595438517718475,0.0053611405575982,0.3020703482844469,-1.8870146223659992,7894.548260306279,0.952273708550823,1.0306355659694175,202917068.73364404,2437231.6766933333,285798.9854698966,452099.679252738,2.086785787399152,1.0,6506.851223177151,1.0
1,291,0.4595438517718475,0.0053611405575982,0.3020703482844469,-2.086074480508261,7877.338716200798,1.058586001639473,0.9113565946707327,182410219.23033893,17477879.882836666,303885.97063795425,481673.47175248334,2.538262360273782,1.0,3176.3520705583055,1.0
1,292,0.4595438517718475,0.0053611405575982,0.3020703482844469,-2.300674778963838,7836.383125363502,1.0310867627082683,0.9905096805489402,139988018.48045003,4741655.600657862,299398.0811011954,473618.64821106486,2.235280054999885,1.0,803.2930353276372,1.0
1,293,0.4595438517718475,0.0053611405575982,0.3020703482844469,-2.5485358191995067,7863.916730501919,0.9747343267571943,0.987795091256483,133913950.88210562,4108577.2090122215,359645.33322262455,569028.2833924455,2.1906054079677832,1.0,720.4785965608115,1.0
1,294,0.4595438517718475,0.0053611405575982,0.3020703482844469,-2.6510870771611836,7875.186569823903,0.9957133394594788,0.9827987872393789,125404804.87905225,3741752.696987802,382284.47750837234,604918.6678468294,2.317444655792771,1.0,664.310785816597,1.0
1,295,0.4595438517718475,0.0053611405575982,0.3020703482844469,-1.5234498810812513,7809.990676751368,1.0287260547277013,1.042251562142065,195562336.30444306,3234094.1124726473,266841.3438715645,423371.1231334301,2.2137049790706067,1.0,6564.476953900858,1.0
1,296,0.4595438517718475,0.0053611405575982,0.3020703482844469,-2.246818871991874,7817.753386582866,1.1129014657127099,0.8693747004597202,121409860.46978018,4079992.9306794205,306032.84627913916,484305.7439998166,2.708724689811628,1.0,688.5454790202378,1.0
1,297,0.4595438517718475,0.0053611405575982,0.3020703482844469,-2.8829697125099494,7818.326200249093,0.9163979026536215,1.0041710607738532,106943528.88765982,2860139.5467113685,471451.5946692307,746643.0215535461,2.245743375846384,1.0,537.7147973484698,1.0
1,298,0.4595438517718475,0.0053611405575982,0.3020703482844469,-2.1441056306667585,7861.528212488376,0.9282768461878136,0.9569123586036344,187839261.942591,9920236.632761791,327985.2360129151,520018.19634515874,2.197054671265294,1.0,1508.3602998051026,1.0
1,299,0.4595438517718475,0.0053611405575982,0.3020703482844469,-1.816439951888689,7836.712957979838,1.0449718252212072,0.990139396636701,181447110.77176166,1542686.6997369612,307222.1513022978,486704.2943762205,2.3795004642870996,1.0,5952.148421048168,1.0
2,0,0.5488146140618242,0.0014874561353536,0.6520569804853744,-2.119384789317555,7842.7605812620595,1.0790519603082434,0.9984028807727167,103718789.66836396,5040492.777388299,199196.68418600084,311597.59740605915,2.373464892039264,1.0,831.3692024824358,1.0
2,1,0.5488146140618242,0.0014874561353536,0.6520569804853744,-1.829709921259528,7791.122803512658,1.00027444111958,1.0308898309249819,124450519.40004021,7569981.595409687,224666.48666496872,351186.0747916577,2.2710448049601006,1.0,1185.0904071990556,1.0
2,2,0.5488146140618242,0.0014874561353536,0.6520569804853744,-2.1729692987627476,7807.645272156125,0.9717542919489273,1.0231280268560476,101247970.94370914,4446453.904738262,228083.40817439978,355742.443367568,2.1679925611434667,1.0,763.5723583046424,1.0
2,3,0.5488146140618242,0.0014874561353536,0.6520569804853744,-1.7163743678533194,7917.8226973398105,0.9625568169891502,1.029491578052724,130260872.31256314,1681255.611461631,283394.0683042252,442100.4698741457,2.2270885350355045,1.0,6445.940645488092,1.0
2,4,0.5488146140618242,0.0014874561353536,0.6520569804853744,-2.584744739329761,7898.07507658648,0.9969204411374487,0.9898474178613209,91695454.34795737,3643789.8359482824,283982.55329603277,442982.6414010796,2.329242892978864,1.0,642.7803331528846,1.0
2,5,0.5488146140618242,0.0014874561353536,0.6520569804853744,-1.7189906419318697,7852.707306830919,1.0325805056221342,1.1128153894522312,126315122.01764952,1640700.4598980162,269549.2572534794,420927.5934418765,2.2220589619384667,1.0,5989.038317331926,1.0
2,6,0.5488146140618242,0.0014874561353536,0.6520569804853744,-2.338655074928475,7888.567176209457,0.9710966147434685,1.0135507520829024,111362383.16101028,5020864.936236921,228559.22310467847,356416.878338995,2.2172341264730524,1.0,841.3927576449893,1.0
2,7,0.5488146140618242,0.0014874561353536,0.6520569804853744,-2.018641884236888,7936.482835146592,1.0247331754171218,0.9965193383304106,126626890.75863528,2129390.4100215007,296663.0324939363,463362.64438403625,2.3080688658405055,1.0,5822.390968341633,1.0
2,8,0.5488146140618242,0.0014874561353536,0.6520569804853744,-2.184042301824762,7858.962030054552,1.1000555624670028,0.9959984575585418,100813638.22303614,4808488.893684589,203400.65923738712,317179.8142454025,2.387050433987271,1.0,797.0971679446614,1.0
2,9,0.5488146140618242,0.0014874561353536,0.6520569804853744,-2.3172561896482775,7796.1392024799925,1.1334631315089192,1.0365092289650704,76787645.60532352,3278302.05560511,269623.4282837913,420905.03266854107,2.4753715913439764,1.0,580.5679232257801,1.0
2,10,0.5488146140618242,0.0014874561353536,0.6520569804853744,-2.3553936751822526,7800.764647935618,1.025857875364287,1.010940159388776,82536195.17427886,3379156.1863375497,277711.6940497103,433490.7814251195,2.3832404823469058,1.0,601.7571794070501,1.0
2,11,0.5488146140618242,0.0014874561353536,0.6520569804853744,-1.1797748349921846,7833.1370692836745,0.9257756720186512,0.9956860338192436,143375530.1731661,2456325.0863529937,210778.06248747162,328702.4470293891,2.1903777276150227,1.0,6568.082185280389,1.0
2,12,0.5488146140618242,0.0014874561353536,0.6520569804853744,-2.128567190530063,7912.683659637158,0.9504324263445937,1.0299263328712804,131277387.04803759,11094753.619593628,297418.89368808665,464781.9890554571,2.5278379464569185,1.0,4096.7080531621405,1.0
2,13,0.5488146140618242,0.0014874561353536,0.6520569804853744,-2.524346728125093,7833.639117352326,1.0143651788739565,0.9832282813942599,80644041.08646527,3163138.285574274,297824.4182669447,464845.8592168001,2.410613051792893,1.0,568.4463546896733,1.0
2,14,0.5488146140618242,0.0014874561353536,0.6520569804853744,-2.0416007689073465,7799.836938288028,0.9904159947286909,1.018782566556584,107235584.42765407,5057126.145326779,199850.98620481865,311658.1978786048,2.2359284310365655,1.0,845.8850529058362,1.0
2,15,0.5488146140618242,0.0014874561353536,0.6520569804853744,-1.7306381636792163,7797.1121136080465,1.018861692943718,0.9812476973097274,133909404.15909609,13725279.654254919,240500.21120507637,375784.1925242633,2.397070115114253,1.0,3706.947962078296,1.0
2,16,0.5488146140618242,0.0014874561353536,0.6520569804853744,-2.3244668866438163,7879.317749432293,0.9931964440682804,0.9540950535124356,104237727.39355755,4570375.5690622525,232811.92813648217,363077.55591428466,2.3083739077223187,1.0,770.2044288364277,1.0
2,17,0.5488146140618242,0.0014874561353536,0.6520569804853744,-2.557232511466456,7862.3789755681055,0.9601741674229346,1.0512178924014266,91800203.71542673,3616368.8407604164,287968.8162502198,449228.87800485187,2.1848477303226272,1.0,648.8158298000017,1.0
2,18,0.5488146140618242,0.0014874561353536,0.6520569804853744,-1.1654481965937253,7898.959876795474,1.0359976786136147,1.028957812964786,127771537.59067124,1895267.1221373759,242518.9434416729,378241.33168164606,2.2376054329459527,1.0,6600.120158446424,1.0
2,19,0.5488146140618242,0.0014874561353536,0.6520569804853744,-2.096244679243624,7741.344883405281,1.0103445791747272,0.9728267121941054,83504849.70044215,3570924.213334513,266823.53278397775,416628.0302612883,2.417946578731624,1.0,626.9199120609824,1.0
2,20,0.5488146140618242,0.0014874561353536,0.6520569804853744,-1.8215231410308308,7846.41483732336,0.9420002138842689,1.0129022904105462,135093405.73090762,2410421.898608371,280971.07832713606,438939.6768548803,2.1993439461460653,1.0,5577.720007697961,1.0
2,21,0.5488146140618242,0.0014874561353536,0.6520569804853744,-1.6404273769108813,7786.250811531237,0.9707117961062061,0.9879525388627828,133391257.79301098,3196605.3557477933,270738.07453271974,422997.1173594142,2.2799979459920103,1.0,5337.428565162406,1.0
2,22,0.5488146140618242,0.0014874561353536,0.6520569804853744,-1.8644122760459911,7778.225288913905,1.0461820185423858,1.0097908739509214,109236741.5283126,5708554.770542798,205692.55073560553,321667.4530833856,2.342306141952965,1.0,927.867151623312,1.0
2,23,0.5488146140618242,0.0014874561353536,0.6520569804853744,-2.3214942850191913,7854.569480848585,0.9998398195988037,0.9970757035870295,99002488.4411025,4254755.03085179,241414.43640642028,376532.565434364,2.2405912222446815,1.0,730.4427474261867,1.0
2,24,0.5488146140618242,0.0014874561353536,0.6520569804853744,-1.5846863795727046,7826.005889992251,1.0141659017937288,0.9794861482267111,124781517.31563604,1590830.2388557543,269093.50745737116,420204.6457341122,2.4076447470460685,1.0,6060.384384332413,1.0
2,25,0.5488146140618242,0.0014874561353536,0.6520569804853744,-1.0850235169758422,7847.6199504018405,0.9953269899904319,1.0345463566540531,136165578.14304715,2240281.161477805,212142.25630418764,330831.3128918229,2.2184331401698074,1.0,6563.934597002643,1.0
2,26,0.5488146140618242,0.0014874561353536,0.6520569804853744,-3.194048679105174,7832.490684483857,1.0946239242767035,0.8905326889263453,57117806.093146846,1978590.1657463082,407019.9086988131,635709.0903684013,4.134601994220968,1.0,371.2004482188373,1.0
2,27,0.5488146140618242,0.0014874561353536,0.6520569804853744,-2.264009168720497,7817.508230441026,0.9524275814856848,0.996905308977367,98265849.09122932,4133605.929430258,246718.55722125396,384841.1342592313,2.1904349813178094,1.0,718.4277627306197,1.0
2,28,0.5488146140618242,0.0014874561353536,0.6520569804853744,-2.3145178924850547,7850.315599438471,0.9497482537515534,0.9693494545453593,102641034.51172505,4342510.314650956,244569.96847708704,381452.6271095405,2.214940812376428,1.0,745.2509706877538,1.0
2,29,0.5488146140618242,0.0014874561353536,0.6520569804853744,-2.2538495623013652,7830.111602798638,1.012090538525394,1.0138314932464976,96873480.35319555,4211839.334911036,235869.95001007646,367893.6680820378,2.2379837044523514,1.0,724.8966899601136,1.0
2,30,0.5488146140618242,0.0014874561353536,0.6520569804853744,-2.9659910232505844,7895.304089524848,0.9635972366891307,0.9862115362621273,76253600.6502241,2688660.071337256,359476.03256869985,561013.7363097406,2.2727276122089775,1.0,501.32531556102555,1.0
2,31,0.5488146140618242,0.0014874561353536,0.6520569804853744,-1.9505732987083704,7753.803980928464,0.9935493439500384,0.9732551716015441,97554939.39489654,4465462.141777781,213264.1664017465,332812.59845440835,2.291527262197445,1.0,758.0160571912999,1.0
2,32,0.5488146140618242,0.0014874561353536,0.6520569804853744,-2.1461168279116976,7776.182058840105,0.9397451787217413,0.9418961684981597,94200844.65651315,3954303.9164715903,251242.20490680117,392136.58717044134,2.326898571185793,1.0,687.3320839862711,1.0
2,33,0.5488146140618242,0.0014874561353536,0.6520569804853744,-2.2996147446176667,7843.47415189168,0.9529921308003139,0.993805308342789,102675213.51651451,4371622.857978058,242599.57090216092,378382.2234824893,2.1828874917025756,1.0,751.8719588235421,1.0
2,34,0.5488146140618242,0.0014874561353536,0.6520569804853744,-1.7625579451109459,7841.675274194279,1.1019875451287147,1.012489149245176,122364836.89624229,2528952.5360007705,276761.9772536512,432362.99834006623,2.3714644668602234,1.0,5557.890568184729,1.0
2,35,0.5488146140618242,0.0014874561353536,0.6520569804853744,-1.5777746510366595,7926.487652182961,1.0424028037014679,0.9846332111385263,118739801.18284604,1713358.9530306607,290364.9438907476,452988.56969205936,2.451891156444338,1.0,6490.544949666793,1.0
2,36,0.5488146140618242,0.0014874561353536,0.6520569804853744,-1.878402241141195,7800.196907283895,0.9502303794371569,1.0475631664294522,129649640.53428367,7880029.978442643,229612.05327042498,358907.3925155957,2.179166423313252,1.0,1233.7451888320309,1.0
2,37,0.5488146140618242,0.0014874561353536,0.6520569804853744,-2.1956360787364346,7862.084937906572,0.9769181861809754,1.0860433039139807,118416198.11080165,5880526.732370577,213857.41399815126,334411.23360065086,2.139726207829918,1.0,964.8887464344003,1.0
2,38,0.5488146140618242,0.0014874561353536,0.6520569804853744,-2.0165113773291696,7848.126568939709,0.9372292408259192,0.8897751241981154,128582976.21772903,7384045.65951359,240598.8294809447,376114.87311552285,2.3984250506292564,1.0,1149.3976719578188,1.0
2,39,0.5488146140618242,0.0014874561353536,0.6520569804853744,-2.189397054391543,7816.963985363969,0.960648590010714,0.9688258371753544,101486894.55429386,4405549.058812256,230826.18600895352,360017.85769312474,2.235512817461633,1.0,752.7801321343366,1.0
2,40,0.5488146140618242,0.0014874561353536,0.6520569804853744,-2.0743547467284165,7790.561583257173,0.9056042996589508,0.9572792002392043,108582431.30404182,4793100.333578208,218292.9865857684,340452.02091718046,2.188999157980768,1.0,812.3539387896332,1.0
2,41,0.5488146140618242,0.0014874561353536,0.6520569804853744,-2.5509112348201874,7769.7013157677175,0.9949870384258478,1.0047621472874544,71782441.63362083,2729986.358338983,333869.65844663634,521405.0768910872,2.5828996035834426,1.0,503.45558922433577,1.0
2,42,0.5488146140618242,0.0014874561353536,0.6520569804853744,-1.6999817244460993,7767.34052494243,0.9426242188787187,1.006703922501344,137102626.62234265,10631572.351780321,229838.5555376147,359182.219028983,2.2417858340497236,1.0,1603.87791079844,1.0
2,43,0.5488146140618242,0.0014874561353536,0.6520569804853744,-1.9738378310070233,7886.814959723431,1.0832920094996825,1.025055366821081,125712523.77226713,5717386.208761188,279386.5741511882,436543.6562545602,2.4671081725278636,1.0,4916.995982290045,1.0
2,44,0.5488146140618242,0.0014874561353536,0.6520569804853744,-2.6694753154038393,7824.936032321859,1.1076964556245472,1.0445261253311104,69399063.2995674,2705331.215439351,320823.0833682965,500894.8352730693,2.459255494362903,1.0,496.579799889566,1.0
2,45,0.5488146140618242,0.0014874561353536,0.6520569804853744,-2.7667988336218015,7850.699927222037,0.9957711569231573,1.0147549336505548,75686921.14561224,2799020.600482099,334127.1992291198,521551.74612073245,2.2741283700921224,1.0,517.2888605689907,1.0
2,46,0.5488146140618242,0.0014874561353536,0.6520569804853744,-2.071115164273384,7778.763093474203,1.0198778309543512,0.9652999420951942,93283974.15699126,4155021.185299351,226731.45560613333,353819.7338718064,2.3727051381417654,1.0,710.5889721238251,1.0
2,47,0.5488146140618242,0.0014874561353536,0.6520569804853744,-1.6294656984956815,7787.083832368414,0.9883237734986284,1.0086788514451404,131780595.9354472,2767671.9963967726,269332.6163709512,420786.1876296085,2.274773175433553,1.0,5433.943418471652,1.0
2,48,0.5488146140618242,0.0014874561353536,0.6520569804853744,-2.5749895668762868,7908.095685270786,1.001343233640083,1.0374385969595965,96163335.81180145,3917261.6450381856,274553.4798394718,428241.18100619054,2.183154973786591,1.0,687.0221732800715,1.0
2,49,0.5488146140618242,0.0014874561353536,0.6520569804853744,-1.931873073046635,7766.388068092857,1.0016825679676022,1.0456326674544612,105319329.8030648,5066168.765918937,190810.07096155008,297566.697084552,2.2058313539263255,1.0,849.1676829750039,1.0
2,50,0.5488146140618242,0.0014874561353536,0.6520569804853744,-1.7821797131472257,7883.723911986957,1.0441880085826776,0.9816099908419196,122331724.96736914,1727785.2617223174,287107.09582382644,448344.70402635675,2.4127328394979406,1.0,6035.107848721938,1.0
2,51,0.5488146140618242,0.0014874561353536,0.6520569804853744,-1.7683059090310707,7774.258004915355,0.986013620444193,0.9701982199135574,123328698.33252755,7323953.954662436,225871.25093240428,353086.9852736487,2.344754281293481,1.0,1147.5037245870421,1.0
2,52,0.5488146140618242,0.0014874561353536,0.6520569804853744,-1.2967598326873142,7835.808505301817,0.9541533461067393,1.0185790053453925,136123092.205252,2067423.234051072,227071.46355686462,354154.48048690346,2.1559278940305044,1.0,6478.251773691347,1.0
2,53,0.5488146140618242,0.0014874561353536,0.6520569804853744,-2.0131931214123826,7867.134850608574,0.9893877704571429,1.0210930114384384,135244208.59587863,14115398.055559516,232221.7165719604,362871.98317118647,2.289825386554876,1.0,2072.6216272398165,1.0
2,54,0.5488146140618242,0.0014874561353536,0.6520569804853744,-1.3251040185425387,7845.295280005461,1.03740897612246,0.971986107553306,121840276.30599602,1723827.7325630132,246570.95376344534,384729.2966120927,2.423443761801526,1.0,6368.98450771613,1.0
2,55,0.5488146140618242,0.0014874561353536,0.6520569804853744,-2.191115694077897,7857.234136496171,1.0390715163152193,0.972467250767842,104876380.76722158,4907795.4218395995,208006.54011650456,324364.05864942697,2.357736845476123,1.0,814.1570258913741,1.0
2,56,0.5488146140618242,0.0014874561353536,0.6520569804853744,-2.0437236149083886,7807.918490091763,0.9383666464295906,0.9769010703536507,114099806.8108905,5388792.792551478,207221.69011063798,324118.36214011646,2.2429367512221887,1.0,892.4497404010338,1.0
2,57,0.5488146140618242,0.0014874561353536,0.6520569804853744,-1.8115257972906624,7897.10739451146,0.9857692364423605,1.0434531759038876,128906000.1850252,1626300.4943584679,280105.1785867976,437291.3259680763,2.273099489379649,1.0,6154.410542033649,1.0
2,58,0.5488146140618242,0.0014874561353536,0.6520569804853744,-1.8390042090868737,7761.982960876387,0.9781457543071991,0.9236024658140418,109197299.5431741,5413487.18225952,207418.9750416738,324432.71756510035,2.3729579732331003,1.0,885.1696638949521,1.0
2,59,0.5488146140618242,0.0014874561353536,0.6520569804853744,-2.6311804706098902,7823.039530006777,1.0084712131520992,1.005920617620509,75587865.46427618,2873877.180956312,321674.12064428563,502186.93762788584,2.3035649342652205,1.0,526.5138132946427,1.0
2,60,0.5488146140618242,0.0014874561353536,0.6520569804853744,-1.7079160777366815,7762.374976433878,1.0392908566743033,0.8817810634519546,114886652.66181485,6703252.763378584,225036.14490167296,351825.1606150494,2.5564600780111757,1.0,1049.0021349352157,1.0
2,61,0.5488146140618242,0.0014874561353536,0.6520569804853744,-2.497797131081131,7828.740305193196,1.0341997259513211,0.9743316467950401,79304403.71450657,3141735.6047157887,295508.9454130139,461263.0590862396,2.4480735870898784,1.0,562.77952418524,1.0
2,62,0.5488146140618242,0.0014874561353536,0.6520569804853744,-2.0631280863516928,7879.2179167615795,1.07531932730833,1.0118505076152178,124262150.94969228,8634296.56081141,230860.95484692272,360821.493916272,2.3919777831226368,1.0,1316.6986227891662,1.0
2,63,0.5488146140618242,0.0014874561353536,0.6520569804853744,-1.865831889893467,7842.4304209768425,0.9470403311881846,1.0257209124734357,134811289.66339287,5013460.4858488375,283694.58081089717,443275.95895310224,2.2158479534771325,1.0,5031.942115008921,1.0
2,64,0.5488146140618242,0.0014874561353536,0.6520569804853744,-1.5549562774377939,7732.952635013606,1.0497327176484688,0.9105969532084963,120547009.27543586,8164567.432951339,224957.4802353937,351619.0277983148,2.5381270429231324,1.0,1249.3440940940934,1.0
2,65,0.5488146140618242,0.0014874561353536,0.6520569804853744,-1.7520375241478852,7760.737628551039,1.0859103236910026,0.9818669585317699,108388130.44219391,6021952.6737350775,209719.30403616873,327926.8825307386,2.4381236135884348,1.0,963.6108746830562,1.0
2,66,0.5488146140618242,0.0014874561353536,0.6520569804853744,-2.170287860737373,7799.6007843827465,1.0741527577974341,0.9921937290236758,88353008.5633312,3903499.2351634866,235353.43428791553,367266.4838349697,2.4358826743650774,1.0,672.5232323926863,1.0
2,67,0.5488146140618242,0.0014874561353536,0.6520569804853744,-1.825775254073299,7870.480028226078,0.99218618596575,0.9669216657459306,128759795.11442035,1884808.9694334017,285331.8224707101,445675.51009981934,2.349802691121449,1.0,5827.050074248739,1.0
2,68,0.5488146140618242,0.0014874561353536,0.6520569804853744,-1.4553229292513077,7827.558249298959,1.0405186967413107,1.003866207648911,121649601.64993134,1631293.0588263436,257258.89204733435,401585.79150520737,2.4060270424395527,1.0,6227.531361079959,1.0
2,69,0.5488146140618242,0.0014874561353536,0.6520569804853744,-1.459886297537945,7858.813418607618,0.9887947757202828,1.0495541478029968,129481043.52370551,1772933.6926308898,249979.35150725866,389935.6651113789,2.1830660869188483,1.0,6419.485914310704,1.0
2,70,0.5488146140618242,0.0014874561353536,0.6520569804853744,-3.043013349415671,7806.84670146786,1.0416837261051446,1.1138469607272057,62821427.19448304,2226504.952723394,379472.10182096355,592611.869092802,3.347797146180666,1.0,427.42392715262656,1.0
2,71,0.5488146140618242,0.0014874561353536,0.6520569804853744,-1.7460704278563164,7892.470019069627,0.9697389628639533,0.9557415723973596,127763781.04270455,1632970.4853762023,283548.9139979845,442621.8994105541,2.396662800215611,1.0,6236.265763859042,1.0
2,72,0.5488146140618242,0.0014874561353536,0.6520569804853744,-2.6380620810889677,7901.783217335253,0.9314429955882485,0.9913459002560743,96195248.00207773,3715074.2604135512,296517.4006950925,462539.7942947236,2.2006650583783305,1.0,660.5757368186491,1.0
2,73,0.5488146140618242,0.0014874561353536,0.6520569804853744,-1.0993108955055801,7763.9163663251165,1.1054260870860992,1.0605379098864645,119144372.45214133,1724261.8251962648,219977.20521594665,343405.30469728616,2.3593528459387425,1.0,6199.102551210146,1.0
2,74,0.5488146140618242,0.0014874561353536,0.6520569804853744,-1.997774640466652,7851.409863458899,0.9443792210886048,1.0588957227712414,137142472.9015624,12136261.076827217,239122.33700311458,373679.52269767475,2.1656529307037706,1.0,1810.107935406249,1.0
2,75,0.5488146140618242,0.0014874561353536,0.6520569804853744,-1.6028062997678898,7785.237850805543,1.0100923176621088,0.9935821573081379,129472241.3652462,2385472.229067889,268500.7090799834,419471.19063129317,2.3310602932852067,1.0,5528.1175564066825,1.0
2,76,0.5488146140618242,0.0014874561353536,0.6520569804853744,-1.1150934112895943,7825.149567184265,1.0033698412611807,1.061651130076148,134547024.17774084,2186155.96893769,208912.74765246254,325803.82931603544,2.1812703045958552,1.0,6493.950685996102,1.0
2,77,0.5488146140618242,0.0014874561353536,0.6520569804853744,-2.3876486593002886,7763.542451047776,0.9620011169776682,1.05408705530583,79896916.72450756,3142179.2441260125,304163.3436161618,474934.72657864104,2.18578557039211,1.0,573.9707194377239,1.0
2,78,0.5488146140618242,0.0014874561353536,0.6520569804853744,-1.394698411019384,7786.514557004745,1.0282973945708616,0.9649439351142964,122812240.55729966,1597119.9830028552,254443.4617719302,397309.780335821,2.4548006009428756,1.0,6099.505301346399,1.0
2,79,0.5488146140618242,0.0014874561353536,0.6520569804853744,-3.1417442232676915,7785.911101469026,0.9489875031124458,1.0396016508620562,62894067.68263543,2101133.936552237,411928.3588155505,643405.1443396623,3.710271928163898,1.0,406.0716688994833,1.0
2,80,0.5488146140618242,0.0014874561353536,0.6520569804853744,-1.571428578600306,7766.585323330922,0.9484421117165985,0.9975659590061194,135348333.379977,2864739.9902783087,267321.75217605574,417653.16056280833,2.248248052023044,1.0,5394.481468473521,1.0
2,81,0.5488146140618242,0.0014874561353536,0.6520569804853744,-2.084416330348213,7844.292656446502,1.0339403040378643,1.0699361365756377,115412767.02063972,6044013.945454465,213219.32487477493,333388.4736371586,2.2389483843843596,1.0,979.1276200901306,1.0
2,82,0.5488146140618242,0.0014874561353536,0.6520569804853744,-2.103232197213483,7781.968021331733,0.9849070888996926,0.9640769361392665,95150890.31723607,4154558.6166538973,232196.86540527688,362329.7489767226,2.3182303564834448,1.0,713.912952054811,1.0
2,83,0.5488146140618242,0.0014874561353536,0.6520569804853744,-2.2778579215364014,7706.178655697216,1.0363810156782054,1.0655871682314395,70177328.9182438,2857850.2386147706,316294.3998291058,494053.4848082924,2.6148630933398196,1.0,522.7898592884479,1.0
2,84,0.5488146140618242,0.0014874561353536,0.6520569804853744,-2.0121009110246275,7782.894721506419,0.9714616241902406,0.8994157743904571,100914722.81203797,4556288.322848443,210223.0893818422,327901.2154629152,2.377833420920213,1.0,764.5929711542337,1.0
2,85,0.5488146140618242,0.0014874561353536,0.6520569804853744,-0.8682189545924461,7868.30360407338,1.019767257264229,1.1221158373502251,142106020.0274474,2667533.57974222,206566.96052720823,323023.93545235513,2.1487472405564834,1.0,6716.738141620197,1.0
2,86,0.5488146140618242,0.0014874561353536,0.6520569804853744,-1.9617142663951137,7849.393311056452,1.0021239480096253,0.9710948273820412,132157078.82773015,10458907.65605623,234277.942052594,366124.5962680329,2.378507784289368,1.0,1567.6274168558862,1.0
2,87,0.5488146140618242,0.0014874561353536,0.6520569804853744,-2.690373354731156,7927.518289070756,1.0049839972812769,1.0015723670035377,91179977.67336652,3570995.573127286,295331.2625033718,460687.4663156482,2.3250069533466484,1.0,632.8499148021402,1.0
2,88,0.5488146140618242,0.0014874561353536,0.6520569804853744,-1.3763783137254222,7781.329642985862,1.1324018939481761,1.0063688833949638,114383020.3627766,1596698.49640339,259189.7195521279,404767.9936500101,2.5066700995736544,1.0,6016.989811449252,1.0
2,89,0.5488146140618242,0.0014874561353536,0.6520569804853744,-1.980676395786333,7827.374931244155,1.0479910019710545,1.0021273216078501,115410974.44526537,6311611.999682577,218365.33880889812,341411.29893316195,2.3586361064677206,1.0,1006.8890589477185,1.0
2,90,0.5488146140618242,0.0014874561353536,0.6520569804853744,-3.236887148376532,7893.418247350996,1.0593651410114713,1.0119484215866221,63601056.79599662,2191106.2853563223,393127.12501580984,613743.2651175135,3.2685962828115835,1.0,416.9493978625079,1.0
2,91,0.5488146140618242,0.0014874561353536,0.6520569804853744,-3.025682897495079,7808.9994363867,1.0251124396164797,0.9510545816880872,61982917.82931684,2164911.032299883,392134.2396482809,612449.9457965659,3.6072019045281305,1.0,408.2492695476801,1.0
2,92,0.5488146140618242,0.0014874561353536,0.6520569804853744,-1.9346266102368186,7838.764687030089,1.080938816537197,0.9145972091858808,118757332.38844286,7387239.54862293,229307.91719889513,358449.56988744566,2.552334160490229,1.0,1139.3882628595493,1.0
2,93,0.5488146140618242,0.0014874561353536,0.6520569804853744,-1.9493677945623138,7788.102275887545,1.0321788625609654,0.9454668886325669,103518511.56010817,5030691.175370263,199105.33021752234,311471.86560154706,2.3899487553725627,1.0,829.2570845276737,1.0
2,94,0.5488146140618242,0.0014874561353536,0.6520569804853744,-2.8311997154665427,7794.2461783561275,1.0434410392375786,0.9474622912573896,63787037.706979156,2322165.6035468923,368984.6256698069,576291.7953755502,3.30385459811668,1.0,432.37142326735096,1.0
2,95,0.5488146140618242,0.0014874561353536,0.6520569804853744,-2.8427834576895843,7863.559313131007,0.9808760147167943,0.9731889614225664,74779213.93218185,2698906.279184669,347678.70869811036,542714.7230144043,2.3454699601829176,1.0,499.7352473582693,1.0
2,96,0.5488146140618242,0.0014874561353536,0.6520569804853744,-1.6827363290630808,7876.033793611497,1.0057153399631928,0.9370843836769616,123408214.86333323,1641994.8444857048,283017.87284101325,441847.96092181775,2.4751431483063753,1.0,6199.531295988095,1.0
2,97,0.5488146140618242,0.0014874561353536,0.6520569804853744,-2.0618159001630323,7846.816858053971,1.0201445422520672,0.9841024254364231,116453618.11947757,6134041.673086771,220346.95970832036,344528.4126003231,2.3455591091435566,1.0,983.3852105632768,1.0
2,98,0.5488146140618242,0.0014874561353536,0.6520569804853744,-1.71331588945373,7787.783073411422,1.0005919426007184,0.9016885880373292,137922845.4279041,15283239.24974771,216289.9652289024,337952.3987060911,2.4818072416821395,1.0,2221.591599291889,1.0
2,99,0.5488146140618242,0.0014874561353536,0.6520569804853744,-2.1222356267993465,7838.09883319111,0.9654469714296714,1.017761247515817,115693725.75125721,5595641.420537251,210685.68085430478,329490.7946503105,2.2215255519975283,1.0,921.2764793317332,1.0
2,100,0.5488146140618242,0.0014874561353536,0.6520569804853744,-2.1744742479359074,7804.851413618698,1.080003848745183,0.9852415321474275,88638229.97602043,3927534.7143331743,233105.87096075356,363733.03019566217,2.451579345717248,1.0,674.7938038054664,1.0
2,101,0.5488146140618242,0.0014874561353536,0.6520569804853744,-1.3707609805267733,7821.267157277273,1.0123268921197712,1.078831436536178,128077449.25600374,1769844.2252132497,234852.10068503354,366450.33578736696,2.178525477945684,1.0,6333.629394883432,1.0
2,102,0.5488146140618242,0.0014874561353536,0.6520569804853744,-2.0504053742583768,7813.211179135594,1.0476236931420688,1.0724248317810445,106898879.7559135,5256918.413670839,196007.25861591593,306581.23671138805,2.244251390169494,1.0,872.7151054053346,1.0
2,103,0.5488146140618242,0.0014874561353536,0.6520569804853744,-1.441069224991884,7843.266370345012,0.9730888319055445,0.9932048148717043,129604755.92526093,1762903.4332907745,247137.47239894676,385588.9346217314,2.2667040735785595,1.0,6368.866783168223,1.0
2,104,0.5488146140618242,0.0014874561353536,0.6520569804853744,-2.0698129680508566,7852.116441588325,0.9982243596935232,0.9093127687182149,116691635.0717299,6018868.861667437,225331.87072533258,352340.9545544302,2.4341233787320866,1.0,961.7385754620424,1.0
2,105,0.5488146140618242,0.0014874561353536,0.6520569804853744,-1.881092524882101,7886.106695660466,0.9679518693021592,0.957631539917271,130932144.95330545,1906988.521466592,288768.18352679606,451039.8811895185,2.331904043087364,1.0,5831.02267864596,1.0
2,106,0.5488146140618242,0.0014874561353536,0.6520569804853744,-1.7094421096550407,7820.101709753748,0.9363017224663034,0.9358886776678735,134470656.8720954,1956046.540438097,278219.2241869866,434621.78788272734,2.3342856390315148,1.0,5692.965376830807,1.0
2,107,0.5488146140618242,0.0014874561353536,0.6520569804853744,-2.131679426397234,7870.016248430166,1.022659735267484,1.0461220732376975,119824819.44251789,6549471.087946259,223886.79037671408,350026.29971362744,2.254050213713429,1.0,1044.4741984388584,1.0
2,108,0.5488146140618242,0.0014874561353536,0.6520569804853744,-1.9043780497085685,7850.369039780971,0.9145632375851622,1.085146097692236,137259558.46718204,4681309.19188851,286927.16480697825,448321.0800984007,2.1720902921928986,1.0,5103.824824227827,1.0
2,109,0.5488146140618242,0.0014874561353536,0.6520569804853744,-1.9138119630014219,7781.774856916562,1.0087139490787558,1.0585448608737393,112147954.01580384,5718128.272319143,203010.17298273896,317472.8727911977,2.2272329227978536,1.0,938.8104223799752,1.0
2,110,0.5488146140618242,0.0014874561353536,0.6520569804853744,-2.167781959819685,7823.597580022433,0.9791549744618379,1.0146198071702572,105255650.85190192,4743575.369744121,218725.97678895292,341115.0089559369,2.2093875237922957,1.0,803.2165635803992,1.0
2,111,0.5488146140618242,0.0014874561353536,0.6520569804853744,-1.9227159615743752,7855.877067783676,1.0400596387718108,0.9754284729749548,131702180.30063017,14331703.132617963,247267.2067054669,386366.55997644964,2.422773556262087,1.0,3621.1332516612074,1.0
2,112,0.5488146140618242,0.0014874561353536,0.6520569804853744,-1.513381606332028,7867.40452127676,1.03794996376025,1.0012309738930334,121083920.2018488,1662216.6253591087,266559.7918356195,415979.188349493,2.40744953460972,1.0,6338.274358548123,1.0
2,113,0.5488146140618242,0.0014874561353536,0.6520569804853744,-1.2636465434056265,7890.976089291607,1.0046865025606369,0.9964555230131922,128830782.9043095,1883728.0787651746,247201.3172856855,385555.71457987267,2.2465249763783515,1.0,6569.3449877069,1.0
2,114,0.5488146140618242,0.0014874561353536,0.6520569804853744,-1.426741714190923,7764.923060271222,1.0110629861851193,0.9659300581668417,126066533.89947908,1551020.714459535,258696.63252859144,404054.1763016642,2.420845138734652,1.0,5917.14555125343,1.0
2,115,0.5488146140618242,0.0014874561353536,0.6520569804853744,-2.1392488366547986,7819.759473022502,1.0489360033110717,0.9496496358005131,96251228.71149589,4355706.772590169,216798.10282205278,338130.58367187565,2.3957144214305797,1.0,734.4138236669526,1.0
2,116,0.5488146140618242,0.0014874561353536,0.6520569804853744,-2.2429229087604363,7815.215429090275,1.0638401718728774,0.9778153066415393,87854076.38701645,3795801.514773071,244166.10961350668,380993.8980626631,2.4558919455593355,1.0,656.6177356415811,1.0
2,117,0.5488146140618242,0.0014874561353536,0.6520569804853744,-1.8393725300702144,7823.364238193927,0.9753763274832736,1.025454863503549,134464938.70811176,13487228.010904865,257185.76740152563,401875.1185593532,2.2452334670594465,1.0,3747.9213422401717,1.0
2,118,0.5488146140618242,0.0014874561353536,0.6520569804853744,-2.717617483877766,7889.314944379731,1.0244176128754157,0.975821619615492,80238476.00777258,3051529.3833260215,314028.8258865821,489974.2944392238,2.4467518689271,1.0,551.045558100375,1.0
2,119,0.5488146140618242,0.0014874561353536,0.6520569804853744,-1.8041707047982212,7910.467571239206,1.0072294542035403,0.9977834484551918,124827265.88932936,1664654.6618785695,288838.62857891485,450889.84155938186,2.3743835940287705,1.0,6220.154965647068,1.0
2,120,0.5488146140618242,0.0014874561353536,0.6520569804853744,-2.283232315049954,7884.286578171554,0.9898598662805669,1.0314051457487925,113431413.78267972,5346069.513784273,215114.9707985132,335433.78741458704,2.2228131718789896,1.0,885.1947021095217,1.0
2,121,0.5488146140618242,0.0014874561353536,0.6520569804853744,-2.203710216434912,7932.776744830635,1.0208928285693597,0.9439177741154602,131020899.94594845,11272927.049347442,240463.23851437654,375785.04082699155,2.442649020390595,1.0,1671.6291090807047,1.0
2,122,0.5488146140618242,0.0014874561353536,0.6520569804853744,-2.2968987070534332,7799.016110458755,1.0051231986732887,0.9973590215765862,86526523.27716322,3581442.2857867335,266789.28290711786,416392.7522147308,2.368143609125118,1.0,632.3501970309745,1.0
2,123,0.5488146140618242,0.0014874561353536,0.6520569804853744,-1.4212034743285464,7777.006706100409,0.9685004097633041,1.032540190948964,131514521.88331431,1599204.7957410368,245352.7414954596,383110.18085164344,2.243042538753538,1.0,6089.9023754173795,1.0
2,124,0.5488146140618242,0.0014874561353536,0.6520569804853744,-1.5010536990567924,7791.609505943985,0.9441003855374003,0.9830987752527167,132989553.87652577,1562659.3475956481,255399.2679901594,398826.03543837724,2.2980608970822622,1.0,6053.899155822929,1.0
2,125,0.5488146140618242,0.0014874561353536,0.6520569804853744,-2.116014705954174,7880.025268258953,0.966935306922866,1.0057008482277028,130487778.5948776,8325866.491074362,240055.61660682407,375216.29219014145,2.251314228107539,1.0,1284.3457418766843,1.0
2,126,0.5488146140618242,0.0014874561353536,0.6520569804853744,-1.6967848313096985,7860.552990151628,0.9153515577838307,0.9534240614714867,134913288.44761834,1596736.5756380344,270681.6362514274,422573.7389924515,2.3088214800050255,1.0,6183.436001604911,1.0
2,127,0.5488146140618242,0.0014874561353536,0.6520569804853744,-2.036201652413568,7731.486846417975,0.9978903423273464,0.973925470809375,85453359.41028872,3695828.7285059784,261039.8022636368,407600.1793546084,2.398007737622026,1.0,646.3328959972688,1.0
2,128,0.5488146140618242,0.0014874561353536,0.6520569804853744,-1.623953465537285,7793.968624380539,0.9118274163898773,0.9771762869015546,137481939.11607853,1752433.6437827135,269685.7041296052,421278.30802192766,2.248677933655464,1.0,5737.440956197194,1.0
2,129,0.5488146140618242,0.0014874561353536,0.6520569804853744,-2.3980128461632186,7757.243689220422,0.9724630914767259,0.9903870238726281,76257349.66146421,2973752.045648223,316256.41115827824,493884.8339011905,2.2793332983646906,1.0,541.6127385388639,1.0
2,130,0.5488146140618242,0.0014874561353536,0.6520569804853744,-1.636204949547681,7809.673396999904,1.0000184045718894,1.010712848293726,128807843.75938413,1749629.4630731498,270228.1274222764,422098.5678125568,2.311693060438441,1.0,5796.543651696306,1.0
2,131,0.5488146140618242,0.0014874561353536,0.6520569804853744,-1.8429269285436036,7796.691148948162,1.0037774150658527,1.0926394723362618,127333464.74832101,8266931.434426265,225049.5344542449,351752.28589902556,2.191248414763935,1.0,1284.6855641192292,1.0
2,132,0.5488146140618242,0.0014874561353536,0.6520569804853744,-0.7599128936037476,7853.682974451631,1.0443646515738845,0.9644038655641202,133716830.81139356,2222730.8159545637,204414.6238216281,319749.0649299873,2.3875547881204287,1.0,6569.261831784014,1.0
2,133,0.5488146140618242,0.0014874561353536,0.6520569804853744,-2.163723332816627,7774.626990282483,1.0277412715369838,0.9662230931792022,85790067.42654742,3671681.3875572,256395.17932454008,400238.6007561072,2.4503489018964606,1.0,640.2164592996164,1.0
2,134,0.5488146140618242,0.0014874561353536,0.6520569804853744,-1.9863124030602461,7848.966277168204,0.9580172319049888,0.9781160695065273,134172619.13146207,9787943.36591208,239221.08772302416,373869.33799551235,2.300308249558815,1.0,1481.471936017566,1.0
2,135,0.5488146140618242,0.0014874561353536,0.6520569804853744,-1.6739317724477059,7884.536816817145,0.8878688092742492,1.0821538841965948,144611138.67057908,1863387.4097778993,259456.13721634587,404706.1070350475,1.9614044058100364,1.0,6466.614371190391,1.0
2,136,0.5488146140618242,0.0014874561353536,0.6520569804853744,-2.0672852647584183,7856.06442128576,0.989601018815347,0.9525490828489618,121646520.09115085,6634258.081755376,229906.3198223965,359438.1957181653,2.3563627010398442,1.0,1049.8779394268709,1.0
2,137,0.5488146140618242,0.0014874561353536,0.6520569804853744,-2.056542464242068,7871.0685143298615,1.0613892601905022,0.9545728675415307,120811874.98897618,7351500.147170464,230740.12881354394,360688.70669730345,2.453760820363415,1.0,1139.442225512716,1.0
2,138,0.5488146140618242,0.0014874561353536,0.6520569804853744,-1.7949745556320247,7852.870657328519,0.9995983426569676,0.9681848808837621,128893633.69893707,2069290.6045839502,282502.4009903155,441298.55651121185,2.3459294010644847,1.0,5710.474295528531,1.0
2,139,0.5488146140618242,0.0014874561353536,0.6520569804853744,-2.141216861713595,7890.681094572391,0.8939896484342366,0.989004380111546,139427744.654506,11100951.677555742,251909.49613920064,393690.87502993987,2.182061222515174,1.0,1665.721850080277,1.0
2,140,0.5488146140618242,0.0014874561353536,0.6520569804853744,-1.828485279470828,7807.073867308361,1.0675118523168825,0.9590691152552169,121673331.38415882,8036828.997834037,226740.92370600827,354404.84293371503,2.472317407524321,1.0,1233.5659213088616,1.0
2,141,0.5488146140618242,0.0014874561353536,0.6520569804853744,-1.6514005471736108,7779.663297786228,0.9593391499793937,0.994304013077974,134384920.7341871,5594283.5367945405,271105.2402129505,423607.65528126253,2.2419383981242564,1.0,4907.745674495412,1.0
2,142,0.5488146140618242,0.0014874561353536,0.6520569804853744,-1.6059920416765923,7743.676932452181,0.9516090547743058,0.9460043485170192,133674765.13391683,9702806.506693175,229501.8053488674,358675.83295167563,2.3504227706164142,1.0,1471.0071029948297,1.0
2,143,0.5488146140618242,0.0014874561353536,0.6520569804853744,-1.84629624461274,7805.324363010767,0.9872590625961518,1.0069833447250494,129954001.35354728,8849989.794516234,231034.57262682857,361091.9266686356,2.2963738788472905,1.0,1356.0606436554685,1.0
2,144,0.5488146140618242,0.0014874561353536,0.6520569804853744,-1.2804567376615694,7704.042382903602,0.9812275687683719,0.9980673172115639,131859260.00171503,1638030.4053240973,248751.38348146307,388596.90113349695,2.3221486596840526,1.0,5679.006586145848,1.0
2,145,0.5488146140618242,0.0014874561353536,0.6520569804853744,-2.2190705826547,7866.6045216658085,1.0054846620611817,1.0104485231040927,110867835.97670656,5248733.618659662,208544.56407377007,325189.39619071875,2.27389404481628,1.0,868.3503317868401,1.0
2,146,0.5488146140618242,0.0014874561353536,0.6520569804853744,-2.654743581373885,7919.220870680187,0.9334949799221073,0.9990317579103257,99247565.39776528,3872587.9326554043,293222.7975547842,457377.8556662931,2.1404013090489946,1.0,684.1824662262329,1.0
2,147,0.5488146140618242,0.0014874561353536,0.6520569804853744,-2.528004328980216,7836.188485388978,0.9415250346032111,0.9050744054912924,84352814.61498219,3202446.264260724,306720.6171893476,478732.81595143565,2.4445432249692365,1.0,573.3263505810994,1.0
2,148,0.5488146140618242,0.0014874561353536,0.6520569804853744,-2.417180199781191,7808.497707108207,1.072215900711087,0.9610023596113537,76565021.79694001,3108522.133795751,290865.66584013076,454092.7499848169,2.505427320818728,1.0,553.5821429540863,1.0
2,149,0.5488146140618242,0.0014874561353536,0.6520569804853744,-1.2604225726480296,7810.360201215036,0.9937353840723206,0.9836543549174814,128670986.22644085,1862464.9933566137,226217.1432409152,352960.79841543635,2.2813329102774778,1.0,6348.543718833964,1.0
2,150,0.5488146140618242,0.0014874561353536,0.6520569804853744,-2.661442274579394,7831.81589072084,0.9591537822243525,0.979810938769665,78607483.73401171,2920117.2215927336,327357.29284847603,511019.8315737687,2.293491480425482,1.0,535.6116833693033,1.0
2,151,0.5488146140618242,0.0014874561353536,0.6520569804853744,-2.047223591614976,7723.974811779638,1.0093521992632881,0.9505890687919349,81743002.36169095,3510264.2439780384,272230.7046001497,425124.65836634743,2.445010279120706,1.0,615.6667053437274,1.0
2,152,0.5488146140618242,0.0014874561353536,0.6520569804853744,-2.031600670416589,7820.2544155441565,1.0228529580231571,0.9221829396270049,106821617.45374177,5180358.221559891,207468.26214439858,324527.1419500092,2.4256065492784944,1.0,847.7410677637724,1.0
2,153,0.5488146140618242,0.0014874561353536,0.6520569804853744,-2.2111698268531157,7864.13994230302,0.9772116517856861,0.8981073147386089,108545130.68925567,4934496.187076722,214350.1760317265,334256.649855221,2.3961184893078484,1.0,815.5597213464001,1.0
2,154,0.5488146140618242,0.0014874561353536,0.6520569804853744,-1.971041718956431,7792.794893797537,1.0255653047428643,1.0262040881173473,107479824.16639917,5303059.971587821,198780.85665449026,310921.9403915845,2.2814231447774267,1.0,876.5474073507376,1.0
2,155,0.5488146140618242,0.0014874561353536,0.6520569804853744,-1.7876119214263892,7838.357660746322,0.9637690079362222,0.9314234110691838,132684762.38157922,2522215.9059806303,282558.0377215455,441436.02827167744,2.350411840654427,1.0,5532.902374511965,1.0
2,156,0.5488146140618242,0.0014874561353536,0.6520569804853744,-1.274770735134886,7784.719794201493,1.0317710253472918,1.0220604183732984,124414475.83576065,1720944.1502931083,233377.12100159962,364313.9295025817,2.324498150994453,1.0,6224.207652370453,1.0
2,157,0.5488146140618242,0.0014874561353536,0.6520569804853744,-1.4596794173998064,7903.528319852051,1.0571433540540476,0.9933165656091242,118438427.17881897,1707435.4199113308,274812.80996327905,428719.7891161636,2.4421825342019705,1.0,6468.869098608212,1.0
2,158,0.5488146140618242,0.0014874561353536,0.6520569804853744,-1.620214651812061,7834.868462322946,1.015808057618635,0.938179949974555,123857548.47173259,1618972.978679016,275927.2490064399,430897.3590085534,2.471445464626466,1.0,6038.780073391664,1.0
2,159,0.5488146140618242,0.0014874561353536,0.6520569804853744,-2.0494881290320874,7801.536463302396,1.0623071072145605,1.0167672933574632,99408457.01094265,4708095.740660171,200449.25563505784,312606.4543340521,2.3048158476433023,1.0,789.5391787060319,1.0
2,160,0.5488146140618242,0.0014874561353536,0.6520569804853744,-2.2587842122182584,7839.9922487758895,1.026442304155879,0.9472852095419814,94924184.86330277,4110307.1208460145,236224.66490031197,368452.84493338055,2.391557374133913,1.0,701.796655342809,1.0
2,161,0.5488146140618242,0.0014874561353536,0.6520569804853744,-1.6078739382105716,7835.632474203051,1.055884835606324,1.007956523330975,121314513.80731466,1622412.7725165,272112.1744139835,424920.60312228504,2.4082034313491922,1.0,6050.400273575814,1.0
2,162,0.5488146140618242,0.0014874561353536,0.6520569804853744,-2.2138690148814346,7821.9113628627065,0.9837188134174778,0.9675462475154725,98491191.41174339,4261599.523811396,233950.48522635837,364901.7066084,2.2750523836781986,1.0,729.7791166010637,1.0
2,163,0.5488146140618242,0.0014874561353536,0.6520569804853744,-1.8797935911239616,7845.154642679927,1.0353446931426482,0.9626520842016884,128809225.38141716,11658770.456560124,266117.7912645736,415837.41409504064,2.384714674543159,1.0,3997.287507434509,1.0
2,164,0.5488146140618242,0.0014874561353536,0.6520569804853744,-1.5930327799280966,7831.524892949842,1.0007626597611057,1.0150401638703967,126793525.2458778,1580403.0983291566,265013.08020346734,413789.8879098921,2.335897432267257,1.0,6107.978785845624,1.0
2,165,0.5488146140618242,0.0014874561353536,0.6520569804853744,-2.533582802112968,7857.470284527035,0.8815829037279067,1.0557084154899694,101513227.25400859,3969824.8402562304,287149.0075986826,447924.9137111494,1.9834470903673427,1.0,711.2824093354157,1.0
2,166,0.5488146140618242,0.0014874561353536,0.6520569804853744,-2.485009078659923,7790.360494173255,1.0290673870073317,0.9610759427934934,73874578.21820828,2890469.5222880323,314895.0894859642,491704.98368280096,2.376848348057368,1.0,523.2777942144606,1.0
2,167,0.5488146140618242,0.0014874561353536,0.6520569804853744,-1.3917693361851415,7941.981263095888,0.9818095650818589,0.951570462881042,127469462.7482701,1814314.8527239393,277752.0031032395,433233.695817716,2.3167782446155782,1.0,6660.882053306318,1.0
2,168,0.5488146140618242,0.0014874561353536,0.6520569804853744,-1.1943341252459827,7831.110064920631,0.9869714211408956,1.0420777609924399,134352271.2026088,2107674.7336254935,217747.8068170771,339598.2261544107,2.174546818781332,1.0,6485.351726491875,1.0
2,169,0.5488146140618242,0.0014874561353536,0.6520569804853744,-1.7474312911910763,7848.358036170991,0.9684219707376802,1.06953144024424,132332429.19678804,1645727.6647157604,270886.3102363277,423054.8478744881,2.1973942533893522,1.0,5925.8458778150625,1.0
2,170,0.5488146140618242,0.0014874561353536,0.6520569804853744,-1.6760529713468868,7787.382745587954,1.0494057349176023,0.9993510460328627,127743611.11732528,9033057.569288656,262703.87639590853,410491.52175788203,2.3488404349275878,1.0,4375.008267795673,1.0
2,171,0.5488146140618242,0.0014874561353536,0.6520569804853744,-2.516251919756728,7842.202868470946,1.0091121515209491,0.9808851193033434,82900592.66346854,3266036.236125096,292113.98885000916,455863.94361998176,2.415251181188739,1.0,584.2647615369011,1.0
2,172,0.5488146140618242,0.0014874561353536,0.6520569804853744,-0.8215546159729485,7908.657283137846,1.057722071065386,1.0626184239962704,133833856.9449946,2138895.1514995466,218280.88871042302,340380.0353403546,2.25572768011045,1.0,6704.9494956929075,1.0
2,173,0.5488146140618242,0.0014874561353536,0.6520569804853744,-1.9969331526135232,7785.576749217971,1.084507368018007,0.9884065557871389,95627908.13912079,4550586.258443027,198213.36447642354,309139.9927556042,2.376995260644579,1.0,762.5458192030599,1.0
2,174,0.5488146140618242,0.0014874561353536,0.6520569804853744,-2.1131663777220666,7815.894083092343,0.986626188900143,0.9789094281116707,104857230.92933282,4789594.302417079,211187.22957697828,329351.65062759235,2.271164758642927,1.0,804.5529937829368,1.0
2,175,0.5488146140618242,0.0014874561353536,0.6520569804853744,-2.726063068276459,7789.32355925417,0.8902761486120163,1.024095436750685,76343770.74038428,2708187.5992995542,356051.36932295084,555983.3506205187,2.487224018634981,1.0,510.38934432628656,1.0
2,176,0.5488146140618242,0.0014874561353536,0.6520569804853744,-2.1934663904427674,7845.997770880329,1.0419385369484717,1.0705386562670136,105469007.04410596,4968085.740985614,209421.64289210015,326575.2581876129,2.2295306047914054,1.0,833.2310738874023,1.0
2,177,0.5488146140618242,0.0014874561353536,0.6520569804853744,-3.1136369489785216,7814.099095938005,1.0987310926105385,0.9364989247369423,57577378.667218044,2029789.5185097049,396900.69975458103,619918.1760053057,3.9999176996610704,1.0,381.6623239798842,1.0
2,178,0.5488146140618242,0.0014874561353536,0.6520569804853744,-1.7262700755071565,7819.157223490392,0.978821048706208,1.0661219953186902,132383621.95534071,2350164.769012985,272796.5026058906,426166.4653201554,2.1787957071154165,1.0,5574.815844009869,1.0
2,179,0.5488146140618242,0.0014874561353536,0.6520569804853744,-2.270245744537723,7777.892883713806,0.909136908141636,1.0522103132643208,93961456.56248394,3808688.743416317,268239.997777776,418631.33784849435,2.1180318174489625,1.0,681.4449695964673,1.0
2,180,0.5488146140618242,0.0014874561353536,0.6520569804853744,-1.334905804826506,7832.093689895433,1.0664622705647784,0.9944753880736849,119045694.84658569,1677273.5308892056,248805.17533381472,388318.0430658525,2.4418625562420364,1.0,6303.6266468744325,1.0
2,181,0.5488146140618242,0.0014874561353536,0.6520569804853744,-2.8399380266303504,7832.8076064953375,0.9834176534810963,1.101245167057274,73705504.94227086,2684648.6689824276,345274.35631515505,539004.3926279736,2.3825756449314297,1.0,506.59001690793417,1.0
2,182,0.5488146140618242,0.0014874561353536,0.6520569804853744,-2.859668020208073,7877.108283966975,1.031393330229276,0.9842946773314697,72849236.06321757,2671811.2091003363,342794.5571911686,535060.5069490485,2.364750056050537,1.0,493.00824804975866,1.0
2,183,0.5488146140618242,0.0014874561353536,0.6520569804853744,-1.9890318162447633,7824.221563230302,1.0612471065520275,0.9294649763840458,108651371.33505072,5596707.510774106,213838.89646785575,334418.2978105276,2.476930834300415,1.0,901.4633907297313,1.0
2,184,0.5488146140618242,0.0014874561353536,0.6520569804853744,-1.8688890492026908,7811.896647794304,1.0424426888975094,0.999682699005341,122911333.84458089,7827164.018850581,226395.89589814204,353874.37825247366,2.3727162672829634,1.0,1211.5368179930415,1.0
2,185,0.5488146140618242,0.0014874561353536,0.6520569804853744,-1.7227544391713758,7836.94776606145,1.0307242276754902,0.9530416526881443,125635083.56494941,1945632.0969266884,280032.5442482504,437430.5221396822,2.415357233708495,1.0,5752.674863623618,1.0
2,186,0.5488146140618242,0.0014874561353536,0.6520569804853744,-1.7566674858337,7856.358013861622,0.9889237505456414,0.9687160677758863,128383305.83055963,1717776.953499019,280985.3297095775,438850.19539074245,2.364008774409045,1.0,5915.843156341642,1.0
2,187,0.5488146140618242,0.0014874561353536,0.6520569804853744,-2.104842811860182,7812.647019740801,1.0519527668652127,0.991903246931761,98308841.40861224,4541487.006449322,209528.89088733212,326774.31632614136,2.3247994819189546,1.0,764.66460396034,1.0
2,188,0.5488146140618242,0.0014874561353536,0.6520569804853744,-1.4811539751057814,7858.187523926618,0.9221993917372625,1.0567542711597273,139936588.27399322,1992412.4849136,244245.79637884788,380959.38581991446,2.0524552689233637,1.0,6492.525757189651,1.0
2,189,0.5488146140618242,0.0014874561353536,0.6520569804853744,-2.3428811661228592,7873.220614047372,0.9557797337739395,1.0711014965696322,111397656.68698643,4963916.486774598,233931.49063322888,364811.43680124945,2.119828124663518,1.0,842.628711764854,1.0
2,190,0.5488146140618242,0.0014874561353536,0.6520569804853744,-1.9013393512616508,7779.894409291768,0.8769452238702491,0.9853466515605507,126219390.21607095,6369577.271716128,221389.53519211273,346159.91518751526,2.1584729639236966,1.0,1034.609782829292,1.0
2,191,0.5488146140618242,0.0014874561353536,0.6520569804853744,-1.3473838382680907,7804.206356740535,1.0175916850467772,1.0321861962602568,125870098.54321446,1715854.1850171438,238030.93451768628,371535.10917626135,2.2873613340737893,1.0,6261.0850246205155,1.0
2,192,0.5488146140618242,0.0014874561353536,0.6520569804853744,-1.579370367952618,7840.970326372653,0.8679827664903588,1.0328658233986419,146036634.3224184,1897368.1672055067,241419.19426070148,376584.9651347657,2.0020776382486627,1.0,6368.00666947612,1.0
2,193,0.5488146140618242,0.0014874561353536,0.6520569804853744,-2.3518833509978547,7822.074456218822,1.0224736637849465,0.9448176918311333,85286717.71288659,3499165.9058339517,270104.10122902726,421530.4482271163,2.488866262459793,1.0,613.9290554834297,1.0
2,194,0.5488146140618242,0.0014874561353536,0.6520569804853744,-1.3023980119473366,7856.924061878936,1.022060182712237,1.0410304989223225,126965342.77855791,1831697.0219178128,239935.03901827417,374246.14286998863,2.214640399275326,1.0,6461.598727327333,1.0
2,195,0.5488146140618242,0.0014874561353536,0.6520569804853744,-1.9639722076210973,7830.323889195781,0.97382331183458,1.0053863234212956,127679122.3185283,7744977.476626363,232368.21953952307,363220.99461016356,2.2682918837655213,1.0,1207.2623049634212,1.0
2,196,0.5488146140618242,0.0014874561353536,0.6520569804853744,-3.4919175749210973,7752.434210143327,0.933679008589647,1.0531348379009886,56444397.60206841,1766000.7468126698,460229.5860077137,719010.3318372602,4.766294165278832,1.0,344.75372248231423,1.0
2,197,0.5488146140618242,0.0014874561353536,0.6520569804853744,-1.3650001962256912,7736.675154520489,1.0250589635195477,0.933876975549237,125676793.81853107,1614647.5242528096,257867.08613815714,402814.7843201798,2.4850306705251883,1.0,5769.035412799581,1.0
2,198,0.5488146140618242,0.0014874561353536,0.6520569804853744,-2.7730297664907315,7822.395815084552,0.9392024090899409,1.0341211638033756,76043646.61103737,2743079.43962694,346462.47937718587,540900.3260158479,2.3450074935891108,1.0,513.8509946134767,1.0
2,199,0.5488146140618242,0.0014874561353536,0.6520569804853744,-1.5981275591800717,7803.262340351579,0.9357815307863471,0.9639461225070797,133910304.5405533,1563556.9087328685,267012.4423085402,417035.84390534693,2.317582944340739,1.0,5917.171989966249,1.0
2,200,0.5488146140618242,0.0014874561353536,0.6520569804853744,-2.3786297190359122,7828.321451296439,0.9904713878692722,1.0084652115948953,90079669.41469257,3686510.2613277403,266299.71943589573,415475.31605268025,2.3022355145777893,1.0,650.8499664999936,1.0
2,201,0.5488146140618242,0.0014874561353536,0.6520569804853744,-2.27140487725352,7899.96249066703,1.077957109460793,1.074659909296358,111012465.90933672,5588587.265415022,209685.2652550249,327903.6103583764,2.2700111813989987,1.0,912.4944262502895,1.0
2,202,0.5488146140618242,0.0014874561353536,0.6520569804853744,-1.9293348040985405,7780.280117832651,0.9742638816177178,1.0353672425225218,113201170.41708277,5616887.59834175,203373.11114040075,318061.9631448019,2.2129492713163197,1.0,926.5931553020861,1.0
2,203,0.5488146140618242,0.0014874561353536,0.6520569804853744,-2.9886576915335397,7889.11099636844,1.03033724325385,1.0548581749064707,71882520.52932382,2591093.781948797,354870.9651725455,553850.5387572778,2.422951701828378,1.0,486.18876473514183,1.0
2,204,0.5488146140618242,0.0014874561353536,0.6520569804853744,-0.5217107019947242,7859.49814716671,0.9040407767394333,1.0716669706842066,169861721.80867615,15740586.172909124,242105.73958364216,378305.95395838626,2.1007118050136726,1.0,8669.757040815202,1.0
2,205,0.5488146140618242,0.0014874561353536,0.6520569804853744,-2.2401218205680755,7829.316029982461,0.896928508742306,1.0153378092018603,111478266.63139012,4815827.123689125,234754.4228622667,366125.8772816941,2.1070053998984406,1.0,824.0054096249108,1.0
2,206,0.5488146140618242,0.0014874561353536,0.6520569804853744,-2.0327369265973636,7805.888272430431,1.1117663509089597,1.0478431503071803,98620821.92312324,4825924.33878475,191695.71013228883,298936.28063788795,2.32447801609222,1.0,804.2808949615973,1.0
2,207,0.5488146140618242,0.0014874561353536,0.6520569804853744,-1.3861334457985175,7790.942262657454,1.0176689530963279,1.0122919102609962,125059954.30450018,1630273.3402416338,246856.76337423766,385407.92959809984,2.3495911016595423,1.0,6158.37066717161,1.0
2,208,0.5488146140618242,0.0014874561353536,0.6520569804853744,-2.223828719843222,7862.722797046235,1.0042524394641024,0.9681216555356595,107351678.14225835,4938209.050688697,214233.5832135056,334076.41908722644,2.3241736085431217,1.0,821.4626330168261,1.0
2,209,0.5488146140618242,0.0014874561353536,0.6520569804853744,-2.203097437173582,7835.271838496574,0.9673228904057353,0.928646804418833,103113537.64416936,4513523.836330411,226826.14839280676,353762.5598235097,2.311164152811751,1.0,762.3415114580855,1.0
2,210,0.5488146140618242,0.0014874561353536,0.6520569804853744,-1.9437007921175438,7773.935038910603,1.0484790153468115,1.0253061944252988,101086485.7400913,4897792.836124991,189925.38222105848,296189.42800757854,2.2825762120694866,1.0,818.3289849756965,1.0
2,211,0.5488146140618242,0.0014874561353536,0.6520569804853744,-2.0268201948426974,7930.913113980984,0.9508970920133369,1.003665361036027,133367829.66175567,2023799.2898722005,294098.09385299275,459345.8857947961,2.230628683079891,1.0,5835.254864079139,1.0
2,212,0.5488146140618242,0.0014874561353536,0.6520569804853744,-2.5624088059974444,7802.901508374321,0.9928066627855535,0.9720465829061417,75437802.57677071,2874935.896127853,322689.7849674944,503841.6946006501,2.3155806253990674,1.0,524.6211697769993,1.0
2,213,0.5488146140618242,0.0014874561353536,0.6520569804853744,-1.209154563882416,7853.580344761749,0.9762305883280604,0.9858842317206008,133720794.199715,2051026.4016023842,227182.04672160037,354313.4568459849,2.2346059492127,1.0,6524.509643300376,1.0
2,214,0.5488146140618242,0.0014874561353536,0.6520569804853744,-2.591924307204601,7874.365036690475,0.9645746238699057,0.9635882413486977,88426050.20396172,3409639.6275380617,297410.9366046562,463992.30043643987,2.370454534044668,1.0,608.5849342985168,1.0
2,215,0.5488146140618242,0.0014874561353536,0.6520569804853744,-2.5430215877704994,7854.332086660269,1.0821324547622746,1.0528723493436263,80406901.66400483,3254780.613051889,284433.42929823295,443811.0631974705,2.396815021584702,1.0,583.1842585604003,1.0
2,216,0.5488146140618242,0.0014874561353536,0.6520569804853744,-1.517942283706854,7869.587295866477,0.8593117281178909,0.9260996075102569,144098672.37160087,2032798.1952631937,252928.54685390246,394505.7062016955,2.1505061923340656,1.0,6520.4857696508325,1.0
2,217,0.5488146140618242,0.0014874561353536,0.6520569804853744,-1.6908259552102032,7822.563783905525,1.0060857998770723,1.0780623473729243,129345057.6000698,1837517.197483175,269672.20604495425,421228.95015187503,2.2163071803514085,1.0,5770.438172548957,1.0
2,218,0.5488146140618242,0.0014874561353536,0.6520569804853744,-2.15433464498711,7902.985621070505,0.9775674715685867,1.0338773051576977,133268605.12110409,11080615.433324529,242802.63305024547,379447.1285745587,2.2361409369002376,1.0,1658.4142465619195,1.0
2,219,0.5488146140618242,0.0014874561353536,0.6520569804853744,-2.489133008135919,7834.073774587635,0.951407129502698,1.0281192109974977,89379728.51696761,3513159.2952397447,286886.19031735946,447589.20893142186,2.237534326647295,1.0,631.3250536186107,1.0
2,220,0.5488146140618242,0.0014874561353536,0.6520569804853744,-2.436950722156091,7826.81937902213,0.9546636748235147,0.9248579207755904,86688586.74328679,3392561.6560458126,289314.0051683837,451526.2180045667,2.4322049350919275,1.0,602.3222758810668,1.0
2,221,0.5488146140618242,0.0014874561353536,0.6520569804853744,-1.398334573908775,7719.485463095276,1.024106470107584,0.9632663222775858,130440833.91228329,4289655.081397459,253215.9895533114,395631.6906731035,2.4168064309315427,1.0,5094.82651682349,1.0
2,222,0.5488146140618242,0.0014874561353536,0.6520569804853744,-1.5600148337396953,7887.494238563554,1.008195516952778,0.9767256249387088,123300786.9208337,1681799.1556081683,273388.3734967138,426561.91364624165,2.4029792378431316,1.0,6396.713086419228,1.0
2,223,0.5488146140618242,0.0014874561353536,0.6520569804853744,-2.474642097455802,7830.787586826255,1.0771171145145277,1.0902150746476935,80851566.22583771,3318445.8768012025,278189.5607046508,434121.01717142283,2.3301661191950407,1.0,595.9830665408418,1.0
2,224,0.5488146140618242,0.0014874561353536,0.6520569804853744,-2.403180625271488,7896.012969210187,0.9845546149584511,0.9398446544603469,102761057.63176683,4373763.914087546,245797.28420589695,383346.0941247886,2.309426828566716,1.0,742.0859455469316,1.0
2,225,0.5488146140618242,0.0014874561353536,0.6520569804853744,-1.251764388689537,7818.6343149984705,0.8858017000154961,1.024687899481257,149558573.70246226,2653112.789278601,208717.6832401599,325488.75189170626,2.0995918586326088,1.0,6568.305957992708,1.0
2,226,0.5488146140618242,0.0014874561353536,0.6520569804853744,-1.9094843205570349,7792.081415861943,0.9431660328310576,0.9763602341524745,120682568.75033629,6261969.355968015,219805.9463724946,343683.1784837052,2.2657383177766954,1.0,1009.9158336842797,1.0
2,227,0.5488146140618242,0.0014874561353536,0.6520569804853744,-1.874244110262738,7962.676326301043,1.058187491758277,0.9989366457838499,118308892.28348552,1775444.5515011316,310451.43659368524,484507.91953496775,2.4325823507433424,1.0,6354.994024080873,1.0
2,228,0.5488146140618242,0.0014874561353536,0.6520569804853744,-1.6493871807563982,7851.888247412572,0.985134914364544,0.9563988656251049,126760867.47736788,1604315.5803302738,274303.3253812385,428285.23409019836,2.412061714241974,1.0,6136.2413414655975,1.0
2,229,0.5488146140618242,0.0014874561353536,0.6520569804853744,-1.0140680485550453,7828.029617227369,1.0210080950106324,0.994023477914086,131611584.55580583,2110472.543618718,205262.04180733603,320108.4302288125,2.2915696555028884,1.0,6479.0849081389215,1.0
2,230,0.5488146140618242,0.0014874561353536,0.6520569804853744,-2.3447301348206055,7747.28171923222,1.048538454916336,1.0160888938960073,72448783.61172143,2935333.8629414653,307546.4002928981,480304.59765048925,2.3780799559501076,1.0,531.9432468537536,1.0
2,231,0.5488146140618242,0.0014874561353536,0.6520569804853744,-2.001492893549555,7878.231950164337,0.9329161460361302,1.0464030270035456,134857888.54974926,6373855.363830323,292950.87889543024,457761.9415776047,2.34708943084004,1.0,4818.68159433167,1.0
2,232,0.5488146140618242,0.0014874561353536,0.6520569804853744,-2.1621369004287234,7953.163186857477,1.014931014218679,1.0172023282229787,129755465.11123928,4084804.3967055357,296508.7239386663,463268.6092443891,2.5048920407835977,1.0,5256.360274721579,1.0
2,233,0.5488146140618242,0.0014874561353536,0.6520569804853744,-2.4624121676857142,7804.379179204808,0.9229201686938481,1.015874513193434,86650153.71840508,3343715.971552822,298230.9184276608,465495.388965647,2.2284302070540747,1.0,606.5995328551512,1.0
2,234,0.5488146140618242,0.0014874561353536,0.6520569804853744,-2.919134800823253,7802.408728983828,0.9908232172242033,1.0415994691249986,66596532.73824805,2360112.8578251647,373677.2451631274,583561.7041366227,3.1009119472168023,1.0,448.0053572717482,1.0
2,235,0.5488146140618242,0.0014874561353536,0.6520569804853744,-2.4054505264560038,7880.150836433591,0.9767021272650058,1.0015001653580473,102307706.34276137,4334754.85439242,249859.94372002472,389690.9532854781,2.203051463238144,1.0,744.787036281355,1.0
2,236,0.5488146140618242,0.0014874561353536,0.6520569804853744,-2.5680958484282144,7789.6048800433155,1.0504043151833453,0.9553037577556334,69740597.97857192,2690987.3636412728,329500.98651751917,514558.46843510977,2.62502725563706,1.0,490.73731324985846,1.0
2,237,0.5488146140618242,0.0014874561353536,0.6520569804853744,-2.8124449593546137,7861.166847938092,1.0026435545654122,1.0969247900985621,77148142.412254,2869247.944356037,330746.41813949065,516157.5314606049,2.195870243941552,1.0,534.7855086883574,1.0
2,238,0.5488146140618242,0.0014874561353536,0.6520569804853744,-2.370428921627542,7810.85653983299,0.9764979529171203,0.9911586668833076,87277948.33019987,3518362.6557116103,276587.90896693803,431657.14275783993,2.341378674446412,1.0,625.304034491263,1.0
2,239,0.5488146140618242,0.0014874561353536,0.6520569804853744,-2.252891710775418,7873.90602111348,0.9976841657280296,1.0006964699998218,110560998.51158455,5151118.229728903,214144.58105985788,333924.7781246986,2.2748265464717745,1.0,854.759589460831,1.0
2,240,0.5488146140618242,0.0014874561353536,0.6520569804853744,-2.5813156375025628,7794.538614452201,1.034661798135973,1.0052615470703488,71729716.24864954,2761040.929282326,325410.13672510633,508129.0898442754,2.465412898358221,1.0,506.37876115676465,1.0
2,241,0.5488146140618242,0.0014874561353536,0.6520569804853744,-2.3124212064901863,7751.648273983559,0.9736316489176081,1.0669404802526228,80320675.75892796,3226162.1536669494,295843.3597329781,461956.2022668328,2.190924032533116,1.0,586.5565751860538,1.0
2,242,0.5488146140618242,0.0014874561353536,0.6520569804853744,-2.1870307060404053,7876.777911998661,0.9943914282744801,0.9927581624759231,117624116.31658493,5935932.801821135,221070.68017316522,345681.8698921619,2.290690186070829,1.0,959.6123717448678,1.0
2,243,0.5488146140618242,0.0014874561353536,0.6520569804853744,-1.705061179920473,7898.920453688145,0.9691927767479993,0.9132090650465209,125876359.09857512,1659123.5565869338,287249.47313440224,448329.7247483136,2.4758198395882958,1.0,6315.852724078185,1.0
2,244,0.5488146140618242,0.0014874561353536,0.6520569804853744,-2.6026093666844816,7866.18432758202,0.9069688231890654,0.9208379300610309,90103657.84822704,3369203.169403196,308408.077404091,481174.63712664944,2.365488222467038,1.0,603.7724458717091,1.0
2,245,0.5488146140618242,0.0014874561353536,0.6520569804853744,-1.042979671841326,7824.564455616609,1.0272146910440028,0.9807013630561294,129212790.2360893,2013628.7138768504,209052.38258710902,326033.0891740929,2.311953360901534,1.0,6443.157831128352,1.0
2,246,0.5488146140618242,0.0014874561353536,0.6520569804853744,-1.2329973145052922,7804.980797003061,1.0170871426796377,1.046947060470676,128219042.53395057,1879397.7070023827,220434.12431787173,343914.30790271156,2.2037300071323935,1.0,6349.001287679576,1.0
2,247,0.5488146140618242,0.0014874561353536,0.6520569804853744,-0.9503438360035124,7868.058443180959,0.9453952245980528,1.0032799919157287,148254065.3468018,2910888.5375238825,219802.360383611,343710.64672894403,2.214393845691647,1.0,6752.022772976265,1.0
2,248,0.5488146140618242,0.0014874561353536,0.6520569804853744,-0.7316517095867512,7896.586647416903,0.963339749256506,1.013286843976334,151248088.4793425,3299179.2152179107,231052.54403791646,361236.6068067345,2.217388643926219,1.0,6894.206129136246,1.0
2,249,0.5488146140618242,0.0014874561353536,0.6520569804853744,-1.9417582757989353,7726.829004399436,1.0194663640694985,1.0358162996120681,89991974.82130104,4080307.7149583804,235463.30598317052,367605.06361114996,2.2912925192235605,1.0,706.566490466896,1.0
2,250,0.5488146140618242,0.0014874561353536,0.6520569804853744,-1.2453341285087327,7825.4576431018995,1.0304285378228673,0.9265243174084582,122209551.57175261,1748428.0680695588,238037.84742352838,371464.201867492,2.4875729489624563,1.0,6335.975537304468,1.0
2,251,0.5488146140618242,0.0014874561353536,0.6520569804853744,-1.984228967557959,7872.383949488081,1.0152831748957174,1.0634246621091454,127923517.86802357,10678342.205907108,282093.2307192138,440814.8131200918,2.430692200555888,1.0,4151.207024248504,1.0
2,252,0.5488146140618242,0.0014874561353536,0.6520569804853744,-2.3622958316867684,7804.064522952871,0.9587280144971668,1.0272888942254415,89072331.2104177,3590413.2144564325,275129.1994520004,429362.701175537,2.2500341547839815,1.0,641.3153686991232,1.0
2,253,0.5488146140618242,0.0014874561353536,0.6520569804853744,-1.539943502793029,7813.703763044092,1.0275543547853492,1.0074131158070834,124093698.16388549,1578595.283177052,264054.32144826924,412336.33477223874,2.3812067175893428,1.0,6054.711314553989,1.0
2,254,0.5488146140618242,0.0014874561353536,0.6520569804853744,-2.4562222304531476,7840.860392215686,0.9641386649129532,1.0738277095105067,93454932.3142662,3779752.681054572,273215.5678433576,426198.1715777621,2.1361616042996836,1.0,674.5731791542436,1.0
2,255,0.5488146140618242,0.0014874561353536,0.6520569804853744,-1.9179210228642414,7822.744909223066,1.0368668862817125,1.0319991146748286,123451550.0477955,7765940.863318018,226236.08368448232,353626.6036978129,2.314150786585078,1.0,1206.709414002327,1.0
2,256,0.5488146140618242,0.0014874561353536,0.6520569804853744,-1.2854589495859687,7873.086944509352,1.0599475297945722,0.9665805846504232,119549581.54310524,1727947.1779428462,252396.01219108296,393718.07220604236,2.469027580652373,1.0,6438.131990206838,1.0
2,257,0.5488146140618242,0.0014874561353536,0.6520569804853744,-1.7910082446333213,7904.01288130002,1.0694099789335387,0.9925518036541361,119145773.21530461,1734313.4981435882,292123.35127867974,456105.930967574,2.4331094397278816,1.0,6141.17874511235,1.0
2,258,0.5488146140618242,0.0014874561353536,0.6520569804853744,-1.4820191123158337,7821.01198526654,1.0376563633140246,0.958343260216047,121030419.23816338,1611596.245717471,264136.56346433645,412402.144490412,2.483333657545796,1.0,6157.11980459764,1.0
2,259,0.5488146140618242,0.0014874561353536,0.6520569804853744,-1.7524404242412115,7901.521835529825,0.9104730030873062,1.0267145444714705,137761564.0608843,1671935.7687186673,273210.48399726226,426220.2238021624,2.129696174613413,1.0,6380.258650229249,1.0
2,260,0.5488146140618242,0.0014874561353536,0.6520569804853744,-1.6625340269326498,7881.577410200335,0.9945842812567505,1.0805825492772154,128477995.7362857,1633289.2858585608,267160.78478540306,416893.52250615146,2.2071916056663965,1.0,6322.224491773099,1.0
2,261,0.5488146140618242,0.0014874561353536,0.6520569804853744,-1.3410408728430525,7745.270278370559,0.9864084809616147,1.092501069511002,131292325.8008215,1554541.2002522303,239292.81131545873,373698.7295643765,2.179615563299709,1.0,6006.741454879659,1.0
2,262,0.5488146140618242,0.0014874561353536,0.6520569804853744,-2.5136256070659693,7837.321770593022,0.9254155781632654,0.9745387153336306,89232762.6579902,3429358.148038205,295938.14639074996,461760.2407816547,2.297019408664665,1.0,616.0013316268931,1.0
2,263,0.5488146140618242,0.0014874561353536,0.6520569804853744,-2.645897155413227,7920.48363472656,0.9308592212786005,0.9923619783575407,100111010.717575,3916439.776104208,291354.06064298004,454460.7028594091,2.143512530438227,1.0,690.0149011332688,1.0
2,264,0.5488146140618242,0.0014874561353536,0.6520569804853744,-2.2385147092685864,7816.375347514808,0.9567836492318592,0.9908126536397579,99047654.50621182,4209107.197536898,241611.2908299763,376860.2943627278,2.2007472043360563,1.0,727.9942855612688,1.0
2,265,0.5488146140618242,0.0014874561353536,0.6520569804853744,-2.333587027377848,7859.78807150099,0.97557562163691,1.0008000470871619,102358595.9882406,4391353.310715028,242053.2710826155,377518.44317562995,2.2046835551893693,1.0,752.7936851567739,1.0
2,266,0.5488146140618242,0.0014874561353536,0.6520569804853744,-1.6680440425782592,7860.690158398704,0.9599021341112702,0.9617033173279831,129523227.99910823,1605437.8761840311,272807.9556175097,425897.7636797424,2.368116525590736,1.0,6188.322370210353,1.0
2,267,0.5488146140618242,0.0014874561353536,0.6520569804853744,-2.421150363820415,7839.177000716025,0.9579144601352101,0.9324407058269736,90172693.93964353,3581083.916531316,277895.50399809936,433592.20197029697,2.403930137851675,1.0,630.8098305162283,1.0
2,268,0.5488146140618242,0.0014874561353536,0.6520569804853744,-2.380011544444092,7802.091814125614,0.9874993322231376,1.0225196981586333,84954930.46401824,3423398.1283230083,281030.78256329685,438643.6317631508,2.311405502843378,1.0,612.9062514540401,1.0
2,269,0.5488146140618242,0.0014874561353536,0.6520569804853744,-2.307525662611278,7821.687717017178,0.9759978318345706,0.975166004077972,93046034.42883348,3857034.449938295,256151.2651275392,399617.50670908083,2.314565169347762,1.0,673.6010092761009,1.0
2,270,0.5488146140618242,0.0014874561353536,0.6520569804853744,-2.0906721351919284,7800.431110914164,0.9712879427170565,0.9276283861395435,101276348.6042634,4506620.079189521,217857.1955526943,339783.08988600096,2.3231197452379577,1.0,760.9369931113421,1.0
2,271,0.5488146140618242,0.0014874561353536,0.6520569804853744,-2.469468031309766,7792.5281786831765,1.0024228890422264,1.0311574118531455,78101416.80959535,3068691.1315622334,304373.6725824468,475207.4983391605,2.2822574975598897,1.0,558.2551430777937,1.0
2,272,0.5488146140618242,0.0014874561353536,0.6520569804853744,-2.889173249435138,7757.84051463227,0.9656618160202679,0.9513471053943685,63286200.57950886,2207578.573139708,394822.8848681777,616751.8012045858,3.6372970357450396,1.0,416.73064689946654,1.0
2,273,0.5488146140618242,0.0014874561353536,0.6520569804853744,-1.6886676567684902,7803.695894624374,1.003216977338907,0.9184148474410843,130583958.0654726,3363149.999840569,273898.3786330315,427939.4293477918,2.426875279525035,1.0,5306.92830368172,1.0
2,274,0.5488146140618242,0.0014874561353536,0.6520569804853744,-3.003670753914543,7803.178869558662,0.9777777724038089,1.0372542639086113,65460091.12201467,2271300.965762567,386576.4161398822,603726.3967243476,3.2802004844348494,1.0,433.89410108136394,1.0
2,275,0.5488146140618242,0.0014874561353536,0.6520569804853744,-1.8953095615389053,7806.119928957445,0.9570773829916568,0.9239968152550425,123914241.33022434,6922342.48569347,230942.22760088282,361043.732461169,2.371264171275428,1.0,1090.3345820610396,1.0
2,276,0.5488146140618242,0.0014874561353536,0.6520569804853744,-2.820131610392523,7756.476703419506,1.0213459367601938,0.9416802837839146,61788190.846605,2227982.086189286,382119.89880846004,596903.9621035585,3.6319019764663576,1.0,416.6678628274936,1.0
2,277,0.5488146140618242,0.0014874561353536,0.6520569804853744,-2.6803330747259895,7890.170647738189,0.940808842373493,0.9813053060667134,89759472.10122688,3387306.715841745,309611.404395619,483023.6626397616,2.301154725210443,1.0,609.8064616571874,1.0
2,278,0.5488146140618242,0.0014874561353536,0.6520569804853744,-2.734155144146296,7881.10224665947,0.9343365160289681,0.9622815348854,85162789.73265806,3130904.843040024,324952.12952810596,507024.54769584205,2.342309749715255,1.0,569.6493880158831,1.0
2,279,0.5488146140618242,0.0014874561353536,0.6520569804853744,-1.7581608951322305,7758.77210131371,0.9840671366336219,0.9824259238852641,118181888.65755984,6498061.970116497,217185.7993560952,339562.7395855225,2.3178063591776183,1.0,1038.5864314001112,1.0
2,280,0.5488146140618242,0.0014874561353536,0.6520569804853744,-2.2612924589340966,7760.376195451385,1.0171440523580064,0.9668382074391141,78771645.37422931,3231984.6063800487,289081.7076568612,451399.65450414777,2.412011239363079,1.0,575.7176918875311,1.0
2,281,0.5488146140618242,0.0014874561353536,0.6520569804853744,-1.408658356444302,7795.296921859516,1.0371085065292793,1.094151077632185,125023715.82701172,1612275.8911070088,243920.20218668558,380803.7528634637,2.2457212105772424,1.0,6162.131149858033,1.0
2,282,0.5488146140618242,0.0014874561353536,0.6520569804853744,-1.7928474060646729,7812.479738474471,1.045064220105805,1.0386266966533997,135596731.84614325,17294600.74190562,219890.48746105924,343563.9961033208,2.3340148056483008,1.0,3209.980567490375,1.0
2,283,0.5488146140618242,0.0014874561353536,0.6520569804853744,-1.7732887003297726,7767.7086651523605,1.0695985571990971,1.0988163979586187,115374306.1103532,6725387.655963158,210022.48605579478,328333.898362313,2.2588988397164917,1.0,1072.2829521850795,1.0
2,284,0.5488146140618242,0.0014874561353536,0.6520569804853744,-1.8143004807172456,7727.947618223752,0.9827318940895537,0.9713603996940887,100796926.4079037,4790932.697701337,198841.41520510876,310327.5805949389,2.274745687388637,1.0,804.6372793767875,1.0
2,285,0.5488146140618242,0.0014874561353536,0.6520569804853744,-1.5038679785622184,7816.063985735845,1.0914088619376636,0.9204144002770405,116013859.81142798,1639437.4369102102,274026.8589128967,427934.19013513665,2.592994843363078,1.0,6046.590714097738,1.0
2,286,0.5488146140618242,0.0014874561353536,0.6520569804853744,-1.9264019647535489,7772.869868517096,1.0727177901975598,0.9333314317647767,96267641.47322802,4634330.451036362,191815.8707313035,299212.04545343755,2.4589674012860696,1.0,769.468063415462,1.0
2,287,0.5488146140618242,0.0014874561353536,0.6520569804853744,-2.0941102931978843,7872.540982472726,0.9320568659646279,1.0215333161174593,134981482.60749745,9324004.809766699,244211.28176836687,381685.37875852257,2.1846400173069562,1.0,1424.5605219129225,1.0
2,288,0.5488146140618242,0.0014874561353536,0.6520569804853744,-2.2499083068359242,7788.635721289275,1.0711503430552196,0.9481444890975473,80463026.99099252,3402137.1564407838,268525.3109487293,419204.03656430886,2.549349843468683,1.0,595.7835172825047,1.0
2,289,0.5488146140618242,0.0014874561353536,0.6520569804853744,-1.9553771744408575,7737.958043184111,0.9617188337879314,0.9389632107242251,94224075.32433295,4167267.9365355545,236178.74340408496,368707.4750182386,2.3553138343755693,1.0,714.9824366004477,1.0
2,290,0.5488146140618242,0.0014874561353536,0.6520569804853744,-1.8870146223659992,7894.548260306279,0.952273708550823,1.0306355659694175,133177113.22666371,1720729.3364601624,282704.37899998116,441488.10323349835,2.2276143648087596,1.0,5960.604792712397,1.0
2,291,0.5488146140618242,0.0014874561353536,0.6520569804853744,-2.086074480508261,7877.338716200798,1.058586001639473,0.9113565946707327,117956056.46639058,6716176.431835491,230651.3473462565,360591.6441120771,2.5125313509553067,1.0,1049.5652003180512,1.0
2,292,0.5488146140618242,0.0014874561353536,0.6520569804853744,-2.300674778963838,7836.383125363502,1.0310867627082683,0.9905096805489402,92460796.35882431,3950953.3600168135,245043.46965832263,382229.04965932237,2.349671275629498,1.0,683.3237707791458,1.0
2,293,0.5488146140618242,0.0014874561353536,0.6520569804853744,-2.5485358191995067,7863.916730501919,0.9747343267571943,0.987795091256483,88676620.36401772,3472471.160479713,289975.36267565086,452378.7949063325,2.336167734486954,1.0,619.2480046963856,1.0
2,294,0.5488146140618242,0.0014874561353536,0.6520569804853744,-2.6510870771611836,7875.186569823903,0.9957133394594788,0.9827987872393789,83457092.12861037,3196190.565980182,306324.58047357155,477932.740208307,2.397582762745186,1.0,575.6866452943041,1.0
2,295,0.5488146140618242,0.0014874561353536,0.6520569804853744,-1.5234498810812513,7809.990676751368,1.0287260547277013,1.042251562142065,124713880.27717915,1568463.0568057613,259606.25263084492,405374.9080296267,2.3294528130093157,1.0,6069.1986977185115,1.0
2,296,0.5488146140618242,0.0014874561353536,0.6520569804853744,-2.246818871991874,7817.753386582866,1.1129014657127099,0.8693747004597202,81232814.32489409,3495672.5142163103,255176.7907610571,398284.74233027565,2.761228414988402,1.0,599.4738821926552,1.0
2,297,0.5488146140618242,0.0014874561353536,0.6520569804853744,-2.8829697125099494,7818.326200249093,0.9163979026536215,1.0041710607738532,73082568.57220905,2541165.1176929115,370585.30457300605,578645.4858383664,2.692117403953158,1.0,480.80456968892327,1.0
2,298,0.5488146140618242,0.0014874561353536,0.6520569804853744,-2.1441056306667585,7861.528212488376,0.9282768461878136,0.9569123586036344,123459734.05430079,6208117.211492854,228705.9564509079,357604.0723528901,2.2597742386351842,1.0,999.8479404405026,1.0
2,299,0.5488146140618242,0.0014874561353536,0.6520569804853744,-1.816439951888689,7836.712957979838,1.0449718252212072,0.990139396636701,128251796.40847918,5024606.127141666,274658.3211903127,429148.821362213,2.328205365426167,1.0,5017.460678984626,1.0
3,0,1.998037932194417e-06,0.2487714788120645,0.0839820273779031,-2.119384789317555,7842.7605812620595,1.0790519603082434,0.9984028807727167,253366279.17372578,6745049.647901087,515188.66427597933,763470.866889788,3.0033942597569276,0.0,1030.3420430209474,1.0
3,1,1.998037932194417e-06,0.2487714788120645,0.0839820273779031,-1.829709921259528,7791.122803512658,1.00027444111958,1.0308898309249819,296684324.46868646,3483487.4990067915,507100.8050209276,750894.2762625569,2.942817123075415,0.0,5199.5328567440865,1.0
3,2,1.998037932194417e-06,0.2487714788120645,0.0839820273779031,-2.1729692987627476,7807.645272156125,0.9717542919489273,1.0231280268560476,233479316.77451956,5047734.59962686,463605.4942803144,687368.9721629532,2.8068348422011855,0.0,811.5538244709471,1.0
3,3,1.998037932194417e-06,0.2487714788120645,0.0839820273779031,-1.7163743678533194,7917.8226973398105,0.9625568169891502,1.029491578052724,347933313.5311638,8229184.526915526,566489.711067351,838911.9187055324,2.826084189484902,0.0,10916.008776269366,1.0
3,4,1.998037932194417e-06,0.2487714788120645,0.0839820273779031,-2.584744739329761,7898.07507658648,0.9969204411374487,0.9898474178613209,211128933.92927045,4046869.1493208595,554772.6271940388,820212.3927099329,3.0954569330218735,0.0,667.27277879869,1.0
3,5,1.998037932194417e-06,0.2487714788120645,0.0839820273779031,-1.7189906419318697,7852.707306830919,1.0325805056221342,1.1128153894522312,328520949.35092205,5073027.329412197,508296.97927798436,753100.7059186471,2.7653960330948046,0.0,6908.758158021298,1.0
3,6,1.998037932194417e-06,0.2487714788120645,0.0839820273779031,-2.338655074928475,7888.567176209457,0.9710966147434685,1.0135507520829024,264750207.13793322,6189756.201702296,520232.24353909446,771021.8901790999,2.760965878075412,0.0,964.9994006194795,1.0
3,7,1.998037932194417e-06,0.2487714788120645,0.0839820273779031,-2.018641884236888,7936.482835146592,1.0247331754171218,0.9965193383304106,301791483.4062287,2779886.567992265,476439.0182559038,706371.4789542088,2.9647754761664133,0.0,6660.935758784243,1.0
3,8,1.998037932194417e-06,0.2487714788120645,0.0839820273779031,-2.184042301824762,7858.962030054552,1.1000555624670028,0.9959984575585418,245317286.93889588,6271988.59222699,507620.1006731703,752337.4334740211,3.0427784282161103,0.0,964.3422513594993,1.0
3,9,1.998037932194417e-06,0.2487714788120645,0.0839820273779031,-2.3172561896482775,7796.1392024799925,1.1334631315089192,1.0365092289650704,177599260.24173903,3679331.7433352135,549967.2054048902,813818.4749794749,3.234209145365116,0.0,610.5104779970586,1.0
3,10,1.998037932194417e-06,0.2487714788120645,0.0839820273779031,-2.3553936751822526,7800.764647935618,1.025857875364287,1.010940159388776,189918743.7929334,3757860.8686036495,568760.4267467048,841587.1185660335,3.0893819644847187,0.0,626.7024552787191,1.0
3,11,1.998037932194417e-06,0.2487714788120645,0.0839820273779031,-1.1797748349921846,7833.1370692836745,0.9257756720186512,0.9956860338192436,370543206.09662235,3766439.311956764,522842.83326656255,774834.7868362417,2.737315156919648,0.0,12507.83745977263,1.0
3,12,1.998037932194417e-06,0.2487714788120645,0.0839820273779031,-2.128567190530063,7912.683659637158,0.9504324263445937,1.0299263328712804,312430583.94157743,1985951.252999953,457896.73012855323,677501.1705544905,2.821551737663616,0.0,6202.10383363789,1.0
3,13,1.998037932194417e-06,0.2487714788120645,0.0839820273779031,-2.524346728125093,7833.639117352326,1.0143651788739565,0.9832282813942599,185335162.18711197,3500762.675928261,612936.9018575517,906925.8951068067,3.102405751243483,0.0,588.7800382233103,1.0
3,14,1.998037932194417e-06,0.2487714788120645,0.0839820273779031,-2.0416007689073465,7799.836938288028,0.9904159947286909,1.018782566556584,252174640.4650845,6112217.729898389,503365.43189491524,746080.4490030397,2.7924294759449912,0.0,954.5164107203638,1.0
3,15,1.998037932194417e-06,0.2487714788120645,0.0839820273779031,-1.7306381636792163,7797.1121136080465,1.018861692943718,0.9812476973097274,297815105.40671694,2488842.25193363,466275.1476503521,691190.9770737765,3.033484477128948,0.0,6179.68660663484,1.0
3,16,1.998037932194417e-06,0.2487714788120645,0.0839820273779031,-2.3244668866438163,7879.317749432293,0.9931964440682804,0.9540950535124356,247458421.78825694,5527675.825008349,506098.22774561256,750256.5264920904,2.9334688056808265,0.0,867.9054181097413,1.0
3,17,1.998037932194417e-06,0.2487714788120645,0.0839820273779031,-2.557232511466456,7862.3789755681055,0.9601741674229346,1.0512178924014266,208562658.20739812,3925198.8232759186,576666.6801458352,852693.9680923452,2.890784553891551,0.0,658.6506326548027,1.0
3,18,1.998037932194417e-06,0.2487714788120645,0.0839820273779031,-1.1654481965937253,7898.959876795474,1.0359976786136147,1.028957812964786,329231722.14826226,3734727.892591521,462715.82085735444,686037.0430469371,2.935716657078535,0.0,12540.162615643736,1.0
3,19,1.998037932194417e-06,0.2487714788120645,0.0839820273779031,-2.096244679243624,7741.344883405281,1.0103445791747272,0.9728267121941054,192786341.5583105,4013922.98000334,544392.329169267,805707.5246781893,3.1278097698794336,0.0,661.3575796083287,1.0
3,20,1.998037932194417e-06,0.2487714788120645,0.0839820273779031,-1.8215231410308308,7846.41483732336,0.9420002138842689,1.0129022904105462,327802580.00732565,3556437.276128261,503803.84842508147,746741.4594262354,2.716013890363352,0.0,6568.339045173942,1.0
3,21,1.998037932194417e-06,0.2487714788120645,0.0839820273779031,-1.6404273769108813,7786.250811531237,0.9707117961062061,0.9879525388627828,317366676.8391922,3638843.2173854215,500885.61014105304,742410.0245814805,2.831021936330346,0.0,6447.9686763091895,1.0
3,22,1.998037932194417e-06,0.2487714788120645,0.0839820273779031,-1.8644122760459911,7778.225288913905,1.0461820185423858,1.0097908739509214,269374082.0387418,8280599.233303407,518590.9012725317,768323.9553007642,2.975052607187141,0.0,1242.5313575935384,1.0
3,23,1.998037932194417e-06,0.2487714788120645,0.0839820273779031,-2.3214942850191913,7854.569480848585,0.9998398195988037,0.9970757035870295,230178385.0375777,4879166.290225069,464621.0189013975,688907.1160263714,2.946793732943538,0.0,783.0636724703892,1.0
3,24,1.998037932194417e-06,0.2487714788120645,0.0839820273779031,-1.5846863795727046,7826.005889992251,1.0141659017937288,0.9794861482267111,347547409.4280517,8948094.74338163,510181.01586008637,755690.6139219782,3.0290096227492587,0.0,7423.687591384789,1.0
3,25,1.998037932194417e-06,0.2487714788120645,0.0839820273779031,-1.0850235169758422,7847.6199504018405,0.9953269899904319,1.0345463566540531,352889803.6639997,3708513.5125098284,508603.8515007269,753765.8860383768,2.7875088554592473,0.0,12556.351281104347,1.0
3,26,1.998037932194417e-06,0.2487714788120645,0.0839820273779031,-3.194048679105174,7832.490684483857,1.0946239242767035,0.8905326889263453,129480017.35099413,2160971.775475294,868912.1449501436,1286407.3025073064,4.316826931328183,0.0,379.40493671836293,1.0
3,27,1.998037932194417e-06,0.2487714788120645,0.0839820273779031,-2.264009168720497,7817.508230441026,0.9524275814856848,0.996905308977367,225929892.8322588,4631485.5832722895,476885.001360553,704982.6930032839,2.8934469896227917,0.0,753.5769430331288,1.0
3,28,1.998037932194417e-06,0.2487714788120645,0.0839820273779031,-2.3145178924850547,7850.315599438471,0.9497482537515534,0.9693494545453593,238108433.99846622,4965535.273471143,476237.62209747045,706127.5183189866,2.8780922962411233,0.0,796.8914781292341,1.0
3,29,1.998037932194417e-06,0.2487714788120645,0.0839820273779031,-2.2538495623013652,7830.111602798638,1.012090538525394,1.0138314932464976,224471165.1741132,4800963.493105302,453606.3485467185,672572.932412922,2.9586157399628146,0.0,773.03279321865,1.0
3,30,1.998037932194417e-06,0.2487714788120645,0.0839820273779031,-2.9659910232505844,7895.304089524848,0.9635972366891307,0.9862115362621273,172868816.9818353,2904061.4596854285,753007.1711170058,1114192.47742186,2.8374847286000686,0.0,505.7249765108116,1.0
3,31,1.998037932194417e-06,0.2487714788120645,0.0839820273779031,-1.9505732987083704,7753.803980928464,0.9935493439500384,0.9732551716015441,226110842.383031,5155463.579318784,468807.18717360904,695035.5117415837,2.989757165361629,0.0,820.5875068387737,1.0
3,32,1.998037932194417e-06,0.2487714788120645,0.0839820273779031,-2.1461168279116976,7776.182058840105,0.9397451787217413,0.9418961684981597,217163560.08939308,4451668.102317613,494730.02374501916,731874.4950843347,3.0325160225050136,0.0,725.2173349689339,1.0
3,33,1.998037932194417e-06,0.2487714788120645,0.0839820273779031,-2.2996147446176667,7843.47415189168,0.9529921308003139,0.993805308342789,237338023.64285985,4966143.501641347,470766.8654011099,698015.7867581483,2.8271981735032723,0.0,799.0299857713768,1.0
3,34,1.998037932194417e-06,0.2487714788120645,0.0839820273779031,-1.7625579451109459,7841.675274194279,1.1019875451287147,1.012489149245176,288695262.4367982,3022136.701066874,471574.541955777,699076.9017470627,3.0923661726745637,0.0,6480.190527748738,1.0
3,35,1.998037932194417e-06,0.2487714788120645,0.0839820273779031,-1.5777746510366595,7926.487652182961,1.0424028037014679,0.9846332111385263,331014549.41748846,4835651.339032617,524920.3958693146,777148.3222089919,3.1355249131734975,0.0,11749.984306042576,1.0
3,36,1.998037932194417e-06,0.2487714788120645,0.0839820273779031,-1.878402241141195,7800.196907283895,0.9502303794371569,1.0475631664294522,304454422.4921807,3934863.8835394504,525191.0316867812,777705.5703342464,2.8072759315458278,0.0,5130.841695066037,1.0
3,37,1.998037932194417e-06,0.2487714788120645,0.0839820273779031,-2.1956360787364346,7862.084937906572,0.9769181861809754,1.0860433039139807,288199984.2454555,8331884.768817327,527896.4087121525,782073.9811100016,2.7132867531340303,0.0,1260.2008175774045,1.0
3,38,1.998037932194417e-06,0.2487714788120645,0.0839820273779031,-2.0165113773291696,7848.126568939709,0.9372292408259192,0.8897751241981154,305810921.8737079,2210521.8296223762,531131.6649267025,786449.2086935681,3.1155626215259162,0.0,5477.155908898128,1.0
3,39,1.998037932194417e-06,0.2487714788120645,0.0839820273779031,-2.189397054391543,7816.963985363969,0.960648590010714,0.9688258371753544,235578713.62127662,5065852.713206736,476089.44165637536,705879.743958995,2.9049468263239198,0.0,809.9678310357856,1.0
3,40,1.998037932194417e-06,0.2487714788120645,0.0839820273779031,-2.0743547467284165,7790.561583257173,0.9056042996589508,0.9572792002392043,251548907.73503447,5547751.21655997,499840.6096538074,741009.309521879,2.7441449482627687,0.0,880.2909746948737,1.0
3,41,1.998037932194417e-06,0.2487714788120645,0.0839820273779031,-2.5509112348201874,7769.7013157677175,0.9949870384258478,1.0047621472874544,163784947.75492728,2999492.5912257503,711161.5419423584,1052761.9343043307,2.7654482392352144,0.0,518.332106190045,1.0
3,42,1.998037932194417e-06,0.2487714788120645,0.0839820273779031,-1.6999817244460993,7767.34052494243,0.9426242188787187,1.006703922501344,311597785.3211489,1785188.005639651,463913.7978930075,687423.0070032914,2.830139368298922,0.0,5888.643895688241,1.0
3,43,1.998037932194417e-06,0.2487714788120645,0.0839820273779031,-1.9738378310070233,7886.814959723431,1.0832920094996825,1.025055366821081,286448919.0490157,2244040.511880656,440930.1730494531,653668.2985009499,3.1177860282524383,0.0,6314.074994556006,1.0
3,44,1.998037932194417e-06,0.2487714788120645,0.0839820273779031,-2.6694753154038393,7824.936032321859,1.1076964556245472,1.0445261253311104,158997460.14055637,2982034.2237346177,676134.3659106407,1000696.3734335048,2.964490975525307,0.0,512.3109584624519,1.0
3,45,1.998037932194417e-06,0.2487714788120645,0.0839820273779031,-2.7667988336218015,7850.699927222037,0.9957711569231573,1.0147549336505548,172313930.33763418,3048970.8606868456,703667.2921744372,1041315.3359232484,2.86961183014027,0.0,526.805197861512,1.0
3,46,1.998037932194417e-06,0.2487714788120645,0.0839820273779031,-2.071115164273384,7778.763093474203,1.0198778309543512,0.9652999420951942,216657580.02684054,4774883.89009235,454987.11517187144,674560.8038587176,3.117996489497405,0.0,765.2468914873799,1.0
3,47,1.998037932194417e-06,0.2487714788120645,0.0839820273779031,-1.6294656984956815,7787.083832368414,0.9883237734986284,1.0086788514451404,315964385.62474126,3772554.5759224365,499487.00199434184,740311.4767827825,2.8249727569365612,0.0,6483.458411401557,1.0
3,48,1.998037932194417e-06,0.2487714788120645,0.0839820273779031,-2.5749895668762868,7908.095685270786,1.001343233640083,1.0374385969595965,221014971.94229555,4345462.27264254,530685.9373751099,784499.3490373357,2.9422220212452066,0.0,712.4450673730536,1.0
3,49,1.998037932194417e-06,0.2487714788120645,0.0839820273779031,-1.931873073046635,7766.388068092857,1.0016825679676022,1.0456326674544612,245453592.37220567,6009249.899693037,490269.3779821384,726699.2258101873,2.7701765669558256,0.0,942.4741880264294,1.0
3,50,1.998037932194417e-06,0.2487714788120645,0.0839820273779031,-1.7821797131472257,7883.723911986957,1.0441880085826776,0.9816099908419196,313331820.1325264,4135193.7000502227,518968.8932349388,769107.452301933,2.9684723063567064,0.0,6840.50015517506,1.0
3,51,1.998037932194417e-06,0.2487714788120645,0.0839820273779031,-1.7683059090310707,7774.258004915355,0.986013620444193,0.9701982199135574,298176790.0848995,3709534.661127654,505079.98783936887,747917.464234653,3.0329795333731475,0.0,5149.0482784937885,1.0
3,52,1.998037932194417e-06,0.2487714788120645,0.0839820273779031,-1.2967598326873142,7835.808505301817,0.9541533461067393,1.0185790053453925,355069823.34259236,3552703.091073581,482807.0860359205,715720.6723645482,2.739002283205409,0.0,12250.94362872379,1.0
3,53,1.998037932194417e-06,0.2487714788120645,0.0839820273779031,-2.0131931214123826,7867.134850608574,0.9893877704571429,1.0210930114384384,302057875.4524088,1743445.7326888475,470028.3658253548,695713.5136081649,2.9446624514204305,0.0,6004.143608554779,1.0
3,54,1.998037932194417e-06,0.2487714788120645,0.0839820273779031,-1.3251040185425387,7845.295280005461,1.03740897612246,0.971986107553306,329515065.2063911,3679146.448880741,455017.22717049037,674513.1903373831,3.135858277231194,0.0,12065.17776314072,1.0
3,55,1.998037932194417e-06,0.2487714788120645,0.0839820273779031,-2.191115694077897,7857.234136496171,1.0390715163152193,0.972467250767842,254085315.88710302,6356916.687598207,518629.0166766743,768643.1295902363,2.970875863332428,0.0,978.4864815476885,1.0
3,56,1.998037932194417e-06,0.2487714788120645,0.0839820273779031,-2.0437236149083886,7807.918490091763,0.9383666464295906,0.9769010703536507,272018193.5072664,6837291.054949289,530073.1218348738,785521.7318618604,2.793504208626026,0.0,1053.5295295734693,1.0
3,57,1.998037932194417e-06,0.2487714788120645,0.0839820273779031,-1.8115257972906624,7897.10739451146,0.9857692364423605,1.0434531759038876,339971574.2598705,5371185.896782465,530056.635202144,785317.4353247252,2.7920212681552194,0.0,7076.699699336888,1.0
3,58,1.998037932194417e-06,0.2487714788120645,0.0839820273779031,-1.8390042090868737,7761.982960876387,0.9781457543071991,0.9236024658140418,263751583.395571,7167477.676350953,532809.2614708714,789580.0588121894,2.975482732283405,0.0,1090.2975248435316,1.0
3,59,1.998037932194417e-06,0.2487714788120645,0.0839820273779031,-2.6311804706098902,7823.039530006777,1.0084712131520992,1.005920617620509,172781252.4599962,3154305.9802922867,676990.5232331933,1001918.1073651928,2.925437329715761,0.0,540.7775871597883,1.0
3,60,1.998037932194417e-06,0.2487714788120645,0.0839820273779031,-1.7079160777366815,7762.374976433878,1.0392908566743033,0.8817810634519546,287856727.17891216,3773522.7959387847,497337.710324613,736671.4492283912,3.341591652578927,0.0,5121.928201570143,1.0
3,61,1.998037932194417e-06,0.2487714788120645,0.0839820273779031,-2.497797131081131,7828.740305193196,1.0341997259513211,0.9743316467950401,182693975.83591604,3492259.399817463,607379.0470844632,898735.4132595838,3.1560145860040394,0.0,585.6298403494836,1.0
3,62,1.998037932194417e-06,0.2487714788120645,0.0839820273779031,-2.0631280863516928,7879.2179167615795,1.07531932730833,1.0118505076152178,284946369.1419887,1591168.8375163276,495956.6960651079,734227.4747614044,3.151393294842185,0.0,5781.410687236869,1.0
3,63,1.998037932194417e-06,0.2487714788120645,0.0839820273779031,-1.865831889893467,7842.4304209768425,0.9470403311881846,1.0257209124734357,319399977.55137926,2840469.375437517,475945.28518110473,705562.718615799,2.720951968197753,0.0,6365.020814504409,1.0
3,64,1.998037932194417e-06,0.2487714788120645,0.0839820273779031,-1.5549562774377939,7732.952635013606,1.0497327176484688,0.9105969532084963,286883306.4991674,1617044.8124338856,478269.09176471055,708752.4930944069,3.292010507600459,0.0,5761.897553785621,1.0
3,65,1.998037932194417e-06,0.2487714788120645,0.0839820273779031,-1.7520375241478852,7760.737628551039,1.0859103236910026,0.9818669585317699,279800497.0092881,11405642.095403323,504419.6457304795,747220.8819701134,3.14494701499513,0.0,1660.2910690443784,1.0
3,66,1.998037932194417e-06,0.2487714788120645,0.0839820273779031,-2.170287860737373,7799.6007843827465,1.0741527577974341,0.9921937290236758,205381046.02882466,4464539.47255796,451818.73187795293,668190.3682364705,3.2096834456712457,0.0,720.4509989568757,1.0
3,67,1.998037932194417e-06,0.2487714788120645,0.0839820273779031,-1.825775254073299,7870.480028226078,0.99218618596575,0.9669216657459306,316409550.4350797,3630383.5812553163,511996.3951373536,758889.3874259831,2.896706145829279,0.0,6680.185586099204,1.0
3,68,1.998037932194417e-06,0.2487714788120645,0.0839820273779031,-1.4553229292513077,7827.558249298959,1.0405186967413107,1.003866207648911,336166157.7732628,4522514.335873498,485683.9196879106,719095.2093791489,3.0867160054629323,0.0,11438.954002992905,1.0
3,69,1.998037932194417e-06,0.2487714788120645,0.0839820273779031,-1.459886297537945,7858.813418607618,0.9887947757202828,1.0495541478029968,345214134.0389259,3818939.2237846404,455037.3567912013,673477.3362464547,2.8713163786307794,0.0,11932.071216152804,1.0
3,70,1.998037932194417e-06,0.2487714788120645,0.0839820273779031,-3.043013349415671,7806.84670146786,1.0416837261051446,1.1138469607272057,141043786.62613606,2391967.4478457645,820080.8751120794,1214037.4453998809,3.5526031921377417,0.0,427.77058705465487,1.0
3,71,1.998037932194417e-06,0.2487714788120645,0.0839820273779031,-1.7460704278563164,7892.470019069627,0.9697389628639533,0.9557415723973596,354955788.3198414,8296111.576522682,530434.7326013081,785695.174945351,2.982627502952267,0.0,7506.3055749955665,1.0
3,72,1.998037932194417e-06,0.2487714788120645,0.0839820273779031,-2.6380620810889677,7901.783217335253,0.9314429955882485,0.9913459002560743,219359511.0568704,4053352.0405552117,584057.4260130995,863541.6930187497,2.9391740138747275,0.0,673.9743769430601,1.0
3,73,1.998037932194417e-06,0.2487714788120645,0.0839820273779031,-1.0993108955055801,7763.9163663251165,1.1054260870860992,1.0605379098864645,324072641.583484,3462525.5189643567,462869.70866588247,686114.3517173197,2.9952003313308095,0.0,11940.512493048218,1.0
3,74,1.998037932194417e-06,0.2487714788120645,0.0839820273779031,-1.997774640466652,7851.409863458899,0.9443792210886048,1.0588957227712414,311602894.95688194,1587977.2990247905,484489.1820272806,717208.5607418028,2.771642424335387,0.0,5880.355285215671,1.0
3,75,1.998037932194417e-06,0.2487714788120645,0.0839820273779031,-1.6028062997678898,7785.237850805543,1.0100923176621088,0.9935821573081379,312032564.1167203,3912280.1904468653,503055.9716463236,745586.5175535416,2.897231368501031,0.0,6515.883907890073,1.0
3,76,1.998037932194417e-06,0.2487714788120645,0.0839820273779031,-1.1150934112895943,7825.149567184265,1.0033698412611807,1.061651130076148,352320281.11650383,3679425.506146192,500030.3283350952,741062.314089951,2.760081736858716,0.0,12431.159055559405,1.0
3,77,1.998037932194417e-06,0.2487714788120645,0.0839820273779031,-2.3876486593002886,7763.542451047776,0.9620011169776682,1.05408705530583,182230011.17888075,3444919.703355646,644501.3177155016,953956.2594770672,2.7816509435410577,0.0,589.3671827448978,1.0
3,78,1.998037932194417e-06,0.2487714788120645,0.0839820273779031,-1.394698411019384,7786.514557004745,1.0282973945708616,0.9649439351142964,339855506.1109237,5100768.268502291,484116.1424210492,716933.2452759539,3.1325712656559976,0.0,11123.235800375169,1.0
3,79,1.998037932194417e-06,0.2487714788120645,0.0839820273779031,-3.1417442232676915,7785.911101469026,0.9489875031124458,1.0396016508620562,140359395.68909472,2244392.189048015,893548.0542276338,1322974.447454112,4.084886102872709,0.0,403.09085586771215,1.0
3,80,1.998037932194417e-06,0.2487714788120645,0.0839820273779031,-1.571428578600306,7766.585323330922,0.9484421117165985,0.9975659590061194,326063801.723845,4106786.5134113147,509282.13404956536,754772.1408240766,2.7759166898536756,0.0,6495.007608873676,1.0
3,81,1.998037932194417e-06,0.2487714788120645,0.0839820273779031,-2.084416330348213,7844.292656446502,1.0339403040378643,1.0699361365756377,291266094.2260407,10710836.86057161,508234.8093187702,752798.3804663931,2.8927682965622497,0.0,1576.285212353736,1.0
3,82,1.998037932194417e-06,0.2487714788120645,0.0839820273779031,-2.103232197213483,7781.968021331733,0.9849070888996926,0.9640769361392665,220260297.65765798,4737267.434816836,454995.86404573754,674577.1787813597,3.044408924795953,0.0,762.7502654515238,1.0
3,83,1.998037932194417e-06,0.2487714788120645,0.0839820273779031,-2.2778579215364014,7706.178655697216,1.0363810156782054,1.0655871682314395,160555876.76712885,3161931.6241604774,673349.3798805889,996921.8601082844,2.7294821519458377,0.0,543.1158075283677,1.0
3,84,1.998037932194417e-06,0.2487714788120645,0.0839820273779031,-2.0121009110246275,7782.894721506419,0.9714616241902406,0.8994157743904571,237115701.05614465,5423803.06012098,499215.0965361873,740097.9575384518,3.083272098280263,0.0,851.9437798581721,1.0
3,85,1.998037932194417e-06,0.2487714788120645,0.0839820273779031,-0.8682189545924461,7868.30360407338,1.019767257264229,1.1221158373502251,363442214.98081756,4224867.907592744,515505.1964221066,763738.9442986288,2.730158515794616,0.0,12910.873004703097,1.0
3,86,1.998037932194417e-06,0.2487714788120645,0.0839820273779031,-1.9617142663951137,7849.393311056452,1.0021239480096253,0.9710948273820412,297321121.8176016,1660588.4501856337,477118.97049248987,706319.667739468,3.0827544361865735,0.0,5923.972445753511,1.0
3,87,1.998037932194417e-06,0.2487714788120645,0.0839820273779031,-2.690373354731156,7927.518289070756,1.0049839972812769,1.0015723670035377,209551192.70298788,3942553.5427657845,578122.8680291972,854741.3891597731,3.1001942587032465,0.0,652.8310210326639,1.0
3,88,1.998037932194417e-06,0.2487714788120645,0.0839820273779031,-1.3763783137254222,7781.329642985862,1.1324018939481761,1.0063688833949638,325074722.1628559,11926626.610238656,476945.81851383747,706413.572406208,3.227737772737933,0.0,9909.07668035048,1.0
3,89,1.998037932194417e-06,0.2487714788120645,0.0839820273779031,-1.980676395786333,7827.374931244155,1.0479910019710545,1.0021273216078501,296171092.69287944,15384782.466907542,480601.89796187484,711931.6687577834,3.0652260467764587,0.0,3441.781594172523,1.0
3,90,1.998037932194417e-06,0.2487714788120645,0.0839820273779031,-3.236887148376532,7893.418247350996,1.0593651410114713,1.0119484215866221,143599929.48756874,2363903.5085432287,837365.2966960169,1239345.2819601053,3.4000977624120385,0.0,419.42204438580126,1.0
3,91,1.998037932194417e-06,0.2487714788120645,0.0839820273779031,-3.025682897495079,7808.9994363867,1.0251124396164797,0.9510545816880872,140169826.70138794,2353775.854396735,840698.4498525237,1244631.3481289644,3.771368568399111,0.0,414.9153548570209,1.0
3,92,1.998037932194417e-06,0.2487714788120645,0.0839820273779031,-1.9346266102368186,7838.764687030089,1.080938816537197,0.9145972091858808,281791796.8223485,1614996.069995895,491053.5469395449,727101.7354356225,3.3724826730234665,0.0,5697.807461461228,1.0
3,93,1.998037932194417e-06,0.2487714788120645,0.0839820273779031,-1.9493677945623138,7788.102275887545,1.0321788625609654,0.9454668886325669,249091472.8416987,6455719.275969571,516720.6102987607,765835.6239743703,3.0307187069863044,0.0,991.131148696441,1.0
3,94,1.998037932194417e-06,0.2487714788120645,0.0839820273779031,-2.8311997154665427,7794.2461783561275,1.0434410392375786,0.9474622912573896,145167453.30874312,2546580.80187552,787597.3749251453,1165996.7070967334,3.3417125046358898,0.0,444.2511045039242,1.0
3,95,1.998037932194417e-06,0.2487714788120645,0.0839820273779031,-2.8427834576895843,7863.559313131007,0.9808760147167943,0.9731889614225664,170324686.16532272,2941787.6783157964,732026.2647515006,1083299.9159723786,2.87937649925293,0.0,509.22617081797006,1.0
3,96,1.998037932194417e-06,0.2487714788120645,0.0839820273779031,-1.6827363290630808,7876.033793611497,1.0057153399631928,0.9370843836769616,348742897.4463643,9089500.67710837,519728.2751359393,769836.085484599,3.0989711878763297,0.0,7578.8079885670195,1.0
3,97,1.998037932194417e-06,0.2487714788120645,0.0839820273779031,-2.0618159001630323,7846.816858053971,1.0201445422520672,0.9841024254364231,302914333.8050128,17822903.562203523,486709.8188671653,721017.3000091836,3.0380359631217777,0.0,2547.563595770625,1.0
3,98,1.998037932194417e-06,0.2487714788120645,0.0839820273779031,-1.71331588945373,7787.783073411422,1.0005919426007184,0.9016885880373292,296783369.808316,2316676.8759854846,478934.2799616675,709929.1159604136,3.2048999889723606,0.0,6103.532354554155,1.0
3,99,1.998037932194417e-06,0.2487714788120645,0.0839820273779031,-2.1222356267993465,7838.09883319111,0.9654469714296714,1.017761247515817,280267302.6860457,7564660.667725383,531434.8711628036,787410.5861099473,2.791689958431646,0.0,1152.3216406911906,1.0
3,100,1.998037932194417e-06,0.2487714788120645,0.0839820273779031,-2.1744742479359074,7804.851413618698,1.080003848745183,0.9852415321474275,206464422.39216113,4511892.770213653,443880.4991665879,656369.0056927784,3.2329722711945332,0.0,725.9495747930091,1.0
3,101,1.998037932194417e-06,0.2487714788120645,0.0839820273779031,-1.3707609805267733,7821.267157277273,1.0123268921197712,1.078831436536178,342700313.57944584,3639542.302180994,442182.4544157215,655392.0317070822,2.8317958818033135,0.0,11877.901485070428,1.0
3,102,1.998037932194417e-06,0.2487714788120645,0.0839820273779031,-2.0504053742583768,7813.211179135594,1.0476236931420688,1.0724248317810445,254819500.88694844,6632972.3348387815,502770.39480804594,745068.0203107557,2.8238771659391615,0.0,1024.5322729180039,1.0
3,103,1.998037932194417e-06,0.2487714788120645,0.0839820273779031,-1.441069224991884,7843.266370345012,0.9730888319055445,0.9932048148717043,346975572.58008516,3757280.858822051,456451.30260923674,676344.7014639004,2.949457511009855,0.0,11888.348921772342,1.0
3,104,1.998037932194417e-06,0.2487714788120645,0.0839820273779031,-2.0698129680508566,7852.116441588325,0.9982243596935232,0.9093127687182149,303595023.3157648,16961894.344851553,502066.9802545471,743803.6680414785,3.1606830173772136,0.0,3216.431621304059,1.0
3,105,1.998037932194417e-06,0.2487714788120645,0.0839820273779031,-1.881092524882101,7886.106695660466,0.9679518693021592,0.957631539917271,320286906.15306675,3503151.2238339293,513689.22487239,761427.5760077896,2.8630254006942737,0.0,6687.3611347905435,1.0
3,106,1.998037932194417e-06,0.2487714788120645,0.0839820273779031,-1.7094421096550407,7820.101709753748,0.9363017224663034,0.9358886776678735,330415425.2081678,4146565.184250943,528286.0682032371,782947.4779509146,2.85736894183598,0.0,6635.180832815071,1.0
3,107,1.998037932194417e-06,0.2487714788120645,0.0839820273779031,-2.131679426397234,7870.016248430166,1.022659735267484,1.0461220732376975,292592361.9504869,12741249.212797778,525598.5519948143,778378.0475662265,2.9372387454844806,0.0,3819.0821456592716,1.0
3,108,1.998037932194417e-06,0.2487714788120645,0.0839820273779031,-1.9043780497085685,7850.369039780971,0.9145632375851622,1.085146097692236,331797107.4246187,2950462.9110065917,474482.9392942781,703367.2714850854,2.540671839041552,0.0,6397.448873518318,1.0
3,109,1.998037932194417e-06,0.2487714788120645,0.0839820273779031,-1.9138119630014219,7781.774856916562,1.0087139490787558,1.0585448608737393,269626959.36188966,7593087.320054222,513943.51909086737,761492.4806306214,2.8110545863332126,0.0,1157.0177621054177,1.0
3,110,1.998037932194417e-06,0.2487714788120645,0.0839820273779031,-2.167781959819685,7823.597580022433,0.9791549744618379,1.0146198071702572,245404831.1381912,5550965.699481416,490504.67676443665,727139.7958293546,2.7766880460030463,0.0,878.6013448862849,1.0
3,111,1.998037932194417e-06,0.2487714788120645,0.0839820273779031,-1.9227159615743752,7855.877067783676,1.0400596387718108,0.9754284729749548,291837503.33300847,2113432.2193102227,452776.3162341629,671125.6209297911,3.1415820768254616,0.0,6171.991588250836,1.0
3,112,1.998037932194417e-06,0.2487714788120645,0.0839820273779031,-1.513381606332028,7867.40452127676,1.03794996376025,1.0012309738930334,334658800.06831145,4519975.057159602,498792.0177998197,738460.1079915139,3.0950064211325783,0.0,11606.276468967593,1.0
3,113,1.998037932194417e-06,0.2487714788120645,0.0839820273779031,-1.2636465434056265,7890.976089291607,1.0046865025606369,0.9964555230131922,335173293.78844845,3715499.739029527,463551.56303264544,687281.862995652,2.9612914657116365,0.0,12439.462365550782,1.0
3,114,1.998037932194417e-06,0.2487714788120645,0.0839820273779031,-1.426741714190923,7764.923060271222,1.0110629861851193,0.9659300581668417,346687035.79821056,9467058.402324626,508127.1208364063,752695.4147738003,3.0450520003234725,0.0,7345.2372673609125,1.0
3,115,1.998037932194417e-06,0.2487714788120645,0.0839820273779031,-2.1392488366547986,7819.759473022502,1.0489360033110717,0.9496496358005131,227119051.83700535,5189368.52003081,480079.13547566306,711752.4423820893,3.1532714689379486,0.0,817.8298390277575,1.0
3,116,1.998037932194417e-06,0.2487714788120645,0.0839820273779031,-2.2429229087604363,7815.215429090275,1.0638401718728774,0.9778153066415393,204229692.48791692,4328084.157001269,471557.87198165216,697369.2342368754,3.237084072027901,0.0,701.0165901877707,1.0
3,117,1.998037932194417e-06,0.2487714788120645,0.0839820273779031,-1.8393725300702144,7823.364238193927,0.9753763274832736,1.025454863503549,308533124.05527544,2345353.1708212644,457864.2108541955,678728.1649610479,2.8394370182132853,0.0,6174.695903296488,1.0
3,118,1.998037932194417e-06,0.2487714788120645,0.0839820273779031,-2.717617483877766,7889.314944379731,1.0244176128754157,0.975821619615492,184246279.61414185,3362207.845367578,638801.3087399642,944965.2516629589,3.1482821908766003,0.0,567.5908737691192,1.0
3,119,1.998037932194417e-06,0.2487714788120645,0.0839820273779031,-1.8041707047982212,7910.467571239206,1.0072294542035403,0.9977834484551918,334358486.41640395,5385764.458666047,534882.0256584088,792471.2686452057,2.90928909905237,0.0,7125.828654173617,1.0
3,120,1.998037932194417e-06,0.2487714788120645,0.0839820273779031,-2.283232315049954,7884.286578171554,0.9898598662805669,1.0314051457487925,274600459.6772766,7093192.452762654,528856.9183471742,783638.0546311205,2.79273152475339,0.0,1086.835213559595,1.0
3,121,1.998037932194417e-06,0.2487714788120645,0.0839820273779031,-2.203710216434912,7932.776744830635,1.0208928285693597,0.9439177741154602,292088802.0211383,1624108.4972646218,508782.8777289408,753094.8227436396,3.2064415273545994,0.0,5983.316798991787,1.0
3,122,1.998037932194417e-06,0.2487714788120645,0.0839820273779031,-2.2968987070534332,7799.016110458755,1.0051231986732887,0.9973590215765862,199240758.9113896,3996048.588703937,538608.6472921113,796872.799099231,3.0857614568420164,0.0,660.7887903275504,1.0
3,123,1.998037932194417e-06,0.2487714788120645,0.0839820273779031,-1.4212034743285464,7777.006706100409,0.9685004097633041,1.032540190948964,354317307.85551107,6079776.431050891,495980.1947887638,734421.746653503,2.869722320520476,0.0,10880.433574141383,1.0
3,124,1.998037932194417e-06,0.2487714788120645,0.0839820273779031,-1.5010536990567924,7791.609505943985,0.9441003855374003,0.9830987752527167,364329462.53029895,13492582.147178598,495929.3658205744,734481.8387447692,2.8987344547644587,0.0,9678.672374298993,1.0
3,125,1.998037932194417e-06,0.2487714788120645,0.0839820273779031,-2.116014705954174,7880.025268258953,0.966935306922866,1.0057008482277028,302570455.52654344,2032340.7758191093,529487.4872053699,783978.3607104762,2.933089381157256,0.0,5559.42516498868,1.0
3,126,1.998037932194417e-06,0.2487714788120645,0.0839820273779031,-1.6967848313096985,7860.552990151628,0.9153515577838307,0.9534240614714867,377034013.52559596,13613366.620020859,498503.77072220866,738436.872388404,2.8816408390570594,0.0,8192.339847684809,1.0
3,127,1.998037932194417e-06,0.2487714788120645,0.0839820273779031,-2.036201652413568,7731.486846417975,0.9978903423273464,0.973925470809375,197200653.15426916,4159120.7068822104,530314.719034752,784869.9538956815,3.1010475186441533,0.0,682.7940508311601,1.0
3,128,1.998037932194417e-06,0.2487714788120645,0.0839820273779031,-1.623953465537285,7793.968624380539,0.9118274163898773,0.9771762869015546,346214337.9012324,5111540.773818917,532118.3543059739,788445.7189247488,2.7732404436962534,0.0,6739.964753877768,1.0
3,129,1.998037932194417e-06,0.2487714788120645,0.0839820273779031,-2.3980128461632186,7757.243689220422,0.9724630914767259,0.9903870238726281,174604782.0172517,3283371.5685283537,669171.4413982545,990566.5027395166,2.859014628923609,0.0,560.6629304091218,1.0
3,130,1.998037932194417e-06,0.2487714788120645,0.0839820273779031,-1.636204949547681,7809.673396999904,1.0000184045718894,1.010712848293726,324800837.41858006,4679181.349036166,516972.9807329841,766063.2672166103,2.8615856541444784,0.0,6722.1213485172775,1.0
3,131,1.998037932194417e-06,0.2487714788120645,0.0839820273779031,-1.8429269285436036,7796.691148948162,1.0037774150658527,1.0926394723362618,298131367.1936321,2451922.1606339836,497883.8409731904,737208.6783644108,2.8389270090737266,0.0,5405.161565919844,1.0
3,132,1.998037932194417e-06,0.2487714788120645,0.0839820273779031,-0.7599128936037476,7853.682974451631,1.0443646515738845,0.9644038655641202,353313478.36373425,4233840.560581528,531369.2925940173,787283.5565213455,3.0440770897558256,0.0,12834.90005601611,1.0
3,133,1.998037932194417e-06,0.2487714788120645,0.0839820273779031,-2.163723332816627,7774.626990282483,1.0277412715369838,0.9662230931792022,198497962.58076906,4146875.956735443,511619.33585578424,757009.0770662596,3.194261484445001,0.0,677.9358094102437,1.0
3,134,1.998037932194417e-06,0.2487714788120645,0.0839820273779031,-1.9863124030602461,7848.966277168204,0.9580172319049888,0.9781160695065273,305651098.08200365,1565319.303012602,493828.1383063827,731075.3113546659,2.971080248842836,0.0,5829.189489933833,1.0
3,135,1.998037932194417e-06,0.2487714788120645,0.0839820273779031,-1.6739317724477059,7884.536816817145,0.8878688092742492,1.0821538841965948,369498645.30039036,5007315.783060671,534442.7259186086,791315.4590058915,2.623921971672114,0.0,11495.696856412553,1.0
3,136,1.998037932194417e-06,0.2487714788120645,0.0839820273779031,-2.0672852647584183,7856.06442128576,0.989601018815347,0.9525490828489618,294136999.7657235,6489424.176167954,549522.4477677558,813789.7462352058,3.0487267776494402,0.0,4724.098559871393,1.0
3,137,1.998037932194417e-06,0.2487714788120645,0.0839820273779031,-2.056542464242068,7871.0685143298615,1.0613892601905022,0.9545728675415307,285945571.3763486,1870967.0036179977,509757.965208902,754740.9143015239,3.2348909145178677,0.0,5599.740784263052,1.0
3,138,1.998037932194417e-06,0.2487714788120645,0.0839820273779031,-1.7949745556320247,7852.870657328519,0.9995983426569676,0.9681848808837621,312478723.87653327,3499068.5235744296,504816.97480935755,748277.9052298138,2.9203322622316534,0.0,6601.409936852277,1.0
3,139,1.998037932194417e-06,0.2487714788120645,0.0839820273779031,-2.141216861713595,7890.681094572391,0.8939896484342366,0.989004380111546,318650930.8988174,1561262.4366074267,520968.8569526481,771259.4631777814,2.8126638358431797,0.0,5818.596608281902,1.0
3,140,1.998037932194417e-06,0.2487714788120645,0.0839820273779031,-1.828485279470828,7807.073867308361,1.0675118523168825,0.9590691152552169,285251766.2638008,1557825.074689173,475611.0017754348,704302.3322995148,3.238435300169244,0.0,5740.590955372315,1.0
3,141,1.998037932194417e-06,0.2487714788120645,0.0839820273779031,-1.6514005471736108,7779.663297786228,0.9593391499793937,0.994304013077974,316176440.50963604,3253465.0200416395,490094.4426396121,726460.7796273098,2.807008866968305,0.0,6337.654340530037,1.0
3,142,1.998037932194417e-06,0.2487714788120645,0.0839820273779031,-1.6059920416765923,7743.676932452181,0.9516090547743058,0.9460043485170192,307313505.8958155,1842619.3678026649,477065.7479449049,707019.9279789613,2.9768174857156784,0.0,5876.311141206101,1.0
3,143,1.998037932194417e-06,0.2487714788120645,0.0839820273779031,-1.84629624461274,7805.324363010767,0.9872590625961518,1.0069833447250494,300805337.6968474,1554427.4838049891,482875.70190531615,714933.177339905,2.9647380142532436,0.0,5717.3611366991645,1.0
3,144,1.998037932194417e-06,0.2487714788120645,0.0839820273779031,-1.2804567376615694,7704.042382903602,0.9812275687683719,0.9980673172115639,335251633.9911513,6814790.564688433,515919.3958423721,764321.7515321407,2.898475347655985,0.0,6817.160752163924,1.0
3,145,1.998037932194417e-06,0.2487714788120645,0.0839820273779031,-2.2190705826547,7866.6045216658085,1.0054846620611817,1.0104485231040927,268997052.1009755,6966195.423121874,526375.8937648055,779989.545623562,2.8568897084208777,0.0,1066.847749034613,1.0
3,146,1.998037932194417e-06,0.2487714788120645,0.0839820273779031,-2.654743581373885,7919.220870680187,0.9334949799221073,0.9990317579103257,226616648.69131175,4235935.6677739695,571710.4422235711,845207.6268387055,2.8909668245067324,0.0,699.9093382887031,1.0
3,147,1.998037932194417e-06,0.2487714788120645,0.0839820273779031,-2.528004328980216,7836.188485388978,0.9415250346032111,0.9050744054912924,194057727.21957988,3550415.8330660504,628676.6487501492,930212.7895587741,3.127162438026939,0.0,595.0227020657537,1.0
3,148,1.998037932194417e-06,0.2487714788120645,0.0839820273779031,-2.417180199781191,7808.497707108207,1.072215900711087,0.9610023596113537,177019269.79993397,3480643.5614129766,597678.2448266097,884480.5302041274,3.2411364432128558,0.0,580.8059129747586,1.0
3,149,1.998037932194417e-06,0.2487714788120645,0.0839820273779031,-1.2604225726480296,7810.360201215036,0.9937353840723206,0.9836543549174814,342975872.98026025,3518741.79920252,477034.75731652445,707173.2976267204,2.9359713581750295,0.0,12082.130983071485,1.0
3,150,1.998037932194417e-06,0.2487714788120645,0.0839820273779031,-2.661442274579394,7831.81589072084,0.9591537822243525,0.979810938769665,179330869.87237617,3192923.3952710293,688256.686759184,1018545.7111093781,2.8998603991751715,0.0,547.8937555038966,1.0
3,151,1.998037932194417e-06,0.2487714788120645,0.0839820273779031,-2.047223591614976,7723.974811779638,1.0093521992632881,0.9505890687919349,188866190.98980594,3952559.304528726,558005.4912576721,825943.5913659659,3.158073771504055,0.0,651.2184791318085,1.0
3,152,1.998037932194417e-06,0.2487714788120645,0.0839820273779031,-2.031600670416589,7820.2544155441565,1.0228529580231571,0.9221829396270049,263595397.11608955,7215081.0965232095,535001.2115098006,792798.4884214496,3.0629301515329006,0.0,1091.9263196345926,1.0
3,153,1.998037932194417e-06,0.2487714788120645,0.0839820273779031,-2.2111698268531157,7864.13994230302,0.9772116517856861,0.8981073147386089,265188210.09688175,6550463.088838845,541146.3726064226,802002.0658126883,3.0051314208246747,0.0,1002.8565347728389,1.0
3,154,1.998037932194417e-06,0.2487714788120645,0.0839820273779031,-1.971041718956431,7792.794893797537,1.0255653047428643,1.0262040881173473,256892135.07099006,6765905.5282939635,510828.30709843757,757012.43077453,2.864011585572129,0.0,1040.6961763656877,1.0
3,155,1.998037932194417e-06,0.2487714788120645,0.0839820273779031,-1.7876119214263892,7838.357660746322,0.9637690079362222,0.9314234110691838,315938391.9337476,3351028.151043329,507391.03172015253,752130.3635309633,2.940026336527897,0.0,6515.09735808846,1.0
3,156,1.998037932194417e-06,0.2487714788120645,0.0839820273779031,-1.274770735134886,7784.719794201493,1.0317710253472918,1.0220604183732984,336753348.0557939,3528608.9501608033,456578.7263107673,676777.021139523,2.976487495343318,0.0,11797.512284050328,1.0
3,157,1.998037932194417e-06,0.2487714788120645,0.0839820273779031,-1.4596794173998064,7903.528319852051,1.0571433540540476,0.9933165656091242,325598202.16853327,4112294.5077279937,486440.40992260934,719970.105402298,3.171134889132743,0.0,12025.688304664161,1.0
3,158,1.998037932194417e-06,0.2487714788120645,0.0839820273779031,-1.620214651812061,7834.868462322946,1.015808057618635,0.938179949974555,336144850.5929251,6637337.676535756,533220.7739346457,789942.8892516287,3.0735032141133294,0.0,7106.630478599015,1.0
3,159,1.998037932194417e-06,0.2487714788120645,0.0839820273779031,-2.0494881290320874,7801.536463302396,1.0623071072145605,1.0167672933574632,234355920.391881,5664279.344932969,484766.54358750733,718601.6464957068,2.95984154177993,0.0,887.4146059752132,1.0
3,160,1.998037932194417e-06,0.2487714788120645,0.0839820273779031,-2.2587842122182584,7839.9922487758895,1.026442304155879,0.9472852095419814,222358556.59822172,4781339.455490198,464524.9768601877,688761.7012702985,3.1645887181187433,0.0,763.3104260868066,1.0
3,161,1.998037932194417e-06,0.2487714788120645,0.0839820273779031,-1.6078739382105716,7835.632474203051,1.055884835606324,1.007956523330975,331275791.14000505,6735376.838599584,517705.99477865547,766917.8964475074,3.0206226634028965,0.0,7129.390975957196,1.0
3,162,1.998037932194417e-06,0.2487714788120645,0.0839820273779031,-2.2138690148814346,7821.9113628627065,0.9837188134174778,0.9675462475154725,228922974.46390966,4897539.403246347,467049.2097572274,692495.5596655533,2.992723304194117,0.0,784.7040676126768,1.0
3,163,1.998037932194417e-06,0.2487714788120645,0.0839820273779031,-1.8797935911239616,7845.154642679927,1.0353446931426482,0.9626520842016884,292818387.6006001,2247791.8651255826,458327.7495674021,679413.9044651444,3.149856542206379,0.0,6203.862576168652,1.0
3,164,1.998037932194417e-06,0.2487714788120645,0.0839820273779031,-1.5930327799280966,7831.524892949842,1.0007626597611057,1.0150401638703967,359014075.71406126,12759805.415100627,483391.1207004806,716047.1935240257,2.937070923014186,0.0,7995.286952044434,1.0
3,165,1.998037932194417e-06,0.2487714788120645,0.0839820273779031,-2.533582802112968,7857.470284527035,0.8815829037279067,1.0557084154899694,228185045.89988366,4235452.555613777,573343.9890207131,847708.4214139091,2.656679786707264,0.0,710.7327484442173,1.0
3,166,1.998037932194417e-06,0.2487714788120645,0.0839820273779031,-2.485009078659923,7790.360494173255,1.0290673870073317,0.9610759427934934,169857094.68225348,3208265.294038918,660442.0784875735,977550.3487780619,3.0405307375841635,0.0,544.4058741257837,1.0
3,167,1.998037932194417e-06,0.2487714788120645,0.0839820273779031,-1.3917693361851415,7941.981263095888,0.9818095650818589,0.951570462881042,333766630.30971235,3984114.425654086,480082.0241295796,710045.362552278,3.107180403274308,0.0,12464.242178695073,1.0
3,168,1.998037932194417e-06,0.2487714788120645,0.0839820273779031,-1.1943341252459827,7831.110064920631,0.9869714211408956,1.0420777609924399,351025894.7334987,3590672.1198956827,491703.6078412049,728826.2456302014,2.749105113736275,0.0,12352.98013235259,1.0
3,169,1.998037932194417e-06,0.2487714788120645,0.0839820273779031,-1.7474312911910763,7848.358036170991,0.9684219707376802,1.06953144024424,339310507.9142232,4952296.613540533,518571.43919789966,768352.6142506725,2.718035559313418,0.0,6861.552078643648,1.0
3,170,1.998037932194417e-06,0.2487714788120645,0.0839820273779031,-1.6760529713468868,7787.382745587954,1.0494057349176023,0.9993510460328627,293752208.5315917,2706156.0310358754,466523.54757206875,691561.5278431393,3.0423431786841406,0.0,6231.833452945905,1.0
3,171,1.998037932194417e-06,0.2487714788120645,0.0839820273779031,-2.516251919756728,7842.202868470946,1.0091121515209491,0.9808851193033434,190623944.62085092,3618129.132232351,595275.0001550919,880680.8642926107,3.1243753129484837,0.0,605.6357740988228,1.0
3,172,1.998037932194417e-06,0.2487714788120645,0.0839820273779031,-0.8215546159729485,7908.657283137846,1.057722071065386,1.0626184239962704,333165034.47989607,3726429.9884148943,494499.78003985825,732957.9269144624,2.825597805732871,0.0,12795.950936911066,1.0
3,173,1.998037932194417e-06,0.2487714788120645,0.0839820273779031,-1.9969331526135232,7785.576749217971,1.084507368018007,0.9884065557871389,225416892.0805568,5458258.126300297,477846.2887860596,708384.6794224606,3.109214507711266,0.0,855.5872221305557,1.0
3,174,1.998037932194417e-06,0.2487714788120645,0.0839820273779031,-2.1131663777220666,7815.894083092343,0.986626188900143,0.9789094281116707,246734549.6906063,5740527.820428444,501387.8902290158,743235.3695143593,2.865111883836576,0.0,900.531598052714,1.0
3,175,1.998037932194417e-06,0.2487714788120645,0.0839820273779031,-2.726063068276459,7789.32355925417,0.8902761486120163,1.024095436750685,171987293.18082213,2916171.033427354,767189.9514036129,1135657.2502599778,2.5727079010349616,0.0,513.5557259823007,1.0
3,176,1.998037932194417e-06,0.2487714788120645,0.0839820273779031,-2.1934663904427674,7845.997770880329,1.0419385369484717,1.0705386562670136,249355801.483415,6046952.315396947,496244.25286933355,735504.1719118978,2.7931740911228737,0.0,945.0146927001141,1.0
3,177,1.998037932194417e-06,0.2487714788120645,0.0839820273779031,-3.1136369489785216,7814.099095938005,1.0987310926105385,0.9364989247369423,130439192.73648621,2215022.3338569123,849098.2701403162,1257093.7582222861,4.167522065960248,0.0,389.6818054774934,1.0
3,178,1.998037932194417e-06,0.2487714788120645,0.0839820273779031,-1.7262700755071565,7819.157223490392,0.978821048706208,1.0661219953186902,323391971.2291993,3821550.687907532,496311.94085797045,735571.2365046752,2.7092966230510247,0.0,6566.368200391887,1.0
3,179,1.998037932194417e-06,0.2487714788120645,0.0839820273779031,-2.270245744537723,7777.892883713806,0.909136908141636,1.0522103132643208,213543048.23406363,4156886.5785224102,552322.2867478917,817184.7074932103,2.7551747388232437,0.0,696.4217161971723,1.0
3,180,1.998037932194417e-06,0.2487714788120645,0.0839820273779031,-1.334905804826506,7832.093689895433,1.0664622705647784,0.9944753880736849,325898354.4028754,3724068.8024519947,449151.2239656814,665665.7038629138,3.1551765580025557,0.0,11912.24547518634,1.0
3,181,1.998037932194417e-06,0.2487714788120645,0.0839820273779031,-2.8399380266303504,7832.8076064953375,0.9834176534810963,1.101245167057274,166100778.7768787,2883851.2823318215,739029.7985135239,1093763.8160286478,2.60758697381405,0.0,508.1298192989773,1.0
3,182,1.998037932194417e-06,0.2487714788120645,0.0839820273779031,-2.859668020208073,7877.108283966975,1.031393330229276,0.9842946773314697,166418908.7028643,2923903.4393344927,718137.3190869781,1062690.1067203153,2.962153714187359,0.0,504.3515819329075,1.0
3,183,1.998037932194417e-06,0.2487714788120645,0.0839820273779031,-1.9890318162447633,7824.221563230302,1.0612471065520275,0.9294649763840458,282325234.1822674,10502938.478591794,523231.64380823274,775104.3299115014,3.1958494055426194,0.0,1534.2237971062582,1.0
3,184,1.998037932194417e-06,0.2487714788120645,0.0839820273779031,-1.8688890492026908,7811.896647794304,1.0424426888975094,0.999682699005341,290402106.0463278,1786506.6536930555,488789.3177856029,723714.4781738261,3.0974827011859407,0.0,5583.668272045062,1.0
3,185,1.998037932194417e-06,0.2487714788120645,0.0839820273779031,-1.7227544391713758,7836.94776606145,1.0307242276754902,0.9530416526881443,307047663.70818067,3696101.3166140914,508292.44961616985,753398.6926558766,3.0212102354093435,0.0,6614.816960695311,1.0
3,186,1.998037932194417e-06,0.2487714788120645,0.0839820273779031,-1.7566674858337,7856.358013861622,0.9889237505456414,0.9687160677758863,324589745.7069844,4315403.616598738,525643.4265449276,778973.5804751418,2.898331494251765,0.0,6780.096880619897,1.0
3,187,1.998037932194417e-06,0.2487714788120645,0.0839820273779031,-2.104842811860182,7812.647019740801,1.0519527668652127,0.991903246931761,231504550.28535622,5417255.40308126,481822.6304387337,714291.3641937326,3.018450156798089,0.0,852.3505180141842,1.0
3,188,1.998037932194417e-06,0.2487714788120645,0.0839820273779031,-1.4811539751057814,7858.187523926618,0.9221993917372625,1.0567542711597273,362781702.8528014,3673104.5657065995,448912.78989173815,665437.5702707514,2.6653072378784417,0.0,12032.48571177341,1.0
3,189,1.998037932194417e-06,0.2487714788120645,0.0839820273779031,-2.3428811661228592,7873.220614047372,0.9557797337739395,1.0711014965696322,258747597.03987256,5755075.620088156,498989.7349444408,739637.5845148792,2.6300022863177395,0.0,913.219498115218,1.0
3,190,1.998037932194417e-06,0.2487714788120645,0.0839820273779031,-1.9013393512616508,7779.894409291768,0.8769452238702491,0.9853466515605507,308199666.2490462,9447642.791196425,541607.1002894499,802338.1647417903,2.718461282749506,0.0,1413.6689890135247,1.0
3,191,1.998037932194417e-06,0.2487714788120645,0.0839820273779031,-1.3473838382680907,7804.206356740535,1.0175916850467772,1.0321861962602568,340091625.022379,3643607.7225762974,450676.8132672648,667936.5067337609,2.9455205217746223,0.0,11773.731447830287,1.0
3,192,1.998037932194417e-06,0.2487714788120645,0.0839820273779031,-1.579370367952618,7840.970326372653,0.8679827664903588,1.0328658233986419,376508697.92271006,4245094.224904679,503056.6835978174,744782.9727262822,2.64759170117817,0.0,11562.915891291885,1.0
3,193,1.998037932194417e-06,0.2487714788120645,0.0839820273779031,-2.3518833509978547,7822.074456218822,1.0224736637849465,0.9448176918311333,197517245.3034203,3940110.242349781,537777.9126334727,795560.5071971049,3.2477450284503577,0.0,647.3444866747562,1.0
3,194,1.998037932194417e-06,0.2487714788120645,0.0839820273779031,-1.3023980119473366,7856.924061878936,1.022060182712237,1.0410304989223225,336211470.09808314,3635870.996759531,454025.9325734279,673112.3022385379,2.900747190687939,0.0,12224.849991712874,1.0
3,195,1.998037932194417e-06,0.2487714788120645,0.0839820273779031,-1.9639722076210973,7830.323889195781,0.97382331183458,1.0053863234212956,301035739.5246632,2699815.9622286395,520697.4585551254,771010.7315556777,2.9420940814276535,0.0,5365.379338558042,1.0
3,196,1.998037932194417e-06,0.2487714788120645,0.0839820273779031,-3.4919175749210973,7752.434210143327,0.933679008589647,1.0531348379009886,124893821.67791356,1876364.2779027005,1003674.4395426383,1486457.6437732126,5.503893442297854,0.0,339.14433630970575,1.0
3,197,1.998037932194417e-06,0.2487714788120645,0.0839820273779031,-1.3650001962256912,7736.675154520489,1.0250589635195477,0.933876975549237,324649420.2641344,6419217.4037029445,527062.4365166465,780900.6658824977,3.0878280535320917,0.0,6831.357005319369,1.0
3,198,1.998037932194417e-06,0.2487714788120645,0.0839820273779031,-2.7730297664907315,7822.395815084552,0.9392024090899409,1.0341211638033756,171881775.25020343,2961082.142892696,740283.2979329895,1095664.2874505294,2.65472734164427,0.0,518.3847356104244,1.0
3,199,1.998037932194417e-06,0.2487714788120645,0.0839820273779031,-1.5981275591800717,7803.262340351579,0.9357815307863471,0.9639461225070797,352448733.3323318,6577256.021173783,535339.2941803646,793073.766839277,2.8740989686991645,0.0,7004.526219827606,1.0
3,200,1.998037932194417e-06,0.2487714788120645,0.0839820273779031,-2.3786297190359122,7828.321451296439,0.9904713878692722,1.0084652115948953,206929452.56889874,4094145.366137506,529868.6530485292,783669.58194429,3.030781864050467,0.0,676.4341442108096,1.0
3,201,1.998037932194417e-06,0.2487714788120645,0.0839820273779031,-2.27140487725352,7899.96249066703,1.077957109460793,1.074659909296358,278931073.486657,9023505.867761444,516885.4058135333,765695.5412936157,2.9277734387650507,0.0,1343.5947274275495,1.0
3,202,1.998037932194417e-06,0.2487714788120645,0.0839820273779031,-1.9293348040985405,7780.280117832651,0.9742638816177178,1.0353672425225218,269499325.54971325,7189132.6961420495,517557.12989371433,766909.1267398435,2.775848125537256,0.0,1103.602464277226,1.0
3,203,1.998037932194417e-06,0.2487714788120645,0.0839820273779031,-2.9886576915335397,7889.11099636844,1.03033724325385,1.0548581749064707,162779409.12946823,2796812.4480844173,748076.09806341,1106959.13623192,2.780934531722969,0.0,489.92525974454225,1.0
3,204,1.998037932194417e-06,0.2487714788120645,0.0839820273779031,-0.5217107019947242,7859.49814716671,0.9040407767394333,1.0716669706842066,162949596.4829514,12471476.79804389,244187.79171423998,360615.1768399111,0.10650936698548395,0.0,14400.0,0.0
3,205,1.998037932194417e-06,0.2487714788120645,0.0839820273779031,-2.2401218205680755,7829.316029982461,0.896928508742306,1.0153378092018603,256029002.95475,5445471.787013201,492428.7616043292,730034.0115904934,2.598389154451139,0.0,872.5238134851792,1.0
3,206,1.998037932194417e-06,0.2487714788120645,0.0839820273779031,-2.0327369265973636,7805.888272430431,1.1117663509089597,1.0478431503071803,234668224.78470528,5961207.241775815,485860.2117073721,720150.9146898962,2.9757670011253903,0.0,926.4548158746423,1.0
3,207,1.998037932194417e-06,0.2487714788120645,0.0839820273779031,-1.3861334457985175,7790.942262657454,1.0176689530963279,1.0122919102609962,341895287.64988923,4206733.171928501,469725.19447387016,695576.9112365046,3.0094594396839267,0.0,11400.448158697096,1.0
3,208,1.998037932194417e-06,0.2487714788120645,0.0839820273779031,-2.223828719843222,7862.722797046235,1.0042524394641024,0.9681216555356595,258592140.2419427,6302260.494574056,522579.4447206013,774507.5900969567,2.9090149440712647,0.0,973.4852854074976,1.0
3,209,1.998037932194417e-06,0.2487714788120645,0.0839820273779031,-2.203097437173582,7835.271838496574,0.9673228904057353,0.928646804418833,242640171.52427158,5356729.001589075,499228.17672013456,740126.2829361652,2.9763120538800383,0.0,845.1121325899421,1.0
3,210,1.998037932194417e-06,0.2487714788120645,0.0839820273779031,-1.9437007921175438,7773.935038910603,1.0484790153468115,1.0253061944252988,237591756.42128986,5899416.677101281,487875.8754848925,723171.3898713222,2.9066102472050264,0.0,921.618237384013,1.0
3,211,1.998037932194417e-06,0.2487714788120645,0.0839820273779031,-2.0268201948426974,7930.913113980984,0.9508970920133369,1.003665361036027,322901714.34463215,3118758.724570104,498714.8301628049,739305.7933968904,2.729092797845859,0.0,6704.583453588887,1.0
3,212,1.998037932194417e-06,0.2487714788120645,0.0839820273779031,-2.5624088059974444,7802.901508374321,0.9928066627855535,0.9720465829061417,172791527.79517415,3169336.963825625,679698.207858474,1006017.8182563101,2.943115352782536,0.0,541.659651697036,1.0
3,213,1.998037932194417e-06,0.2487714788120645,0.0839820273779031,-1.209154563882416,7853.580344761749,0.9762305883280604,0.9858842317206008,347677888.8838228,3604403.899598314,494738.2218551152,733397.3340777629,2.8410019075814446,0.0,12416.637376295126,1.0
3,214,1.998037932194417e-06,0.2487714788120645,0.0839820273779031,-2.591924307204601,7874.365036690475,0.9645746238699057,0.9635882413486977,202849354.1160571,3758521.792979683,593773.2168222879,878122.2088216466,3.093437818493146,0.0,627.3374172892154,1.0
3,215,1.998037932194417e-06,0.2487714788120645,0.0839820273779031,-2.5430215877704994,7854.332086660269,1.0821324547622746,1.0528723493436263,184804457.3572322,3600765.62443924,577346.9650345364,854063.2250633505,3.129258582646127,0.0,603.4047870755506,1.0
3,216,1.998037932194417e-06,0.2487714788120645,0.0839820273779031,-1.517942283706854,7869.587295866477,0.8593117281178909,0.9260996075102569,372364256.12882817,3674501.393921414,476908.1578335777,706996.5293778413,2.796508773904174,0.0,12101.097187949055,1.0
3,217,1.998037932194417e-06,0.2487714788120645,0.0839820273779031,-1.6908259552102032,7822.563783905525,1.0060857998770723,1.0780623473729243,324175159.5486531,4372996.105428476,503632.8642731118,746309.7962569142,2.7587173384887778,0.0,6696.504174150896,1.0
3,218,1.998037932194417e-06,0.2487714788120645,0.0839820273779031,-2.15433464498711,7902.985621070505,0.9775674715685867,1.0338773051576977,302933928.95174444,1569476.45948905,507942.68070103734,751935.8127016574,2.912402049343066,0.0,5854.417419209554,1.0
3,219,1.998037932194417e-06,0.2487714788120645,0.0839820273779031,-2.489133008135919,7834.073774587635,0.951407129502698,1.0281192109974977,203627543.02785578,3834915.5971841905,583753.1427827952,863507.1109292841,2.9158878229115834,0.0,644.7097326438884,1.0
3,220,1.998037932194417e-06,0.2487714788120645,0.0839820273779031,-2.436950722156091,7826.81937902213,0.9546636748235147,0.9248579207755904,199682443.08128217,3775754.3706739815,586317.6453229862,867452.0760663914,3.1388663504653977,0.0,627.602319033686,1.0
3,221,1.998037932194417e-06,0.2487714788120645,0.0839820273779031,-1.398334573908775,7719.485463095276,1.024106470107584,0.9632663222775858,302788303.6727935,3916405.496356536,500218.7984574413,741386.5569172153,3.009946477904278,0.0,6366.424929305739,1.0
3,222,1.998037932194417e-06,0.2487714788120645,0.0839820273779031,-1.5600148337396953,7887.494238563554,1.008195516952778,0.9767256249387088,339131863.56071055,4611882.758029423,512649.23709782487,758983.7473248554,3.08670663937814,0.0,11652.87429745252,1.0
3,223,1.998037932194417e-06,0.2487714788120645,0.0839820273779031,-2.474642097455802,7830.787586826255,1.0771171145145277,1.0902150746476935,185318914.37872067,3658687.4204510865,569660.6279821122,842775.8036283277,3.0416983329296534,0.0,614.7048438167581,1.0
3,224,1.998037932194417e-06,0.2487714788120645,0.0839820273779031,-2.403180625271488,7896.012969210187,0.9845546149584511,0.9398446544603469,242895880.93242526,5197943.345967512,497271.1796958235,737252.4402219692,2.9888881204635713,0.0,822.2637913368661,1.0
3,225,1.998037932194417e-06,0.2487714788120645,0.0839820273779031,-1.251764388689537,7818.6343149984705,0.8858017000154961,1.024687899481257,383856283.40768063,3767271.9583611954,519387.7658687904,769693.2178904868,2.6228232943150567,0.0,12421.856132366273,1.0
3,226,1.998037932194417e-06,0.2487714788120645,0.0839820273779031,-1.9094843205570349,7792.081415861943,0.9431660328310576,0.9763602341524745,304280175.82678837,10958864.023377225,523600.5242429363,775575.4596674489,2.89109685806226,0.0,1610.6406398392985,1.0
3,227,1.998037932194417e-06,0.2487714788120645,0.0839820273779031,-1.874244110262738,7962.676326301043,1.058187491758277,0.9989366457838499,313881823.84786516,4144275.871728862,525494.2738136094,778725.5788126196,2.9531757582415263,0.0,7093.495308910404,1.0
3,228,1.998037932194417e-06,0.2487714788120645,0.0839820273779031,-1.6493871807563982,7851.888247412572,0.985134914364544,0.9563988656251049,355521740.30883956,9786640.390776169,511904.4574430837,758230.3421907665,3.0243440763930844,0.0,7611.167419924631,1.0
3,229,1.998037932194417e-06,0.2487714788120645,0.0839820273779031,-1.0140680485550453,7828.029617227369,1.0210080950106324,0.994023477914086,347856064.67166305,3762944.810302831,515523.2209751444,763991.2091530769,2.9103303506618263,0.0,12510.07667335302,1.0
3,230,1.998037932194417e-06,0.2487714788120645,0.0839820273779031,-2.3447301348206055,7747.28171923222,1.048538454916336,1.0160888938960073,166397865.8359533,3259202.108737371,648713.114054828,960304.4337773533,2.9406750710966456,0.0,554.1432132205905,1.0
3,231,1.998037932194417e-06,0.2487714788120645,0.0839820273779031,-2.001492893549555,7878.231950164337,0.9329161460361302,1.0464030270035456,321186136.46555495,2464369.668285794,459868.1571158972,681775.0746629945,2.6734300787955245,0.0,6318.449846589481,1.0
3,232,1.998037932194417e-06,0.2487714788120645,0.0839820273779031,-2.1621369004287234,7953.163186857477,1.014931014218679,1.0172023282229787,298907725.920069,2190723.4803276937,453326.2404225935,670165.080111137,2.9958965408826663,0.0,6436.013626592827,1.0
3,233,1.998037932194417e-06,0.2487714788120645,0.0839820273779031,-2.4624121676857142,7804.379179204808,0.9229201686938481,1.015874513193434,197244537.43573862,3646728.994648682,622604.941627019,921293.1026873994,2.8468728216733195,0.0,619.1274650826465,1.0
3,234,1.998037932194417e-06,0.2487714788120645,0.0839820273779031,-2.919134800823253,7802.408728983828,0.9908232172242033,1.0415994691249986,150109643.1883077,2548803.592960951,804780.4879283009,1191378.8863509796,3.2412106721008938,0.0,451.6939155546302,1.0
3,235,1.998037932194417e-06,0.2487714788120645,0.0839820273779031,-2.4054505264560038,7880.150836433591,0.9767021272650058,1.0015001653580473,237577380.36474323,4955190.442477243,473114.56355004595,701494.0644766157,2.852420738608974,0.0,795.6448839531678,1.0
3,236,1.998037932194417e-06,0.2487714788120645,0.0839820273779031,-2.5680958484282144,7789.6048800433155,1.0504043151833453,0.9553037577556334,160122173.24930823,2982557.532451184,695278.3019307504,1029193.8453755012,2.9856749703581396,0.0,510.0019195076873,1.0
3,237,1.998037932194417e-06,0.2487714788120645,0.0839820273779031,-2.8124449593546137,7861.166847938092,1.0026435545654122,1.0969247900985621,174364808.3207037,3086548.9514822513,696525.6038700535,1030623.2107421963,2.7695912261628206,0.0,537.3662004892642,1.0
3,238,1.998037932194417e-06,0.2487714788120645,0.0839820273779031,-2.370428921627542,7810.85653983299,0.9764979529171203,0.9911586668833076,200415488.68974936,3900328.451390866,561828.417810937,831210.7109259588,3.0404016538050436,0.0,648.9665033723753,1.0
3,239,1.998037932194417e-06,0.2487714788120645,0.0839820273779031,-2.252891710775418,7873.90602111348,0.9976841657280296,1.0006964699998218,267222234.0238384,6711647.016250644,526514.3451015851,780237.6028079201,2.8507027877203903,0.0,1032.1765436064882,1.0
3,240,1.998037932194417e-06,0.2487714788120645,0.0839820273779031,-2.5813156375025628,7794.538614452201,1.034661798135973,1.0052615470703488,164163920.3649814,3042786.1605970915,688642.3819141377,1019319.5390983918,2.8945198794876013,0.0,522.7368298421475,1.0
3,241,1.998037932194417e-06,0.2487714788120645,0.0839820273779031,-2.3124212064901863,7751.648273983559,0.9736316489176081,1.0669404802526228,183461013.50216714,3547103.10006488,625370.2560267105,925649.2285721096,2.797768257992134,0.0,604.2298200417229,1.0
3,242,1.998037932194417e-06,0.2487714788120645,0.0839820273779031,-2.1870307060404053,7876.777911998661,0.9943914282744801,0.9927581624759231,301004768.9583658,11954018.024671586,515769.9600052453,763930.243218276,2.9692594719475855,0.0,1741.2575473648396,1.0
3,243,1.998037932194417e-06,0.2487714788120645,0.0839820273779031,-1.705061179920473,7898.920453688145,0.9691927767479993,0.9132090650465209,359097136.7013284,16322396.475331789,504703.05180899263,747603.1198318332,3.100316508203362,0.0,9482.401861781053,1.0
3,244,1.998037932194417e-06,0.2487714788120645,0.0839820273779031,-2.6026093666844816,7866.18432758202,0.9069688231890654,0.9208379300610309,206273248.6770214,3700664.608260158,621452.9070789401,919204.5674532785,3.051059880854562,0.0,620.2907984810172,1.0
3,245,1.998037932194417e-06,0.2487714788120645,0.0839820273779031,-1.042979671841326,7824.564455616609,1.0272146910440028,0.9807013630561294,342513844.8172157,3670660.481979029,509732.82796200406,755482.580042083,2.945417515230529,0.0,12431.804142278042,1.0
3,246,1.998037932194417e-06,0.2487714788120645,0.0839820273779031,-1.2329973145052922,7804.980797003061,1.0170871426796377,1.046947060470676,341516292.1045986,3508447.4859164204,469068.8296763459,695341.4676994737,2.8351123917445338,0.0,12087.556387873181,1.0
3,247,1.998037932194417e-06,0.2487714788120645,0.0839820273779031,-0.9503438360035124,7868.058443180959,0.9453952245980528,1.0032799919157287,379146831.4817893,4503754.495350431,540104.4727873128,800171.6353200502,2.798297047838393,0.0,12977.033346438544,1.0
3,248,1.998037932194417e-06,0.2487714788120645,0.0839820273779031,-0.7316517095867512,7896.586647416903,0.963339749256506,1.013286843976334,378357131.35372543,4887261.434661307,539779.1359349284,799620.3937960035,2.827456813543231,0.0,13236.35425561504,1.0
3,249,1.998037932194417e-06,0.2487714788120645,0.0839820273779031,-1.9417582757989353,7726.829004399436,1.0194663640694985,1.0358162996120681,207222092.78027683,4604350.471492271,467325.49377647357,691516.4933201025,2.98950780285065,0.0,748.2312266138671,1.0
3,250,1.998037932194417e-06,0.2487714788120645,0.0839820273779031,-1.2453341285087327,7825.4576431018995,1.0304285378228673,0.9265243174084582,329530672.7989537,3580036.5885899654,473968.4223003174,702659.4831709452,3.203316644324801,0.0,12105.707143998012,1.0
3,251,1.998037932194417e-06,0.2487714788120645,0.0839820273779031,-1.984228967557959,7872.383949488081,1.0152831748957174,1.0634246621091454,300934054.38709587,2135687.86311524,439985.1982501675,652198.5673270941,2.878498227570927,0.0,6204.88884337159,1.0
3,252,1.998037932194417e-06,0.2487714788120645,0.0839820273779031,-2.3622958316867684,7804.064522952871,0.9587280144971668,1.0272888942254415,203567143.83141097,3948767.8897276768,562386.4328746485,832032.7639327177,2.925388614177607,0.0,660.2395866675705,1.0
3,253,1.998037932194417e-06,0.2487714788120645,0.0839820273779031,-1.539943502793029,7813.703763044092,1.0275543547853492,1.0074131158070834,351072883.7867835,11465243.80885336,488708.68065600994,723910.0212962702,3.0050048480611946,0.0,7759.577778392799,1.0
3,254,1.998037932194417e-06,0.2487714788120645,0.0839820273779031,-2.4562222304531476,7840.860392215686,0.9641386649129532,1.0738277095105067,212326985.15435565,4112245.0455413195,545571.9730869787,806697.2660388573,2.8344858397586488,0.0,686.7039423755647,1.0
3,255,1.998037932194417e-06,0.2487714788120645,0.0839820273779031,-1.9179210228642414,7822.744909223066,1.0368668862817125,1.0319991146748286,291599146.188946,2173147.5609155083,499444.4465602411,739501.7451777845,3.0204225449961415,0.0,5479.002786639073,1.0
3,256,1.998037932194417e-06,0.2487714788120645,0.0839820273779031,-1.2854589495859687,7873.086944509352,1.0599475297945722,0.9665805846504232,321794530.2645513,3758787.241459514,450434.33852643025,667764.5776522578,3.213527597861438,0.0,12232.089262198137,1.0
3,257,1.998037932194417e-06,0.2487714788120645,0.0839820273779031,-1.7910082446333213,7904.01288130002,1.0694099789335387,0.9925518036541361,311198646.2586447,4250131.737240202,519503.45242585166,769862.0420320946,2.994048669219985,0.0,6928.865627902196,1.0
3,258,1.998037932194417e-06,0.2487714788120645,0.0839820273779031,-1.4820191123158337,7821.01198526654,1.0376563633140246,0.958343260216047,337744312.5345559,6349051.25450066,503903.2366619032,746169.5447292123,3.165161846255689,0.0,10961.458249042233,1.0
3,259,1.998037932194417e-06,0.2487714788120645,0.0839820273779031,-1.7524404242412115,7901.521835529825,0.9104730030873062,1.0267145444714705,357902870.3105024,11591814.076886447,583053.2029086247,863505.6313463292,2.710337728138249,0.0,10285.504357036816,1.0
3,260,1.998037932194417e-06,0.2487714788120645,0.0839820273779031,-1.6625340269326498,7881.577410200335,0.9945842812567505,1.0805825492772154,343284969.7456958,10238963.0840667,552286.6853170604,817897.7216220922,2.798123264123787,0.0,10457.367805164497,1.0
3,261,1.998037932194417e-06,0.2487714788120645,0.0839820273779031,-1.3410408728430525,7745.270278370559,0.9864084809616147,1.092501069511002,351683392.874455,7749211.226426127,490043.3439327826,725653.2518521535,2.79317690217189,0.0,10490.98804619927,1.0
3,262,1.998037932194417e-06,0.2487714788120645,0.0839820273779031,-2.5136256070659693,7837.321770593022,0.9254155781632654,0.9745387153336306,203763566.3523975,3756390.607128255,603588.4977722935,892913.4021093756,2.9664372340854643,0.0,631.2941755215323,1.0
3,263,1.998037932194417e-06,0.2487714788120645,0.0839820273779031,-2.645897155413227,7920.48363472656,0.9308592212786005,0.9923619783575407,228942317.71577573,4297947.937615985,565953.7313611436,836667.5702386127,2.887197239787993,0.0,708.1655858711295,1.0
3,264,1.998037932194417e-06,0.2487714788120645,0.0839820273779031,-2.2385147092685864,7816.375347514808,0.9567836492318592,0.9908126536397579,228264082.0426756,4746282.3935250845,463327.6631497388,684898.6287722869,2.8977697803660774,0.0,768.4736016938391,1.0
3,265,1.998037932194417e-06,0.2487714788120645,0.0839820273779031,-2.333587027377848,7859.78807150099,0.97557562163691,1.0008000470871619,237672150.71905577,5033141.9713993,474520.63741646137,703562.223955447,2.8465249537763246,0.0,806.5745859595235,1.0
3,266,1.998037932194417e-06,0.2487714788120645,0.0839820273779031,-1.6680440425782592,7860.690158398704,0.9599021341112702,0.9617033173279831,366698968.79727286,14123853.768262116,493217.8638613369,730654.1274707718,2.958899889262575,0.0,8276.121404712476,1.0
3,267,1.998037932194417e-06,0.2487714788120645,0.0839820273779031,-2.421150363820415,7839.177000716025,0.9579144601352101,0.9324407058269736,207956290.42883095,3999630.664068123,551182.2748395617,815228.9096678542,3.1382862609637727,0.0,659.3601833045825,1.0
3,268,1.998037932194417e-06,0.2487714788120645,0.0839820273779031,-2.380011544444092,7802.091814125614,0.9874993322231376,1.0225196981586333,194669925.99370748,3778970.3107049833,578364.9619917085,855778.074209258,2.9888297201969265,0.0,633.4052134106977,1.0
3,269,1.998037932194417e-06,0.2487714788120645,0.0839820273779031,-2.307525662611278,7821.687717017178,0.9759978318345706,0.975166004077972,214538037.50678205,4326470.721229031,500778.8214940925,740519.722698201,3.0487501900727807,0.0,707.2661151501032,1.0
3,270,1.998037932194417e-06,0.2487714788120645,0.0839820273779031,-2.0906721351919284,7800.431110914164,0.9712879427170565,0.9276283861395435,237209715.00380915,5308762.840566622,491881.7506444065,729246.3962060973,3.0115805124857857,0.0,838.6249260274767,1.0
3,271,1.998037932194417e-06,0.2487714788120645,0.0839820273779031,-2.469468031309766,7792.5281786831765,1.0024228890422264,1.0311574118531455,178666772.51139408,3376226.0559969572,639881.4438554047,947027.2338580455,2.913868239048842,0.0,575.0915571011772,1.0
3,272,1.998037932194417e-06,0.2487714788120645,0.0839820273779031,-2.889173249435138,7757.84051463227,0.9656618160202679,0.9513471053943685,142699402.32814664,2396191.109377335,849839.5068109574,1258329.3923900854,3.8559666174399756,0.0,422.89660651704077,1.0
3,273,1.998037932194417e-06,0.2487714788120645,0.0839820273779031,-1.6886676567684902,7803.695894624374,1.003216977338907,0.9184148474410843,303850796.7082634,3218309.3780322312,498477.48766113864,738932.5722043755,3.094068689212336,0.0,6405.631106393172,1.0
3,274,1.998037932194417e-06,0.2487714788120645,0.0839820273779031,-3.003670753914543,7803.178869558662,0.9777777724038089,1.0372542639086113,147062399.03598836,2442923.290334302,834453.723642873,1235344.345778942,3.490142037440978,0.0,435.0867766079287,1.0
3,275,1.998037932194417e-06,0.2487714788120645,0.0839820273779031,-1.8953095615389053,7806.119928957445,0.9570773829916568,0.9239968152550425,300728739.9267572,5176916.713529606,533107.9673584491,789457.3013704297,3.064634282086566,0.0,4916.9611249236905,1.0
3,276,1.998037932194417e-06,0.2487714788120645,0.0839820273779031,-2.820131610392523,7756.476703419506,1.0213459367601938,0.9416802837839146,140043576.3632746,2435913.207232321,819042.3861281754,1212710.7237740895,3.762599447093805,0.0,426.83741207257646,1.0
3,277,1.998037932194417e-06,0.2487714788120645,0.0839820273779031,-2.6803330747259895,7890.170647738189,0.940808842373493,0.9813053060667134,204607493.71141237,3688587.326189587,621496.8191949779,919063.8313504921,3.0051238974694856,0.0,620.7897924764919,1.0
3,278,1.998037932194417e-06,0.2487714788120645,0.0839820273779031,-2.734155144146296,7881.10224665947,0.9343365160289681,0.9622815348854,194068527.57244208,3407095.3492662776,664923.5376882638,983613.2319919046,2.988869109384993,0.0,579.5005672436158,1.0
3,279,1.998037932194417e-06,0.2487714788120645,0.0839820273779031,-1.7581608951322305,7758.77210131371,0.9840671366336219,0.9824259238852641,304697469.2414985,13896262.906961406,497157.9979141336,736435.9461762698,2.9657179864221415,0.0,2007.1348858806232,1.0
3,280,1.998037932194417e-06,0.2487714788120645,0.0839820273779031,-2.2612924589340966,7760.376195451385,1.0171440523580064,0.9668382074391141,181632976.73195055,3611205.918842037,599314.6918571397,887049.3594325894,3.106125586655247,0.0,603.4019122103784,1.0
3,281,1.998037932194417e-06,0.2487714788120645,0.0839820273779031,-1.408658356444302,7795.296921859516,1.0371085065292793,1.094151077632185,340946527.3145107,4694020.798186262,474552.2356817566,702620.9000493712,2.8954552261787527,0.0,11268.424723121248,1.0
3,282,1.998037932194417e-06,0.2487714788120645,0.0839820273779031,-1.7928474060646729,7812.479738474471,1.045064220105805,1.0386266966533997,294091448.8990759,2234225.406537987,448886.32673946244,665372.2965720909,2.9817840831509064,0.0,6130.241968934388,1.0
3,283,1.998037932194417e-06,0.2487714788120645,0.0839820273779031,-1.7732887003297726,7767.7086651523605,1.0695985571990971,1.0988163979586187,298520860.43012214,19146878.653980378,463235.9063459551,686269.7367893134,2.9035593437511946,0.0,2777.150163932854,1.0
3,284,1.998037932194417e-06,0.2487714788120645,0.0839820273779031,-1.8143004807172456,7727.947618223752,0.9827318940895537,0.9713603996940887,233678503.6270306,5595842.3050601445,483714.58687157783,717076.9049500932,2.9266059942097953,0.0,881.8647527747415,1.0
3,285,1.998037932194417e-06,0.2487714788120645,0.0839820273779031,-1.5038679785622184,7816.063985735845,1.0914088619376636,0.9204144002770405,332365199.80667347,9966199.903789384,509421.2112831553,754662.5917133756,3.292067378801833,0.0,7549.124013722198,1.0
3,286,1.998037932194417e-06,0.2487714788120645,0.0839820273779031,-1.9264019647535489,7772.869868517096,1.0727177901975598,0.9333314317647767,228659215.92479715,5680316.033722495,493146.19013552146,731038.5292867342,3.2107873375815497,0.0,882.2401711315664,1.0
3,287,1.998037932194417e-06,0.2487714788120645,0.0839820273779031,-2.0941102931978843,7872.540982472726,0.9320568659646279,1.0215333161174593,310202448.0849627,1753530.7260492926,524386.9698389211,776395.9943183573,2.8318191932571937,0.0,5652.761023500506,1.0
3,288,1.998037932194417e-06,0.2487714788120645,0.0839820273779031,-2.2499083068359242,7788.635721289275,1.0711503430552196,0.9481444890975473,186663021.7361319,3846748.4903532197,540726.7656245667,800140.4862730808,3.320363637711454,0.0,631.6332717629793,1.0
3,289,1.998037932194417e-06,0.2487714788120645,0.0839820273779031,-1.9553771744408575,7737.958043184111,0.9617188337879314,0.9389632107242251,217632430.2787516,4743952.365384185,459138.5447203377,680567.1050319353,3.062553134119668,0.0,763.917889341326,1.0
3,290,1.998037932194417e-06,0.2487714788120645,0.0839820273779031,-1.8870146223659992,7894.548260306279,0.952273708550823,1.0306355659694175,334751500.1411487,4085117.520907149,520264.626339211,771001.6750419803,2.7201975306414483,0.0,6825.385070996723,1.0
3,291,1.998037932194417e-06,0.2487714788120645,0.0839820273779031,-2.086074480508261,7877.338716200798,1.058586001639473,0.9113565946707327,285695232.4108286,2389108.7218294353,520527.2921772278,770733.9860270207,3.316525945284361,0.0,5448.872817643721,1.0
3,292,1.998037932194417e-06,0.2487714788120645,0.0839820273779031,-2.300674778963838,7836.383125363502,1.0310867627082683,0.9905096805489402,214597822.65715083,4495215.097724613,469101.81417516904,693461.6295190519,3.1108699869038037,0.0,727.3396558623872,1.0
3,293,1.998037932194417e-06,0.2487714788120645,0.0839820273779031,-2.5485358191995067,7863.916730501919,0.9747343267571943,0.987795091256483,203256019.1085298,3825842.620434274,578986.7373169854,856261.0237609631,3.060014711353094,0.0,638.0780988303405,1.0
3,294,1.998037932194417e-06,0.2487714788120645,0.0839820273779031,-2.6510870771611836,7875.186569823903,0.9957133394594788,0.9827987872393789,191281469.401976,3514030.9638789888,621508.103030435,919347.5061966918,3.0966301602094246,0.0,591.8080141507156,1.0
3,295,1.998037932194417e-06,0.2487714788120645,0.0839820273779031,-1.5234498810812513,7809.990676751368,1.0287260547277013,1.042251562142065,356383719.05028975,15661718.575024705,474012.42764847295,702255.0137124739,2.929636936137123,0.0,8396.062541273228,1.0
3,296,1.998037932194417e-06,0.2487714788120645,0.0839820273779031,-2.246818871991874,7817.753386582866,1.1129014657127099,0.8693747004597202,190731216.8909902,4049069.116901436,490848.0979187201,726120.8051823406,3.6279959569250657,0.0,651.0557926321643,1.0
3,297,1.998037932194417e-06,0.2487714788120645,0.0839820273779031,-2.8829697125099494,7818.326200249093,0.9163979026536215,1.0041710607738532,164595719.21660647,2734175.75766153,796515.6322105075,1179025.2449485855,2.807594133908703,0.0,483.0652062599906,1.0
3,298,1.998037932194417e-06,0.2487714788120645,0.0839820273779031,-2.1441056306667585,7861.528212488376,0.9282768461878136,0.9569123586036344,315827170.3642576,13864519.26127328,514330.98279285885,761779.7404095252,2.9122065337277085,0.0,2004.3862621897104,1.0
3,299,1.998037932194417e-06,0.2487714788120645,0.0839820273779031,-1.816439951888689,7836.712957979838,1.0449718252212072,0.990139396636701,294774332.0882182,2644016.794174325,465139.616481219,689561.7146139456,3.062664369718414,0.0,6329.148574307689,1.0
4,0,0.7178617488214267,8.335406012291435e-08,0.9999976680547336,-2.119384789317555,7842.7605812620595,1.0790519603082434,0.9984028807727167,76316352.63896134,4740940.01638907,157762.9747228616,252192.89285540863,2.13113760504804,1.0,803.0641156646049,1.0
4,1,0.7178617488214267,8.335406012291435e-08,0.9999976680547336,-1.829709921259528,7791.122803512658,1.00027444111958,1.0308898309249819,90445202.8474093,6643775.823357896,161829.80669624047,259313.98232700577,2.0240401043215432,1.0,1073.2115539960816,1.0
4,2,0.7178617488214267,8.335406012291435e-08,0.9999976680547336,-2.1729692987627476,7807.645272156125,0.9717542919489273,1.0231280268560476,75414003.62210616,4299897.195043892,179124.935508681,286390.1324031255,1.9510513677439576,1.0,756.8388242759356,1.0
4,3,0.7178617488214267,8.335406012291435e-08,0.9999976680547336,-1.7163743678533194,7917.8226973398105,0.9625568169891502,1.029491578052724,92844526.43553007,2051458.104184046,258307.7243557059,413323.1610634877,2.334772503047466,1.0,6145.141609596229,1.0
4,4,0.7178617488214267,8.335406012291435e-08,0.9999976680547336,-2.584744739329761,7898.07507658648,0.9969204411374487,0.9898474178613209,68371804.4041317,3544541.349043105,221007.07600642968,353398.21058558323,2.1470516394556474,1.0,641.2952796270379,1.0
4,5,0.7178617488214267,8.335406012291435e-08,0.9999976680547336,-1.7189906419318697,7852.707306830919,1.0325805056221342,1.1128153894522312,93128065.3814987,3029612.1862033303,238013.4580313186,381122.74835079163,2.7542296532409867,1.0,5559.39164290832,1.0
4,6,0.7178617488214267,8.335406012291435e-08,0.9999976680547336,-2.338655074928475,7888.567176209457,0.9710966147434685,1.0135507520829024,82562663.86720783,4815548.911998303,182251.51523577943,291348.3877943931,1.9821524544616416,1.0,826.8505762081969,1.0
4,7,0.7178617488214267,8.335406012291435e-08,0.9999976680547336,-2.018641884236888,7936.482835146592,1.0247331754171218,0.9965193383304106,95304811.46451636,4399765.555473543,247473.86888408128,396333.4872747238,3.0861736622366087,1.0,5253.808454128047,1.0
4,8,0.7178617488214267,8.335406012291435e-08,0.9999976680547336,-2.184042301824762,7858.962030054552,1.1000555624670028,0.9959984575585418,74185569.38138866,4533386.140275108,163675.37701403996,261651.35661009155,2.1509649624703044,1.0,771.8105273200077,1.0
4,9,0.7178617488214267,8.335406012291435e-08,0.9999976680547336,-2.3172561896482775,7796.1392024799925,1.1334631315089192,1.0365092289650704,56829361.05679656,3140841.077571581,206815.48782007265,330932.32868290984,2.2130909833349395,1.0,570.6338230552877,1.0
4,10,0.7178617488214267,8.335406012291435e-08,0.9999976680547336,-2.3553936751822526,7800.764647935618,1.025857875364287,1.010940159388776,61270295.159038715,3254904.893049259,212716.49730064246,340333.53895002056,2.129770698523124,1.0,594.6158570949107,1.0
4,11,0.7178617488214267,8.335406012291435e-08,0.9999976680547336,-1.1797748349921846,7833.1370692836745,0.9257756720186512,0.9956860338192436,94244701.93552901,1668464.9081368162,223808.77742567673,358053.48716515757,2.019217456777412,1.0,6227.67819627471,1.0
4,12,0.7178617488214267,8.335406012291435e-08,0.9999976680547336,-2.128567190530063,7912.683659637158,0.9504324263445937,1.0299263328712804,99477011.50421903,13086407.32816276,190773.9809790765,305578.29935535527,1.9520695214958554,1.0,1943.9487260705866,1.0
4,13,0.7178617488214267,8.335406012291435e-08,0.9999976680547336,-2.524346728125093,7833.639117352326,1.0143651788739565,0.9832282813942599,59924494.468977034,3053421.82823344,228378.93828740984,365348.0316552671,2.1499821858995456,1.0,563.0474359594622,1.0
4,14,0.7178617488214267,8.335406012291435e-08,0.9999976680547336,-2.0416007689073465,7799.836938288028,0.9904159947286909,1.018782566556584,79550599.12331375,4834490.235875418,159392.99618891964,254810.4161990596,2.0043996283413397,1.0,829.1305989728701,1.0
4,15,0.7178617488214267,8.335406012291435e-08,0.9999976680547336,-1.7306381636792163,7797.1121136080465,1.018861692943718,0.9812476973097274,97607163.00179374,10102232.461500233,171583.79718119712,274855.83603213343,2.132860805300758,1.0,1531.56186915687,1.0
4,16,0.7178617488214267,8.335406012291435e-08,0.9999976680547336,-2.3244668866438163,7879.317749432293,0.9931964440682804,0.9540950535124356,77163859.73795708,4372881.468821457,185294.92632706446,296231.9686022751,2.072563253591984,1.0,756.0091551557132,1.0
4,17,0.7178617488214267,8.335406012291435e-08,0.9999976680547336,-2.557232511466456,7862.3789755681055,0.9601741674229346,1.0512178924014266,68805714.00532947,3546493.6516058794,222438.50935724555,355700.04299730534,2.000320552338772,1.0,652.2317982894142,1.0
4,18,0.7178617488214267,8.335406012291435e-08,0.9999976680547336,-1.1654481965937253,7898.959876795474,1.0359976786136147,1.028957812964786,84469673.79879008,2020462.7045835382,248874.85835136546,398085.26378333947,2.0858485388374217,1.0,6310.132360546816,1.0
4,19,0.7178617488214267,8.335406012291435e-08,0.9999976680547336,-2.096244679243624,7741.344883405281,1.0103445791747272,0.9728267121941054,61760848.07372943,3414472.867099321,204736.81013144107,327684.4398467232,2.155738076055199,1.0,614.6771995536608,1.0
4,20,0.7178617488214267,8.335406012291435e-08,0.9999976680547336,-1.8215231410308308,7846.41483732336,0.9420002138842689,1.0129022904105462,99902304.77961278,6663183.881421271,235250.60882671754,376802.71940348623,2.710875978351395,1.0,4787.14710370733,1.0
4,21,0.7178617488214267,8.335406012291435e-08,0.9999976680547336,-1.6404273769108813,7786.250811531237,0.9707117961062061,0.9879525388627828,99238839.9022554,11922046.894853303,211195.14511385054,338274.63079670497,2.326112392735184,1.0,3974.7230381249046,1.0
4,22,0.7178617488214267,8.335406012291435e-08,0.9999976680547336,-1.8644122760459911,7778.225288913905,1.0461820185423858,1.0097908739509214,80366773.33690734,5324563.517325404,146002.09934976193,234047.0032559809,2.098447232428624,1.0,888.75246808561,1.0
4,23,0.7178617488214267,8.335406012291435e-08,0.9999976680547336,-2.3214942850191913,7854.569480848585,0.9998398195988037,0.9970757035870295,73613751.63411173,4108301.477095372,190011.92973646216,303796.9266840974,2.043866165780625,1.0,723.1879197149101,1.0
4,24,0.7178617488214267,8.335406012291435e-08,0.9999976680547336,-1.5846863795727046,7826.005889992251,1.0141659017937288,0.9794861482267111,91694637.44507736,2521985.789423803,242211.40377806642,387827.67972302635,2.747791438678396,1.0,5692.508456798727,1.0
4,25,0.7178617488214267,8.335406012291435e-08,0.9999976680547336,-1.0850235169758422,7847.6199504018405,0.9953269899904319,1.0345463566540531,88704211.44540581,1807720.8559718258,227367.154342639,363737.4567488133,2.051799468675185,1.0,6228.03529318258,1.0
4,26,0.7178617488214267,8.335406012291435e-08,0.9999976680547336,-3.194048679105174,7832.490684483857,1.0946239242767035,0.8905326889263453,42398603.35990292,1900126.5944055333,309612.8275654036,495629.38070674276,4.165348711000564,1.0,365.66174548024225,1.0
4,27,0.7178617488214267,8.335406012291435e-08,0.9999976680547336,-2.264009168720497,7817.508230441026,0.9524275814856848,0.996905308977367,73226787.94125819,4006027.5146565465,192605.15621505602,307966.923060456,2.016977886233471,1.0,713.7871934258457,1.0
4,28,0.7178617488214267,8.335406012291435e-08,0.9999976680547336,-2.3145178924850547,7850.315599438471,0.9497482537515534,0.9693494545453593,76404063.74577546,4200688.260649726,192468.4534619869,307728.2073245324,1.9883556237561006,1.0,738.9735503475035,1.0
4,29,0.7178617488214267,8.335406012291435e-08,0.9999976680547336,-2.2538495623013652,7830.111602798638,1.012090538525394,1.0138314932464976,72022041.8884163,4063806.6101646195,185191.88245725926,296099.25903776445,2.064456372813345,1.0,717.2266598468652,1.0
4,30,0.7178617488214267,8.335406012291435e-08,0.9999976680547336,-2.9659910232505844,7895.304089524848,0.9635972366891307,0.9862115362621273,57066287.32853729,2625870.6320303343,275936.06337954174,441367.0170615041,2.2034775469546433,1.0,502.68261781574546,1.0
4,31,0.7178617488214267,8.335406012291435e-08,0.9999976680547336,-1.9505732987083704,7753.803980928464,0.9935493439500384,0.9732551716015441,72243611.28560385,4265274.906525785,167051.14139926695,267220.3090815384,2.116004874232469,1.0,742.5907662121165,1.0
4,32,0.7178617488214267,8.335406012291435e-08,0.9999976680547336,-2.1461168279116976,7776.182058840105,0.9397451787217413,0.9418961684981597,69863945.42166111,3799478.6972280643,193845.38817846694,310110.0490918982,2.125224198701401,1.0,677.3389074237703,1.0
4,33,0.7178617488214267,8.335406012291435e-08,0.9999976680547336,-2.2996147446176667,7843.47415189168,0.9529921308003139,0.993805308342789,76526812.82414545,4237985.375315274,190665.82074991934,304844.9335801153,1.9544607721662042,1.0,746.96810073729,1.0
4,34,0.7178617488214267,8.335406012291435e-08,0.9999976680547336,-1.7625579451109459,7841.675274194279,1.1019875451287147,1.012489149245176,92546755.9849137,7025721.4233303415,223709.2015010021,358307.84381182876,2.8833454173497985,1.0,4716.194340048072,1.0
4,35,0.7178617488214267,8.335406012291435e-08,0.9999976680547336,-1.5777746510366595,7926.487652182961,1.0424028037014679,0.9846332111385263,84204518.334712,2193259.1124539836,270862.17459736776,433382.51738575596,2.6846468482548045,1.0,6240.801586316388,1.0
4,36,0.7178617488214267,8.335406012291435e-08,0.9999976680547336,-1.878402241141195,7800.196907283895,0.9502303794371569,1.0475631664294522,94462318.3589206,6929838.817073228,166350.3181490088,266548.242731551,1.937983395430589,1.0,1118.907072070804,1.0
4,37,0.7178617488214267,8.335406012291435e-08,0.9999976680547336,-2.1956360787364346,7862.084937906572,0.9769181861809754,1.0860433039139807,87464245.57119952,5563209.671949408,162002.90351920275,258950.31964217,1.906015202338712,1.0,935.4137323848685,1.0
4,38,0.7178617488214267,8.335406012291435e-08,0.9999976680547336,-2.0165113773291696,7848.126568939709,0.9372292408259192,0.8897751241981154,92621177.73397635,6321424.94424668,173065.95679179626,277346.7561947156,2.1305443841285223,1.0,1018.1514037523365,1.0
4,39,0.7178617488214267,8.335406012291435e-08,0.9999976680547336,-2.189397054391543,7816.963985363969,0.960648590010714,0.9688258371753544,75407893.97462901,4241994.8252302855,181789.94261339778,290655.02385359333,2.025373744616539,1.0,743.2256218164963,1.0
4,40,0.7178617488214267,8.335406012291435e-08,0.9999976680547336,-2.0743547467284165,7790.561583257173,0.9056042996589508,0.9572792002392043,80774294.3939677,4615147.346443739,172495.8679517987,275782.87187686574,1.9588316234514351,1.0,801.6713254674936,1.0
4,41,0.7178617488214267,8.335406012291435e-08,0.9999976680547336,-2.5509112348201874,7769.7013157677175,0.9949870384258478,1.0047621472874544,53356325.3695685,2629204.612521727,253693.72456845973,406071.59365476813,2.5966036467458116,1.0,497.4401424694447,1.0
4,42,0.7178617488214267,8.335406012291435e-08,0.9999976680547336,-1.6999817244460993,7767.34052494243,0.9426242188787187,1.006703922501344,98129458.70010734,8131152.820617784,170765.46813737467,273577.3746163767,1.9924080101072057,1.0,1277.7321202144833,1.0
4,43,0.7178617488214267,8.335406012291435e-08,0.9999976680547336,-1.9738378310070233,7886.814959723431,1.0832920094996825,1.025055366821081,97286406.66256475,17273060.094590224,172342.66562279503,276033.5872624078,2.156372701691693,1.0,2515.3399092932664,1.0
4,44,0.7178617488214267,8.335406012291435e-08,0.9999976680547336,-2.6694753154038393,7824.936032321859,1.1076964556245472,1.0445261253311104,51566157.34311953,2607177.326083556,244860.42374315343,391819.6912169014,2.4696056416025245,1.0,491.16160847411226,1.0
4,45,0.7178617488214267,8.335406012291435e-08,0.9999976680547336,-2.7667988336218015,7850.699927222037,0.9957711569231573,1.0147549336505548,56483009.02119661,2719032.433137853,255295.93183732795,408419.9367335932,2.183897889883855,1.0,515.7964926509476,1.0
4,46,0.7178617488214267,8.335406012291435e-08,0.9999976680547336,-2.071115164273384,7778.763093474203,1.0198778309543512,0.9652999420951942,69029047.52253999,3971139.36588813,176978.86895592508,283087.92843634234,2.2005019600561253,1.0,696.6991029650679,1.0
4,47,0.7178617488214267,8.335406012291435e-08,0.9999976680547336,-1.6294656984956815,7787.083832368414,0.9883237734986284,1.0086788514451404,97399657.41950804,9475782.940246029,219951.89654526862,352303.7827052768,2.5471150054450713,1.0,4330.456901260898,1.0
4,48,0.7178617488214267,8.335406012291435e-08,0.9999976680547336,-2.5749895668762868,7908.095685270786,1.001343233640083,1.0374385969595965,71927106.60087176,3832324.160036962,214364.6594423671,342749.75555948383,2.0139340404763786,1.0,688.6524359846737,1.0
4,49,0.7178617488214267,8.335406012291435e-08,0.9999976680547336,-1.931873073046635,7766.388068092857,1.0016825679676022,1.0456326674544612,78201609.7612651,4847133.731765496,151742.96218225107,242583.548509499,1.9754625964361172,1.0,832.9170759547281,1.0
4,50,0.7178617488214267,8.335406012291435e-08,0.9999976680547336,-1.7821797131472257,7883.723911986957,1.0441880085826776,0.9816099908419196,91347420.86311163,2930191.278790303,249603.975908373,399676.30048856133,3.006441358884337,1.0,5628.640530143349,1.0
4,51,0.7178617488214267,8.335406012291435e-08,0.9999976680547336,-1.7683059090310707,7774.258004915355,0.986013620444193,0.9701982199135574,89573308.87586343,6453539.624372929,162030.9072527078,259649.86388890367,2.091508725633275,1.0,1042.9198563516318,1.0
4,52,0.7178617488214267,8.335406012291435e-08,0.9999976680547336,-1.2967598326873142,7835.808505301817,0.9541533461067393,1.0185790053453925,91700974.5285167,1748758.8862143215,232124.9512370582,371428.38212948997,2.0021132629220775,1.0,6170.371784878549,1.0
4,53,0.7178617488214267,8.335406012291435e-08,0.9999976680547336,-2.0131931214123826,7867.134850608574,0.9893877704571429,1.0210930114384384,96630740.73482785,8608339.886411238,179270.4613121226,287192.664009818,2.0081196956710317,1.0,1332.7668423740574,1.0
4,54,0.7178617488214267,8.335406012291435e-08,0.9999976680547336,-1.3251040185425387,7845.295280005461,1.03740897612246,0.971986107553306,84313624.44068742,2024882.432710727,246820.53760467164,395018.0454101919,2.474191149379215,1.0,6099.640766157843,1.0
4,55,0.7178617488214267,8.335406012291435e-08,0.9999976680547336,-2.191115694077897,7857.234136496171,1.0390715163152193,0.972467250767842,77293182.63018294,4639696.971246288,167191.68991207078,267273.3212461411,2.1163274924024833,1.0,790.214198372352,1.0
4,56,0.7178617488214267,8.335406012291435e-08,0.9999976680547336,-2.0437236149083886,7807.918490091763,0.9383666464295906,0.9769010703536507,84486803.87466134,5124385.800453354,158994.66906365272,254165.03592880053,2.0054567823918217,1.0,870.2294571182372,1.0
4,57,0.7178617488214267,8.335406012291435e-08,0.9999976680547336,-1.8115257972906624,7897.10739451146,0.9857692364423605,1.0434531759038876,94533976.98472446,2578891.2626035,249183.99961792227,398944.07598937675,2.691236933970374,1.0,5770.254827060243,1.0
4,58,0.7178617488214267,8.335406012291435e-08,0.9999976680547336,-1.8390042090868737,7761.982960876387,0.9781457543071991,0.9236024658140418,80476571.92124876,5079576.341940716,146391.27738754146,234716.2969343608,2.124992358529212,1.0,852.4810305096281,1.0
4,59,0.7178617488214267,8.335406012291435e-08,0.9999976680547336,-2.6311804706098902,7823.039530006777,1.0084712131520992,1.005920617620509,56262252.56826526,2778837.530796271,245482.47496138123,392794.3187879863,2.1944513601533835,1.0,522.461077108305,1.0
4,60,0.7178617488214267,8.335406012291435e-08,0.9999976680547336,-1.7079160777366815,7762.374976433878,1.0392908566743033,0.8817810634519546,83047520.32103151,5900488.926416227,160187.72955681334,256732.00800138726,2.2882378716244833,1.0,952.1742781351218,1.0
4,61,0.7178617488214267,8.335406012291435e-08,0.9999976680547336,-2.497797131081131,7828.740305193196,1.0341997259513211,0.9743316467950401,58841705.851032704,3024941.531662234,226651.7910715126,362615.42978166474,2.1820285697863806,1.0,556.0068524143533,1.0
4,62,0.7178617488214267,8.335406012291435e-08,0.9999976680547336,-2.0631280863516928,7879.2179167615795,1.07531932730833,1.0118505076152178,88673611.60739186,6800803.142280927,168254.09314513212,269593.54520908603,2.116694994585634,1.0,1080.4522958367297,1.0
4,63,0.7178617488214267,8.335406012291435e-08,0.9999976680547336,-1.865831889893467,7842.4304209768425,0.9470403311881846,1.0257209124734357,103560132.71022521,17231385.91882124,192387.33678418983,308137.58836955193,1.9669143040659223,1.0,3232.787915377124,1.0
4,64,0.7178617488214267,8.335406012291435e-08,0.9999976680547336,-1.5549562774377939,7732.952635013606,1.0497327176484688,0.9105969532084963,86299337.92175613,6782058.696451111,162240.37100022216,259965.13131355916,2.2690907006146883,1.0,1074.356817387824,1.0
4,65,0.7178617488214267,8.335406012291435e-08,0.9999976680547336,-1.7520375241478852,7760.737628551039,1.0859103236910026,0.9818669585317699,79272271.90729578,5513043.17985303,148809.58577623405,238523.58359378632,2.1879188388851962,1.0,907.0024317293423,1.0
4,66,0.7178617488214267,8.335406012291435e-08,0.9999976680547336,-2.170287860737373,7799.6007843827465,1.0741527577974341,0.9921937290236758,65359060.597326405,3733542.3750052,183170.21363646124,292980.3942545743,2.2561968889757016,1.0,659.9767957172558,1.0
4,67,0.7178617488214267,8.335406012291435e-08,0.9999976680547336,-1.825775254073299,7870.480028226078,0.99218618596575,0.9669216657459306,96499142.71689652,4053121.5963045694,241822.89397229717,387284.15961716516,2.8749893785238907,1.0,5284.511936442221,1.0
4,68,0.7178617488214267,8.335406012291435e-08,0.9999976680547336,-1.4553229292513077,7827.558249298959,1.0405186967413107,1.003866207648911,87000649.16053224,2126713.2564823977,243867.19935554566,390386.8379725761,2.633933553639017,1.0,5930.930978032028,1.0
4,69,0.7178617488214267,8.335406012291435e-08,0.9999976680547336,-1.459886297537945,7858.813418607618,0.9887947757202828,1.0495541478029968,89888145.95992965,1906637.4405152614,243019.7158455437,388882.04332492495,2.1941989506920865,1.0,6128.040006852317,1.0
4,70,0.7178617488214267,8.335406012291435e-08,0.9999976680547336,-3.043013349415671,7806.84670146786,1.0416837261051446,1.1138469607272057,46927323.05292572,2159157.402798603,287024.3091944232,459397.23019857437,3.302465449705271,1.0,425.7898460813691,1.0
4,71,0.7178617488214267,8.335406012291435e-08,0.9999976680547336,-1.7460704278563164,7892.470019069627,0.9697389628639533,0.9557415723973596,93324132.62649354,2313994.627389407,255753.57055914882,409426.76985243097,2.6891686578210927,1.0,5896.6593421907355,1.0
4,72,0.7178617488214267,8.335406012291435e-08,0.9999976680547336,-2.6380620810889677,7901.783217335253,0.9314429955882485,0.9913459002560743,72088432.62712514,3646851.5529214013,230125.64407612878,367981.3358055204,2.0182172018912015,1.0,664.4788304861485,1.0
4,73,0.7178617488214267,8.335406012291435e-08,0.9999976680547336,-1.0993108955055801,7763.9163663251165,1.1054260870860992,1.0605379098864645,82060945.26736832,2016678.4587915903,225491.8451578687,360976.96239564184,2.4589273212598495,1.0,5900.062753123217,1.0
4,74,0.7178617488214267,8.335406012291435e-08,0.9999976680547336,-1.997774640466652,7851.409863458899,0.9443792210886048,1.0588957227712414,98786775.02235706,8568463.556132983,180902.04374969786,289811.1731382062,1.906353892405566,1.0,1336.4658321266265,1.0
4,75,0.7178617488214267,8.335406012291435e-08,0.9999976680547336,-1.6028062997678898,7785.237850805543,1.0100923176621088,0.9935821573081379,96672884.31901397,7581702.732441807,220475.48882243177,353133.66682621377,2.591119373383224,1.0,4615.84030499446,1.0
4,76,0.7178617488214267,8.335406012291435e-08,0.9999976680547336,-1.1150934112895943,7825.149567184265,1.0033698412611807,1.061651130076148,88530350.21352543,1780567.224422677,223501.2440370635,357618.6117904195,2.0146985375788304,1.0,6162.965469809173,1.0
4,77,0.7178617488214267,8.335406012291435e-08,0.9999976680547336,-2.3876486593002886,7763.542451047776,0.9620011169776682,1.05408705530583,59506691.41779678,3038473.654095574,231176.57950304006,369980.25951360835,2.018004164903546,1.0,569.3110947666821,1.0
4,78,0.7178617488214267,8.335406012291435e-08,0.9999976680547336,-1.394698411019384,7786.514557004745,1.0282973945708616,0.9649439351142964,88779211.99534364,2203920.6361629707,237511.4170737731,380283.65853309934,2.6496434067241457,1.0,5776.671758806515,1.0
4,79,0.7178617488214267,8.335406012291435e-08,0.9999976680547336,-3.1417442232676915,7785.911101469026,0.9489875031124458,1.0396016508620562,46991250.51627773,2036959.3828752844,311065.27302119794,497966.5345747982,3.666305544502791,1.0,404.42985057784284,1.0
4,80,0.7178617488214267,8.335406012291435e-08,0.9999976680547336,-1.571428578600306,7766.585323330922,0.9484421117165985,0.9975659590061194,98948191.41804078,10562748.492318975,219952.5854818408,352309.1023954793,2.4557748212786175,1.0,4169.754520060607,1.0
4,81,0.7178617488214267,8.335406012291435e-08,0.9999976680547336,-2.084416330348213,7844.292656446502,1.0339403040378643,1.0699361365756377,84758522.08296105,5612528.162118931,153049.55791701496,245308.08286602082,1.9984612775673696,1.0,933.9241644223233,1.0
4,82,0.7178617488214267,8.335406012291435e-08,0.9999976680547336,-2.103232197213483,7781.968021331733,0.9849070888996926,0.9640769361392665,70524852.87023868,3983585.9904906945,180852.2341803698,289264.1339292319,2.1448149660644393,1.0,702.1411149667815,1.0
4,83,0.7178617488214267,8.335406012291435e-08,0.9999976680547336,-2.2778579215364014,7706.178655697216,1.0363810156782054,1.0655871682314395,52054365.686033025,2739567.8229312855,240491.71770904431,385025.8586127746,2.6573236331994794,1.0,513.7116491232591,1.0
4,84,0.7178617488214267,8.335406012291435e-08,0.9999976680547336,-2.0121009110246275,7782.894721506419,0.9714616241902406,0.8994157743904571,74551282.99822754,4329959.6295295255,166965.74832321587,266968.32489488204,2.1753238138093565,1.0,745.5075873548612,1.0
4,85,0.7178617488214267,8.335406012291435e-08,0.9999976680547336,-0.8682189545924461,7868.30360407338,1.019767257264229,1.1221158373502251,90021451.46053118,1803215.3531347471,220803.00199266602,353106.5501347706,1.9992448471484439,1.0,6314.191863547727,1.0
4,86,0.7178617488214267,8.335406012291435e-08,0.9999976680547336,-1.9617142663951137,7849.393311056452,1.0021239480096253,0.9710948273820412,93912374.238393,7541551.997446068,174323.31307263035,279294.8579339321,2.097904325709382,1.0,1183.8537082803507,1.0
4,87,0.7178617488214267,8.335406012291435e-08,0.9999976680547336,-2.690373354731156,7927.518289070756,1.0049839972812769,1.0015723670035377,68096873.13277924,3486286.328173441,229676.43911135854,367259.62000362034,2.143978418178454,1.0,633.5831857898629,1.0
4,88,0.7178617488214267,8.335406012291435e-08,0.9999976680547336,-1.3763783137254222,7781.329642985862,1.1324018939481761,1.0063688833949638,83935372.9451624,2492245.173677368,236110.75640882167,378061.76006901456,2.941461677725055,1.0,5690.8062241839,1.0
4,89,0.7178617488214267,8.335406012291435e-08,0.9999976680547336,-1.980676395786333,7827.374931244155,1.0479910019710545,1.0021273216078501,84109277.65930311,5716836.54071116,155945.7725362817,249940.23510332787,2.107217393997227,1.0,939.0976640906414,1.0
4,90,0.7178617488214267,8.335406012291435e-08,0.9999976680547336,-3.236887148376532,7893.418247350996,1.0593651410114713,1.0119484215866221,47473595.91836497,2126745.840254957,299790.89936653624,479653.975863332,3.2193023279878856,1.0,415.9374701082606,1.0
4,91,0.7178617488214267,8.335406012291435e-08,0.9999976680547336,-3.025682897495079,7808.9994363867,1.0251124396164797,0.9510545816880872,46103864.57037017,2085637.6385732917,297587.279414202,476367.07384020137,3.610073699152263,1.0,403.6149752756004,1.0
4,92,0.7178617488214267,8.335406012291435e-08,0.9999976680547336,-1.9346266102368186,7838.764687030089,1.080938816537197,0.9145972091858808,84642407.12914309,6125008.603046665,164373.2970431616,263415.08398351487,2.273040949239507,1.0,980.283945206381,1.0
4,93,0.7178617488214267,8.335406012291435e-08,0.9999976680547336,-1.9493677945623138,7788.102275887545,1.0321788625609654,0.9454668886325669,76259001.80398536,4735117.484289502,150318.1432925975,240300.437431528,2.143837580608889,1.0,801.2402220964948,1.0
4,94,0.7178617488214267,8.335406012291435e-08,0.9999976680547336,-2.8311997154665427,7794.2461783561275,1.0434410392375786,0.9474622912573896,47367405.8887506,2231807.6484983717,280432.73942176666,448908.87563828967,3.3265608881378865,1.0,426.31715356007277,1.0
4,95,0.7178617488214267,8.335406012291435e-08,0.9999976680547336,-2.8427834576895843,7863.559313131007,0.9808760147167943,0.9731889614225664,55777655.145325504,2619737.7986505423,265977.7211369855,425494.95003214374,2.3182302798191396,1.0,497.99078002758654,1.0
4,96,0.7178617488214267,8.335406012291435e-08,0.9999976680547336,-1.6827363290630808,7876.033793611497,1.0057153399631928,0.9370843836769616,90501226.53204939,2354728.892484553,255485.25149498912,409018.2706408884,2.83271701857589,1.0,5870.80299509532,1.0
4,97,0.7178617488214267,8.335406012291435e-08,0.9999976680547336,-2.0618159001630323,7846.816858053971,1.0201445422520672,0.9841024254364231,84982753.39765126,5594425.668396169,157455.06259492016,252371.44328077396,2.0937191133236817,1.0,923.0471881661866,1.0
4,98,0.7178617488214267,8.335406012291435e-08,0.9999976680547336,-1.71331588945373,7787.783073411422,1.0005919426007184,0.9016885880373292,95217047.04363918,8359602.127435552,173233.49831409095,277523.5598748975,2.224855234988708,1.0,1289.1078759864156,1.0
4,99,0.7178617488214267,8.335406012291435e-08,0.9999976680547336,-2.1222356267993465,7838.09883319111,0.9654469714296714,1.017761247515817,85474772.40172258,5295815.984149048,160045.8107286134,255830.97606550533,1.9837122768709055,1.0,894.1666007574322,1.0
4,100,0.7178617488214267,8.335406012291435e-08,0.9999976680547336,-2.1744742479359074,7804.851413618698,1.080003848745183,0.9852415321474275,65541857.06792632,3753328.749785632,181921.00485204937,290963.8906858885,2.2748672301864787,1.0,661.6850802083992,1.0
4,101,0.7178617488214267,8.335406012291435e-08,0.9999976680547336,-1.3707609805267733,7821.267157277273,1.0123268921197712,1.078831436536178,88869154.55062175,1899560.3413291336,233963.09751852634,374457.46978594235,2.2349970326388595,1.0,6030.976201361416,1.0
4,102,0.7178617488214267,8.335406012291435e-08,0.9999976680547336,-2.0504053742583768,7813.211179135594,1.0476236931420688,1.0724248317810445,79130826.60790443,4999248.052718749,153283.39959240725,245030.41129920422,2.0107700184743424,1.0,851.164562424316,1.0
4,103,0.7178617488214267,8.335406012291435e-08,0.9999976680547336,-1.441069224991884,7843.266370345012,0.9730888319055445,0.9932048148717043,90380726.7304167,1903886.7036729776,242931.83810272705,388796.9228408327,2.2633733221424515,1.0,6077.120104097994,1.0
4,104,0.7178617488214267,8.335406012291435e-08,0.9999976680547336,-2.0698129680508566,7852.116441588325,0.9982243596935232,0.9093127687182149,84845408.18664706,5448074.477738824,160380.21452921498,257076.05441078867,2.1731119311546565,1.0,896.7300204492082,1.0
4,105,0.7178617488214267,8.335406012291435e-08,0.9999976680547336,-1.881092524882101,7886.106695660466,0.9679518693021592,0.957631539917271,97951673.56819013,4107589.689354814,244617.00547813633,391760.82782738993,2.8645442025847396,1.0,5280.567987347231,1.0
4,106,0.7178617488214267,8.335406012291435e-08,0.9999976680547336,-1.7094421096550407,7820.101709753748,0.9363017224663034,0.9358886776678735,100315897.31002913,5221917.763934793,234176.06129608487,375067.89394683874,2.639409097882949,1.0,5017.942940672438,1.0
4,107,0.7178617488214267,8.335406012291435e-08,0.9999976680547336,-2.131679426397234,7870.016248430166,1.022659735267484,1.0461220732376975,87405564.26639844,5929754.911911455,161134.15143857573,258240.95521177986,2.0066546944605608,1.0,973.5174554925079,1.0
4,108,0.7178617488214267,8.335406012291435e-08,0.9999976680547336,-1.9043780497085685,7850.369039780971,0.9145632375851622,1.085146097692236,100789693.08476186,13924225.914171645,221628.8657093176,355002.9671294041,2.4198729519159476,1.0,3706.013609144606,1.0
4,109,0.7178617488214267,8.335406012291435e-08,0.9999976680547336,-1.9138119630014219,7781.774856916562,1.0087139490787558,1.0585448608737393,82941496.57032298,5403139.860278013,144707.3125349954,231967.72168151906,1.9919644392249996,1.0,909.897257773292,1.0
4,110,0.7178617488214267,8.335406012291435e-08,0.9999976680547336,-2.167781959819685,7823.597580022433,0.9791549744618379,1.0146198071702572,78255913.78619608,4566974.212307181,173265.53648696834,277002.2311928616,1.9827243250692292,1.0,792.6564894501572,1.0
4,111,0.7178617488214267,8.335406012291435e-08,0.9999976680547336,-1.9227159615743752,7855.877067783676,1.0400596387718108,0.9754284729749548,95853167.90897858,9742428.376550786,175737.96954995336,281506.4207210306,2.15360956641584,1.0,1477.6758178628545,1.0
4,112,0.7178617488214267,8.335406012291435e-08,0.9999976680547336,-1.513381606332028,7867.40452127676,1.03794996376025,1.0012309738930334,86123178.94859564,2119106.807402881,252788.356305747,404590.570424579,2.6244361909397615,1.0,6060.924809419678,1.0
4,113,0.7178617488214267,8.335406012291435e-08,0.9999976680547336,-1.2636465434056265,7890.976089291607,1.0046865025606369,0.9964555230131922,86233161.05279683,1961533.3468464636,249879.78877000365,399730.8772633888,2.0847631638059454,1.0,6288.07809213696,1.0
4,114,0.7178617488214267,8.335406012291435e-08,0.9999976680547336,-1.426741714190923,7764.923060271222,1.0110629861851193,0.9659300581668417,93078410.89948194,2827721.5563276666,230362.95596187154,368904.4454180016,2.62919280309917,1.0,5501.6920161468715,1.0
4,115,0.7178617488214267,8.335406012291435e-08,0.9999976680547336,-2.1392488366547986,7819.759473022502,1.0489360033110717,0.9496496358005131,71075678.46866986,4143826.3231305936,172084.6068942305,275132.4037489034,2.2235528518689414,1.0,717.0668475039479,1.0
4,116,0.7178617488214267,8.335406012291435e-08,0.9999976680547336,-2.2429229087604363,7815.215429090275,1.0638401718728774,0.9778153066415393,65008401.78335211,3634892.930424222,189947.27775824675,303797.3978247229,2.2682578453195528,1.0,645.1845266753959,1.0
4,117,0.7178617488214267,8.335406012291435e-08,0.9999976680547336,-1.8393725300702144,7823.364238193927,0.9753763274832736,1.025454863503549,100186481.1276981,11002720.809431102,177572.91805034847,284433.028635695,2.0090843585635207,1.0,1661.306049943056,1.0
4,118,0.7178617488214267,8.335406012291435e-08,0.9999976680547336,-2.717617483877766,7889.314944379731,1.0244176128754157,0.975821619615492,59725417.261452615,2957313.8658136977,242261.44321922978,387453.5767363159,2.187120989769468,1.0,548.0951259934682,1.0
4,119,0.7178617488214267,8.335406012291435e-08,0.9999976680547336,-1.8041707047982212,7910.467571239206,1.0072294542035403,0.9977834484551918,91827949.50458163,2470559.064440693,256716.75262557427,410971.33316623885,2.8189736115614745,1.0,5868.901194349626,1.0
4,120,0.7178617488214267,8.335406012291435e-08,0.9999976680547336,-2.283232315049954,7884.286578171554,0.9898598662805669,1.0314051457487925,83794380.38364103,5077961.4745011665,172650.1105848442,275983.6683660729,1.984072895366908,1.0,862.0057826587008,1.0
4,121,0.7178617488214267,8.335406012291435e-08,0.9999976680547336,-2.203710216434912,7932.776744830635,1.0208928285693597,0.9439177741154602,93144247.20657872,7430963.548658549,180246.90195596963,288791.63099529606,2.1354935206673282,1.0,1161.1288473426628,1.0
4,122,0.7178617488214267,8.335406012291435e-08,0.9999976680547336,-2.2968987070534332,7799.016110458755,1.0051231986732887,0.9973590215765862,64229156.639216244,3449591.0480902498,204872.1422340812,327748.2418285875,2.139482847411982,1.0,624.7796509710488,1.0
4,123,0.7178617488214267,8.335406012291435e-08,0.9999976680547336,-1.4212034743285464,7777.006706100409,0.9685004097633041,1.032540190948964,94467399.04222232,2183148.8059923593,230078.2594557382,368392.21206240304,2.383621711163001,1.0,5724.688896556292,1.0
4,124,0.7178617488214267,8.335406012291435e-08,0.9999976680547336,-1.5010536990567924,7791.609505943985,0.9441003855374003,0.9830987752527167,96464736.92363131,2359267.0738330623,234678.40459480687,375777.03804245347,2.4461771406558315,1.0,5669.087941479209,1.0
4,125,0.7178617488214267,8.335406012291435e-08,0.9999976680547336,-2.116014705954174,7880.025268258953,0.966935306922866,1.0057008482277028,94147813.11996303,6924993.594607436,175167.62505588806,280676.83732114703,1.9941929603833493,1.0,1107.172837280337,1.0
4,126,0.7178617488214267,8.335406012291435e-08,0.9999976680547336,-1.6967848313096985,7860.552990151628,0.9153515577838307,0.9534240614714867,97821908.15083294,2253590.5992180244,247363.03233523027,396028.9116500047,2.468620662670938,1.0,5818.401711712982,1.0
4,127,0.7178617488214267,8.335406012291435e-08,0.9999976680547336,-2.036201652413568,7731.486846417975,0.9978903423273464,0.973925470809375,63195202.04079156,3532429.9951807875,200422.72421711741,320784.3730577135,2.1417836061801014,1.0,633.3946814468468,1.0
4,128,0.7178617488214267,8.335406012291435e-08,0.9999976680547336,-1.623953465537285,7793.968624380539,0.9118274163898773,0.9771762869015546,101610925.99123257,4641957.1999379825,231794.42086344087,371244.55646001094,2.5056580968278346,1.0,5117.498630885688,1.0
4,129,0.7178617488214267,8.335406012291435e-08,0.9999976680547336,-2.3980128461632186,7757.243689220422,0.9724630914767259,0.9903870238726281,56630668.94438723,2860939.0478154025,240751.05342924647,385345.99926931766,2.3024022013050436,1.0,534.4427791969712,1.0
4,130,0.7178617488214267,8.335406012291435e-08,0.9999976680547336,-1.636204949547681,7809.673396999904,1.0000184045718894,1.010712848293726,95995829.31815667,4007301.22516525,231981.35053704536,371524.52080933226,2.702817644119136,1.0,5257.573339973594,1.0
4,131,0.7178617488214267,8.335406012291435e-08,0.9999976680547336,-1.8429269285436036,7796.691148948162,1.0037774150658527,1.0926394723362618,92459312.59650587,7116677.626845065,163450.44535993235,261887.07529000507,1.9496614926741294,1.0,1142.5662017981858,1.0
4,132,0.7178617488214267,8.335406012291435e-08,0.9999976680547336,-0.7599128936037476,7853.682974451631,1.0443646515738845,0.9644038655641202,84486976.81060047,2035494.9811381104,226299.89486216506,362062.3093209823,2.2076133476988633,1.0,6195.6615333033205,1.0
4,133,0.7178617488214267,8.335406012291435e-08,0.9999976680547336,-2.163723332816627,7774.626990282483,1.0277412715369838,0.9662230931792022,63459430.97388205,3513273.6204897603,197439.5535792663,315924.6209906614,2.2151278850574965,1.0,628.3707186587244,1.0
4,134,0.7178617488214267,8.335406012291435e-08,0.9999976680547336,-1.9863124030602461,7848.966277168204,0.9580172319049888,0.9781160695065273,96068613.22305824,7503351.131767295,176643.63592427448,283018.27978564217,2.0292923579531834,1.0,1184.078870690123,1.0
4,135,0.7178617488214267,8.335406012291435e-08,0.9999976680547336,-1.6739317724477059,7884.536816817145,0.8878688092742492,1.0821538841965948,101006886.5953958,1777138.4164154434,239237.826409449,382796.0896063079,1.837504710306949,1.0,6127.92363001153,1.0
4,136,0.7178617488214267,8.335406012291435e-08,0.9999976680547336,-2.0672852647584183,7856.06442128576,0.989601018815347,0.9525490828489618,88282597.83285546,5908943.774915175,164702.2717932439,263965.2151682097,2.0980927640732916,1.0,964.3723553239221,1.0
4,137,0.7178617488214267,8.335406012291435e-08,0.9999976680547336,-2.056542464242068,7871.0685143298615,1.0613892601905022,0.9545728675415307,86526258.10270303,6168390.412693847,165764.48320375668,265641.3351497276,2.180719804573045,1.0,991.3980951879763,1.0
4,138,0.7178617488214267,8.335406012291435e-08,0.9999976680547336,-1.7949745556320247,7852.870657328519,0.9995983426569676,0.9681848808837621,96801592.63360935,5059895.56513177,235805.74151992507,377670.80524412385,2.8316303182483393,1.0,5065.294598680643,1.0
4,139,0.7178617488214267,8.335406012291435e-08,0.9999976680547336,-2.141216861713595,7890.681094572391,0.8939896484342366,0.989004380111546,100701070.73067954,8162436.333460657,188836.4000424459,302542.96254033945,1.9447296118858486,1.0,1278.122912652074,1.0
4,140,0.7178617488214267,8.335406012291435e-08,0.9999976680547336,-1.828485279470828,7807.073867308361,1.0675118523168825,0.9590691152552169,86907695.4038357,6591505.678730171,163631.8588187728,262199.34014111815,2.2021231578977236,1.0,1050.170206525785,1.0
4,141,0.7178617488214267,8.335406012291435e-08,0.9999976680547336,-1.6514005471736108,7779.663297786228,0.9593391499793937,0.994304013077974,106169835.36274776,17476867.837787062,166115.22773645003,266053.14218584786,2.0535923489182633,1.0,2558.1111702998296,1.0
4,142,0.7178617488214267,8.335406012291435e-08,0.9999976680547336,-1.6059920416765923,7743.676932452181,0.9516090547743058,0.9460043485170192,95595949.27626562,7685496.585178503,168322.24268311844,269676.7952729173,2.0937769206937897,1.0,1210.8002303618534,1.0
4,143,0.7178617488214267,8.335406012291435e-08,0.9999976680547336,-1.84629624461274,7805.324363010767,0.9872590625961518,1.0069833447250494,93441360.00230846,7229449.461288415,168471.6370204537,269930.320345931,2.039026870699799,1.0,1149.5773201091617,1.0
4,144,0.7178617488214267,8.335406012291435e-08,0.9999976680547336,-1.2804567376615694,7704.042382903602,0.9812275687683719,0.9980673172115639,97938133.09587318,4953135.391530972,212561.82871118165,340437.98316505516,2.3149589154920553,1.0,5017.757216766148,1.0
4,145,0.7178617488214267,8.335406012291435e-08,0.9999976680547336,-2.2190705826547,7866.6045216658085,1.0054846620611817,1.0104485231040927,81824901.52785753,4971305.652606521,167671.48967997736,268028.00997384044,2.0335964115961227,1.0,843.7748887985532,1.0
4,146,0.7178617488214267,8.335406012291435e-08,0.9999976680547336,-2.654743581373885,7919.220870680187,0.9334949799221073,0.9990317579103257,74453800.17252837,3810847.088464317,228281.91848808905,365013.3554295193,1.9616987109064612,1.0,689.4445666804837,1.0
4,147,0.7178617488214267,8.335406012291435e-08,0.9999976680547336,-2.528004328980216,7836.188485388978,0.9415250346032111,0.9050744054912924,62646013.35260047,3089409.543138815,235654.80810154136,376986.92698160704,2.1769729266504476,1.0,567.5077687623549,1.0
4,148,0.7178617488214267,8.335406012291435e-08,0.9999976680547336,-2.417180199781191,7808.497707108207,1.072215900711087,0.9610023596113537,56663080.107210495,2978775.32506885,223164.45886942,357106.5210819679,2.228066947617494,1.0,544.2651933356705,1.0
4,149,0.7178617488214267,8.335406012291435e-08,0.9999976680547336,-1.2604225726480296,7810.360201215036,0.9937353840723206,0.9836543549174814,88042938.88959363,1854804.4557792323,234370.00828408028,375113.2818034825,2.2093081539062114,1.0,6053.800756726303,1.0
4,150,0.7178617488214267,8.335406012291435e-08,0.9999976680547336,-2.661442274579394,7831.81589072084,0.9591537822243525,0.979810938769665,58593881.90684058,2831186.8726560813,249977.14041648185,399947.109120107,2.0873046987959816,1.0,532.9183958958184,1.0
4,151,0.7178617488214267,8.335406012291435e-08,0.9999976680547336,-2.047223591614976,7723.974811779638,1.0093521992632881,0.9505890687919349,60392218.21059245,3349194.2119193077,209014.85573208728,334572.9783507398,2.170771526712124,1.0,602.1947845249582,1.0
4,152,0.7178617488214267,8.335406012291435e-08,0.9999976680547336,-2.031600670416589,7820.2544155441565,1.0228529580231571,0.9221829396270049,78433452.23704813,4840499.261879235,153715.9311638896,245720.68039503274,2.1764334563966847,1.0,813.7788645033535,1.0
4,153,0.7178617488214267,8.335406012291435e-08,0.9999976680547336,-2.2111698268531157,7864.13994230302,0.9772116517856861,0.8981073147386089,79857836.27980691,4648506.69693881,172714.93395567665,276103.7884540971,2.1482627917228254,1.0,789.0397501710055,1.0
4,154,0.7178617488214267,8.335406012291435e-08,0.9999976680547336,-1.971041718956431,7792.794893797537,1.0255653047428643,1.0262040881173473,79464187.83274592,5022993.870177638,148910.12530438288,238040.8966299431,2.0442206603732402,1.0,851.7709324343836,1.0
4,155,0.7178617488214267,8.335406012291435e-08,0.9999976680547336,-1.7876119214263892,7838.357660746322,0.9637690079362222,0.9314234110691838,99024398.79022187,7740162.718118656,230900.94997981898,369841.68468283734,2.7029874659286675,1.0,4599.926193729313,1.0
4,156,0.7178617488214267,8.335406012291435e-08,0.9999976680547336,-1.274770735134886,7784.719794201493,1.0317710253472918,1.0220604183732984,86991876.40171935,1953043.0189386238,231901.6822924604,371235.48744898767,2.4023991492562597,1.0,5923.39880852784,1.0
4,157,0.7178617488214267,8.335406012291435e-08,0.9999976680547336,-1.4596794173998064,7903.528319852051,1.0571433540540476,0.9933165656091242,82883839.45976377,2158913.7778005134,263216.35500470625,421163.28302551346,2.6199221777953507,1.0,6218.866252094551,1.0
4,158,0.7178617488214267,8.335406012291435e-08,0.9999976680547336,-1.620214651812061,7834.868462322946,1.015808057618635,0.938179949974555,91678341.12666976,2630376.9273072206,245316.02045170096,392811.8743542761,2.8434254899578466,1.0,5662.523938725216,1.0
4,159,0.7178617488214267,8.335406012291435e-08,0.9999976680547336,-2.0494881290320874,7801.536463302396,1.0623071072145605,1.0167672933574632,73534012.15093204,4482747.958915851,159652.7896752288,255237.7902745933,2.081670110423122,1.0,771.2704587255939,1.0
4,160,0.7178617488214267,8.335406012291435e-08,0.9999976680547336,-2.2587842122182584,7839.9922487758895,1.026442304155879,0.9472852095419814,70253474.47901028,3934336.6100795446,186224.51288841167,297757.09534655476,2.222730375393827,1.0,689.3118394612367,1.0
4,161,0.7178617488214267,8.335406012291435e-08,0.9999976680547336,-1.6078739382105716,7835.632474203051,1.055884835606324,1.007956523330975,89595590.1664716,2633977.0347050396,242900.30476100693,388929.87684768543,2.8710991269794346,1.0,5681.843749779205,1.0
4,162,0.7178617488214267,8.335406012291435e-08,0.9999976680547336,-2.2138690148814346,7821.9113628627065,0.9837188134174778,0.9675462475154725,73109578.17246494,4098279.3768182704,184035.10806728405,294248.0074727832,2.0940174212070697,1.0,719.801675468178,1.0
4,163,0.7178617488214267,8.335406012291435e-08,0.9999976680547336,-1.8797935911239616,7845.154642679927,1.0353446931426482,0.9626520842016884,96774728.73694605,10333490.447545221,175179.2755419953,280608.2748929815,2.1738319240643933,1.0,1557.5075448147538,1.0
4,164,0.7178617488214267,8.335406012291435e-08,0.9999976680547336,-1.5930327799280966,7831.524892949842,1.0007626597611057,1.0150401638703967,92452853.05535416,2399946.3494120124,241322.87114963843,386383.0985015562,2.6415754946882997,1.0,5747.097148663606,1.0
4,165,0.7178617488214267,8.335406012291435e-08,0.9999976680547336,-2.533582802112968,7857.470284527035,0.8815829037279067,1.0557084154899694,76596932.97183791,3939995.3593685245,221966.6272321998,354924.43549106317,1.793595129704994,1.0,722.204177499396,1.0
4,166,0.7178617488214267,8.335406012291435e-08,0.9999976680547336,-2.485009078659923,7790.360494173255,1.0290673870073317,0.9610759427934934,54770278.01528784,2775392.2220546305,240556.61525213462,384990.3886905977,2.3432568144160992,1.0,515.4524809214839,1.0
4,167,0.7178617488214267,8.335406012291435e-08,0.9999976680547336,-1.3917693361851415,7941.981263095888,0.9818095650818589,0.951570462881042,86455821.8025859,2050265.3534154152,272104.27977087133,435230.76846034033,2.177761225985226,1.0,6407.077114057844,1.0
4,168,0.7178617488214267,8.335406012291435e-08,0.9999976680547336,-1.1943341252459827,7831.110064920631,0.9869714211408956,1.0420777609924399,89352423.13058113,1778440.8018325372,228111.44745246173,365000.18048108177,2.0147515877341275,1.0,6168.297848914129,1.0
4,169,0.7178617488214267,8.335406012291435e-08,0.9999976680547336,-1.7474312911910763,7848.358036170991,0.9684219707376802,1.06953144024424,97403758.27378517,3336099.073620578,237974.66325256357,381088.25389353716,2.6494365352962466,1.0,5451.414049538256,1.0
4,170,0.7178617488214267,8.335406012291435e-08,0.9999976680547336,-1.6760529713468868,7787.382745587954,1.0494057349176023,0.9993510460328627,97792466.98295638,11593701.397379534,167400.30805833117,268136.1462997826,2.1521085809279343,1.0,1733.7722212669219,1.0
4,171,0.7178617488214267,8.335406012291435e-08,0.9999976680547336,-2.516251919756728,7842.202868470946,1.0091121515209491,0.9808851193033434,61618390.54792677,3155382.6861992436,224615.42742317135,359272.2409797498,2.158881944634133,1.0,579.1861032244177,1.0
4,172,0.7178617488214267,8.335406012291435e-08,0.9999976680547336,-0.8215546159729485,7908.657283137846,1.057722071065386,1.0626184239962704,84845531.03628899,2076231.7276840361,239672.95790536224,383313.5941841515,2.103690047786503,1.0,6349.727684577613,1.0
4,173,0.7178617488214267,8.335406012291435e-08,0.9999976680547336,-1.9969331526135232,7785.576749217971,1.084507368018007,0.9884065557871389,70595292.92808466,4317213.068715805,157737.7558940075,252195.3408180115,2.1984929461007208,1.0,742.3748327163169,1.0
4,174,0.7178617488214267,8.335406012291435e-08,0.9999976680547336,-2.1131663777220666,7815.894083092343,0.986626188900143,0.9789094281116707,77705732.00835788,4578150.356691367,168067.87796365036,268691.4851722621,2.036011260827628,1.0,788.7389089626652,1.0
4,175,0.7178617488214267,8.335406012291435e-08,0.9999976680547336,-2.726063068276459,7789.32355925417,0.8902761486120163,1.024095436750685,57108898.588030316,2635425.5760682835,269328.33235017076,431027.25433606154,2.4431970517587387,1.0,509.8535984963108,1.0
4,176,0.7178617488214267,8.335406012291435e-08,0.9999976680547336,-2.1934663904427674,7845.997770880329,1.0419385369484717,1.0705386562670136,78221048.16240658,4758380.791805367,166988.48158678183,266948.0630027892,1.9986889379201271,1.0,818.1274833859895,1.0
4,177,0.7178617488214267,8.335406012291435e-08,0.9999976680547336,-3.1136369489785216,7814.099095938005,1.0987310926105385,0.9364989247369423,42761553.74282598,1950292.3339848786,301595.22693700716,482806.10910485,4.024852136651455,1.0,376.15536112693485,1.0
4,178,0.7178617488214267,8.335406012291435e-08,0.9999976680547336,-1.7262700755071565,7819.157223490392,0.978821048706208,1.0661219953186902,97940681.583471,6577392.344233363,228955.99917071228,366714.64125127747,2.673106097180393,1.0,4795.954344057648,1.0
4,179,0.7178617488214267,8.335406012291435e-08,0.9999976680547336,-2.270245744537723,7777.892883713806,0.909136908141636,1.0522103132643208,70242509.4973347,3711090.242769955,204659.4343842046,327371.35544710263,1.9171984801542137,1.0,680.6638319376317,1.0
4,180,0.7178617488214267,8.335406012291435e-08,0.9999976680547336,-1.334905804826506,7832.093689895433,1.0664622705647784,0.9944753880736849,83333396.4326227,2080250.160360778,244960.22224271338,392083.2414376193,2.6012801715936917,1.0,6032.255650119975,1.0
4,181,0.7178617488214267,8.335406012291435e-08,0.9999976680547336,-2.8399380266303504,7832.8076064953375,0.9834176534810963,1.101245167057274,55230704.31631558,2622643.539874499,262430.42967090657,419847.3605131029,2.3212588344662093,1.0,508.11268111096837,1.0
4,182,0.7178617488214267,8.335406012291435e-08,0.9999976680547336,-2.859668020208073,7877.108283966975,1.031393330229276,0.9842946773314697,54271048.08344352,2588884.947327214,262716.34400713723,420273.3829796959,2.346541262321865,1.0,490.4586652983316,1.0
4,183,0.7178617488214267,8.335406012291435e-08,0.9999976680547336,-1.9890318162447633,7824.221563230302,1.0612471065520275,0.9294649763840458,79258148.77247962,5130693.856329771,151395.306418142,242707.01054400363,2.2204957644035277,1.0,850.2474403046231,1.0
4,184,0.7178617488214267,8.335406012291435e-08,0.9999976680547336,-1.8688890492026908,7811.896647794304,1.0424426888975094,0.999682699005341,88472330.40232395,6612571.459031094,163282.6683979745,261639.74687012043,2.112860307340539,1.0,1059.8835973433943,1.0
4,185,0.7178617488214267,8.335406012291435e-08,0.9999976680547336,-1.7227544391713758,7836.94776606145,1.0307242276754902,0.9530416526881443,94785889.22584018,4510881.1552361315,234483.37544480554,375542.60941494,2.8661399226235305,1.0,5163.799595270101,1.0
4,186,0.7178617488214267,8.335406012291435e-08,0.9999976680547336,-1.7566674858337,7856.358013861622,0.9889237505456414,0.9687160677758863,95728235.69858523,3367975.9343981105,242698.11542662096,388662.4774388008,2.8224748304826726,1.0,5443.315256928045,1.0
4,187,0.7178617488214267,8.335406012291435e-08,0.9999976680547336,-2.104842811860182,7812.647019740801,1.0519527668652127,0.991903246931761,72707467.03795134,4328425.464762852,166491.77731119277,266180.8066406296,2.120280987125518,1.0,747.7789312616065,1.0
4,188,0.7178617488214267,8.335406012291435e-08,0.9999976680547336,-1.4811539751057814,7858.187523926618,0.9221993917372625,1.0567542711597273,96032525.6977635,1728950.0816922097,236211.57270601115,377935.5270128312,1.9139309589909883,1.0,6180.365090139306,1.0
4,189,0.7178617488214267,8.335406012291435e-08,0.9999976680547336,-2.3428811661228592,7873.220614047372,0.9557797337739395,1.0711014965696322,83094881.36084315,4823347.744809473,185041.2929266618,295817.7965350916,1.8951122059482328,1.0,837.5839557793203,1.0
4,190,0.7178617488214267,8.335406012291435e-08,0.9999976680547336,-1.9013393512616508,7779.894409291768,0.8769452238702491,0.9853466515605507,93292043.26899987,5983611.679311183,158958.4785523267,254771.85017749207,1.9238398835813857,1.0,996.7570917412594,1.0
4,191,0.7178617488214267,8.335406012291435e-08,0.9999976680547336,-1.3473838382680907,7804.206356740535,1.0175916850467772,1.0321861962602568,88172536.99832717,1951568.8333824999,234855.47176061105,375941.4423260155,2.3735442536420512,1.0,5960.057446368974,1.0
4,192,0.7178617488214267,8.335406012291435e-08,0.9999976680547336,-1.579370367952618,7840.970326372653,0.8679827664903588,1.0328658233986419,101987193.20161209,1750994.0737441096,233034.75080104504,372967.6637955124,1.8970866301633642,1.0,6017.539919314162,1.0
4,193,0.7178617488214267,8.335406012291435e-08,0.9999976680547336,-2.3518833509978547,7822.074456218822,1.0224736637849465,0.9448176918311333,63155251.47463808,3358187.534928001,208415.87531370734,333391.3960942156,2.2485988491181206,1.0,604.5485015616119,1.0
4,194,0.7178617488214267,8.335406012291435e-08,0.9999976680547336,-1.3023980119473366,7856.924061878936,1.022060182712237,1.0410304989223225,86227472.44696762,1929547.4314153497,241405.990917356,386278.84569135436,2.1731541898291287,1.0,6176.942133358868,1.0
4,195,0.7178617488214267,8.335406012291435e-08,0.9999976680547336,-1.9639722076210973,7830.323889195781,0.97382331183458,1.0053863234212956,92486491.11539684,6687437.438968253,168071.53640822507,269316.341430569,2.0151663413459073,1.0,1077.2491118878977,1.0
4,196,0.7178617488214267,8.335406012291435e-08,0.9999976680547336,-3.4919175749210973,7752.434210143327,0.933679008589647,1.0531348379009886,42207321.34051002,1712797.0485550847,347187.12783701776,555929.2253444925,4.730039560530291,1.0,344.1784258771587,1.0
4,197,0.7178617488214267,8.335406012291435e-08,0.9999976680547336,-1.3650001962256912,7736.675154520489,1.0250589635195477,0.933876975549237,94111692.05680148,3766459.861742182,221762.37898392996,355161.5871307003,2.571181052575009,1.0,5250.646447385014,1.0
4,198,0.7178617488214267,8.335406012291435e-08,0.9999976680547336,-2.7730297664907315,7822.395815084552,0.9392024090899409,1.0341211638033756,56887512.551298946,2672456.343281017,263232.0788822012,421171.5377896663,2.2988282630714116,1.0,513.9019044879282,1.0
4,199,0.7178617488214267,8.335406012291435e-08,0.9999976680547336,-1.5981275591800717,7803.262340351579,0.9357815307863471,0.9639461225070797,98682222.62115952,3105752.8880007355,235874.44682909342,377738.26807930635,2.5519487031463677,1.0,5453.070865788467,1.0
4,200,0.7178617488214267,8.335406012291435e-08,0.9999976680547336,-2.3786297190359122,7828.321451296439,0.9904713878692722,1.0084652115948953,67055535.07159202,3569867.7599113486,206142.95044363337,329652.6000651078,2.111105872670887,1.0,646.4516814522044,1.0
4,201,0.7178617488214267,8.335406012291435e-08,0.9999976680547336,-2.27140487725352,7899.96249066703,1.077957109460793,1.074659909296358,81471436.11465791,5215862.962401685,162808.61316157627,260233.68187032628,2.026325935938185,1.0,874.6495338865572,1.0
4,202,0.7178617488214267,8.335406012291435e-08,0.9999976680547336,-1.9293348040985405,7780.280117832651,0.9742638816177178,1.0353672425225218,83863012.99938701,5332609.093128107,146261.8897332485,233801.79701259386,1.9784053864595146,1.0,901.9873094143642,1.0
4,203,0.7178617488214267,8.335406012291435e-08,0.9999976680547336,-2.9886576915335397,7889.11099636844,1.03033724325385,1.0548581749064707,53789700.07810929,2528630.261278676,271836.2131796428,434831.64702034974,2.3658947978251317,1.0,487.2383746587994,1.0
4,204,0.7178617488214267,8.335406012291435e-08,0.9999976680547336,-0.5217107019947242,7859.49814716671,0.9040407767394333,1.0716669706842066,107266245.39691994,1665306.0976336428,195465.17054071891,312515.3208601004,1.8212346810370392,1.0,6463.396176315301,1.0
4,205,0.7178617488214267,8.335406012291435e-08,0.9999976680547336,-2.2401218205680755,7829.316029982461,0.896928508742306,1.0153378092018603,83368064.04545262,4693613.9999638805,184816.28838959162,295474.85238269606,1.8879038416170575,1.0,821.9264872420937,1.0
4,206,0.7178617488214267,8.335406012291435e-08,0.9999976680547336,-2.0327369265973636,7805.888272430431,1.1117663509089597,1.0478431503071803,72837936.98881477,4576329.566378826,153428.0678494897,245272.82868585648,2.1010407615171522,1.0,782.69087197709,1.0
4,207,0.7178617488214267,8.335406012291435e-08,0.9999976680547336,-1.3861334457985175,7790.942262657454,1.0176689530963279,1.0122919102609962,89322701.94553211,2082039.768127862,235080.34690206894,376361.74397598306,2.5090737789703863,1.0,5839.748980527143,1.0
4,208,0.7178617488214267,8.335406012291435e-08,0.9999976680547336,-2.223828719843222,7862.722797046235,1.0042524394641024,0.9681216555356595,79248588.63867399,4686212.2963287085,171824.21720466102,274677.7806476144,2.083232595092969,1.0,799.9858067970646,1.0
4,209,0.7178617488214267,8.335406012291435e-08,0.9999976680547336,-2.203097437173582,7835.271838496574,0.9673228904057353,0.928646804418833,76355687.84526476,4316755.361960559,180000.9051424549,287781.68176865345,2.0791507717848106,1.0,747.9644984556185,1.0
4,210,0.7178617488214267,8.335406012291435e-08,0.9999976680547336,-1.9437007921175438,7773.935038910603,1.0484790153468115,1.0253061944252988,74818928.63095444,4659634.212343186,151438.36236222455,242099.69741938176,2.0514472040025176,1.0,798.5966103659114,1.0
4,211,0.7178617488214267,8.335406012291435e-08,0.9999976680547336,-2.0268201948426974,7930.913113980984,0.9508970920133369,1.003665361036027,99232840.48805732,4284011.041728306,249176.9751693558,399059.9994454779,2.893998712042795,1.0,5276.175848748203,1.0
4,212,0.7178617488214267,8.335406012291435e-08,0.9999976680547336,-2.5624088059974444,7802.901508374321,0.9928066627855535,0.9720465829061417,56055910.34419041,2771124.3532580393,246149.64757268317,393906.57230413484,2.285485453462223,1.0,518.8651572976632,1.0
4,213,0.7178617488214267,8.335406012291435e-08,0.9999976680547336,-1.209154563882416,7853.580344761749,0.9762305883280604,0.9858842317206008,88852502.52211285,1830920.860360168,236464.5737902618,378332.50160270225,2.077945525454147,1.0,6219.617749500468,1.0
4,214,0.7178617488214267,8.335406012291435e-08,0.9999976680547336,-2.591924307204601,7874.365036690475,0.9645746238699057,0.9635882413486977,65905185.47755192,3312477.468516348,230083.04159465822,367946.1722272882,2.146497405723318,1.0,606.5603196926289,1.0
4,215,0.7178617488214267,8.335406012291435e-08,0.9999976680547336,-2.5430215877704994,7854.332086660269,1.0821324547622746,1.0528723493436263,59812816.64779715,3149118.8794173365,219014.70105539117,350269.4713922686,2.163960890199546,1.0,578.9810392821937,1.0
4,216,0.7178617488214267,8.335406012291435e-08,0.9999976680547336,-1.517942283706854,7869.587295866477,0.8593117281178909,0.9260996075102569,99134595.5268482,1709561.1421480998,244946.99954138594,391908.9396561177,2.012158039695412,1.0,6219.36855026805,1.0
4,217,0.7178617488214267,8.335406012291435e-08,0.9999976680547336,-1.6908259552102032,7822.563783905525,1.0060857998770723,1.0780623473729243,96036934.39831652,4317698.9098913465,231455.0147733587,370683.48378629657,2.712342547984817,1.0,5208.227943340429,1.0
4,218,0.7178617488214267,8.335406012291435e-08,0.9999976680547336,-2.15433464498711,7902.985621070505,0.9775674715685867,1.0338773051576977,95957697.40555476,7955749.691944563,181838.52240507604,291327.49820834876,1.9836642246210452,1.0,1245.4492062774857,1.0
4,219,0.7178617488214267,8.335406012291435e-08,0.9999976680547336,-2.489133008135919,7834.073774587635,0.951407129502698,1.0281192109974977,66802276.97384201,3425892.444198229,220816.37501263956,353135.3047472617,2.023740928505674,1.0,631.3548651757453,1.0
4,220,0.7178617488214267,8.335406012291435e-08,0.9999976680547336,-2.436950722156091,7826.81937902213,0.9546636748235147,0.9248579207755904,64356816.86764634,3270665.2915672134,222591.87564286296,356066.1920393557,2.1726744511519027,1.0,595.757762041922,1.0
4,221,0.7178617488214267,8.335406012291435e-08,0.9999976680547336,-1.398334573908775,7719.485463095276,1.024106470107584,0.9632663222775858,104995848.0384155,17897499.42174444,150656.94561254652,241281.42111864628,2.177295391715662,1.0,2608.7004287082686,1.0
4,222,0.7178617488214267,8.335406012291435e-08,0.9999976680547336,-1.5600148337396953,7887.494238563554,1.008195516952778,0.9767256249387088,87514718.17061564,2088175.3041968646,258054.56316268744,412977.2411938488,2.555393474568339,1.0,6123.614178934864,1.0
4,223,0.7178617488214267,8.335406012291435e-08,0.9999976680547336,-2.474642097455802,7830.787586826255,1.0771171145145277,1.0902150746476935,60205100.76671868,3214476.596902893,213289.81169910086,341148.7492664652,2.102832310625205,1.0,592.2772914479367,1.0
4,224,0.7178617488214267,8.335406012291435e-08,0.9999976680547336,-2.403180625271488,7896.012969210187,0.9845546149584511,0.9398446544603469,76142387.1504255,4198501.147849756,194948.79041390578,311676.0136701876,2.071050513142117,1.0,730.7447736062959,1.0
4,225,0.7178617488214267,8.335406012291435e-08,0.9999976680547336,-1.251764388689537,7818.6343149984705,0.8858017000154961,1.024687899481257,99258403.48823129,1574967.3413698936,217378.99762758263,347764.2623320682,1.9169332030837642,1.0,6219.183964949006,1.0
4,226,0.7178617488214267,8.335406012291435e-08,0.9999976680547336,-1.9094843205570349,7792.081415861943,0.9431660328310576,0.9763602341524745,88713476.0383364,5804237.459470398,157202.9183046261,251961.99896010748,2.021947607244932,1.0,961.538713560756,1.0
4,227,0.7178617488214267,8.335406012291435e-08,0.9999976680547336,-1.874244110262738,7962.676326301043,1.058187491758277,0.9989366457838499,87540028.87334499,2491306.6099317446,272247.2128510184,435743.3297923061,3.0575970405076296,1.0,6039.302236296248,1.0
4,228,0.7178617488214267,8.335406012291435e-08,0.9999976680547336,-1.6493871807563982,7851.888247412572,0.985134914364544,0.9563988656251049,92806833.16204259,2388672.459085149,248075.22322970527,397186.8549538918,2.7107655138930546,1.0,5782.867884650837,1.0
4,229,0.7178617488214267,8.335406012291435e-08,0.9999976680547336,-1.0140680485550453,7828.029617227369,1.0210080950106324,0.994023477914086,85919172.07039675,1882664.2293848624,226842.70582978966,362991.32662456314,2.116850995732731,1.0,6148.980092870137,1.0
4,230,0.7178617488214267,8.335406012291435e-08,0.9999976680547336,-2.3447301348206055,7747.28171923222,1.048538454916336,1.0160888938960073,53705356.3110519,2814783.736371936,234472.37385010088,375318.7413612177,2.418586639602413,1.0,523.0920547571249,1.0
4,231,0.7178617488214267,8.335406012291435e-08,0.9999976680547336,-2.001492893549555,7878.231950164337,0.9329161460361302,1.0464030270035456,103391489.86938244,19064535.776921723,193338.5691323731,309667.0237387782,1.9211051619884854,1.0,2897.230865818521,1.0
4,232,0.7178617488214267,8.335406012291435e-08,0.9999976680547336,-2.1621369004287234,7953.163186857477,1.014931014218679,1.0172023282229787,95136527.55331784,12601946.146046283,233307.88990989735,373718.74402365234,2.9573090550591745,1.0,3886.328905715943,1.0
4,233,0.7178617488214267,8.335406012291435e-08,0.9999976680547336,-2.4624121676857142,7804.379179204808,0.9229201686938481,1.015874513193434,64702634.07650337,3252308.9562268117,227494.22183591026,363935.6094025486,1.9854696731494987,1.0,605.1598873803661,1.0
4,234,0.7178617488214267,8.335406012291435e-08,0.9999976680547336,-2.919134800823253,7802.408728983828,0.9908232172242033,1.0415994691249986,49694695.449577965,2285889.64672328,282927.92710078234,452843.46929634974,3.069724260079806,1.0,445.5730782182725,1.0
4,235,0.7178617488214267,8.335406012291435e-08,0.9999976680547336,-2.4054505264560038,7880.150836433591,0.9767021272650058,1.0015001653580473,76234245.99751183,4205368.630523762,196746.02453424459,314558.18265913945,1.9778091204657564,1.0,740.4448478652606,1.0
4,236,0.7178617488214267,8.335406012291435e-08,0.9999976680547336,-2.5680958484282144,7789.6048800433155,1.0504043151833453,0.9553037577556334,51700400.278207585,2581988.025561933,251324.52282194953,402262.8055106897,2.661132231868322,1.0,483.03698706891504,1.0
4,237,0.7178617488214267,8.335406012291435e-08,0.9999976680547336,-2.8124449593546137,7861.166847938092,1.0026435545654122,1.0969247900985621,57842034.729453355,2809671.4482242577,253025.29458018468,404705.2699979143,1.9810140709015935,1.0,537.4452078893333,1.0
4,238,0.7178617488214267,8.335406012291435e-08,0.9999976680547336,-2.370428921627542,7810.85653983299,0.9764979529171203,0.9911586668833076,64900860.62489686,3399913.811289069,212297.58734852547,339594.56270934164,2.1061674653362465,1.0,619.8282543262494,1.0
4,239,0.7178617488214267,8.335406012291435e-08,0.9999976680547336,-2.252891710775418,7873.90602111348,0.9976841657280296,1.0006964699998218,81651428.09091711,4890391.883579188,171868.02262722727,274737.2943208885,2.034811342624235,1.0,832.4200668349331,1.0
4,240,0.7178617488214267,8.335406012291435e-08,0.9999976680547336,-2.5813156375025628,7794.538614452201,1.034661798135973,1.0052615470703488,53289313.4637344,2658834.110886133,247865.0335264513,396687.1068789156,2.4805623673235426,1.0,500.3495100117636,1.0
4,241,0.7178617488214267,8.335406012291435e-08,0.9999976680547336,-2.3124212064901863,7751.648273983559,0.9736316489176081,1.0669404802526228,59775746.28560341,3115329.643824318,224902.5997265354,359953.654647673,1.9726478040886788,1.0,580.9066571410884,1.0
4,242,0.7178617488214267,8.335406012291435e-08,0.9999976680547336,-2.1870307060404053,7876.777911998661,0.9943914282744801,0.9927581624759231,86109793.2052143,5480453.184709974,159021.9344724257,254174.95667082322,2.041871299190232,1.0,910.7414954989213,1.0
4,243,0.7178617488214267,8.335406012291435e-08,0.9999976680547336,-1.705061179920473,7898.920453688145,0.9691927767479993,0.9132090650465209,91390813.41871819,2194739.528079937,262247.94418102223,419774.82238950377,2.700678067943944,1.0,6012.165477593064,1.0
4,244,0.7178617488214267,8.335406012291435e-08,0.9999976680547336,-2.6026093666844816,7866.18432758202,0.9069688231890654,0.9208379300610309,67193253.09578393,3275730.049289918,238300.55599731038,381104.94792015187,2.1157459190270846,1.0,602.1984421098621,1.0
4,245,0.7178617488214267,8.335406012291435e-08,0.9999976680547336,-1.042979671841326,7824.564455616609,1.0272146910440028,0.9807013630561294,85082736.66654763,1909701.7401708318,229590.96661046287,367415.82144482015,2.126512170930776,1.0,6126.368225700613,1.0
4,246,0.7178617488214267,8.335406012291435e-08,0.9999976680547336,-1.2329973145052922,7804.980797003061,1.0170871426796377,1.046947060470676,87344898.7671724,1850663.2154897484,229659.72807966298,367570.56291855103,2.1666414794582196,1.0,6046.368621673462,1.0
4,247,0.7178617488214267,8.335406012291435e-08,0.9999976680547336,-0.9503438360035124,7868.058443180959,0.9453952245980528,1.0032799919157287,94096362.57609537,1724300.681114493,223402.83101416728,357266.42106165417,2.052620416521587,1.0,6343.172755575477,1.0
4,248,0.7178617488214267,8.335406012291435e-08,0.9999976680547336,-0.7316517095867512,7896.586647416903,0.963339749256506,1.013286843976334,94098369.79306011,1804551.8242085874,225925.71252188424,361283.4907585086,2.066884859522361,1.0,6409.353470212728,1.0
4,249,0.7178617488214267,8.335406012291435e-08,0.9999976680547336,-1.9417582757989353,7726.829004399436,1.0194663640694985,1.0358162996120681,66629109.77806042,3904217.1832882846,181134.35599426716,289873.11794965144,2.1016939934841097,1.0,693.2340251699922,1.0
4,250,0.7178617488214267,8.335406012291435e-08,0.9999976680547336,-1.2453341285087327,7825.4576431018995,1.0304285378228673,0.9265243174084582,84091420.77130643,1999697.5821257506,243590.25639231387,389881.15083728166,2.4695070621092223,1.0,6063.27546155173,1.0
4,251,0.7178617488214267,8.335406012291435e-08,0.9999976680547336,-1.984228967557959,7872.383949488081,1.0152831748957174,1.0634246621091454,97662550.32923326,12457121.666420965,179311.2542839884,287207.6645655903,2.0015411753996277,1.0,1856.952906396044,1.0
4,252,0.7178617488214267,8.335406012291435e-08,0.9999976680547336,-2.3622958316867684,7804.064522952871,0.9587280144971668,1.0272888942254415,66408135.03862991,3484273.1500075725,210750.00943284843,337099.8889635599,2.030344757480492,1.0,638.2651083162016,1.0
4,253,0.7178617488214267,8.335406012291435e-08,0.9999976680547336,-1.539943502793029,7813.703763044092,1.0275543547853492,1.0074131158070834,90925588.42459029,2493740.1537648863,239066.65613028334,382792.0387188794,2.7194965678496583,1.0,5690.449100762709,1.0
4,254,0.7178617488214267,8.335406012291435e-08,0.9999976680547336,-2.4562222304531476,7840.860392215686,0.9641386649129532,1.0738277095105067,70040749.10139167,3704290.615397508,211269.81616216103,337827.26933483145,1.960896839880313,1.0,677.5284436246379,1.0
4,255,0.7178617488214267,8.335406012291435e-08,0.9999976680547336,-1.9179210228642414,7822.744909223066,1.0368668862817125,1.0319991146748286,89160010.52833621,6635459.237418555,163361.64108173054,261765.06278449917,2.059519040771867,1.0,1066.6392178873377,1.0
4,256,0.7178617488214267,8.335406012291435e-08,0.9999976680547336,-1.2854589495859687,7873.086944509352,1.0599475297945722,0.9665805846504232,81959814.1247536,2110706.94380004,253254.9110976168,405257.02675149596,2.522523729082303,1.0,6178.932880893985,1.0
4,257,0.7178617488214267,8.335406012291435e-08,0.9999976680547336,-1.7910082446333213,7904.01288130002,1.0694099789335387,0.9925518036541361,88728841.25337777,2693639.51602401,256029.67604232565,409914.8287607117,3.0847469230346434,1.0,5778.497120239716,1.0
4,258,0.7178617488214267,8.335406012291435e-08,0.9999976680547336,-1.4820191123158337,7821.01198526654,1.0376563633140246,0.958343260216047,87717141.96244094,2231857.636416163,245219.53328631644,392596.936961884,2.755727113129033,1.0,5847.5882327885865,1.0
4,259,0.7178617488214267,8.335406012291435e-08,0.9999976680547336,-1.7524404242412115,7901.521835529825,0.9104730030873062,1.0267145444714705,98199132.2807147,2009998.021641455,249599.3797624594,399455.1294295367,2.1958742989466637,1.0,6043.139771950808,1.0
4,260,0.7178617488214267,8.335406012291435e-08,0.9999976680547336,-1.6625340269326498,7881.577410200335,0.9945842812567505,1.0805825492772154,91995694.8273285,2125415.591340209,247025.4725795719,395371.3966661743,2.425969572284948,1.0,5999.4912284933125,1.0
4,261,0.7178617488214267,8.335406012291435e-08,0.9999976680547336,-1.3410408728430525,7745.270278370559,0.9864084809616147,1.092501069511002,94550930.58599585,2377276.90337991,222334.15990165487,356020.2566957839,2.3510943868420435,1.0,5610.128364043413,1.0
4,262,0.7178617488214267,8.335406012291435e-08,0.9999976680547336,-2.5136256070659693,7837.321770593022,0.9254155781632654,0.9745387153336306,66589654.45865749,3335713.047329989,227793.9331499605,364311.98520204204,2.056987659884798,1.0,614.5810024807251,1.0
4,263,0.7178617488214267,8.335406012291435e-08,0.9999976680547336,-2.645897155413227,7920.48363472656,0.9308592212786005,0.9923619783575407,75070509.57721898,3851341.8015704425,227085.21078551144,363096.11391394236,1.956370894771186,1.0,694.8149739377156,1.0
4,264,0.7178617488214267,8.335406012291435e-08,0.9999976680547336,-2.2385147092685864,7816.375347514808,0.9567836492318592,0.9908126536397579,73751864.4686875,4072191.150326833,189059.51964141254,302293.9668426187,2.0207499971074707,1.0,722.0778466027109,1.0
4,265,0.7178617488214267,8.335406012291435e-08,0.9999976680547336,-2.333587027377848,7859.78807150099,0.97557562163691,1.0008000470871619,76221540.8032225,4251425.636524572,190690.7318755298,304876.2856038429,1.977283838034539,1.0,746.958343521024,1.0
4,266,0.7178617488214267,8.335406012291435e-08,0.9999976680547336,-1.6680440425782592,7860.690158398704,0.9599021341112702,0.9617033173279831,94209381.7499713,2274702.13593943,248869.51005420013,398433.20672645635,2.5982666275545303,1.0,5841.253880055513,1.0
4,267,0.7178617488214267,8.335406012291435e-08,0.9999976680547336,-2.421150363820415,7839.177000716025,0.9579144601352101,0.9324407058269736,66979091.94290639,3456289.4663650645,215182.26581391162,344125.31589321373,2.1808124924648524,1.0,624.6159254948485,1.0
4,268,0.7178617488214267,8.335406012291435e-08,0.9999976680547336,-2.380011544444092,7802.091814125614,0.9874993322231376,1.0225196981586333,63219289.320306204,3311125.1529687983,214947.18771795896,343873.41303279926,2.0649938780011863,1.0,608.0713477619776,1.0
4,269,0.7178617488214267,8.335406012291435e-08,0.9999976680547336,-2.307525662611278,7821.687717017178,0.9759978318345706,0.975166004077972,69156863.14068425,3723518.110968367,199217.48089461226,318562.042231476,2.1306445299168075,1.0,667.000967445842,1.0
4,270,0.7178617488214267,8.335406012291435e-08,0.9999976680547336,-2.0906721351919284,7800.431110914164,0.9712879427170565,0.9276283861395435,74960435.18124235,4302352.817391191,172574.23862129674,275919.0482551365,2.1158077027109647,1.0,745.2386398145154,1.0
4,271,0.7178617488214267,8.335406012291435e-08,0.9999976680547336,-2.469468031309766,7792.5281786831765,1.0024228890422264,1.0311574118531455,58104311.18480216,2964014.621976515,231961.74131917534,371192.1235351233,2.032610762865267,1.0,553.19316358349,1.0
4,272,0.7178617488214267,8.335406012291435e-08,0.9999976680547336,-2.889173249435138,7757.84051463227,0.9656618160202679,0.9513471053943685,47074472.669141665,2124863.7407751675,299109.17154498026,478891.2276544255,3.6511827546377917,1.0,411.36624406396186,1.0
4,273,0.7178617488214267,8.335406012291435e-08,0.9999976680547336,-1.6886676567684902,7803.695894624374,1.003216977338907,0.9184148474410843,100550342.17506859,14028128.3539725,193989.25560278003,310699.8079475406,2.182682155858812,1.0,3670.848895513624,1.0
4,274,0.7178617488214267,8.335406012291435e-08,0.9999976680547336,-3.003670753914543,7803.178869558662,0.9777777724038089,1.0372542639086113,48872740.4581298,2201105.9659846,292472.88719576166,468135.38023313705,3.241856854273371,1.0,431.8342813057094,1.0
4,275,0.7178617488214267,8.335406012291435e-08,0.9999976680547336,-1.8953095615389053,7806.119928957445,0.9570773829916568,0.9239968152550425,89974937.04336473,6143353.334515677,165322.6822720153,264947.82385237387,2.113055128408934,1.0,997.8357543276048,1.0
4,276,0.7178617488214267,8.335406012291435e-08,0.9999976680547336,-2.820131610392523,7756.476703419506,1.0213459367601938,0.9416802837839146,45876663.35250601,2138606.4547327203,290047.4917336676,464383.5903620058,3.6671497097218033,1.0,409.99108696953977,1.0
4,277,0.7178617488214267,8.335406012291435e-08,0.9999976680547336,-2.6803330747259895,7890.170647738189,0.940808842373493,0.9813053060667134,67152649.53963846,3313204.9027136373,239295.92548815353,382677.8811411699,2.085170287438908,1.0,611.7423563671097,1.0
4,278,0.7178617488214267,8.335406012291435e-08,0.9999976680547336,-2.734155144146296,7881.10224665947,0.9343365160289681,0.9622815348854,63652925.52353824,3055007.521005839,250359.07132215452,400401.9830536172,2.0897811959376082,1.0,570.2917612931568,1.0
4,279,0.7178617488214267,8.335406012291435e-08,0.9999976680547336,-1.7581608951322305,7758.77210131371,0.9840671366336219,0.9824259238852641,86672848.71525735,5959246.36941678,154976.88338661732,248379.19291276162,2.071136939186286,1.0,979.0533302790672,1.0
4,280,0.7178617488214267,8.335406012291435e-08,0.9999976680547336,-2.2612924589340966,7760.376195451385,1.0171440523580064,0.9668382074391141,58319367.81418542,3096218.111050061,221291.868546521,354184.67060452973,2.138410521975398,1.0,565.6299830743126,1.0
4,281,0.7178617488214267,8.335406012291435e-08,0.9999976680547336,-1.408658356444302,7795.296921859516,1.0371085065292793,1.094151077632185,89210336.42001414,2118708.6140878703,231825.8437682676,371142.41498598544,2.4752039071803327,1.0,5833.079551532051,1.0
4,282,0.7178617488214267,8.335406012291435e-08,0.9999976680547336,-1.7928474060646729,7812.479738474471,1.045064220105805,1.0386266966533997,95752381.76902144,9692992.247822493,170788.6706759391,273586.750880487,2.0776915421735827,1.0,1478.5189395459547,1.0
4,283,0.7178617488214267,8.335406012291435e-08,0.9999976680547336,-1.7732887003297726,7767.7086651523605,1.0695985571990971,1.0988163979586187,84565725.45571283,6138202.438804162,150314.39459213224,240885.53492561527,2.020539827889459,1.0,1006.4359430323979,1.0
4,284,0.7178617488214267,8.335406012291435e-08,0.9999976680547336,-1.8143004807172456,7727.947618223752,0.9827318940895537,0.9713603996940887,74623298.29886568,4561542.708035042,156815.6516547704,250873.8261163009,2.0719312854026533,1.0,785.6270203477375,1.0
4,285,0.7178617488214267,8.335406012291435e-08,0.9999976680547336,-1.5038679785622184,7816.063985735845,1.0914088619376636,0.9204144002770405,85877413.3000471,2531094.3374837544,245943.02283156436,393804.67430604546,3.040621931868696,1.0,5715.502197904855,1.0
4,286,0.7178617488214267,8.335406012291435e-08,0.9999976680547336,-1.9264019647535489,7772.869868517096,1.0727177901975598,0.9333314317647767,70897138.76302612,4370353.222924477,153723.76991577836,245828.1517145737,2.2769608651277826,1.0,744.7275100229442,1.0
4,287,0.7178617488214267,8.335406012291435e-08,0.9999976680547336,-2.0941102931978843,7872.540982472726,0.9320568659646279,1.0215333161174593,97482813.81219217,7507247.116081843,180182.27935197097,288691.8170278949,1.9340707271808992,1.0,1190.648021017705,1.0
4,288,0.7178617488214267,8.335406012291435e-08,0.9999976680547336,-2.2499083068359242,7788.635721289275,1.0711503430552196,0.9481444890975473,59436953.56326839,3249242.980769961,206752.1742783807,330845.50679276406,2.2792323062967794,1.0,583.7220192618155,1.0
4,289,0.7178617488214267,8.335406012291435e-08,0.9999976680547336,-1.9553771744408575,7737.958043184111,0.9617188337879314,0.9389632107242251,69693817.4391127,3979259.594921039,182795.23953077474,292509.9344820344,2.1596266204900245,1.0,700.1332095496858,1.0
4,290,0.7178617488214267,8.335406012291435e-08,0.9999976680547336,-1.8870146223659992,7894.548260306279,0.952273708550823,1.0306355659694175,98369731.46039549,3349082.156593959,245862.98641958018,393712.37376648956,2.7354813351067477,1.0,5486.460207243196,1.0
4,291,0.7178617488214267,8.335406012291435e-08,0.9999976680547336,-2.086074480508261,7877.338716200798,1.058586001639473,0.9113565946707327,84586811.62841147,5765634.40598252,164555.85473183045,263734.37225702393,2.2372194321123007,1.0,932.7038237170632,1.0
4,292,0.7178617488214267,8.335406012291435e-08,0.9999976680547336,-2.300674778963838,7836.383125363502,1.0310867627082683,0.9905096805489402,68614645.63717777,3802831.379444698,191834.68966183538,306736.767514296,2.179885328563702,1.0,674.7340728897152,1.0
4,293,0.7178617488214267,8.335406012291435e-08,0.9999976680547336,-2.5485358191995067,7863.916730501919,0.9747343267571943,0.987795091256483,66117106.31056701,3374869.4370726882,224232.8384352971,358584.4205363506,2.124444795964966,1.0,617.3723680947197,1.0
4,294,0.7178617488214267,8.335406012291435e-08,0.9999976680547336,-2.6510870771611836,7875.186569823903,0.9957133394594788,0.9827987872393789,62187191.34494357,3102880.4074122775,236317.0770543595,377938.173222535,2.144136491985612,1.0,573.4749893531686,1.0
4,295,0.7178617488214267,8.335406012291435e-08,0.9999976680547336,-1.5234498810812513,7809.990676751368,1.0287260547277013,1.042251562142065,90948422.98448747,2438812.9281221963,236818.42712012964,379183.2410227673,2.658507224656048,1.0,5707.16473157369,1.0
4,296,0.7178617488214267,8.335406012291435e-08,0.9999976680547336,-2.246818871991874,7817.753386582866,1.1129014657127099,0.8693747004597202,59749822.699854985,3314643.133973795,198602.54851615697,317754.17907099234,2.507042692844141,1.0,583.3369645281311,1.0
4,297,0.7178617488214267,8.335406012291435e-08,0.9999976680547336,-2.8829697125099494,7818.326200249093,0.9163979026536215,1.0041710607738532,54657206.453684576,2472663.18021776,280854.1043883935,449441.1320113828,2.641831341155528,1.0,480.42794279984486,1.0
4,298,0.7178617488214267,8.335406012291435e-08,0.9999976680547336,-2.1441056306667585,7861.528212488376,0.9282768461878136,0.9569123586036344,90425642.20041105,5719379.494301506,164370.52182782078,263455.7047224276,2.0151523179095583,1.0,946.7723640049086,1.0
4,299,0.7178617488214267,8.335406012291435e-08,0.9999976680547336,-1.816439951888689,7836.712957979838,1.0449718252212072,0.990139396636701,100891920.92495653,18478040.03807866,168159.82013270663,269327.8939839977,2.1764694828152966,1.0,2697.528890873147,1.0
